<?xml version="1.0" encoding="UTF-8"?>
<!-- Anonymised. Every point is translated by a single constant offset into
     the South Pacific, and every elevation is rebased so that the lowest
     point of the walk reads zero. Shape, distances, climb and timing are
     unchanged; neither the place nor the height above sea level can be
     recovered from this file. -->
<!-- Created with BasicAirData GPS Logger for Android - ver. 3.3.0 -->
<!-- Track 1 = 4408 TrackPoints + 0 Placemarks -->

<!-- Track Statistics (based on Total Time | Time in Movement): -->
<!--  Distance = 5,50 км -->
<!--  Duration = 01:13:39 | 49:24 -->
<!--  Altitude Gap = 7 м -->
<!--  Max Speed = 47 км/ч -->
<!--  Avg Speed = 4,5 | 6,7 км/ч -->
<!--  Direction = ЮЮВ -->
<!--  Activity = walking -->
<!--  Altitudes = Raw -->

<gpx version="1.0"
     creator="BasicAirData GPS Logger 3.3.0"
     xmlns="http://www.topografix.com/GPX/1/0"
     xmlns:xsi="http://www.w3.org/2001/XMLSchema-instance"
     xsi:schemaLocation="http://www.topografix.com/GPX/1/0 http://www.topografix.com/GPX/1/0/gpx.xsd">
<name>GPS Logger 20260820-185351</name>
<desc>Зум лесная (Митя)</desc>
<time>2026-08-20T17:08:04Z</time>
<keywords>walking</keywords>
<bounds minlat="-34.00091833" minlon="-140.00028033" maxlat="-33.99438000" maxlon="-139.98336499" />

<trk>
 <name>Трек 20260820-185351</name>
 <trkseg>
  <trkpt lat="-33.99983500" lon="-140.00012419"><ele>45.200</ele><time>2026-08-20T15:53:51Z</time><speed>0.173</speed><sat>20</sat></trkpt>
  <trkpt lat="-33.99978000" lon="-140.00012065"><ele>51.100</ele><time>2026-08-20T15:53:52Z</time><speed>0.097</speed><sat>21</sat></trkpt>
  <trkpt lat="-33.99975000" lon="-140.00011591"><ele>51.600</ele><time>2026-08-20T15:53:53Z</time><speed>0.192</speed><sat>22</sat></trkpt>
  <trkpt lat="-33.99973667" lon="-140.00011710"><ele>54.000</ele><time>2026-08-20T15:53:54Z</time><speed>0.230</speed><sat>26</sat></trkpt>
  <trkpt lat="-33.99972000" lon="-140.00011946"><ele>57.700</ele><time>2026-08-20T15:53:55Z</time><speed>0.278</speed><sat>26</sat></trkpt>
  <trkpt lat="-33.99970833" lon="-140.00012301"><ele>60.700</ele><time>2026-08-20T15:53:56Z</time><speed>0.333</speed><sat>26</sat></trkpt>
  <trkpt lat="-33.99970667" lon="-140.00012892"><ele>63.200</ele><time>2026-08-20T15:53:57Z</time><speed>0.335</speed><sat>27</sat></trkpt>
  <trkpt lat="-33.99970833" lon="-140.00013011"><ele>69.500</ele><time>2026-08-20T15:53:58Z</time><speed>0.293</speed><sat>27</sat></trkpt>
  <trkpt lat="-33.99971167" lon="-140.00013484"><ele>73.200</ele><time>2026-08-20T15:53:59Z</time><speed>0.208</speed><sat>28</sat></trkpt>
  <trkpt lat="-33.99971500" lon="-140.00014312"><ele>73.700</ele><time>2026-08-20T15:54:00Z</time><speed>0.356</speed><sat>28</sat></trkpt>
  <trkpt lat="-33.99972667" lon="-140.00014666"><ele>70.100</ele><time>2026-08-20T15:54:01Z</time><speed>0.276</speed><sat>28</sat></trkpt>
  <trkpt lat="-33.99973833" lon="-140.00014312"><ele>67.200</ele><time>2026-08-20T15:54:02Z</time><speed>0.238</speed><sat>26</sat></trkpt>
  <trkpt lat="-33.99974500" lon="-140.00014075"><ele>62.800</ele><time>2026-08-20T15:54:03Z</time><speed>0.188</speed><sat>25</sat></trkpt>
  <trkpt lat="-33.99977000" lon="-140.00013011"><ele>56.300</ele><time>2026-08-20T15:54:04Z</time><speed>0.244</speed><sat>28</sat></trkpt>
  <trkpt lat="-33.99978833" lon="-140.00010527"><ele>51.800</ele><time>2026-08-20T15:54:06Z</time><speed>0.612</speed><sat>26</sat></trkpt>
  <trkpt lat="-33.99979167" lon="-140.00009344"><ele>50.000</ele><time>2026-08-20T15:54:07Z</time><speed>0.354</speed><sat>27</sat></trkpt>
  <trkpt lat="-33.99979333" lon="-140.00008398"><ele>48.000</ele><time>2026-08-20T15:54:08Z</time><speed>0.393</speed><sat>28</sat></trkpt>
  <trkpt lat="-33.99980333" lon="-140.00007569"><ele>46.600</ele><time>2026-08-20T15:54:09Z</time><speed>0.423</speed><sat>27</sat></trkpt>
  <trkpt lat="-33.99981000" lon="-140.00006505"><ele>45.100</ele><time>2026-08-20T15:54:10Z</time><speed>0.465</speed><sat>26</sat></trkpt>
  <trkpt lat="-33.99981667" lon="-140.00005914"><ele>43.900</ele><time>2026-08-20T15:54:11Z</time><speed>0.512</speed><sat>24</sat></trkpt>
  <trkpt lat="-33.99981667" lon="-140.00005323"><ele>42.500</ele><time>2026-08-20T15:54:12Z</time><speed>0.562</speed><sat>26</sat></trkpt>
  <trkpt lat="-33.99981667" lon="-140.00004494"><ele>42.000</ele><time>2026-08-20T15:54:13Z</time><speed>0.611</speed><sat>26</sat></trkpt>
  <trkpt lat="-33.99982333" lon="-140.00003548"><ele>41.800</ele><time>2026-08-20T15:54:14Z</time><speed>0.659</speed><sat>26</sat></trkpt>
  <trkpt lat="-33.99982667" lon="-140.00002484"><ele>41.400</ele><time>2026-08-20T15:54:15Z</time><speed>0.686</speed><sat>27</sat></trkpt>
  <trkpt lat="-33.99983167" lon="-140.00001774"><ele>41.100</ele><time>2026-08-20T15:54:16Z</time><speed>0.719</speed><sat>27</sat></trkpt>
  <trkpt lat="-33.99983667" lon="-140.00000710"><ele>40.600</ele><time>2026-08-20T15:54:17Z</time><speed>0.740</speed><sat>27</sat></trkpt>
  <trkpt lat="-33.99983667" lon="-140.00000355"><ele>40.400</ele><time>2026-08-20T15:54:18Z</time><speed>0.727</speed><sat>27</sat></trkpt>
  <trkpt lat="-33.99984500" lon="-140.00000118"><ele>40.000</ele><time>2026-08-20T15:54:19Z</time><speed>0.719</speed><sat>26</sat></trkpt>
  <trkpt lat="-33.99985000" lon="-139.99999763"><ele>39.500</ele><time>2026-08-20T15:54:20Z</time><speed>0.704</speed><sat>26</sat></trkpt>
  <trkpt lat="-33.99986500" lon="-140.00000118"><ele>38.700</ele><time>2026-08-20T15:54:21Z</time><speed>0.673</speed><sat>26</sat></trkpt>
  <trkpt lat="-33.99987333" lon="-140.00000710"><ele>37.700</ele><time>2026-08-20T15:54:22Z</time><speed>0.632</speed><sat>26</sat></trkpt>
  <trkpt lat="-33.99987500" lon="-140.00000591"><ele>37.000</ele><time>2026-08-20T15:54:23Z</time><speed>0.581</speed><sat>27</sat></trkpt>
  <trkpt lat="-33.99987833" lon="-140.00000710"><ele>36.300</ele><time>2026-08-20T15:54:24Z</time><speed>0.527</speed><sat>27</sat></trkpt>
  <trkpt lat="-33.99987833" lon="-139.99999881"><ele>35.900</ele><time>2026-08-20T15:54:25Z</time><speed>0.453</speed><sat>30</sat></trkpt>
  <trkpt lat="-33.99988167" lon="-139.99999527"><ele>35.700</ele><time>2026-08-20T15:54:26Z</time><speed>0.000</speed><sat>30</sat></trkpt>
  <trkpt lat="-33.99988833" lon="-139.99999053"><ele>35.400</ele><time>2026-08-20T15:54:27Z</time><speed>0.000</speed><sat>29</sat></trkpt>
  <trkpt lat="-33.99990167" lon="-139.99998581"><ele>35.200</ele><time>2026-08-20T15:54:28Z</time><speed>0.000</speed><sat>29</sat></trkpt>
  <trkpt lat="-33.99991333" lon="-139.99998226"><ele>35.000</ele><time>2026-08-20T15:54:29Z</time><speed>0.359</speed><sat>28</sat></trkpt>
  <trkpt lat="-33.99992333" lon="-139.99997279"><ele>34.800</ele><time>2026-08-20T15:54:30Z</time><speed>0.421</speed><sat>28</sat></trkpt>
  <trkpt lat="-33.99993667" lon="-139.99996097"><ele>35.000</ele><time>2026-08-20T15:54:31Z</time><speed>0.546</speed><sat>27</sat></trkpt>
  <trkpt lat="-33.99995167" lon="-139.99996215"><ele>34.800</ele><time>2026-08-20T15:54:32Z</time><speed>0.682</speed><sat>27</sat></trkpt>
  <trkpt lat="-33.99996333" lon="-139.99995505"><ele>35.200</ele><time>2026-08-20T15:54:33Z</time><speed>0.829</speed><sat>28</sat></trkpt>
  <trkpt lat="-33.99997833" lon="-139.99994323"><ele>35.600</ele><time>2026-08-20T15:54:34Z</time><speed>1.007</speed><sat>27</sat></trkpt>
  <trkpt lat="-33.99999500" lon="-139.99993494"><ele>36.000</ele><time>2026-08-20T15:54:35Z</time><speed>1.216</speed><sat>27</sat></trkpt>
  <trkpt lat="-34.00000333" lon="-139.99993613"><ele>36.100</ele><time>2026-08-20T15:54:36Z</time><speed>1.290</speed><sat>27</sat></trkpt>
  <trkpt lat="-34.00001667" lon="-139.99993258"><ele>36.700</ele><time>2026-08-20T15:54:37Z</time><speed>1.378</speed><sat>29</sat></trkpt>
  <trkpt lat="-34.00003000" lon="-139.99993021"><ele>37.300</ele><time>2026-08-20T15:54:38Z</time><speed>1.449</speed><sat>29</sat></trkpt>
  <trkpt lat="-34.00004167" lon="-139.99992666"><ele>37.700</ele><time>2026-08-20T15:54:39Z</time><speed>1.493</speed><sat>28</sat></trkpt>
  <trkpt lat="-34.00005167" lon="-139.99992903"><ele>37.700</ele><time>2026-08-20T15:54:40Z</time><speed>1.485</speed><sat>30</sat></trkpt>
  <trkpt lat="-34.00006333" lon="-139.99992311"><ele>38.200</ele><time>2026-08-20T15:54:41Z</time><speed>1.449</speed><sat>30</sat></trkpt>
  <trkpt lat="-34.00007167" lon="-139.99992311"><ele>38.500</ele><time>2026-08-20T15:54:42Z</time><speed>1.412</speed><sat>30</sat></trkpt>
  <trkpt lat="-34.00008333" lon="-139.99992311"><ele>38.800</ele><time>2026-08-20T15:54:43Z</time><speed>1.372</speed><sat>32</sat></trkpt>
  <trkpt lat="-34.00009167" lon="-139.99992193"><ele>39.200</ele><time>2026-08-20T15:54:44Z</time><speed>1.289</speed><sat>31</sat></trkpt>
  <trkpt lat="-34.00010000" lon="-139.99992193"><ele>39.500</ele><time>2026-08-20T15:54:45Z</time><speed>1.210</speed><sat>30</sat></trkpt>
  <trkpt lat="-34.00010167" lon="-139.99991956"><ele>39.500</ele><time>2026-08-20T15:54:46Z</time><speed>1.202</speed><sat>30</sat></trkpt>
  <trkpt lat="-34.00010500" lon="-139.99991720"><ele>39.500</ele><time>2026-08-20T15:54:47Z</time><speed>1.164</speed><sat>31</sat></trkpt>
  <trkpt lat="-34.00011500" lon="-139.99990537"><ele>39.300</ele><time>2026-08-20T15:54:48Z</time><speed>1.076</speed><sat>30</sat></trkpt>
  <trkpt lat="-34.00012167" lon="-139.99990537"><ele>39.500</ele><time>2026-08-20T15:54:49Z</time><speed>0.995</speed><sat>30</sat></trkpt>
  <trkpt lat="-34.00012667" lon="-139.99990656"><ele>39.200</ele><time>2026-08-20T15:54:50Z</time><speed>0.932</speed><sat>31</sat></trkpt>
  <trkpt lat="-34.00013333" lon="-139.99990774"><ele>38.800</ele><time>2026-08-20T15:54:51Z</time><speed>0.834</speed><sat>31</sat></trkpt>
  <trkpt lat="-34.00014000" lon="-139.99991129"><ele>38.600</ele><time>2026-08-20T15:54:52Z</time><speed>0.757</speed><sat>31</sat></trkpt>
  <trkpt lat="-34.00015167" lon="-139.99991129"><ele>38.500</ele><time>2026-08-20T15:54:53Z</time><speed>0.747</speed><sat>32</sat></trkpt>
  <trkpt lat="-34.00016333" lon="-139.99990892"><ele>38.400</ele><time>2026-08-20T15:54:54Z</time><speed>0.700</speed><sat>32</sat></trkpt>
  <trkpt lat="-34.00017333" lon="-139.99990656"><ele>38.000</ele><time>2026-08-20T15:54:55Z</time><speed>0.632</speed><sat>31</sat></trkpt>
  <trkpt lat="-34.00018333" lon="-139.99989827"><ele>37.600</ele><time>2026-08-20T15:54:56Z</time><speed>0.617</speed><sat>31</sat></trkpt>
  <trkpt lat="-34.00019333" lon="-139.99989355"><ele>37.600</ele><time>2026-08-20T15:54:57Z</time><speed>0.607</speed><sat>31</sat></trkpt>
  <trkpt lat="-34.00020000" lon="-139.99989118"><ele>37.700</ele><time>2026-08-20T15:54:58Z</time><speed>0.613</speed><sat>31</sat></trkpt>
  <trkpt lat="-34.00020833" lon="-139.99988645"><ele>38.000</ele><time>2026-08-20T15:54:59Z</time><speed>0.630</speed><sat>32</sat></trkpt>
  <trkpt lat="-34.00021667" lon="-139.99988172"><ele>37.900</ele><time>2026-08-20T15:55:00Z</time><speed>0.677</speed><sat>32</sat></trkpt>
  <trkpt lat="-34.00022833" lon="-139.99987817"><ele>38.000</ele><time>2026-08-20T15:55:01Z</time><speed>0.727</speed><sat>30</sat></trkpt>
  <trkpt lat="-34.00023667" lon="-139.99987817"><ele>37.800</ele><time>2026-08-20T15:55:02Z</time><speed>0.713</speed><sat>30</sat></trkpt>
  <trkpt lat="-34.00024667" lon="-139.99987698"><ele>37.300</ele><time>2026-08-20T15:55:03Z</time><speed>0.636</speed><sat>30</sat></trkpt>
  <trkpt lat="-34.00025333" lon="-139.99987698"><ele>36.700</ele><time>2026-08-20T15:55:04Z</time><speed>0.640</speed><sat>31</sat></trkpt>
  <trkpt lat="-34.00025667" lon="-139.99987226"><ele>35.700</ele><time>2026-08-20T15:55:05Z</time><speed>0.638</speed><sat>31</sat></trkpt>
  <trkpt lat="-34.00025833" lon="-139.99986752"><ele>34.700</ele><time>2026-08-20T15:55:06Z</time><speed>0.639</speed><sat>30</sat></trkpt>
  <trkpt lat="-34.00026333" lon="-139.99985924"><ele>33.700</ele><time>2026-08-20T15:55:07Z</time><speed>0.638</speed><sat>31</sat></trkpt>
  <trkpt lat="-34.00027167" lon="-139.99986516"><ele>32.700</ele><time>2026-08-20T15:55:08Z</time><speed>0.596</speed><sat>31</sat></trkpt>
  <trkpt lat="-34.00028333" lon="-139.99986516"><ele>32.100</ele><time>2026-08-20T15:55:09Z</time><speed>0.566</speed><sat>31</sat></trkpt>
  <trkpt lat="-34.00029000" lon="-139.99986279"><ele>31.400</ele><time>2026-08-20T15:55:10Z</time><speed>0.528</speed><sat>31</sat></trkpt>
  <trkpt lat="-34.00030167" lon="-139.99985924"><ele>30.600</ele><time>2026-08-20T15:55:11Z</time><speed>0.482</speed><sat>29</sat></trkpt>
  <trkpt lat="-34.00031667" lon="-139.99985333"><ele>29.600</ele><time>2026-08-20T15:55:12Z</time><speed>0.484</speed><sat>30</sat></trkpt>
  <trkpt lat="-34.00032833" lon="-139.99984742"><ele>28.400</ele><time>2026-08-20T15:55:13Z</time><speed>0.508</speed><sat>30</sat></trkpt>
  <trkpt lat="-34.00034333" lon="-139.99983795"><ele>27.600</ele><time>2026-08-20T15:55:14Z</time><speed>0.512</speed><sat>31</sat></trkpt>
  <trkpt lat="-34.00035500" lon="-139.99983204"><ele>27.100</ele><time>2026-08-20T15:55:15Z</time><speed>0.517</speed><sat>31</sat></trkpt>
  <trkpt lat="-34.00036667" lon="-139.99982494"><ele>26.700</ele><time>2026-08-20T15:55:16Z</time><speed>0.537</speed><sat>30</sat></trkpt>
  <trkpt lat="-34.00037667" lon="-139.99981548"><ele>26.300</ele><time>2026-08-20T15:55:17Z</time><speed>0.525</speed><sat>31</sat></trkpt>
  <trkpt lat="-34.00038500" lon="-139.99981075"><ele>25.800</ele><time>2026-08-20T15:55:18Z</time><speed>0.569</speed><sat>31</sat></trkpt>
  <trkpt lat="-34.00039667" lon="-139.99980365"><ele>25.500</ele><time>2026-08-20T15:55:19Z</time><speed>0.597</speed><sat>31</sat></trkpt>
  <trkpt lat="-34.00040833" lon="-139.99979774"><ele>24.700</ele><time>2026-08-20T15:55:20Z</time><speed>0.614</speed><sat>31</sat></trkpt>
  <trkpt lat="-34.00042667" lon="-139.99979064"><ele>24.600</ele><time>2026-08-20T15:55:21Z</time><speed>0.683</speed><sat>30</sat></trkpt>
  <trkpt lat="-34.00043833" lon="-139.99978709"><ele>24.400</ele><time>2026-08-20T15:55:22Z</time><speed>0.731</speed><sat>31</sat></trkpt>
  <trkpt lat="-34.00045667" lon="-139.99978472"><ele>24.300</ele><time>2026-08-20T15:55:23Z</time><speed>0.777</speed><sat>31</sat></trkpt>
  <trkpt lat="-34.00047167" lon="-139.99978827"><ele>23.900</ele><time>2026-08-20T15:55:24Z</time><speed>0.823</speed><sat>31</sat></trkpt>
  <trkpt lat="-34.00048667" lon="-139.99978827"><ele>23.700</ele><time>2026-08-20T15:55:25Z</time><speed>0.882</speed><sat>30</sat></trkpt>
  <trkpt lat="-34.00050167" lon="-139.99978827"><ele>23.800</ele><time>2026-08-20T15:55:26Z</time><speed>0.910</speed><sat>32</sat></trkpt>
  <trkpt lat="-34.00051500" lon="-139.99978236"><ele>24.100</ele><time>2026-08-20T15:55:27Z</time><speed>0.933</speed><sat>32</sat></trkpt>
  <trkpt lat="-34.00052667" lon="-139.99978000"><ele>24.400</ele><time>2026-08-20T15:55:28Z</time><speed>0.933</speed><sat>33</sat></trkpt>
  <trkpt lat="-34.00054000" lon="-139.99977881"><ele>24.800</ele><time>2026-08-20T15:55:29Z</time><speed>0.925</speed><sat>33</sat></trkpt>
  <trkpt lat="-34.00054833" lon="-139.99977763"><ele>24.500</ele><time>2026-08-20T15:55:30Z</time><speed>0.910</speed><sat>33</sat></trkpt>
  <trkpt lat="-34.00055667" lon="-139.99977645"><ele>24.100</ele><time>2026-08-20T15:55:31Z</time><speed>0.863</speed><sat>33</sat></trkpt>
  <trkpt lat="-34.00056333" lon="-139.99977408"><ele>23.600</ele><time>2026-08-20T15:55:32Z</time><speed>0.834</speed><sat>32</sat></trkpt>
  <trkpt lat="-34.00057000" lon="-139.99977645"><ele>23.300</ele><time>2026-08-20T15:55:33Z</time><speed>0.775</speed><sat>33</sat></trkpt>
  <trkpt lat="-34.00057500" lon="-139.99976580"><ele>23.400</ele><time>2026-08-20T15:55:34Z</time><speed>0.716</speed><sat>33</sat></trkpt>
  <trkpt lat="-34.00058333" lon="-139.99975989"><ele>23.400</ele><time>2026-08-20T15:55:35Z</time><speed>0.627</speed><sat>31</sat></trkpt>
  <trkpt lat="-34.00059333" lon="-139.99975752"><ele>23.300</ele><time>2026-08-20T15:55:36Z</time><speed>0.587</speed><sat>33</sat></trkpt>
  <trkpt lat="-34.00060167" lon="-139.99975516"><ele>23.200</ele><time>2026-08-20T15:55:37Z</time><speed>0.562</speed><sat>34</sat></trkpt>
  <trkpt lat="-34.00061167" lon="-139.99975043"><ele>23.200</ele><time>2026-08-20T15:55:38Z</time><speed>0.596</speed><sat>34</sat></trkpt>
  <trkpt lat="-34.00062167" lon="-139.99974924"><ele>23.200</ele><time>2026-08-20T15:55:39Z</time><speed>0.616</speed><sat>35</sat></trkpt>
  <trkpt lat="-34.00062667" lon="-139.99974924"><ele>23.000</ele><time>2026-08-20T15:55:40Z</time><speed>0.625</speed><sat>35</sat></trkpt>
  <trkpt lat="-34.00063167" lon="-139.99974806"><ele>23.100</ele><time>2026-08-20T15:55:41Z</time><speed>0.626</speed><sat>35</sat></trkpt>
  <trkpt lat="-34.00064167" lon="-139.99974569"><ele>22.900</ele><time>2026-08-20T15:55:42Z</time><speed>0.631</speed><sat>35</sat></trkpt>
  <trkpt lat="-34.00064833" lon="-139.99974333"><ele>22.800</ele><time>2026-08-20T15:55:43Z</time><speed>0.638</speed><sat>35</sat></trkpt>
  <trkpt lat="-34.00065667" lon="-139.99973859"><ele>22.700</ele><time>2026-08-20T15:55:44Z</time><speed>0.645</speed><sat>36</sat></trkpt>
  <trkpt lat="-34.00067167" lon="-139.99973387"><ele>22.500</ele><time>2026-08-20T15:55:45Z</time><speed>0.688</speed><sat>35</sat></trkpt>
  <trkpt lat="-34.00067833" lon="-139.99973505"><ele>22.300</ele><time>2026-08-20T15:55:46Z</time><speed>0.639</speed><sat>34</sat></trkpt>
  <trkpt lat="-34.00068500" lon="-139.99973387"><ele>22.700</ele><time>2026-08-20T15:55:47Z</time><speed>0.609</speed><sat>35</sat></trkpt>
  <trkpt lat="-34.00069333" lon="-139.99973150"><ele>22.900</ele><time>2026-08-20T15:55:48Z</time><speed>0.556</speed><sat>34</sat></trkpt>
  <trkpt lat="-34.00070167" lon="-139.99972322"><ele>22.900</ele><time>2026-08-20T15:55:49Z</time><speed>0.000</speed><sat>34</sat></trkpt>
  <trkpt lat="-34.00070833" lon="-139.99971376"><ele>23.200</ele><time>2026-08-20T15:55:50Z</time><speed>0.484</speed><sat>34</sat></trkpt>
  <trkpt lat="-34.00071667" lon="-139.99970193"><ele>23.500</ele><time>2026-08-20T15:55:51Z</time><speed>0.474</speed><sat>34</sat></trkpt>
  <trkpt lat="-34.00072333" lon="-139.99968064"><ele>23.700</ele><time>2026-08-20T15:55:52Z</time><speed>0.477</speed><sat>34</sat></trkpt>
  <trkpt lat="-34.00072500" lon="-139.99966171"><ele>23.900</ele><time>2026-08-20T15:55:53Z</time><speed>0.517</speed><sat>35</sat></trkpt>
  <trkpt lat="-34.00072500" lon="-139.99964516"><ele>24.000</ele><time>2026-08-20T15:55:54Z</time><speed>0.544</speed><sat>35</sat></trkpt>
  <trkpt lat="-34.00072667" lon="-139.99962978"><ele>24.200</ele><time>2026-08-20T15:55:55Z</time><speed>0.519</speed><sat>34</sat></trkpt>
  <trkpt lat="-34.00072667" lon="-139.99961559"><ele>24.300</ele><time>2026-08-20T15:55:56Z</time><speed>0.551</speed><sat>33</sat></trkpt>
  <trkpt lat="-34.00073167" lon="-139.99959784"><ele>24.700</ele><time>2026-08-20T15:55:57Z</time><speed>0.581</speed><sat>31</sat></trkpt>
  <trkpt lat="-34.00074000" lon="-139.99958010"><ele>24.800</ele><time>2026-08-20T15:55:58Z</time><speed>0.612</speed><sat>31</sat></trkpt>
  <trkpt lat="-34.00074667" lon="-139.99956117"><ele>25.100</ele><time>2026-08-20T15:55:59Z</time><speed>0.648</speed><sat>31</sat></trkpt>
  <trkpt lat="-34.00075167" lon="-139.99953988"><ele>25.100</ele><time>2026-08-20T15:56:00Z</time><speed>0.703</speed><sat>31</sat></trkpt>
  <trkpt lat="-34.00075833" lon="-139.99952333"><ele>24.900</ele><time>2026-08-20T15:56:01Z</time><speed>0.762</speed><sat>33</sat></trkpt>
  <trkpt lat="-34.00076167" lon="-139.99950204"><ele>24.800</ele><time>2026-08-20T15:56:02Z</time><speed>0.830</speed><sat>32</sat></trkpt>
  <trkpt lat="-34.00077000" lon="-139.99948429"><ele>24.200</ele><time>2026-08-20T15:56:03Z</time><speed>0.872</speed><sat>31</sat></trkpt>
  <trkpt lat="-34.00077500" lon="-139.99946891"><ele>23.600</ele><time>2026-08-20T15:56:04Z</time><speed>0.901</speed><sat>31</sat></trkpt>
  <trkpt lat="-34.00077833" lon="-139.99945354"><ele>23.000</ele><time>2026-08-20T15:56:05Z</time><speed>0.952</speed><sat>32</sat></trkpt>
  <trkpt lat="-34.00077833" lon="-139.99943580"><ele>22.200</ele><time>2026-08-20T15:56:06Z</time><speed>1.013</speed><sat>31</sat></trkpt>
  <trkpt lat="-34.00078167" lon="-139.99942278"><ele>21.800</ele><time>2026-08-20T15:56:07Z</time><speed>1.061</speed><sat>30</sat></trkpt>
  <trkpt lat="-34.00078500" lon="-139.99940978"><ele>21.200</ele><time>2026-08-20T15:56:08Z</time><speed>1.071</speed><sat>30</sat></trkpt>
  <trkpt lat="-34.00078833" lon="-139.99940032"><ele>20.900</ele><time>2026-08-20T15:56:09Z</time><speed>1.046</speed><sat>30</sat></trkpt>
  <trkpt lat="-34.00079333" lon="-139.99938730"><ele>20.200</ele><time>2026-08-20T15:56:10Z</time><speed>1.024</speed><sat>30</sat></trkpt>
  <trkpt lat="-34.00079833" lon="-139.99937074"><ele>19.800</ele><time>2026-08-20T15:56:11Z</time><speed>1.029</speed><sat>30</sat></trkpt>
  <trkpt lat="-34.00079500" lon="-139.99935064"><ele>19.400</ele><time>2026-08-20T15:56:12Z</time><speed>1.012</speed><sat>30</sat></trkpt>
  <trkpt lat="-34.00078833" lon="-139.99933644"><ele>19.100</ele><time>2026-08-20T15:56:13Z</time><speed>1.003</speed><sat>30</sat></trkpt>
  <trkpt lat="-34.00077500" lon="-139.99931870"><ele>18.300</ele><time>2026-08-20T15:56:14Z</time><speed>1.184</speed><sat>30</sat></trkpt>
  <trkpt lat="-34.00075333" lon="-139.99930214"><ele>18.600</ele><time>2026-08-20T15:56:15Z</time><speed>1.351</speed><sat>30</sat></trkpt>
  <trkpt lat="-34.00073167" lon="-139.99928794"><ele>19.700</ele><time>2026-08-20T15:56:16Z</time><speed>1.498</speed><sat>30</sat></trkpt>
  <trkpt lat="-34.00070833" lon="-139.99927139"><ele>21.100</ele><time>2026-08-20T15:56:17Z</time><speed>1.702</speed><sat>30</sat></trkpt>
  <trkpt lat="-34.00070000" lon="-139.99925719"><ele>23.000</ele><time>2026-08-20T15:56:18Z</time><speed>1.899</speed><sat>28</sat></trkpt>
  <trkpt lat="-34.00068667" lon="-139.99924064"><ele>24.000</ele><time>2026-08-20T15:56:19Z</time><speed>2.077</speed><sat>29</sat></trkpt>
  <trkpt lat="-34.00067500" lon="-139.99922407"><ele>25.500</ele><time>2026-08-20T15:56:20Z</time><speed>2.184</speed><sat>30</sat></trkpt>
  <trkpt lat="-34.00066833" lon="-139.99921225"><ele>26.500</ele><time>2026-08-20T15:56:21Z</time><speed>2.239</speed><sat>31</sat></trkpt>
  <trkpt lat="-34.00065833" lon="-139.99919687"><ele>27.800</ele><time>2026-08-20T15:56:22Z</time><speed>2.250</speed><sat>31</sat></trkpt>
  <trkpt lat="-34.00065167" lon="-139.99918504"><ele>29.200</ele><time>2026-08-20T15:56:23Z</time><speed>2.166</speed><sat>31</sat></trkpt>
  <trkpt lat="-34.00065833" lon="-139.99917677"><ele>28.900</ele><time>2026-08-20T15:56:24Z</time><speed>1.903</speed><sat>31</sat></trkpt>
  <trkpt lat="-34.00066167" lon="-139.99916612"><ele>28.400</ele><time>2026-08-20T15:56:25Z</time><speed>1.684</speed><sat>31</sat></trkpt>
  <trkpt lat="-34.00066333" lon="-139.99915665"><ele>27.900</ele><time>2026-08-20T15:56:26Z</time><speed>1.499</speed><sat>31</sat></trkpt>
  <trkpt lat="-34.00066167" lon="-139.99914010"><ele>27.400</ele><time>2026-08-20T15:56:27Z</time><speed>1.331</speed><sat>31</sat></trkpt>
  <trkpt lat="-34.00066167" lon="-139.99912472"><ele>27.100</ele><time>2026-08-20T15:56:28Z</time><speed>1.203</speed><sat>29</sat></trkpt>
  <trkpt lat="-34.00066000" lon="-139.99910698"><ele>26.800</ele><time>2026-08-20T15:56:29Z</time><speed>1.125</speed><sat>30</sat></trkpt>
  <trkpt lat="-34.00065667" lon="-139.99909160"><ele>26.700</ele><time>2026-08-20T15:56:30Z</time><speed>1.076</speed><sat>31</sat></trkpt>
  <trkpt lat="-34.00065333" lon="-139.99908096"><ele>26.500</ele><time>2026-08-20T15:56:31Z</time><speed>1.027</speed><sat>31</sat></trkpt>
  <trkpt lat="-34.00065000" lon="-139.99907149"><ele>26.600</ele><time>2026-08-20T15:56:32Z</time><speed>0.986</speed><sat>31</sat></trkpt>
  <trkpt lat="-34.00064500" lon="-139.99906085"><ele>26.700</ele><time>2026-08-20T15:56:33Z</time><speed>1.006</speed><sat>31</sat></trkpt>
  <trkpt lat="-34.00064167" lon="-139.99905257"><ele>26.500</ele><time>2026-08-20T15:56:34Z</time><speed>0.992</speed><sat>31</sat></trkpt>
  <trkpt lat="-34.00063833" lon="-139.99904784"><ele>26.100</ele><time>2026-08-20T15:56:35Z</time><speed>0.949</speed><sat>31</sat></trkpt>
  <trkpt lat="-34.00064000" lon="-139.99904193"><ele>26.100</ele><time>2026-08-20T15:56:36Z</time><speed>0.887</speed><sat>31</sat></trkpt>
  <trkpt lat="-34.00064333" lon="-139.99903483"><ele>25.900</ele><time>2026-08-20T15:56:37Z</time><speed>0.803</speed><sat>32</sat></trkpt>
  <trkpt lat="-34.00065000" lon="-139.99902536"><ele>25.600</ele><time>2026-08-20T15:56:38Z</time><speed>0.737</speed><sat>33</sat></trkpt>
  <trkpt lat="-34.00065833" lon="-139.99901354"><ele>25.200</ele><time>2026-08-20T15:56:39Z</time><speed>0.670</speed><sat>31</sat></trkpt>
  <trkpt lat="-34.00066167" lon="-139.99900880"><ele>24.600</ele><time>2026-08-20T15:56:40Z</time><speed>0.590</speed><sat>30</sat></trkpt>
  <trkpt lat="-34.00066000" lon="-139.99900289"><ele>23.300</ele><time>2026-08-20T15:56:41Z</time><speed>0.549</speed><sat>31</sat></trkpt>
  <trkpt lat="-34.00065667" lon="-139.99899225"><ele>22.100</ele><time>2026-08-20T15:56:42Z</time><speed>0.552</speed><sat>29</sat></trkpt>
  <trkpt lat="-34.00066667" lon="-139.99898515"><ele>21.000</ele><time>2026-08-20T15:56:43Z</time><speed>0.616</speed><sat>25</sat></trkpt>
  <trkpt lat="-34.00067833" lon="-139.99898160"><ele>19.700</ele><time>2026-08-20T15:56:44Z</time><speed>0.738</speed><sat>26</sat></trkpt>
  <trkpt lat="-34.00068833" lon="-139.99897805"><ele>18.300</ele><time>2026-08-20T15:56:45Z</time><speed>0.890</speed><sat>25</sat></trkpt>
  <trkpt lat="-34.00070000" lon="-139.99897332"><ele>16.700</ele><time>2026-08-20T15:56:46Z</time><speed>1.041</speed><sat>25</sat></trkpt>
  <trkpt lat="-34.00071000" lon="-139.99896741"><ele>15.800</ele><time>2026-08-20T15:56:47Z</time><speed>1.161</speed><sat>26</sat></trkpt>
  <trkpt lat="-34.00071500" lon="-139.99896031"><ele>14.900</ele><time>2026-08-20T15:56:48Z</time><speed>0.000</speed><sat>27</sat></trkpt>
  <trkpt lat="-34.00071833" lon="-139.99894493"><ele>14.200</ele><time>2026-08-20T15:56:49Z</time><speed>1.246</speed><sat>27</sat></trkpt>
  <trkpt lat="-34.00071667" lon="-139.99892955"><ele>13.300</ele><time>2026-08-20T15:56:50Z</time><speed>1.264</speed><sat>27</sat></trkpt>
  <trkpt lat="-34.00071000" lon="-139.99890945"><ele>12.800</ele><time>2026-08-20T15:56:51Z</time><speed>1.350</speed><sat>27</sat></trkpt>
  <trkpt lat="-34.00070167" lon="-139.99889052"><ele>12.700</ele><time>2026-08-20T15:56:52Z</time><speed>1.416</speed><sat>28</sat></trkpt>
  <trkpt lat="-34.00068333" lon="-139.99887515"><ele>13.400</ele><time>2026-08-20T15:56:53Z</time><speed>1.449</speed><sat>30</sat></trkpt>
  <trkpt lat="-34.00066667" lon="-139.99885977"><ele>14.000</ele><time>2026-08-20T15:56:54Z</time><speed>1.453</speed><sat>30</sat></trkpt>
  <trkpt lat="-34.00065000" lon="-139.99884913"><ele>14.400</ele><time>2026-08-20T15:56:55Z</time><speed>1.462</speed><sat>32</sat></trkpt>
  <trkpt lat="-34.00063833" lon="-139.99884676"><ele>15.600</ele><time>2026-08-20T15:56:56Z</time><speed>1.319</speed><sat>32</sat></trkpt>
  <trkpt lat="-34.00063000" lon="-139.99883493"><ele>16.800</ele><time>2026-08-20T15:56:57Z</time><speed>1.213</speed><sat>32</sat></trkpt>
  <trkpt lat="-34.00062500" lon="-139.99882547"><ele>17.900</ele><time>2026-08-20T15:56:58Z</time><speed>1.186</speed><sat>32</sat></trkpt>
  <trkpt lat="-34.00061333" lon="-139.99880536"><ele>18.400</ele><time>2026-08-20T15:56:59Z</time><speed>1.246</speed><sat>31</sat></trkpt>
  <trkpt lat="-34.00059333" lon="-139.99877934"><ele>19.600</ele><time>2026-08-20T15:57:00Z</time><speed>1.376</speed><sat>32</sat></trkpt>
  <trkpt lat="-34.00058333" lon="-139.99876278"><ele>20.100</ele><time>2026-08-20T15:57:01Z</time><speed>1.392</speed><sat>33</sat></trkpt>
  <trkpt lat="-34.00057000" lon="-139.99874977"><ele>20.800</ele><time>2026-08-20T15:57:02Z</time><speed>1.441</speed><sat>33</sat></trkpt>
  <trkpt lat="-34.00055333" lon="-139.99874031"><ele>21.700</ele><time>2026-08-20T15:57:03Z</time><speed>1.502</speed><sat>31</sat></trkpt>
  <trkpt lat="-34.00053667" lon="-139.99872848"><ele>22.700</ele><time>2026-08-20T15:57:04Z</time><speed>1.617</speed><sat>29</sat></trkpt>
  <trkpt lat="-34.00051667" lon="-139.99871074"><ele>23.300</ele><time>2026-08-20T15:57:05Z</time><speed>1.751</speed><sat>28</sat></trkpt>
  <trkpt lat="-34.00049833" lon="-139.99871074"><ele>24.200</ele><time>2026-08-20T15:57:06Z</time><speed>2.015</speed><sat>27</sat></trkpt>
  <trkpt lat="-34.00048667" lon="-139.99870483"><ele>23.900</ele><time>2026-08-20T15:57:07Z</time><speed>2.074</speed><sat>26</sat></trkpt>
  <trkpt lat="-34.00046667" lon="-139.99869181"><ele>24.200</ele><time>2026-08-20T15:57:08Z</time><speed>2.112</speed><sat>25</sat></trkpt>
  <trkpt lat="-34.00045000" lon="-139.99867525"><ele>24.800</ele><time>2026-08-20T15:57:09Z</time><speed>2.141</speed><sat>25</sat></trkpt>
  <trkpt lat="-34.00044167" lon="-139.99866934"><ele>25.500</ele><time>2026-08-20T15:57:10Z</time><speed>2.076</speed><sat>25</sat></trkpt>
  <trkpt lat="-34.00043167" lon="-139.99865870"><ele>26.500</ele><time>2026-08-20T15:57:11Z</time><speed>2.066</speed><sat>25</sat></trkpt>
  <trkpt lat="-34.00043000" lon="-139.99864568"><ele>26.900</ele><time>2026-08-20T15:57:12Z</time><speed>2.034</speed><sat>26</sat></trkpt>
  <trkpt lat="-34.00043667" lon="-139.99863503"><ele>26.900</ele><time>2026-08-20T15:57:13Z</time><speed>1.985</speed><sat>26</sat></trkpt>
  <trkpt lat="-34.00043333" lon="-139.99862084"><ele>27.200</ele><time>2026-08-20T15:57:14Z</time><speed>1.934</speed><sat>28</sat></trkpt>
  <trkpt lat="-34.00042833" lon="-139.99860902"><ele>27.500</ele><time>2026-08-20T15:57:15Z</time><speed>1.831</speed><sat>27</sat></trkpt>
  <trkpt lat="-34.00042000" lon="-139.99859128"><ele>28.300</ele><time>2026-08-20T15:57:16Z</time><speed>1.722</speed><sat>27</sat></trkpt>
  <trkpt lat="-34.00041833" lon="-139.99857826"><ele>28.700</ele><time>2026-08-20T15:57:17Z</time><speed>1.770</speed><sat>28</sat></trkpt>
  <trkpt lat="-34.00041500" lon="-139.99856289"><ele>28.800</ele><time>2026-08-20T15:57:18Z</time><speed>1.787</speed><sat>27</sat></trkpt>
  <trkpt lat="-34.00041500" lon="-139.99855106"><ele>29.000</ele><time>2026-08-20T15:57:19Z</time><speed>1.756</speed><sat>29</sat></trkpt>
  <trkpt lat="-34.00041333" lon="-139.99854396"><ele>29.000</ele><time>2026-08-20T15:57:20Z</time><speed>1.727</speed><sat>29</sat></trkpt>
  <trkpt lat="-34.00041333" lon="-139.99853686"><ele>28.800</ele><time>2026-08-20T15:57:21Z</time><speed>1.640</speed><sat>30</sat></trkpt>
  <trkpt lat="-34.00041333" lon="-139.99852740"><ele>28.900</ele><time>2026-08-20T15:57:22Z</time><speed>1.582</speed><sat>30</sat></trkpt>
  <trkpt lat="-34.00041167" lon="-139.99851203"><ele>29.000</ele><time>2026-08-20T15:57:23Z</time><speed>1.558</speed><sat>30</sat></trkpt>
  <trkpt lat="-34.00041167" lon="-139.99849665"><ele>29.200</ele><time>2026-08-20T15:57:24Z</time><speed>1.491</speed><sat>30</sat></trkpt>
  <trkpt lat="-34.00041167" lon="-139.99848127"><ele>29.500</ele><time>2026-08-20T15:57:25Z</time><speed>1.431</speed><sat>30</sat></trkpt>
  <trkpt lat="-34.00040667" lon="-139.99846708"><ele>29.900</ele><time>2026-08-20T15:57:26Z</time><speed>1.383</speed><sat>30</sat></trkpt>
  <trkpt lat="-34.00040000" lon="-139.99845170"><ele>30.200</ele><time>2026-08-20T15:57:27Z</time><speed>1.370</speed><sat>30</sat></trkpt>
  <trkpt lat="-34.00039000" lon="-139.99843632"><ele>30.300</ele><time>2026-08-20T15:57:28Z</time><speed>1.375</speed><sat>30</sat></trkpt>
  <trkpt lat="-34.00038000" lon="-139.99842450"><ele>30.500</ele><time>2026-08-20T15:57:29Z</time><speed>1.326</speed><sat>32</sat></trkpt>
  <trkpt lat="-34.00037667" lon="-139.99841740"><ele>30.200</ele><time>2026-08-20T15:57:30Z</time><speed>1.288</speed><sat>32</sat></trkpt>
  <trkpt lat="-34.00037667" lon="-139.99841148"><ele>30.200</ele><time>2026-08-20T15:57:31Z</time><speed>1.272</speed><sat>32</sat></trkpt>
  <trkpt lat="-34.00037667" lon="-139.99840084"><ele>30.000</ele><time>2026-08-20T15:57:32Z</time><speed>1.239</speed><sat>31</sat></trkpt>
  <trkpt lat="-34.00037500" lon="-139.99839019"><ele>29.800</ele><time>2026-08-20T15:57:33Z</time><speed>1.194</speed><sat>30</sat></trkpt>
  <trkpt lat="-34.00037667" lon="-139.99837482"><ele>29.800</ele><time>2026-08-20T15:57:34Z</time><speed>1.187</speed><sat>31</sat></trkpt>
  <trkpt lat="-34.00037667" lon="-139.99835826"><ele>29.900</ele><time>2026-08-20T15:57:35Z</time><speed>1.214</speed><sat>32</sat></trkpt>
  <trkpt lat="-34.00037500" lon="-139.99834289"><ele>30.100</ele><time>2026-08-20T15:57:36Z</time><speed>1.242</speed><sat>32</sat></trkpt>
  <trkpt lat="-34.00037333" lon="-139.99832869"><ele>30.000</ele><time>2026-08-20T15:57:37Z</time><speed>1.174</speed><sat>31</sat></trkpt>
  <trkpt lat="-34.00037333" lon="-139.99831450"><ele>30.200</ele><time>2026-08-20T15:57:38Z</time><speed>1.111</speed><sat>31</sat></trkpt>
  <trkpt lat="-34.00037000" lon="-139.99830030"><ele>30.300</ele><time>2026-08-20T15:57:39Z</time><speed>1.174</speed><sat>31</sat></trkpt>
  <trkpt lat="-34.00036333" lon="-139.99828729"><ele>30.400</ele><time>2026-08-20T15:57:40Z</time><speed>1.293</speed><sat>32</sat></trkpt>
  <trkpt lat="-34.00036000" lon="-139.99827901"><ele>30.400</ele><time>2026-08-20T15:57:41Z</time><speed>1.328</speed><sat>32</sat></trkpt>
  <trkpt lat="-34.00036167" lon="-139.99827664"><ele>30.400</ele><time>2026-08-20T15:57:42Z</time><speed>1.289</speed><sat>32</sat></trkpt>
  <trkpt lat="-34.00035833" lon="-139.99828019"><ele>30.600</ele><time>2026-08-20T15:57:43Z</time><speed>1.226</speed><sat>32</sat></trkpt>
  <trkpt lat="-34.00035833" lon="-139.99827664"><ele>30.600</ele><time>2026-08-20T15:57:44Z</time><speed>1.121</speed><sat>32</sat></trkpt>
  <trkpt lat="-34.00035667" lon="-139.99827428"><ele>30.600</ele><time>2026-08-20T15:57:45Z</time><speed>0.987</speed><sat>32</sat></trkpt>
  <trkpt lat="-34.00035333" lon="-139.99826364"><ele>30.700</ele><time>2026-08-20T15:57:46Z</time><speed>0.911</speed><sat>32</sat></trkpt>
  <trkpt lat="-34.00034833" lon="-139.99825063"><ele>30.800</ele><time>2026-08-20T15:57:47Z</time><speed>0.909</speed><sat>31</sat></trkpt>
  <trkpt lat="-34.00034333" lon="-139.99824116"><ele>30.500</ele><time>2026-08-20T15:57:48Z</time><speed>0.888</speed><sat>32</sat></trkpt>
  <trkpt lat="-34.00033500" lon="-139.99822934"><ele>30.600</ele><time>2026-08-20T15:57:49Z</time><speed>0.835</speed><sat>29</sat></trkpt>
  <trkpt lat="-34.00032500" lon="-139.99821751"><ele>31.000</ele><time>2026-08-20T15:57:50Z</time><speed>0.773</speed><sat>30</sat></trkpt>
  <trkpt lat="-34.00031833" lon="-139.99820095"><ele>30.900</ele><time>2026-08-20T15:57:51Z</time><speed>0.832</speed><sat>29</sat></trkpt>
  <trkpt lat="-34.00031833" lon="-139.99818084"><ele>30.600</ele><time>2026-08-20T15:57:52Z</time><speed>0.998</speed><sat>31</sat></trkpt>
  <trkpt lat="-34.00031667" lon="-139.99816309"><ele>30.600</ele><time>2026-08-20T15:57:53Z</time><speed>1.121</speed><sat>31</sat></trkpt>
  <trkpt lat="-34.00031667" lon="-139.99814890"><ele>30.400</ele><time>2026-08-20T15:57:54Z</time><speed>1.233</speed><sat>31</sat></trkpt>
  <trkpt lat="-34.00031500" lon="-139.99813471"><ele>30.200</ele><time>2026-08-20T15:57:55Z</time><speed>1.352</speed><sat>30</sat></trkpt>
  <trkpt lat="-34.00031500" lon="-139.99811934"><ele>30.400</ele><time>2026-08-20T15:57:56Z</time><speed>1.409</speed><sat>31</sat></trkpt>
  <trkpt lat="-34.00031667" lon="-139.99810277"><ele>30.500</ele><time>2026-08-20T15:57:57Z</time><speed>1.465</speed><sat>31</sat></trkpt>
  <trkpt lat="-34.00031667" lon="-139.99809095"><ele>30.700</ele><time>2026-08-20T15:57:58Z</time><speed>1.451</speed><sat>30</sat></trkpt>
  <trkpt lat="-34.00031500" lon="-139.99807912"><ele>30.900</ele><time>2026-08-20T15:57:59Z</time><speed>1.395</speed><sat>31</sat></trkpt>
  <trkpt lat="-34.00030833" lon="-139.99806847"><ele>31.100</ele><time>2026-08-20T15:58:00Z</time><speed>1.344</speed><sat>30</sat></trkpt>
  <trkpt lat="-34.00030500" lon="-139.99805546"><ele>31.300</ele><time>2026-08-20T15:58:01Z</time><speed>1.275</speed><sat>31</sat></trkpt>
  <trkpt lat="-34.00030333" lon="-139.99804718"><ele>31.400</ele><time>2026-08-20T15:58:02Z</time><speed>1.131</speed><sat>32</sat></trkpt>
  <trkpt lat="-34.00030000" lon="-139.99804600"><ele>31.300</ele><time>2026-08-20T15:58:03Z</time><speed>1.019</speed><sat>32</sat></trkpt>
  <trkpt lat="-34.00029833" lon="-139.99804482"><ele>31.200</ele><time>2026-08-20T15:58:04Z</time><speed>0.904</speed><sat>31</sat></trkpt>
  <trkpt lat="-34.00029833" lon="-139.99804718"><ele>31.100</ele><time>2026-08-20T15:58:05Z</time><speed>0.778</speed><sat>31</sat></trkpt>
  <trkpt lat="-34.00029667" lon="-139.99804718"><ele>31.200</ele><time>2026-08-20T15:58:06Z</time><speed>0.660</speed><sat>32</sat></trkpt>
  <trkpt lat="-34.00029833" lon="-139.99804600"><ele>31.200</ele><time>2026-08-20T15:58:07Z</time><speed>0.528</speed><sat>33</sat></trkpt>
  <trkpt lat="-34.00029667" lon="-139.99804482"><ele>31.200</ele><time>2026-08-20T15:58:08Z</time><speed>0.461</speed><sat>32</sat></trkpt>
  <trkpt lat="-34.00029833" lon="-139.99804363"><ele>31.000</ele><time>2026-08-20T15:58:09Z</time><speed>0.000</speed><sat>32</sat></trkpt>
  <trkpt lat="-34.00029667" lon="-139.99804245"><ele>30.900</ele><time>2026-08-20T15:58:10Z</time><speed>0.000</speed><sat>31</sat></trkpt>
  <trkpt lat="-34.00029833" lon="-139.99803890"><ele>30.900</ele><time>2026-08-20T15:58:11Z</time><speed>0.000</speed><sat>31</sat></trkpt>
  <trkpt lat="-34.00030000" lon="-139.99803299"><ele>30.700</ele><time>2026-08-20T15:58:12Z</time><speed>0.299</speed><sat>33</sat></trkpt>
  <trkpt lat="-34.00029500" lon="-139.99801998"><ele>30.600</ele><time>2026-08-20T15:58:13Z</time><speed>0.319</speed><sat>33</sat></trkpt>
  <trkpt lat="-34.00029333" lon="-139.99800933"><ele>30.500</ele><time>2026-08-20T15:58:14Z</time><speed>0.356</speed><sat>32</sat></trkpt>
  <trkpt lat="-34.00029167" lon="-139.99799987"><ele>30.400</ele><time>2026-08-20T15:58:15Z</time><speed>0.412</speed><sat>32</sat></trkpt>
  <trkpt lat="-34.00028833" lon="-139.99799041"><ele>30.300</ele><time>2026-08-20T15:58:16Z</time><speed>0.476</speed><sat>32</sat></trkpt>
  <trkpt lat="-34.00028500" lon="-139.99798212"><ele>30.200</ele><time>2026-08-20T15:58:17Z</time><speed>0.518</speed><sat>32</sat></trkpt>
  <trkpt lat="-34.00028167" lon="-139.99797148"><ele>30.100</ele><time>2026-08-20T15:58:18Z</time><speed>0.591</speed><sat>31</sat></trkpt>
  <trkpt lat="-34.00028167" lon="-139.99795847"><ele>30.100</ele><time>2026-08-20T15:58:19Z</time><speed>0.681</speed><sat>31</sat></trkpt>
  <trkpt lat="-34.00028333" lon="-139.99794309"><ele>30.100</ele><time>2026-08-20T15:58:20Z</time><speed>0.778</speed><sat>32</sat></trkpt>
  <trkpt lat="-34.00028167" lon="-139.99793245"><ele>30.200</ele><time>2026-08-20T15:58:21Z</time><speed>0.802</speed><sat>33</sat></trkpt>
  <trkpt lat="-34.00028000" lon="-139.99792417"><ele>30.500</ele><time>2026-08-20T15:58:22Z</time><speed>0.795</speed><sat>33</sat></trkpt>
  <trkpt lat="-34.00028000" lon="-139.99791944"><ele>30.900</ele><time>2026-08-20T15:58:23Z</time><speed>0.765</speed><sat>31</sat></trkpt>
  <trkpt lat="-34.00027333" lon="-139.99790998"><ele>31.100</ele><time>2026-08-20T15:58:24Z</time><speed>0.749</speed><sat>30</sat></trkpt>
  <trkpt lat="-34.00027000" lon="-139.99790406"><ele>31.000</ele><time>2026-08-20T15:58:25Z</time><speed>0.713</speed><sat>31</sat></trkpt>
  <trkpt lat="-34.00027333" lon="-139.99789933"><ele>30.700</ele><time>2026-08-20T15:58:26Z</time><speed>0.678</speed><sat>30</sat></trkpt>
  <trkpt lat="-34.00028000" lon="-139.99789578"><ele>30.200</ele><time>2026-08-20T15:58:27Z</time><speed>0.666</speed><sat>30</sat></trkpt>
  <trkpt lat="-34.00028333" lon="-139.99789105"><ele>29.800</ele><time>2026-08-20T15:58:28Z</time><speed>0.624</speed><sat>31</sat></trkpt>
  <trkpt lat="-34.00028000" lon="-139.99788987"><ele>29.600</ele><time>2026-08-20T15:58:29Z</time><speed>0.589</speed><sat>32</sat></trkpt>
  <trkpt lat="-34.00027667" lon="-139.99788514"><ele>29.100</ele><time>2026-08-20T15:58:30Z</time><speed>0.595</speed><sat>33</sat></trkpt>
  <trkpt lat="-34.00027500" lon="-139.99787449"><ele>28.600</ele><time>2026-08-20T15:58:31Z</time><speed>0.586</speed><sat>32</sat></trkpt>
  <trkpt lat="-34.00027167" lon="-139.99786266"><ele>28.500</ele><time>2026-08-20T15:58:32Z</time><speed>0.608</speed><sat>32</sat></trkpt>
  <trkpt lat="-34.00027000" lon="-139.99785083"><ele>28.200</ele><time>2026-08-20T15:58:33Z</time><speed>0.639</speed><sat>32</sat></trkpt>
  <trkpt lat="-34.00026667" lon="-139.99783901"><ele>28.000</ele><time>2026-08-20T15:58:34Z</time><speed>0.687</speed><sat>33</sat></trkpt>
  <trkpt lat="-34.00026333" lon="-139.99782482"><ele>27.600</ele><time>2026-08-20T15:58:35Z</time><speed>0.776</speed><sat>33</sat></trkpt>
  <trkpt lat="-34.00025833" lon="-139.99781180"><ele>27.400</ele><time>2026-08-20T15:58:36Z</time><speed>0.887</speed><sat>33</sat></trkpt>
  <trkpt lat="-34.00025167" lon="-139.99779879"><ele>27.200</ele><time>2026-08-20T15:58:37Z</time><speed>0.992</speed><sat>33</sat></trkpt>
  <trkpt lat="-34.00025167" lon="-139.99778933"><ele>26.900</ele><time>2026-08-20T15:58:38Z</time><speed>1.028</speed><sat>34</sat></trkpt>
  <trkpt lat="-34.00024500" lon="-139.99778696"><ele>26.500</ele><time>2026-08-20T15:58:39Z</time><speed>1.035</speed><sat>34</sat></trkpt>
  <trkpt lat="-34.00024000" lon="-139.99778933"><ele>26.400</ele><time>2026-08-20T15:58:40Z</time><speed>0.996</speed><sat>34</sat></trkpt>
  <trkpt lat="-34.00023000" lon="-139.99779051"><ele>26.300</ele><time>2026-08-20T15:58:41Z</time><speed>1.024</speed><sat>34</sat></trkpt>
  <trkpt lat="-34.00022000" lon="-139.99778933"><ele>26.300</ele><time>2026-08-20T15:58:42Z</time><speed>1.077</speed><sat>34</sat></trkpt>
  <trkpt lat="-34.00021000" lon="-139.99778933"><ele>26.200</ele><time>2026-08-20T15:58:43Z</time><speed>1.125</speed><sat>34</sat></trkpt>
  <trkpt lat="-34.00019833" lon="-139.99779051"><ele>26.100</ele><time>2026-08-20T15:58:44Z</time><speed>1.131</speed><sat>33</sat></trkpt>
  <trkpt lat="-34.00019000" lon="-139.99779051"><ele>26.100</ele><time>2026-08-20T15:58:45Z</time><speed>1.087</speed><sat>32</sat></trkpt>
  <trkpt lat="-34.00018000" lon="-139.99779288"><ele>26.100</ele><time>2026-08-20T15:58:46Z</time><speed>1.014</speed><sat>33</sat></trkpt>
  <trkpt lat="-34.00016500" lon="-139.99779288"><ele>25.500</ele><time>2026-08-20T15:58:47Z</time><speed>1.038</speed><sat>33</sat></trkpt>
  <trkpt lat="-34.00015167" lon="-139.99779643"><ele>25.200</ele><time>2026-08-20T15:58:48Z</time><speed>1.107</speed><sat>32</sat></trkpt>
  <trkpt lat="-34.00014000" lon="-139.99779761"><ele>24.900</ele><time>2026-08-20T15:58:49Z</time><speed>1.176</speed><sat>32</sat></trkpt>
  <trkpt lat="-34.00012833" lon="-139.99779998"><ele>24.300</ele><time>2026-08-20T15:58:50Z</time><speed>1.223</speed><sat>32</sat></trkpt>
  <trkpt lat="-34.00011833" lon="-139.99780353"><ele>23.600</ele><time>2026-08-20T15:58:51Z</time><speed>1.290</speed><sat>33</sat></trkpt>
  <trkpt lat="-34.00010500" lon="-139.99781299"><ele>23.100</ele><time>2026-08-20T15:58:52Z</time><speed>1.351</speed><sat>30</sat></trkpt>
  <trkpt lat="-34.00009167" lon="-139.99782363"><ele>23.200</ele><time>2026-08-20T15:58:53Z</time><speed>1.407</speed><sat>31</sat></trkpt>
  <trkpt lat="-34.00008000" lon="-139.99783546"><ele>23.500</ele><time>2026-08-20T15:58:54Z</time><speed>1.449</speed><sat>32</sat></trkpt>
  <trkpt lat="-34.00007000" lon="-139.99784256"><ele>23.800</ele><time>2026-08-20T15:58:55Z</time><speed>1.505</speed><sat>34</sat></trkpt>
  <trkpt lat="-34.00005833" lon="-139.99784256"><ele>24.300</ele><time>2026-08-20T15:58:56Z</time><speed>1.529</speed><sat>35</sat></trkpt>
  <trkpt lat="-34.00005000" lon="-139.99784728"><ele>24.100</ele><time>2026-08-20T15:58:57Z</time><speed>1.477</speed><sat>35</sat></trkpt>
  <trkpt lat="-34.00003833" lon="-139.99785320"><ele>23.800</ele><time>2026-08-20T15:58:58Z</time><speed>1.454</speed><sat>33</sat></trkpt>
  <trkpt lat="-34.00003333" lon="-139.99785912"><ele>23.500</ele><time>2026-08-20T15:58:59Z</time><speed>1.404</speed><sat>33</sat></trkpt>
  <trkpt lat="-34.00002833" lon="-139.99786503"><ele>23.000</ele><time>2026-08-20T15:59:00Z</time><speed>1.375</speed><sat>33</sat></trkpt>
  <trkpt lat="-34.00002167" lon="-139.99786858"><ele>22.700</ele><time>2026-08-20T15:59:01Z</time><speed>1.296</speed><sat>33</sat></trkpt>
  <trkpt lat="-34.00001500" lon="-139.99787449"><ele>22.300</ele><time>2026-08-20T15:59:02Z</time><speed>1.205</speed><sat>32</sat></trkpt>
  <trkpt lat="-34.00000500" lon="-139.99787804"><ele>22.100</ele><time>2026-08-20T15:59:03Z</time><speed>1.143</speed><sat>31</sat></trkpt>
  <trkpt lat="-33.99999333" lon="-139.99788159"><ele>22.000</ele><time>2026-08-20T15:59:04Z</time><speed>1.111</speed><sat>31</sat></trkpt>
  <trkpt lat="-33.99997500" lon="-139.99788277"><ele>22.100</ele><time>2026-08-20T15:59:05Z</time><speed>1.092</speed><sat>33</sat></trkpt>
  <trkpt lat="-33.99996000" lon="-139.99788632"><ele>22.100</ele><time>2026-08-20T15:59:06Z</time><speed>1.097</speed><sat>32</sat></trkpt>
  <trkpt lat="-33.99994667" lon="-139.99789224"><ele>22.400</ele><time>2026-08-20T15:59:07Z</time><speed>1.103</speed><sat>32</sat></trkpt>
  <trkpt lat="-33.99993333" lon="-139.99789460"><ele>22.600</ele><time>2026-08-20T15:59:08Z</time><speed>1.095</speed><sat>32</sat></trkpt>
  <trkpt lat="-33.99992500" lon="-139.99789696"><ele>22.900</ele><time>2026-08-20T15:59:09Z</time><speed>1.076</speed><sat>35</sat></trkpt>
  <trkpt lat="-33.99991500" lon="-139.99790170"><ele>23.500</ele><time>2026-08-20T15:59:10Z</time><speed>1.047</speed><sat>33</sat></trkpt>
  <trkpt lat="-33.99990500" lon="-139.99790643"><ele>24.000</ele><time>2026-08-20T15:59:11Z</time><speed>1.048</speed><sat>35</sat></trkpt>
  <trkpt lat="-33.99989667" lon="-139.99790998"><ele>24.300</ele><time>2026-08-20T15:59:12Z</time><speed>1.024</speed><sat>35</sat></trkpt>
  <trkpt lat="-33.99989167" lon="-139.99791234"><ele>24.400</ele><time>2026-08-20T15:59:13Z</time><speed>0.974</speed><sat>33</sat></trkpt>
  <trkpt lat="-33.99988500" lon="-139.99791708"><ele>24.500</ele><time>2026-08-20T15:59:14Z</time><speed>0.915</speed><sat>34</sat></trkpt>
  <trkpt lat="-33.99987833" lon="-139.99792180"><ele>24.700</ele><time>2026-08-20T15:59:15Z</time><speed>0.848</speed><sat>34</sat></trkpt>
  <trkpt lat="-33.99987000" lon="-139.99792654"><ele>25.100</ele><time>2026-08-20T15:59:16Z</time><speed>0.789</speed><sat>34</sat></trkpt>
  <trkpt lat="-33.99985833" lon="-139.99792772"><ele>25.300</ele><time>2026-08-20T15:59:17Z</time><speed>0.737</speed><sat>33</sat></trkpt>
  <trkpt lat="-33.99984333" lon="-139.99793127"><ele>25.500</ele><time>2026-08-20T15:59:18Z</time><speed>0.747</speed><sat>33</sat></trkpt>
  <trkpt lat="-33.99982833" lon="-139.99793600"><ele>25.900</ele><time>2026-08-20T15:59:19Z</time><speed>0.723</speed><sat>34</sat></trkpt>
  <trkpt lat="-33.99982333" lon="-139.99793600"><ele>26.300</ele><time>2026-08-20T15:59:20Z</time><speed>0.673</speed><sat>34</sat></trkpt>
  <trkpt lat="-33.99981667" lon="-139.99793600"><ele>26.700</ele><time>2026-08-20T15:59:21Z</time><speed>0.609</speed><sat>35</sat></trkpt>
  <trkpt lat="-33.99981500" lon="-139.99793600"><ele>26.900</ele><time>2026-08-20T15:59:22Z</time><speed>0.000</speed><sat>33</sat></trkpt>
  <trkpt lat="-33.99981167" lon="-139.99793718"><ele>27.300</ele><time>2026-08-20T15:59:23Z</time><speed>0.497</speed><sat>29</sat></trkpt>
  <trkpt lat="-33.99980833" lon="-139.99793954"><ele>27.500</ele><time>2026-08-20T15:59:24Z</time><speed>0.446</speed><sat>32</sat></trkpt>
  <trkpt lat="-33.99980333" lon="-139.99794073"><ele>27.600</ele><time>2026-08-20T15:59:25Z</time><speed>0.413</speed><sat>35</sat></trkpt>
  <trkpt lat="-33.99979667" lon="-139.99794783"><ele>27.600</ele><time>2026-08-20T15:59:26Z</time><speed>0.466</speed><sat>34</sat></trkpt>
  <trkpt lat="-33.99978667" lon="-139.99795374"><ele>27.700</ele><time>2026-08-20T15:59:27Z</time><speed>0.499</speed><sat>33</sat></trkpt>
  <trkpt lat="-33.99977667" lon="-139.99795611"><ele>27.800</ele><time>2026-08-20T15:59:28Z</time><speed>0.440</speed><sat>33</sat></trkpt>
  <trkpt lat="-33.99977167" lon="-139.99796320"><ele>28.100</ele><time>2026-08-20T15:59:29Z</time><speed>0.473</speed><sat>34</sat></trkpt>
  <trkpt lat="-33.99976333" lon="-139.99796793"><ele>28.200</ele><time>2026-08-20T15:59:30Z</time><speed>0.538</speed><sat>34</sat></trkpt>
  <trkpt lat="-33.99975167" lon="-139.99797385"><ele>28.300</ele><time>2026-08-20T15:59:31Z</time><speed>0.639</speed><sat>33</sat></trkpt>
  <trkpt lat="-33.99974333" lon="-139.99798095"><ele>28.500</ele><time>2026-08-20T15:59:32Z</time><speed>0.741</speed><sat>34</sat></trkpt>
  <trkpt lat="-33.99973167" lon="-139.99798686"><ele>28.500</ele><time>2026-08-20T15:59:33Z</time><speed>0.865</speed><sat>34</sat></trkpt>
  <trkpt lat="-33.99972000" lon="-139.99799041"><ele>28.500</ele><time>2026-08-20T15:59:34Z</time><speed>0.980</speed><sat>33</sat></trkpt>
  <trkpt lat="-33.99971000" lon="-139.99799396"><ele>28.400</ele><time>2026-08-20T15:59:35Z</time><speed>1.024</speed><sat>33</sat></trkpt>
  <trkpt lat="-33.99970000" lon="-139.99799632"><ele>28.800</ele><time>2026-08-20T15:59:36Z</time><speed>0.991</speed><sat>33</sat></trkpt>
  <trkpt lat="-33.99969000" lon="-139.99799869"><ele>29.100</ele><time>2026-08-20T15:59:37Z</time><speed>1.003</speed><sat>33</sat></trkpt>
  <trkpt lat="-33.99968000" lon="-139.99799750"><ele>29.300</ele><time>2026-08-20T15:59:38Z</time><speed>1.039</speed><sat>32</sat></trkpt>
  <trkpt lat="-33.99966833" lon="-139.99799632"><ele>29.500</ele><time>2026-08-20T15:59:39Z</time><speed>1.075</speed><sat>32</sat></trkpt>
  <trkpt lat="-33.99965167" lon="-139.99799869"><ele>29.600</ele><time>2026-08-20T15:59:40Z</time><speed>1.109</speed><sat>32</sat></trkpt>
  <trkpt lat="-33.99963833" lon="-139.99800105"><ele>29.600</ele><time>2026-08-20T15:59:41Z</time><speed>1.135</speed><sat>32</sat></trkpt>
  <trkpt lat="-33.99962333" lon="-139.99800224"><ele>29.800</ele><time>2026-08-20T15:59:42Z</time><speed>1.166</speed><sat>32</sat></trkpt>
  <trkpt lat="-33.99961000" lon="-139.99800224"><ele>30.000</ele><time>2026-08-20T15:59:43Z</time><speed>1.132</speed><sat>32</sat></trkpt>
  <trkpt lat="-33.99960000" lon="-139.99800342"><ele>30.100</ele><time>2026-08-20T15:59:44Z</time><speed>1.070</speed><sat>31</sat></trkpt>
  <trkpt lat="-33.99959167" lon="-139.99800579"><ele>30.200</ele><time>2026-08-20T15:59:45Z</time><speed>1.070</speed><sat>32</sat></trkpt>
  <trkpt lat="-33.99958333" lon="-139.99801051"><ele>30.400</ele><time>2026-08-20T15:59:46Z</time><speed>1.069</speed><sat>32</sat></trkpt>
  <trkpt lat="-33.99957167" lon="-139.99801643"><ele>30.400</ele><time>2026-08-20T15:59:47Z</time><speed>1.091</speed><sat>31</sat></trkpt>
  <trkpt lat="-33.99955833" lon="-139.99801998"><ele>30.200</ele><time>2026-08-20T15:59:48Z</time><speed>1.092</speed><sat>32</sat></trkpt>
  <trkpt lat="-33.99955000" lon="-139.99802825"><ele>29.800</ele><time>2026-08-20T15:59:49Z</time><speed>1.091</speed><sat>32</sat></trkpt>
  <trkpt lat="-33.99954167" lon="-139.99803654"><ele>29.600</ele><time>2026-08-20T15:59:50Z</time><speed>1.106</speed><sat>32</sat></trkpt>
  <trkpt lat="-33.99953500" lon="-139.99804008"><ele>28.900</ele><time>2026-08-20T15:59:51Z</time><speed>1.039</speed><sat>31</sat></trkpt>
  <trkpt lat="-33.99953000" lon="-139.99804600"><ele>28.200</ele><time>2026-08-20T15:59:52Z</time><speed>0.970</speed><sat>32</sat></trkpt>
  <trkpt lat="-33.99952333" lon="-139.99805309"><ele>27.900</ele><time>2026-08-20T15:59:53Z</time><speed>0.918</speed><sat>32</sat></trkpt>
  <trkpt lat="-33.99952167" lon="-139.99804954"><ele>26.800</ele><time>2026-08-20T15:59:54Z</time><speed>0.899</speed><sat>32</sat></trkpt>
  <trkpt lat="-33.99951667" lon="-139.99805073"><ele>26.300</ele><time>2026-08-20T15:59:55Z</time><speed>0.849</speed><sat>32</sat></trkpt>
  <trkpt lat="-33.99951167" lon="-139.99805309"><ele>26.100</ele><time>2026-08-20T15:59:56Z</time><speed>0.784</speed><sat>31</sat></trkpt>
  <trkpt lat="-33.99950000" lon="-139.99805309"><ele>25.800</ele><time>2026-08-20T15:59:57Z</time><speed>0.698</speed><sat>29</sat></trkpt>
  <trkpt lat="-33.99949000" lon="-139.99805428"><ele>25.200</ele><time>2026-08-20T15:59:58Z</time><speed>0.662</speed><sat>30</sat></trkpt>
  <trkpt lat="-33.99947833" lon="-139.99805783"><ele>24.700</ele><time>2026-08-20T15:59:59Z</time><speed>0.630</speed><sat>30</sat></trkpt>
  <trkpt lat="-33.99947000" lon="-139.99806019"><ele>24.300</ele><time>2026-08-20T16:00:00Z</time><speed>0.535</speed><sat>30</sat></trkpt>
  <trkpt lat="-33.99946500" lon="-139.99806019"><ele>23.900</ele><time>2026-08-20T16:00:01Z</time><speed>0.478</speed><sat>25</sat></trkpt>
  <trkpt lat="-33.99945667" lon="-139.99806019"><ele>23.700</ele><time>2026-08-20T16:00:02Z</time><speed>0.439</speed><sat>25</sat></trkpt>
  <trkpt lat="-33.99945000" lon="-139.99806138"><ele>23.400</ele><time>2026-08-20T16:00:03Z</time><speed>0.442</speed><sat>25</sat></trkpt>
  <trkpt lat="-33.99944333" lon="-139.99806256"><ele>23.200</ele><time>2026-08-20T16:00:04Z</time><speed>0.000</speed><sat>26</sat></trkpt>
  <trkpt lat="-33.99943333" lon="-139.99806374"><ele>23.200</ele><time>2026-08-20T16:00:05Z</time><speed>0.000</speed><sat>27</sat></trkpt>
  <trkpt lat="-33.99942333" lon="-139.99806611"><ele>23.400</ele><time>2026-08-20T16:00:06Z</time><speed>0.503</speed><sat>26</sat></trkpt>
  <trkpt lat="-33.99941167" lon="-139.99807202"><ele>23.300</ele><time>2026-08-20T16:00:07Z</time><speed>0.503</speed><sat>26</sat></trkpt>
  <trkpt lat="-33.99940167" lon="-139.99807321"><ele>23.400</ele><time>2026-08-20T16:00:08Z</time><speed>0.498</speed><sat>26</sat></trkpt>
  <trkpt lat="-33.99939000" lon="-139.99807438"><ele>23.300</ele><time>2026-08-20T16:00:09Z</time><speed>0.495</speed><sat>24</sat></trkpt>
  <trkpt lat="-33.99937833" lon="-139.99807912"><ele>23.200</ele><time>2026-08-20T16:00:10Z</time><speed>0.535</speed><sat>25</sat></trkpt>
  <trkpt lat="-33.99936833" lon="-139.99808621"><ele>22.900</ele><time>2026-08-20T16:00:11Z</time><speed>0.634</speed><sat>24</sat></trkpt>
  <trkpt lat="-33.99935667" lon="-139.99809567"><ele>22.800</ele><time>2026-08-20T16:00:12Z</time><speed>0.751</speed><sat>24</sat></trkpt>
  <trkpt lat="-33.99934000" lon="-139.99810869"><ele>22.800</ele><time>2026-08-20T16:00:13Z</time><speed>0.879</speed><sat>26</sat></trkpt>
  <trkpt lat="-33.99932500" lon="-139.99812051"><ele>22.700</ele><time>2026-08-20T16:00:14Z</time><speed>0.968</speed><sat>25</sat></trkpt>
  <trkpt lat="-33.99930833" lon="-139.99812643"><ele>22.800</ele><time>2026-08-20T16:00:15Z</time><speed>1.037</speed><sat>26</sat></trkpt>
  <trkpt lat="-33.99929667" lon="-139.99812998"><ele>23.300</ele><time>2026-08-20T16:00:16Z</time><speed>1.113</speed><sat>26</sat></trkpt>
  <trkpt lat="-33.99928500" lon="-139.99813589"><ele>23.900</ele><time>2026-08-20T16:00:17Z</time><speed>1.173</speed><sat>26</sat></trkpt>
  <trkpt lat="-33.99927333" lon="-139.99814180"><ele>24.500</ele><time>2026-08-20T16:00:18Z</time><speed>1.236</speed><sat>26</sat></trkpt>
  <trkpt lat="-33.99925833" lon="-139.99814772"><ele>24.800</ele><time>2026-08-20T16:00:19Z</time><speed>1.314</speed><sat>27</sat></trkpt>
  <trkpt lat="-33.99924333" lon="-139.99815009"><ele>25.200</ele><time>2026-08-20T16:00:20Z</time><speed>1.392</speed><sat>27</sat></trkpt>
  <trkpt lat="-33.99922500" lon="-139.99815009"><ele>25.600</ele><time>2026-08-20T16:00:21Z</time><speed>1.466</speed><sat>26</sat></trkpt>
  <trkpt lat="-33.99920500" lon="-139.99814772"><ele>26.000</ele><time>2026-08-20T16:00:22Z</time><speed>1.552</speed><sat>27</sat></trkpt>
  <trkpt lat="-33.99918000" lon="-139.99814654"><ele>26.300</ele><time>2026-08-20T16:00:23Z</time><speed>1.619</speed><sat>28</sat></trkpt>
  <trkpt lat="-33.99916167" lon="-139.99815009"><ele>26.600</ele><time>2026-08-20T16:00:24Z</time><speed>1.680</speed><sat>27</sat></trkpt>
  <trkpt lat="-33.99914833" lon="-139.99814890"><ele>27.000</ele><time>2026-08-20T16:00:25Z</time><speed>1.742</speed><sat>27</sat></trkpt>
  <trkpt lat="-33.99913333" lon="-139.99814535"><ele>27.300</ele><time>2026-08-20T16:00:26Z</time><speed>1.756</speed><sat>27</sat></trkpt>
  <trkpt lat="-33.99912167" lon="-139.99814299"><ele>27.900</ele><time>2026-08-20T16:00:27Z</time><speed>1.769</speed><sat>28</sat></trkpt>
  <trkpt lat="-33.99911000" lon="-139.99814063"><ele>28.700</ele><time>2026-08-20T16:00:28Z</time><speed>1.701</speed><sat>28</sat></trkpt>
  <trkpt lat="-33.99910167" lon="-139.99813944"><ele>29.300</ele><time>2026-08-20T16:00:29Z</time><speed>1.633</speed><sat>28</sat></trkpt>
  <trkpt lat="-33.99909167" lon="-139.99813944"><ele>29.600</ele><time>2026-08-20T16:00:30Z</time><speed>1.535</speed><sat>27</sat></trkpt>
  <trkpt lat="-33.99907833" lon="-139.99814180"><ele>29.600</ele><time>2026-08-20T16:00:31Z</time><speed>1.448</speed><sat>27</sat></trkpt>
  <trkpt lat="-33.99906667" lon="-139.99814535"><ele>29.900</ele><time>2026-08-20T16:00:32Z</time><speed>1.332</speed><sat>28</sat></trkpt>
  <trkpt lat="-33.99905167" lon="-139.99815009"><ele>30.100</ele><time>2026-08-20T16:00:33Z</time><speed>1.229</speed><sat>28</sat></trkpt>
  <trkpt lat="-33.99903667" lon="-139.99815245"><ele>30.400</ele><time>2026-08-20T16:00:34Z</time><speed>1.166</speed><sat>28</sat></trkpt>
  <trkpt lat="-33.99902333" lon="-139.99815245"><ele>30.500</ele><time>2026-08-20T16:00:35Z</time><speed>1.131</speed><sat>26</sat></trkpt>
  <trkpt lat="-33.99900833" lon="-139.99815482"><ele>30.600</ele><time>2026-08-20T16:00:36Z</time><speed>1.132</speed><sat>26</sat></trkpt>
  <trkpt lat="-33.99899167" lon="-139.99815482"><ele>30.800</ele><time>2026-08-20T16:00:37Z</time><speed>1.176</speed><sat>26</sat></trkpt>
  <trkpt lat="-33.99897500" lon="-139.99815600"><ele>30.800</ele><time>2026-08-20T16:00:38Z</time><speed>1.272</speed><sat>26</sat></trkpt>
  <trkpt lat="-33.99895833" lon="-139.99815482"><ele>31.000</ele><time>2026-08-20T16:00:39Z</time><speed>1.351</speed><sat>27</sat></trkpt>
  <trkpt lat="-33.99894500" lon="-139.99815600"><ele>31.300</ele><time>2026-08-20T16:00:40Z</time><speed>1.423</speed><sat>26</sat></trkpt>
  <trkpt lat="-33.99893167" lon="-139.99815718"><ele>31.400</ele><time>2026-08-20T16:00:41Z</time><speed>1.477</speed><sat>27</sat></trkpt>
  <trkpt lat="-33.99891833" lon="-139.99815955"><ele>31.500</ele><time>2026-08-20T16:00:42Z</time><speed>1.515</speed><sat>27</sat></trkpt>
  <trkpt lat="-33.99890833" lon="-139.99815837"><ele>31.700</ele><time>2026-08-20T16:00:43Z</time><speed>1.466</speed><sat>26</sat></trkpt>
  <trkpt lat="-33.99890000" lon="-139.99815837"><ele>31.900</ele><time>2026-08-20T16:00:44Z</time><speed>1.445</speed><sat>27</sat></trkpt>
  <trkpt lat="-33.99888833" lon="-139.99815955"><ele>32.100</ele><time>2026-08-20T16:00:45Z</time><speed>1.406</speed><sat>26</sat></trkpt>
  <trkpt lat="-33.99887833" lon="-139.99816073"><ele>32.400</ele><time>2026-08-20T16:00:46Z</time><speed>1.368</speed><sat>27</sat></trkpt>
  <trkpt lat="-33.99887000" lon="-139.99816192"><ele>32.800</ele><time>2026-08-20T16:00:47Z</time><speed>1.309</speed><sat>27</sat></trkpt>
  <trkpt lat="-33.99886000" lon="-139.99816428"><ele>33.200</ele><time>2026-08-20T16:00:48Z</time><speed>1.277</speed><sat>26</sat></trkpt>
  <trkpt lat="-33.99885167" lon="-139.99816428"><ele>33.700</ele><time>2026-08-20T16:00:49Z</time><speed>1.206</speed><sat>25</sat></trkpt>
  <trkpt lat="-33.99884667" lon="-139.99816073"><ele>33.800</ele><time>2026-08-20T16:00:50Z</time><speed>1.160</speed><sat>25</sat></trkpt>
  <trkpt lat="-33.99885000" lon="-139.99815363"><ele>33.500</ele><time>2026-08-20T16:00:51Z</time><speed>1.057</speed><sat>25</sat></trkpt>
  <trkpt lat="-33.99884167" lon="-139.99815363"><ele>33.900</ele><time>2026-08-20T16:00:52Z</time><speed>0.955</speed><sat>23</sat></trkpt>
  <trkpt lat="-33.99883667" lon="-139.99815127"><ele>33.700</ele><time>2026-08-20T16:00:53Z</time><speed>0.923</speed><sat>25</sat></trkpt>
  <trkpt lat="-33.99882167" lon="-139.99815600"><ele>33.900</ele><time>2026-08-20T16:00:54Z</time><speed>0.896</speed><sat>25</sat></trkpt>
  <trkpt lat="-33.99880500" lon="-139.99815837"><ele>34.400</ele><time>2026-08-20T16:00:55Z</time><speed>0.923</speed><sat>24</sat></trkpt>
  <trkpt lat="-33.99879000" lon="-139.99816546"><ele>34.900</ele><time>2026-08-20T16:00:56Z</time><speed>0.000</speed><sat>25</sat></trkpt>
  <trkpt lat="-33.99877667" lon="-139.99817374"><ele>35.100</ele><time>2026-08-20T16:00:57Z</time><speed>0.955</speed><sat>24</sat></trkpt>
  <trkpt lat="-33.99876500" lon="-139.99818321"><ele>35.300</ele><time>2026-08-20T16:00:58Z</time><speed>0.945</speed><sat>24</sat></trkpt>
  <trkpt lat="-33.99875500" lon="-139.99819148"><ele>35.400</ele><time>2026-08-20T16:00:59Z</time><speed>0.970</speed><sat>24</sat></trkpt>
  <trkpt lat="-33.99874667" lon="-139.99819858"><ele>35.600</ele><time>2026-08-20T16:01:00Z</time><speed>0.987</speed><sat>24</sat></trkpt>
  <trkpt lat="-33.99873833" lon="-139.99820922"><ele>35.600</ele><time>2026-08-20T16:01:01Z</time><speed>1.039</speed><sat>25</sat></trkpt>
  <trkpt lat="-33.99873500" lon="-139.99821632"><ele>35.800</ele><time>2026-08-20T16:01:02Z</time><speed>0.000</speed><sat>24</sat></trkpt>
  <trkpt lat="-33.99873000" lon="-139.99822460"><ele>36.000</ele><time>2026-08-20T16:01:03Z</time><speed>0.000</speed><sat>25</sat></trkpt>
  <trkpt lat="-33.99872333" lon="-139.99823051"><ele>36.100</ele><time>2026-08-20T16:01:04Z</time><speed>1.105</speed><sat>26</sat></trkpt>
  <trkpt lat="-33.99872000" lon="-139.99823051"><ele>36.000</ele><time>2026-08-20T16:01:05Z</time><speed>0.000</speed><sat>26</sat></trkpt>
  <trkpt lat="-33.99872167" lon="-139.99823643"><ele>35.700</ele><time>2026-08-20T16:01:06Z</time><speed>0.926</speed><sat>24</sat></trkpt>
  <trkpt lat="-33.99872333" lon="-139.99824471"><ele>35.600</ele><time>2026-08-20T16:01:07Z</time><speed>0.854</speed><sat>23</sat></trkpt>
  <trkpt lat="-33.99872667" lon="-139.99825654"><ele>35.700</ele><time>2026-08-20T16:01:08Z</time><speed>0.826</speed><sat>23</sat></trkpt>
  <trkpt lat="-33.99873000" lon="-139.99827073"><ele>35.900</ele><time>2026-08-20T16:01:09Z</time><speed>0.780</speed><sat>23</sat></trkpt>
  <trkpt lat="-33.99873167" lon="-139.99828729"><ele>36.100</ele><time>2026-08-20T16:01:10Z</time><speed>0.774</speed><sat>23</sat></trkpt>
  <trkpt lat="-33.99873333" lon="-139.99830267"><ele>36.100</ele><time>2026-08-20T16:01:11Z</time><speed>0.765</speed><sat>23</sat></trkpt>
  <trkpt lat="-33.99873500" lon="-139.99831331"><ele>36.500</ele><time>2026-08-20T16:01:12Z</time><speed>0.000</speed><sat>24</sat></trkpt>
  <trkpt lat="-33.99873167" lon="-139.99832160"><ele>36.600</ele><time>2026-08-20T16:01:13Z</time><speed>0.000</speed><sat>23</sat></trkpt>
  <trkpt lat="-33.99873333" lon="-139.99833106"><ele>36.600</ele><time>2026-08-20T16:01:14Z</time><speed>0.698</speed><sat>24</sat></trkpt>
  <trkpt lat="-33.99873333" lon="-139.99834406"><ele>36.400</ele><time>2026-08-20T16:01:15Z</time><speed>0.721</speed><sat>24</sat></trkpt>
  <trkpt lat="-33.99873333" lon="-139.99835944"><ele>36.700</ele><time>2026-08-20T16:01:16Z</time><speed>0.766</speed><sat>24</sat></trkpt>
  <trkpt lat="-33.99872833" lon="-139.99837482"><ele>36.700</ele><time>2026-08-20T16:01:17Z</time><speed>0.821</speed><sat>25</sat></trkpt>
  <trkpt lat="-33.99871833" lon="-139.99838783"><ele>36.500</ele><time>2026-08-20T16:01:18Z</time><speed>0.833</speed><sat>25</sat></trkpt>
  <trkpt lat="-33.99871167" lon="-139.99840084"><ele>36.600</ele><time>2026-08-20T16:01:19Z</time><speed>0.853</speed><sat>25</sat></trkpt>
  <trkpt lat="-33.99871167" lon="-139.99841503"><ele>36.800</ele><time>2026-08-20T16:01:20Z</time><speed>0.857</speed><sat>24</sat></trkpt>
  <trkpt lat="-33.99871333" lon="-139.99843041"><ele>37.000</ele><time>2026-08-20T16:01:21Z</time><speed>0.000</speed><sat>24</sat></trkpt>
  <trkpt lat="-33.99871667" lon="-139.99844934"><ele>37.100</ele><time>2026-08-20T16:01:22Z</time><speed>0.882</speed><sat>23</sat></trkpt>
  <trkpt lat="-33.99872167" lon="-139.99846590"><ele>37.000</ele><time>2026-08-20T16:01:23Z</time><speed>0.876</speed><sat>23</sat></trkpt>
  <trkpt lat="-33.99872333" lon="-139.99847654"><ele>37.000</ele><time>2026-08-20T16:01:24Z</time><speed>0.858</speed><sat>24</sat></trkpt>
  <trkpt lat="-33.99872167" lon="-139.99848837"><ele>37.000</ele><time>2026-08-20T16:01:25Z</time><speed>0.000</speed><sat>24</sat></trkpt>
  <trkpt lat="-33.99872333" lon="-139.99850138"><ele>37.100</ele><time>2026-08-20T16:01:26Z</time><speed>0.000</speed><sat>24</sat></trkpt>
  <trkpt lat="-33.99872167" lon="-139.99851321"><ele>37.100</ele><time>2026-08-20T16:01:27Z</time><speed>0.742</speed><sat>24</sat></trkpt>
  <trkpt lat="-33.99872333" lon="-139.99852740"><ele>37.200</ele><time>2026-08-20T16:01:28Z</time><speed>0.000</speed><sat>20</sat></trkpt>
  <trkpt lat="-33.99872333" lon="-139.99854396"><ele>37.300</ele><time>2026-08-20T16:01:29Z</time><speed>0.610</speed><sat>23</sat></trkpt>
  <trkpt lat="-33.99872667" lon="-139.99855579"><ele>37.200</ele><time>2026-08-20T16:01:30Z</time><speed>0.000</speed><sat>23</sat></trkpt>
  <trkpt lat="-33.99872833" lon="-139.99856880"><ele>37.300</ele><time>2026-08-20T16:01:31Z</time><speed>0.000</speed><sat>23</sat></trkpt>
  <trkpt lat="-33.99873333" lon="-139.99858063"><ele>37.200</ele><time>2026-08-20T16:01:32Z</time><speed>0.000</speed><sat>22</sat></trkpt>
  <trkpt lat="-33.99872667" lon="-139.99858418"><ele>37.400</ele><time>2026-08-20T16:01:33Z</time><speed>0.476</speed><sat>22</sat></trkpt>
  <trkpt lat="-33.99872333" lon="-139.99858773"><ele>37.700</ele><time>2026-08-20T16:01:34Z</time><speed>0.000</speed><sat>22</sat></trkpt>
  <trkpt lat="-33.99871667" lon="-139.99858536"><ele>38.000</ele><time>2026-08-20T16:01:35Z</time><speed>0.000</speed><sat>24</sat></trkpt>
  <trkpt lat="-33.99871167" lon="-139.99858654"><ele>38.100</ele><time>2026-08-20T16:01:36Z</time><speed>0.000</speed><sat>23</sat></trkpt>
  <trkpt lat="-33.99871333" lon="-139.99859482"><ele>38.300</ele><time>2026-08-20T16:01:37Z</time><speed>0.000</speed><sat>22</sat></trkpt>
  <trkpt lat="-33.99872000" lon="-139.99859600"><ele>37.800</ele><time>2026-08-20T16:01:38Z</time><speed>0.000</speed><sat>23</sat></trkpt>
  <trkpt lat="-33.99872000" lon="-139.99859600"><ele>37.800</ele><time>2026-08-20T16:01:39Z</time><speed>0.000</speed><sat>22</sat></trkpt>
  <trkpt lat="-33.99872000" lon="-139.99859600"><ele>37.800</ele><time>2026-08-20T16:01:40Z</time><speed>0.000</speed><sat>22</sat></trkpt>
  <trkpt lat="-33.99872000" lon="-139.99859600"><ele>37.800</ele><time>2026-08-20T16:01:41Z</time><speed>0.000</speed><sat>23</sat></trkpt>
  <trkpt lat="-33.99872167" lon="-139.99856880"><ele>35.900</ele><time>2026-08-20T16:01:42Z</time><speed>0.753</speed><sat>22</sat></trkpt>
  <trkpt lat="-33.99870667" lon="-139.99856052"><ele>35.900</ele><time>2026-08-20T16:01:43Z</time><speed>0.794</speed><sat>20</sat></trkpt>
  <trkpt lat="-33.99870000" lon="-139.99855461"><ele>35.600</ele><time>2026-08-20T16:01:44Z</time><speed>0.819</speed><sat>18</sat></trkpt>
  <trkpt lat="-33.99869667" lon="-139.99855106"><ele>35.700</ele><time>2026-08-20T16:01:45Z</time><speed>0.844</speed><sat>15</sat></trkpt>
  <trkpt lat="-33.99869167" lon="-139.99854869"><ele>35.700</ele><time>2026-08-20T16:01:46Z</time><speed>0.875</speed><sat>16</sat></trkpt>
  <trkpt lat="-33.99868833" lon="-139.99856761"><ele>35.200</ele><time>2026-08-20T16:01:47Z</time><speed>0.901</speed><sat>17</sat></trkpt>
  <trkpt lat="-33.99868167" lon="-139.99856407"><ele>35.500</ele><time>2026-08-20T16:01:48Z</time><speed>0.950</speed><sat>17</sat></trkpt>
  <trkpt lat="-33.99867833" lon="-139.99856880"><ele>35.400</ele><time>2026-08-20T16:01:49Z</time><speed>0.976</speed><sat>17</sat></trkpt>
  <trkpt lat="-33.99868167" lon="-139.99857826"><ele>34.600</ele><time>2026-08-20T16:01:50Z</time><speed>0.000</speed><sat>18</sat></trkpt>
  <trkpt lat="-33.99868833" lon="-139.99858181"><ele>34.400</ele><time>2026-08-20T16:01:51Z</time><speed>0.000</speed><sat>18</sat></trkpt>
  <trkpt lat="-33.99869500" lon="-139.99857708"><ele>34.200</ele><time>2026-08-20T16:01:52Z</time><speed>0.000</speed><sat>18</sat></trkpt>
  <trkpt lat="-33.99869500" lon="-139.99856761"><ele>33.700</ele><time>2026-08-20T16:01:53Z</time><speed>0.000</speed><sat>18</sat></trkpt>
  <trkpt lat="-33.99869500" lon="-139.99856999"><ele>33.000</ele><time>2026-08-20T16:01:54Z</time><speed>0.000</speed><sat>17</sat></trkpt>
  <trkpt lat="-33.99869500" lon="-139.99856880"><ele>32.900</ele><time>2026-08-20T16:01:55Z</time><speed>0.000</speed><sat>17</sat></trkpt>
  <trkpt lat="-33.99870167" lon="-139.99859482"><ele>32.600</ele><time>2026-08-20T16:01:56Z</time><speed>0.000</speed><sat>15</sat></trkpt>
  <trkpt lat="-33.99870667" lon="-139.99860783"><ele>32.300</ele><time>2026-08-20T16:01:57Z</time><speed>0.000</speed><sat>15</sat></trkpt>
  <trkpt lat="-33.99871167" lon="-139.99862084"><ele>31.600</ele><time>2026-08-20T16:01:58Z</time><speed>0.000</speed><sat>15</sat></trkpt>
  <trkpt lat="-33.99871833" lon="-139.99862912"><ele>31.700</ele><time>2026-08-20T16:01:59Z</time><speed>0.000</speed><sat>14</sat></trkpt>
  <trkpt lat="-33.99871833" lon="-139.99863741"><ele>31.500</ele><time>2026-08-20T16:02:00Z</time><speed>0.000</speed><sat>16</sat></trkpt>
  <trkpt lat="-33.99872000" lon="-139.99863858"><ele>31.200</ele><time>2026-08-20T16:02:01Z</time><speed>0.000</speed><sat>15</sat></trkpt>
  <trkpt lat="-33.99872500" lon="-139.99864923"><ele>30.900</ele><time>2026-08-20T16:02:02Z</time><speed>0.000</speed><sat>17</sat></trkpt>
  <trkpt lat="-33.99872333" lon="-139.99865987"><ele>31.100</ele><time>2026-08-20T16:02:03Z</time><speed>0.479</speed><sat>21</sat></trkpt>
  <trkpt lat="-33.99871833" lon="-139.99868235"><ele>31.400</ele><time>2026-08-20T16:02:04Z</time><speed>0.000</speed><sat>20</sat></trkpt>
  <trkpt lat="-33.99871333" lon="-139.99870245"><ele>31.800</ele><time>2026-08-20T16:02:05Z</time><speed>0.000</speed><sat>22</sat></trkpt>
  <trkpt lat="-33.99870833" lon="-139.99871783"><ele>32.300</ele><time>2026-08-20T16:02:06Z</time><speed>0.000</speed><sat>23</sat></trkpt>
  <trkpt lat="-33.99869500" lon="-139.99873794"><ele>32.800</ele><time>2026-08-20T16:02:07Z</time><speed>0.000</speed><sat>22</sat></trkpt>
  <trkpt lat="-33.99868333" lon="-139.99875095"><ele>33.400</ele><time>2026-08-20T16:02:08Z</time><speed>0.000</speed><sat>23</sat></trkpt>
  <trkpt lat="-33.99867667" lon="-139.99876160"><ele>34.000</ele><time>2026-08-20T16:02:09Z</time><speed>0.000</speed><sat>23</sat></trkpt>
  <trkpt lat="-33.99866667" lon="-139.99877342"><ele>34.100</ele><time>2026-08-20T16:02:10Z</time><speed>0.000</speed><sat>23</sat></trkpt>
  <trkpt lat="-33.99865667" lon="-139.99877934"><ele>35.000</ele><time>2026-08-20T16:02:11Z</time><speed>1.170</speed><sat>24</sat></trkpt>
  <trkpt lat="-33.99864333" lon="-139.99878762"><ele>36.100</ele><time>2026-08-20T16:02:12Z</time><speed>1.184</speed><sat>24</sat></trkpt>
  <trkpt lat="-33.99863167" lon="-139.99878999"><ele>36.800</ele><time>2026-08-20T16:02:13Z</time><speed>1.118</speed><sat>24</sat></trkpt>
  <trkpt lat="-33.99862167" lon="-139.99879354"><ele>37.500</ele><time>2026-08-20T16:02:14Z</time><speed>1.077</speed><sat>26</sat></trkpt>
  <trkpt lat="-33.99861000" lon="-139.99880654"><ele>37.800</ele><time>2026-08-20T16:02:15Z</time><speed>1.076</speed><sat>23</sat></trkpt>
  <trkpt lat="-33.99859167" lon="-139.99882429"><ele>38.600</ele><time>2026-08-20T16:02:16Z</time><speed>1.113</speed><sat>24</sat></trkpt>
  <trkpt lat="-33.99857667" lon="-139.99882074"><ele>39.200</ele><time>2026-08-20T16:02:17Z</time><speed>1.050</speed><sat>24</sat></trkpt>
  <trkpt lat="-33.99856500" lon="-139.99882310"><ele>39.400</ele><time>2026-08-20T16:02:18Z</time><speed>1.019</speed><sat>26</sat></trkpt>
  <trkpt lat="-33.99855833" lon="-139.99882902"><ele>40.100</ele><time>2026-08-20T16:02:19Z</time><speed>0.987</speed><sat>25</sat></trkpt>
  <trkpt lat="-33.99855167" lon="-139.99883730"><ele>40.700</ele><time>2026-08-20T16:02:20Z</time><speed>1.034</speed><sat>26</sat></trkpt>
  <trkpt lat="-33.99854333" lon="-139.99883493"><ele>40.600</ele><time>2026-08-20T16:02:21Z</time><speed>1.238</speed><sat>26</sat></trkpt>
  <trkpt lat="-33.99853000" lon="-139.99881600"><ele>39.800</ele><time>2026-08-20T16:02:22Z</time><speed>1.339</speed><sat>24</sat></trkpt>
  <trkpt lat="-33.99850833" lon="-139.99880063"><ele>39.000</ele><time>2026-08-20T16:02:23Z</time><speed>0.000</speed><sat>25</sat></trkpt>
  <trkpt lat="-33.99848667" lon="-139.99879354"><ele>38.000</ele><time>2026-08-20T16:02:24Z</time><speed>1.635</speed><sat>26</sat></trkpt>
  <trkpt lat="-33.99847333" lon="-139.99878289"><ele>36.200</ele><time>2026-08-20T16:02:25Z</time><speed>1.717</speed><sat>26</sat></trkpt>
  <trkpt lat="-33.99845500" lon="-139.99876396"><ele>35.400</ele><time>2026-08-20T16:02:26Z</time><speed>1.718</speed><sat>27</sat></trkpt>
  <trkpt lat="-33.99845000" lon="-139.99875213"><ele>34.500</ele><time>2026-08-20T16:02:27Z</time><speed>1.824</speed><sat>27</sat></trkpt>
  <trkpt lat="-33.99844667" lon="-139.99874031"><ele>33.500</ele><time>2026-08-20T16:02:28Z</time><speed>1.929</speed><sat>25</sat></trkpt>
  <trkpt lat="-33.99844000" lon="-139.99873203"><ele>32.800</ele><time>2026-08-20T16:02:29Z</time><speed>1.998</speed><sat>24</sat></trkpt>
  <trkpt lat="-33.99843333" lon="-139.99872848"><ele>31.900</ele><time>2026-08-20T16:02:30Z</time><speed>2.013</speed><sat>26</sat></trkpt>
  <trkpt lat="-33.99843333" lon="-139.99872612"><ele>31.300</ele><time>2026-08-20T16:02:31Z</time><speed>1.839</speed><sat>26</sat></trkpt>
  <trkpt lat="-33.99842333" lon="-139.99872375"><ele>30.400</ele><time>2026-08-20T16:02:32Z</time><speed>1.711</speed><sat>26</sat></trkpt>
  <trkpt lat="-33.99841500" lon="-139.99871665"><ele>29.600</ele><time>2026-08-20T16:02:33Z</time><speed>1.529</speed><sat>26</sat></trkpt>
  <trkpt lat="-33.99841000" lon="-139.99871192"><ele>29.700</ele><time>2026-08-20T16:02:34Z</time><speed>1.391</speed><sat>26</sat></trkpt>
  <trkpt lat="-33.99840833" lon="-139.99870009"><ele>29.900</ele><time>2026-08-20T16:02:35Z</time><speed>1.295</speed><sat>25</sat></trkpt>
  <trkpt lat="-33.99840833" lon="-139.99869063"><ele>30.600</ele><time>2026-08-20T16:02:36Z</time><speed>0.000</speed><sat>26</sat></trkpt>
  <trkpt lat="-33.99840500" lon="-139.99868235"><ele>29.600</ele><time>2026-08-20T16:02:37Z</time><speed>1.335</speed><sat>25</sat></trkpt>
  <trkpt lat="-33.99840833" lon="-139.99865160"><ele>29.400</ele><time>2026-08-20T16:02:38Z</time><speed>1.182</speed><sat>24</sat></trkpt>
  <trkpt lat="-33.99840833" lon="-139.99865987"><ele>29.800</ele><time>2026-08-20T16:02:39Z</time><speed>1.168</speed><sat>24</sat></trkpt>
  <trkpt lat="-33.99839833" lon="-139.99866461"><ele>28.200</ele><time>2026-08-20T16:02:40Z</time><speed>1.115</speed><sat>22</sat></trkpt>
  <trkpt lat="-33.99838000" lon="-139.99866224"><ele>28.300</ele><time>2026-08-20T16:02:41Z</time><speed>1.165</speed><sat>20</sat></trkpt>
  <trkpt lat="-33.99836500" lon="-139.99865870"><ele>28.700</ele><time>2026-08-20T16:02:42Z</time><speed>1.181</speed><sat>19</sat></trkpt>
  <trkpt lat="-33.99835000" lon="-139.99865160"><ele>28.800</ele><time>2026-08-20T16:02:43Z</time><speed>1.215</speed><sat>18</sat></trkpt>
  <trkpt lat="-33.99834000" lon="-139.99865278"><ele>29.000</ele><time>2026-08-20T16:02:44Z</time><speed>1.208</speed><sat>18</sat></trkpt>
  <trkpt lat="-33.99833167" lon="-139.99864450"><ele>29.400</ele><time>2026-08-20T16:02:45Z</time><speed>1.184</speed><sat>21</sat></trkpt>
  <trkpt lat="-33.99832000" lon="-139.99864568"><ele>28.900</ele><time>2026-08-20T16:02:46Z</time><speed>1.144</speed><sat>22</sat></trkpt>
  <trkpt lat="-33.99831500" lon="-139.99863031"><ele>28.500</ele><time>2026-08-20T16:02:47Z</time><speed>0.950</speed><sat>26</sat></trkpt>
  <trkpt lat="-33.99830667" lon="-139.99861848"><ele>28.600</ele><time>2026-08-20T16:02:48Z</time><speed>1.010</speed><sat>26</sat></trkpt>
  <trkpt lat="-33.99829333" lon="-139.99860902"><ele>28.600</ele><time>2026-08-20T16:02:49Z</time><speed>0.962</speed><sat>27</sat></trkpt>
  <trkpt lat="-33.99827833" lon="-139.99859600"><ele>28.700</ele><time>2026-08-20T16:02:50Z</time><speed>1.019</speed><sat>27</sat></trkpt>
  <trkpt lat="-33.99827167" lon="-139.99858536"><ele>28.600</ele><time>2026-08-20T16:02:51Z</time><speed>0.976</speed><sat>27</sat></trkpt>
  <trkpt lat="-33.99826000" lon="-139.99858299"><ele>28.000</ele><time>2026-08-20T16:02:52Z</time><speed>0.939</speed><sat>26</sat></trkpt>
  <trkpt lat="-33.99825167" lon="-139.99857590"><ele>28.100</ele><time>2026-08-20T16:02:53Z</time><speed>0.896</speed><sat>27</sat></trkpt>
  <trkpt lat="-33.99824167" lon="-139.99857116"><ele>28.600</ele><time>2026-08-20T16:02:54Z</time><speed>0.864</speed><sat>25</sat></trkpt>
  <trkpt lat="-33.99823667" lon="-139.99856170"><ele>29.100</ele><time>2026-08-20T16:02:55Z</time><speed>0.825</speed><sat>27</sat></trkpt>
  <trkpt lat="-33.99823333" lon="-139.99855461"><ele>29.700</ele><time>2026-08-20T16:02:56Z</time><speed>0.805</speed><sat>28</sat></trkpt>
  <trkpt lat="-33.99822333" lon="-139.99854396"><ele>30.500</ele><time>2026-08-20T16:02:57Z</time><speed>0.813</speed><sat>28</sat></trkpt>
  <trkpt lat="-33.99821000" lon="-139.99853095"><ele>31.700</ele><time>2026-08-20T16:02:58Z</time><speed>0.830</speed><sat>28</sat></trkpt>
  <trkpt lat="-33.99820833" lon="-139.99852977"><ele>32.600</ele><time>2026-08-20T16:02:59Z</time><speed>0.745</speed><sat>28</sat></trkpt>
  <trkpt lat="-33.99820167" lon="-139.99852622"><ele>33.500</ele><time>2026-08-20T16:03:00Z</time><speed>0.642</speed><sat>28</sat></trkpt>
  <trkpt lat="-33.99819000" lon="-139.99852503"><ele>34.000</ele><time>2026-08-20T16:03:01Z</time><speed>0.586</speed><sat>27</sat></trkpt>
  <trkpt lat="-33.99817833" lon="-139.99852267"><ele>34.600</ele><time>2026-08-20T16:03:02Z</time><speed>0.573</speed><sat>27</sat></trkpt>
  <trkpt lat="-33.99816500" lon="-139.99851794"><ele>35.700</ele><time>2026-08-20T16:03:03Z</time><speed>0.573</speed><sat>27</sat></trkpt>
  <trkpt lat="-33.99815333" lon="-139.99850611"><ele>36.500</ele><time>2026-08-20T16:03:04Z</time><speed>0.587</speed><sat>28</sat></trkpt>
  <trkpt lat="-33.99814500" lon="-139.99850019"><ele>37.600</ele><time>2026-08-20T16:03:05Z</time><speed>0.590</speed><sat>28</sat></trkpt>
  <trkpt lat="-33.99813167" lon="-139.99848837"><ele>38.800</ele><time>2026-08-20T16:03:06Z</time><speed>0.618</speed><sat>27</sat></trkpt>
  <trkpt lat="-33.99812000" lon="-139.99847773"><ele>39.300</ele><time>2026-08-20T16:03:07Z</time><speed>0.611</speed><sat>27</sat></trkpt>
  <trkpt lat="-33.99810833" lon="-139.99847181"><ele>39.600</ele><time>2026-08-20T16:03:08Z</time><speed>0.570</speed><sat>28</sat></trkpt>
  <trkpt lat="-33.99810333" lon="-139.99845761"><ele>39.500</ele><time>2026-08-20T16:03:09Z</time><speed>0.632</speed><sat>28</sat></trkpt>
  <trkpt lat="-33.99809500" lon="-139.99844697"><ele>39.600</ele><time>2026-08-20T16:03:10Z</time><speed>0.704</speed><sat>28</sat></trkpt>
  <trkpt lat="-33.99808667" lon="-139.99843869"><ele>39.900</ele><time>2026-08-20T16:03:11Z</time><speed>0.794</speed><sat>28</sat></trkpt>
  <trkpt lat="-33.99807667" lon="-139.99842568"><ele>40.100</ele><time>2026-08-20T16:03:12Z</time><speed>0.875</speed><sat>28</sat></trkpt>
  <trkpt lat="-33.99806500" lon="-139.99841503"><ele>40.400</ele><time>2026-08-20T16:03:13Z</time><speed>0.943</speed><sat>28</sat></trkpt>
  <trkpt lat="-33.99805500" lon="-139.99840321"><ele>41.000</ele><time>2026-08-20T16:03:14Z</time><speed>0.000</speed><sat>27</sat></trkpt>
  <trkpt lat="-33.99805000" lon="-139.99839374"><ele>41.400</ele><time>2026-08-20T16:03:15Z</time><speed>1.003</speed><sat>27</sat></trkpt>
  <trkpt lat="-33.99803667" lon="-139.99838547"><ele>42.000</ele><time>2026-08-20T16:03:16Z</time><speed>0.968</speed><sat>29</sat></trkpt>
  <trkpt lat="-33.99803333" lon="-139.99837600"><ele>42.300</ele><time>2026-08-20T16:03:17Z</time><speed>0.925</speed><sat>29</sat></trkpt>
  <trkpt lat="-33.99803000" lon="-139.99837127"><ele>42.900</ele><time>2026-08-20T16:03:18Z</time><speed>0.888</speed><sat>30</sat></trkpt>
  <trkpt lat="-33.99802833" lon="-139.99836890"><ele>43.500</ele><time>2026-08-20T16:03:19Z</time><speed>0.841</speed><sat>29</sat></trkpt>
  <trkpt lat="-33.99802667" lon="-139.99835944"><ele>44.100</ele><time>2026-08-20T16:03:20Z</time><speed>0.793</speed><sat>29</sat></trkpt>
  <trkpt lat="-33.99802500" lon="-139.99835471"><ele>44.900</ele><time>2026-08-20T16:03:21Z</time><speed>0.714</speed><sat>29</sat></trkpt>
  <trkpt lat="-33.99802333" lon="-139.99834998"><ele>45.500</ele><time>2026-08-20T16:03:22Z</time><speed>0.632</speed><sat>30</sat></trkpt>
  <trkpt lat="-33.99802000" lon="-139.99834406"><ele>46.100</ele><time>2026-08-20T16:03:23Z</time><speed>0.557</speed><sat>30</sat></trkpt>
  <trkpt lat="-33.99801000" lon="-139.99834170"><ele>46.500</ele><time>2026-08-20T16:03:24Z</time><speed>0.518</speed><sat>30</sat></trkpt>
  <trkpt lat="-33.99800000" lon="-139.99833460"><ele>47.200</ele><time>2026-08-20T16:03:25Z</time><speed>0.537</speed><sat>28</sat></trkpt>
  <trkpt lat="-33.99799167" lon="-139.99832632"><ele>47.900</ele><time>2026-08-20T16:03:26Z</time><speed>0.572</speed><sat>30</sat></trkpt>
  <trkpt lat="-33.99798500" lon="-139.99832041"><ele>48.400</ele><time>2026-08-20T16:03:27Z</time><speed>0.000</speed><sat>29</sat></trkpt>
  <trkpt lat="-33.99797333" lon="-139.99830503"><ele>48.400</ele><time>2026-08-20T16:03:28Z</time><speed>0.648</speed><sat>29</sat></trkpt>
  <trkpt lat="-33.99797500" lon="-139.99829439"><ele>47.800</ele><time>2026-08-20T16:03:29Z</time><speed>0.666</speed><sat>29</sat></trkpt>
  <trkpt lat="-33.99797000" lon="-139.99828611"><ele>47.900</ele><time>2026-08-20T16:03:30Z</time><speed>0.688</speed><sat>30</sat></trkpt>
  <trkpt lat="-33.99795667" lon="-139.99828493"><ele>48.000</ele><time>2026-08-20T16:03:31Z</time><speed>0.719</speed><sat>30</sat></trkpt>
  <trkpt lat="-33.99794333" lon="-139.99826245"><ele>47.600</ele><time>2026-08-20T16:03:32Z</time><speed>0.742</speed><sat>29</sat></trkpt>
  <trkpt lat="-33.99793500" lon="-139.99825535"><ele>47.400</ele><time>2026-08-20T16:03:33Z</time><speed>0.759</speed><sat>28</sat></trkpt>
  <trkpt lat="-33.99792500" lon="-139.99824471"><ele>47.300</ele><time>2026-08-20T16:03:34Z</time><speed>0.743</speed><sat>29</sat></trkpt>
  <trkpt lat="-33.99791500" lon="-139.99824235"><ele>47.400</ele><time>2026-08-20T16:03:35Z</time><speed>0.000</speed><sat>29</sat></trkpt>
  <trkpt lat="-33.99790167" lon="-139.99823288"><ele>47.100</ele><time>2026-08-20T16:03:36Z</time><speed>0.748</speed><sat>29</sat></trkpt>
  <trkpt lat="-33.99789333" lon="-139.99821277"><ele>46.800</ele><time>2026-08-20T16:03:37Z</time><speed>0.724</speed><sat>30</sat></trkpt>
  <trkpt lat="-33.99788333" lon="-139.99819976"><ele>46.300</ele><time>2026-08-20T16:03:38Z</time><speed>0.731</speed><sat>30</sat></trkpt>
  <trkpt lat="-33.99788000" lon="-139.99818439"><ele>45.500</ele><time>2026-08-20T16:03:39Z</time><speed>0.768</speed><sat>30</sat></trkpt>
  <trkpt lat="-33.99788333" lon="-139.99816428"><ele>43.400</ele><time>2026-08-20T16:03:40Z</time><speed>0.864</speed><sat>29</sat></trkpt>
  <trkpt lat="-33.99787833" lon="-139.99815482"><ele>40.800</ele><time>2026-08-20T16:03:41Z</time><speed>0.891</speed><sat>29</sat></trkpt>
  <trkpt lat="-33.99788167" lon="-139.99814180"><ele>38.600</ele><time>2026-08-20T16:03:42Z</time><speed>0.000</speed><sat>28</sat></trkpt>
  <trkpt lat="-33.99787833" lon="-139.99812880"><ele>36.100</ele><time>2026-08-20T16:03:43Z</time><speed>0.933</speed><sat>27</sat></trkpt>
  <trkpt lat="-33.99787167" lon="-139.99811105"><ele>35.100</ele><time>2026-08-20T16:03:44Z</time><speed>0.963</speed><sat>27</sat></trkpt>
  <trkpt lat="-33.99786667" lon="-139.99809567"><ele>33.200</ele><time>2026-08-20T16:03:45Z</time><speed>0.966</speed><sat>27</sat></trkpt>
  <trkpt lat="-33.99786000" lon="-139.99808976"><ele>31.800</ele><time>2026-08-20T16:03:46Z</time><speed>0.968</speed><sat>27</sat></trkpt>
  <trkpt lat="-33.99785833" lon="-139.99808740"><ele>30.100</ele><time>2026-08-20T16:03:47Z</time><speed>0.954</speed><sat>27</sat></trkpt>
  <trkpt lat="-33.99785833" lon="-139.99808385"><ele>28.700</ele><time>2026-08-20T16:03:48Z</time><speed>0.913</speed><sat>26</sat></trkpt>
  <trkpt lat="-33.99785667" lon="-139.99807912"><ele>27.300</ele><time>2026-08-20T16:03:49Z</time><speed>0.870</speed><sat>26</sat></trkpt>
  <trkpt lat="-33.99785333" lon="-139.99807321"><ele>26.800</ele><time>2026-08-20T16:03:50Z</time><speed>0.756</speed><sat>27</sat></trkpt>
  <trkpt lat="-33.99784833" lon="-139.99806138"><ele>25.800</ele><time>2026-08-20T16:03:51Z</time><speed>0.711</speed><sat>27</sat></trkpt>
  <trkpt lat="-33.99783833" lon="-139.99805192"><ele>25.100</ele><time>2026-08-20T16:03:52Z</time><speed>0.678</speed><sat>27</sat></trkpt>
  <trkpt lat="-33.99782833" lon="-139.99804245"><ele>24.200</ele><time>2026-08-20T16:03:53Z</time><speed>0.673</speed><sat>27</sat></trkpt>
  <trkpt lat="-33.99782167" lon="-139.99803890"><ele>23.600</ele><time>2026-08-20T16:03:54Z</time><speed>0.601</speed><sat>27</sat></trkpt>
  <trkpt lat="-33.99780833" lon="-139.99803299"><ele>24.000</ele><time>2026-08-20T16:03:55Z</time><speed>0.508</speed><sat>26</sat></trkpt>
  <trkpt lat="-33.99779833" lon="-139.99803062"><ele>24.800</ele><time>2026-08-20T16:03:56Z</time><speed>0.456</speed><sat>27</sat></trkpt>
  <trkpt lat="-33.99779000" lon="-139.99802116"><ele>25.500</ele><time>2026-08-20T16:03:57Z</time><speed>0.436</speed><sat>27</sat></trkpt>
  <trkpt lat="-33.99778167" lon="-139.99801406"><ele>26.100</ele><time>2026-08-20T16:03:58Z</time><speed>0.438</speed><sat>28</sat></trkpt>
  <trkpt lat="-33.99777167" lon="-139.99800342"><ele>26.800</ele><time>2026-08-20T16:03:59Z</time><speed>0.430</speed><sat>28</sat></trkpt>
  <trkpt lat="-33.99776333" lon="-139.99799277"><ele>28.000</ele><time>2026-08-20T16:04:00Z</time><speed>0.432</speed><sat>28</sat></trkpt>
  <trkpt lat="-33.99775167" lon="-139.99797503"><ele>28.300</ele><time>2026-08-20T16:04:01Z</time><speed>0.526</speed><sat>27</sat></trkpt>
  <trkpt lat="-33.99774333" lon="-139.99796083"><ele>28.000</ele><time>2026-08-20T16:04:02Z</time><speed>0.573</speed><sat>27</sat></trkpt>
  <trkpt lat="-33.99773333" lon="-139.99794664"><ele>27.200</ele><time>2026-08-20T16:04:03Z</time><speed>0.595</speed><sat>27</sat></trkpt>
  <trkpt lat="-33.99772833" lon="-139.99793008"><ele>26.800</ele><time>2026-08-20T16:04:04Z</time><speed>0.676</speed><sat>27</sat></trkpt>
  <trkpt lat="-33.99772167" lon="-139.99791825"><ele>26.700</ele><time>2026-08-20T16:04:05Z</time><speed>0.740</speed><sat>26</sat></trkpt>
  <trkpt lat="-33.99771833" lon="-139.99790879"><ele>26.700</ele><time>2026-08-20T16:04:06Z</time><speed>0.771</speed><sat>27</sat></trkpt>
  <trkpt lat="-33.99771167" lon="-139.99789460"><ele>26.500</ele><time>2026-08-20T16:04:07Z</time><speed>0.806</speed><sat>27</sat></trkpt>
  <trkpt lat="-33.99770500" lon="-139.99788395"><ele>27.500</ele><time>2026-08-20T16:04:08Z</time><speed>0.835</speed><sat>27</sat></trkpt>
  <trkpt lat="-33.99770000" lon="-139.99787804"><ele>27.300</ele><time>2026-08-20T16:04:09Z</time><speed>0.864</speed><sat>26</sat></trkpt>
  <trkpt lat="-33.99768667" lon="-139.99786385"><ele>27.300</ele><time>2026-08-20T16:04:10Z</time><speed>0.903</speed><sat>26</sat></trkpt>
  <trkpt lat="-33.99767500" lon="-139.99785557"><ele>27.800</ele><time>2026-08-20T16:04:11Z</time><speed>0.850</speed><sat>27</sat></trkpt>
  <trkpt lat="-33.99766833" lon="-139.99784966"><ele>27.700</ele><time>2026-08-20T16:04:12Z</time><speed>0.820</speed><sat>27</sat></trkpt>
  <trkpt lat="-33.99766167" lon="-139.99784256"><ele>27.700</ele><time>2026-08-20T16:04:13Z</time><speed>0.788</speed><sat>26</sat></trkpt>
  <trkpt lat="-33.99765667" lon="-139.99783782"><ele>27.700</ele><time>2026-08-20T16:04:14Z</time><speed>0.747</speed><sat>27</sat></trkpt>
  <trkpt lat="-33.99765000" lon="-139.99783664"><ele>28.000</ele><time>2026-08-20T16:04:15Z</time><speed>0.714</speed><sat>27</sat></trkpt>
  <trkpt lat="-33.99764333" lon="-139.99783191"><ele>28.300</ele><time>2026-08-20T16:04:16Z</time><speed>0.712</speed><sat>27</sat></trkpt>
  <trkpt lat="-33.99763833" lon="-139.99782718"><ele>28.600</ele><time>2026-08-20T16:04:17Z</time><speed>0.688</speed><sat>26</sat></trkpt>
  <trkpt lat="-33.99763000" lon="-139.99781890"><ele>29.600</ele><time>2026-08-20T16:04:18Z</time><speed>0.656</speed><sat>27</sat></trkpt>
  <trkpt lat="-33.99761667" lon="-139.99780707"><ele>30.000</ele><time>2026-08-20T16:04:19Z</time><speed>0.718</speed><sat>27</sat></trkpt>
  <trkpt lat="-33.99760667" lon="-139.99779406"><ele>30.400</ele><time>2026-08-20T16:04:20Z</time><speed>0.746</speed><sat>27</sat></trkpt>
  <trkpt lat="-33.99759500" lon="-139.99778460"><ele>30.400</ele><time>2026-08-20T16:04:21Z</time><speed>0.743</speed><sat>26</sat></trkpt>
  <trkpt lat="-33.99758833" lon="-139.99777040"><ele>30.700</ele><time>2026-08-20T16:04:22Z</time><speed>0.765</speed><sat>27</sat></trkpt>
  <trkpt lat="-33.99758167" lon="-139.99775621"><ele>30.700</ele><time>2026-08-20T16:04:23Z</time><speed>0.789</speed><sat>27</sat></trkpt>
  <trkpt lat="-33.99757500" lon="-139.99774911"><ele>30.800</ele><time>2026-08-20T16:04:24Z</time><speed>0.791</speed><sat>27</sat></trkpt>
  <trkpt lat="-33.99757000" lon="-139.99773847"><ele>31.300</ele><time>2026-08-20T16:04:25Z</time><speed>0.802</speed><sat>28</sat></trkpt>
  <trkpt lat="-33.99756333" lon="-139.99773137"><ele>31.700</ele><time>2026-08-20T16:04:26Z</time><speed>0.812</speed><sat>28</sat></trkpt>
  <trkpt lat="-33.99755667" lon="-139.99772664"><ele>32.000</ele><time>2026-08-20T16:04:27Z</time><speed>0.830</speed><sat>28</sat></trkpt>
  <trkpt lat="-33.99755333" lon="-139.99772073"><ele>32.500</ele><time>2026-08-20T16:04:28Z</time><speed>0.845</speed><sat>28</sat></trkpt>
  <trkpt lat="-33.99755167" lon="-139.99772073"><ele>32.900</ele><time>2026-08-20T16:04:29Z</time><speed>0.759</speed><sat>28</sat></trkpt>
  <trkpt lat="-33.99754500" lon="-139.99771718"><ele>33.500</ele><time>2026-08-20T16:04:30Z</time><speed>0.696</speed><sat>28</sat></trkpt>
  <trkpt lat="-33.99753333" lon="-139.99771718"><ele>34.000</ele><time>2026-08-20T16:04:31Z</time><speed>0.727</speed><sat>28</sat></trkpt>
  <trkpt lat="-33.99752167" lon="-139.99771599"><ele>34.900</ele><time>2026-08-20T16:04:32Z</time><speed>0.742</speed><sat>28</sat></trkpt>
  <trkpt lat="-33.99751667" lon="-139.99770653"><ele>35.400</ele><time>2026-08-20T16:04:33Z</time><speed>0.720</speed><sat>28</sat></trkpt>
  <trkpt lat="-33.99751000" lon="-139.99768288"><ele>35.500</ele><time>2026-08-20T16:04:34Z</time><speed>0.711</speed><sat>28</sat></trkpt>
  <trkpt lat="-33.99750167" lon="-139.99766277"><ele>36.000</ele><time>2026-08-20T16:04:35Z</time><speed>0.705</speed><sat>28</sat></trkpt>
  <trkpt lat="-33.99749333" lon="-139.99765094"><ele>36.300</ele><time>2026-08-20T16:04:36Z</time><speed>0.735</speed><sat>27</sat></trkpt>
  <trkpt lat="-33.99748000" lon="-139.99764030"><ele>36.400</ele><time>2026-08-20T16:04:37Z</time><speed>0.761</speed><sat>28</sat></trkpt>
  <trkpt lat="-33.99747000" lon="-139.99763083"><ele>36.900</ele><time>2026-08-20T16:04:38Z</time><speed>0.783</speed><sat>27</sat></trkpt>
  <trkpt lat="-33.99746000" lon="-139.99762373"><ele>37.200</ele><time>2026-08-20T16:04:39Z</time><speed>0.810</speed><sat>27</sat></trkpt>
  <trkpt lat="-33.99745333" lon="-139.99761191"><ele>37.100</ele><time>2026-08-20T16:04:40Z</time><speed>0.846</speed><sat>27</sat></trkpt>
  <trkpt lat="-33.99743333" lon="-139.99759772"><ele>36.000</ele><time>2026-08-20T16:04:41Z</time><speed>0.834</speed><sat>26</sat></trkpt>
  <trkpt lat="-33.99742167" lon="-139.99757760"><ele>34.700</ele><time>2026-08-20T16:04:42Z</time><speed>0.848</speed><sat>25</sat></trkpt>
  <trkpt lat="-33.99741000" lon="-139.99755631"><ele>33.400</ele><time>2026-08-20T16:04:43Z</time><speed>0.869</speed><sat>27</sat></trkpt>
  <trkpt lat="-33.99740500" lon="-139.99754331"><ele>32.700</ele><time>2026-08-20T16:04:44Z</time><speed>0.960</speed><sat>26</sat></trkpt>
  <trkpt lat="-33.99739167" lon="-139.99753266"><ele>31.700</ele><time>2026-08-20T16:04:45Z</time><speed>1.029</speed><sat>25</sat></trkpt>
  <trkpt lat="-33.99737500" lon="-139.99752675"><ele>30.800</ele><time>2026-08-20T16:04:46Z</time><speed>1.096</speed><sat>24</sat></trkpt>
  <trkpt lat="-33.99736167" lon="-139.99752201"><ele>30.000</ele><time>2026-08-20T16:04:47Z</time><speed>1.067</speed><sat>24</sat></trkpt>
  <trkpt lat="-33.99735333" lon="-139.99751610"><ele>29.100</ele><time>2026-08-20T16:04:48Z</time><speed>1.017</speed><sat>24</sat></trkpt>
  <trkpt lat="-33.99735000" lon="-139.99751847"><ele>28.600</ele><time>2026-08-20T16:04:49Z</time><speed>0.982</speed><sat>24</sat></trkpt>
  <trkpt lat="-33.99735333" lon="-139.99751847"><ele>28.300</ele><time>2026-08-20T16:04:50Z</time><speed>0.922</speed><sat>24</sat></trkpt>
  <trkpt lat="-33.99735000" lon="-139.99752201"><ele>28.000</ele><time>2026-08-20T16:04:51Z</time><speed>0.878</speed><sat>25</sat></trkpt>
  <trkpt lat="-33.99734167" lon="-139.99751137"><ele>27.500</ele><time>2026-08-20T16:04:52Z</time><speed>0.854</speed><sat>25</sat></trkpt>
  <trkpt lat="-33.99733167" lon="-139.99749954"><ele>27.100</ele><time>2026-08-20T16:04:53Z</time><speed>0.891</speed><sat>25</sat></trkpt>
  <trkpt lat="-33.99731500" lon="-139.99749008"><ele>27.300</ele><time>2026-08-20T16:04:54Z</time><speed>0.882</speed><sat>26</sat></trkpt>
  <trkpt lat="-33.99730333" lon="-139.99747943"><ele>27.500</ele><time>2026-08-20T16:04:55Z</time><speed>0.899</speed><sat>27</sat></trkpt>
  <trkpt lat="-33.99729167" lon="-139.99746643"><ele>27.400</ele><time>2026-08-20T16:04:56Z</time><speed>0.896</speed><sat>28</sat></trkpt>
  <trkpt lat="-33.99727833" lon="-139.99745105"><ele>27.300</ele><time>2026-08-20T16:04:57Z</time><speed>1.020</speed><sat>28</sat></trkpt>
  <trkpt lat="-33.99726167" lon="-139.99743567"><ele>27.000</ele><time>2026-08-20T16:04:58Z</time><speed>1.196</speed><sat>28</sat></trkpt>
  <trkpt lat="-33.99724500" lon="-139.99742266"><ele>27.000</ele><time>2026-08-20T16:04:59Z</time><speed>1.356</speed><sat>28</sat></trkpt>
  <trkpt lat="-33.99723000" lon="-139.99741201"><ele>26.700</ele><time>2026-08-20T16:05:00Z</time><speed>1.535</speed><sat>28</sat></trkpt>
  <trkpt lat="-33.99721333" lon="-139.99739309"><ele>26.200</ele><time>2026-08-20T16:05:01Z</time><speed>1.684</speed><sat>28</sat></trkpt>
  <trkpt lat="-33.99719833" lon="-139.99738363"><ele>26.300</ele><time>2026-08-20T16:05:02Z</time><speed>1.768</speed><sat>28</sat></trkpt>
  <trkpt lat="-33.99718667" lon="-139.99737653"><ele>26.500</ele><time>2026-08-20T16:05:03Z</time><speed>1.798</speed><sat>28</sat></trkpt>
  <trkpt lat="-33.99717667" lon="-139.99736115"><ele>26.300</ele><time>2026-08-20T16:05:04Z</time><speed>1.802</speed><sat>27</sat></trkpt>
  <trkpt lat="-33.99716333" lon="-139.99735169"><ele>26.300</ele><time>2026-08-20T16:05:05Z</time><speed>1.809</speed><sat>27</sat></trkpt>
  <trkpt lat="-33.99715333" lon="-139.99733986"><ele>25.900</ele><time>2026-08-20T16:05:06Z</time><speed>1.798</speed><sat>26</sat></trkpt>
  <trkpt lat="-33.99713667" lon="-139.99733276"><ele>26.100</ele><time>2026-08-20T16:05:07Z</time><speed>1.800</speed><sat>26</sat></trkpt>
  <trkpt lat="-33.99712167" lon="-139.99732685"><ele>26.400</ele><time>2026-08-20T16:05:08Z</time><speed>1.782</speed><sat>27</sat></trkpt>
  <trkpt lat="-33.99709833" lon="-139.99731739"><ele>27.100</ele><time>2026-08-20T16:05:09Z</time><speed>1.794</speed><sat>27</sat></trkpt>
  <trkpt lat="-33.99708333" lon="-139.99730556"><ele>27.400</ele><time>2026-08-20T16:05:10Z</time><speed>1.789</speed><sat>27</sat></trkpt>
  <trkpt lat="-33.99707000" lon="-139.99729137"><ele>27.500</ele><time>2026-08-20T16:05:11Z</time><speed>1.735</speed><sat>27</sat></trkpt>
  <trkpt lat="-33.99705833" lon="-139.99728309"><ele>27.500</ele><time>2026-08-20T16:05:12Z</time><speed>1.714</speed><sat>27</sat></trkpt>
  <trkpt lat="-33.99705167" lon="-139.99727244"><ele>27.500</ele><time>2026-08-20T16:05:13Z</time><speed>1.695</speed><sat>27</sat></trkpt>
  <trkpt lat="-33.99704333" lon="-139.99726534"><ele>27.600</ele><time>2026-08-20T16:05:14Z</time><speed>1.698</speed><sat>27</sat></trkpt>
  <trkpt lat="-33.99703167" lon="-139.99725825"><ele>27.800</ele><time>2026-08-20T16:05:15Z</time><speed>1.682</speed><sat>27</sat></trkpt>
  <trkpt lat="-33.99701833" lon="-139.99724642"><ele>28.000</ele><time>2026-08-20T16:05:16Z</time><speed>1.689</speed><sat>27</sat></trkpt>
  <trkpt lat="-33.99700667" lon="-139.99723578"><ele>28.200</ele><time>2026-08-20T16:05:17Z</time><speed>1.658</speed><sat>27</sat></trkpt>
  <trkpt lat="-33.99699667" lon="-139.99722395"><ele>28.000</ele><time>2026-08-20T16:05:18Z</time><speed>1.618</speed><sat>27</sat></trkpt>
  <trkpt lat="-33.99698500" lon="-139.99721094"><ele>28.300</ele><time>2026-08-20T16:05:19Z</time><speed>1.546</speed><sat>27</sat></trkpt>
  <trkpt lat="-33.99697667" lon="-139.99720384"><ele>28.300</ele><time>2026-08-20T16:05:20Z</time><speed>1.463</speed><sat>27</sat></trkpt>
  <trkpt lat="-33.99696833" lon="-139.99719556"><ele>28.300</ele><time>2026-08-20T16:05:21Z</time><speed>1.396</speed><sat>28</sat></trkpt>
  <trkpt lat="-33.99696333" lon="-139.99718846"><ele>28.100</ele><time>2026-08-20T16:05:22Z</time><speed>1.316</speed><sat>27</sat></trkpt>
  <trkpt lat="-33.99695833" lon="-139.99717900"><ele>27.900</ele><time>2026-08-20T16:05:23Z</time><speed>1.276</speed><sat>27</sat></trkpt>
  <trkpt lat="-33.99695000" lon="-139.99716836"><ele>27.700</ele><time>2026-08-20T16:05:24Z</time><speed>1.250</speed><sat>27</sat></trkpt>
  <trkpt lat="-33.99693667" lon="-139.99715889"><ele>27.500</ele><time>2026-08-20T16:05:25Z</time><speed>1.240</speed><sat>26</sat></trkpt>
  <trkpt lat="-33.99692667" lon="-139.99715298"><ele>27.500</ele><time>2026-08-20T16:05:26Z</time><speed>1.167</speed><sat>27</sat></trkpt>
  <trkpt lat="-33.99691500" lon="-139.99714825"><ele>27.400</ele><time>2026-08-20T16:05:27Z</time><speed>1.078</speed><sat>27</sat></trkpt>
  <trkpt lat="-33.99690667" lon="-139.99714470"><ele>27.500</ele><time>2026-08-20T16:05:28Z</time><speed>0.991</speed><sat>27</sat></trkpt>
  <trkpt lat="-33.99689833" lon="-139.99714233"><ele>27.600</ele><time>2026-08-20T16:05:29Z</time><speed>0.927</speed><sat>27</sat></trkpt>
  <trkpt lat="-33.99689167" lon="-139.99713760"><ele>27.700</ele><time>2026-08-20T16:05:30Z</time><speed>0.886</speed><sat>27</sat></trkpt>
  <trkpt lat="-33.99688333" lon="-139.99713524"><ele>28.000</ele><time>2026-08-20T16:05:31Z</time><speed>0.854</speed><sat>26</sat></trkpt>
  <trkpt lat="-33.99687500" lon="-139.99713405"><ele>28.300</ele><time>2026-08-20T16:05:32Z</time><speed>0.819</speed><sat>27</sat></trkpt>
  <trkpt lat="-33.99686167" lon="-139.99712814"><ele>29.000</ele><time>2026-08-20T16:05:33Z</time><speed>0.808</speed><sat>27</sat></trkpt>
  <trkpt lat="-33.99685000" lon="-139.99712104"><ele>29.700</ele><time>2026-08-20T16:05:34Z</time><speed>0.780</speed><sat>29</sat></trkpt>
  <trkpt lat="-33.99684000" lon="-139.99712104"><ele>30.200</ele><time>2026-08-20T16:05:35Z</time><speed>0.000</speed><sat>29</sat></trkpt>
  <trkpt lat="-33.99683500" lon="-139.99711986"><ele>30.700</ele><time>2026-08-20T16:05:36Z</time><speed>0.000</speed><sat>27</sat></trkpt>
  <trkpt lat="-33.99682667" lon="-139.99711631"><ele>31.500</ele><time>2026-08-20T16:05:37Z</time><speed>0.000</speed><sat>27</sat></trkpt>
  <trkpt lat="-33.99681500" lon="-139.99710449"><ele>32.000</ele><time>2026-08-20T16:05:38Z</time><speed>0.719</speed><sat>28</sat></trkpt>
  <trkpt lat="-33.99680500" lon="-139.99709502"><ele>32.700</ele><time>2026-08-20T16:05:39Z</time><speed>0.727</speed><sat>28</sat></trkpt>
  <trkpt lat="-33.99678833" lon="-139.99708437"><ele>33.500</ele><time>2026-08-20T16:05:40Z</time><speed>0.729</speed><sat>28</sat></trkpt>
  <trkpt lat="-33.99677333" lon="-139.99708083"><ele>34.500</ele><time>2026-08-20T16:05:41Z</time><speed>0.773</speed><sat>28</sat></trkpt>
  <trkpt lat="-33.99676167" lon="-139.99707610"><ele>35.100</ele><time>2026-08-20T16:05:42Z</time><speed>0.817</speed><sat>28</sat></trkpt>
  <trkpt lat="-33.99675333" lon="-139.99706900"><ele>35.700</ele><time>2026-08-20T16:05:43Z</time><speed>0.796</speed><sat>28</sat></trkpt>
  <trkpt lat="-33.99674667" lon="-139.99706427"><ele>36.100</ele><time>2026-08-20T16:05:44Z</time><speed>0.777</speed><sat>27</sat></trkpt>
  <trkpt lat="-33.99673500" lon="-139.99705836"><ele>36.500</ele><time>2026-08-20T16:05:45Z</time><speed>0.758</speed><sat>28</sat></trkpt>
  <trkpt lat="-33.99672167" lon="-139.99705244"><ele>37.000</ele><time>2026-08-20T16:05:46Z</time><speed>0.781</speed><sat>27</sat></trkpt>
  <trkpt lat="-33.99671000" lon="-139.99704298"><ele>37.600</ele><time>2026-08-20T16:05:47Z</time><speed>0.000</speed><sat>27</sat></trkpt>
  <trkpt lat="-33.99670000" lon="-139.99703352"><ele>38.100</ele><time>2026-08-20T16:05:48Z</time><speed>0.852</speed><sat>27</sat></trkpt>
  <trkpt lat="-33.99668667" lon="-139.99702760"><ele>38.400</ele><time>2026-08-20T16:05:49Z</time><speed>0.000</speed><sat>26</sat></trkpt>
  <trkpt lat="-33.99667833" lon="-139.99702524"><ele>39.100</ele><time>2026-08-20T16:05:50Z</time><speed>0.881</speed><sat>27</sat></trkpt>
  <trkpt lat="-33.99666500" lon="-139.99702287"><ele>39.500</ele><time>2026-08-20T16:05:51Z</time><speed>0.878</speed><sat>26</sat></trkpt>
  <trkpt lat="-33.99665167" lon="-139.99701695"><ele>40.100</ele><time>2026-08-20T16:05:52Z</time><speed>0.877</speed><sat>27</sat></trkpt>
  <trkpt lat="-33.99663833" lon="-139.99700986"><ele>40.500</ele><time>2026-08-20T16:05:53Z</time><speed>0.893</speed><sat>27</sat></trkpt>
  <trkpt lat="-33.99662167" lon="-139.99700749"><ele>40.600</ele><time>2026-08-20T16:05:54Z</time><speed>0.911</speed><sat>27</sat></trkpt>
  <trkpt lat="-33.99660333" lon="-139.99700395"><ele>41.100</ele><time>2026-08-20T16:05:55Z</time><speed>0.941</speed><sat>27</sat></trkpt>
  <trkpt lat="-33.99658500" lon="-139.99699921"><ele>41.200</ele><time>2026-08-20T16:05:56Z</time><speed>0.959</speed><sat>27</sat></trkpt>
  <trkpt lat="-33.99656000" lon="-139.99699094"><ele>41.100</ele><time>2026-08-20T16:05:57Z</time><speed>0.989</speed><sat>27</sat></trkpt>
  <trkpt lat="-33.99654667" lon="-139.99698384"><ele>41.200</ele><time>2026-08-20T16:05:58Z</time><speed>1.000</speed><sat>27</sat></trkpt>
  <trkpt lat="-33.99653667" lon="-139.99697437"><ele>41.500</ele><time>2026-08-20T16:05:59Z</time><speed>0.998</speed><sat>27</sat></trkpt>
  <trkpt lat="-33.99653000" lon="-139.99696255"><ele>41.800</ele><time>2026-08-20T16:06:00Z</time><speed>0.999</speed><sat>27</sat></trkpt>
  <trkpt lat="-33.99652167" lon="-139.99695427"><ele>42.100</ele><time>2026-08-20T16:06:01Z</time><speed>0.983</speed><sat>28</sat></trkpt>
  <trkpt lat="-33.99651000" lon="-139.99694717"><ele>42.200</ele><time>2026-08-20T16:06:02Z</time><speed>0.966</speed><sat>28</sat></trkpt>
  <trkpt lat="-33.99650167" lon="-139.99693889"><ele>42.100</ele><time>2026-08-20T16:06:03Z</time><speed>0.982</speed><sat>28</sat></trkpt>
  <trkpt lat="-33.99649333" lon="-139.99693298"><ele>42.300</ele><time>2026-08-20T16:06:04Z</time><speed>0.985</speed><sat>27</sat></trkpt>
  <trkpt lat="-33.99648833" lon="-139.99692824"><ele>42.500</ele><time>2026-08-20T16:06:05Z</time><speed>0.000</speed><sat>28</sat></trkpt>
  <trkpt lat="-33.99648500" lon="-139.99692469"><ele>42.600</ele><time>2026-08-20T16:06:06Z</time><speed>0.000</speed><sat>24</sat></trkpt>
  <trkpt lat="-33.99648333" lon="-139.99692352"><ele>42.700</ele><time>2026-08-20T16:06:07Z</time><speed>0.000</speed><sat>22</sat></trkpt>
  <trkpt lat="-33.99648167" lon="-139.99692352"><ele>42.800</ele><time>2026-08-20T16:06:08Z</time><speed>0.000</speed><sat>24</sat></trkpt>
  <trkpt lat="-33.99648333" lon="-139.99692706"><ele>42.600</ele><time>2026-08-20T16:06:09Z</time><speed>0.000</speed><sat>21</sat></trkpt>
  <trkpt lat="-33.99648167" lon="-139.99693298"><ele>42.500</ele><time>2026-08-20T16:06:10Z</time><speed>0.000</speed><sat>19</sat></trkpt>
  <trkpt lat="-33.99647833" lon="-139.99693298"><ele>42.500</ele><time>2026-08-20T16:06:11Z</time><speed>0.000</speed><sat>20</sat></trkpt>
  <trkpt lat="-33.99648667" lon="-139.99695072"><ele>41.900</ele><time>2026-08-20T16:06:12Z</time><speed>0.546</speed><sat>20</sat></trkpt>
  <trkpt lat="-33.99647000" lon="-139.99696610"><ele>42.100</ele><time>2026-08-20T16:06:13Z</time><speed>0.506</speed><sat>19</sat></trkpt>
  <trkpt lat="-33.99645167" lon="-139.99697082"><ele>42.000</ele><time>2026-08-20T16:06:14Z</time><speed>0.478</speed><sat>22</sat></trkpt>
  <trkpt lat="-33.99644667" lon="-139.99698502"><ele>41.500</ele><time>2026-08-20T16:06:15Z</time><speed>0.447</speed><sat>21</sat></trkpt>
  <trkpt lat="-33.99644167" lon="-139.99698739"><ele>41.200</ele><time>2026-08-20T16:06:16Z</time><speed>0.431</speed><sat>25</sat></trkpt>
  <trkpt lat="-33.99643500" lon="-139.99698975"><ele>41.200</ele><time>2026-08-20T16:06:17Z</time><speed>0.441</speed><sat>26</sat></trkpt>
  <trkpt lat="-33.99642833" lon="-139.99698502"><ele>41.200</ele><time>2026-08-20T16:06:18Z</time><speed>0.465</speed><sat>25</sat></trkpt>
  <trkpt lat="-33.99641833" lon="-139.99697437"><ele>40.900</ele><time>2026-08-20T16:06:19Z</time><speed>0.513</speed><sat>27</sat></trkpt>
  <trkpt lat="-33.99640500" lon="-139.99695900"><ele>40.100</ele><time>2026-08-20T16:06:20Z</time><speed>0.585</speed><sat>27</sat></trkpt>
  <trkpt lat="-33.99639667" lon="-139.99693771"><ele>39.600</ele><time>2026-08-20T16:06:21Z</time><speed>0.620</speed><sat>27</sat></trkpt>
  <trkpt lat="-33.99639167" lon="-139.99692706"><ele>39.300</ele><time>2026-08-20T16:06:22Z</time><speed>0.000</speed><sat>27</sat></trkpt>
  <trkpt lat="-33.99638500" lon="-139.99691642"><ele>39.300</ele><time>2026-08-20T16:06:23Z</time><speed>0.000</speed><sat>27</sat></trkpt>
  <trkpt lat="-33.99637833" lon="-139.99690932"><ele>39.800</ele><time>2026-08-20T16:06:24Z</time><speed>0.000</speed><sat>25</sat></trkpt>
  <trkpt lat="-33.99636833" lon="-139.99689986"><ele>40.100</ele><time>2026-08-20T16:06:25Z</time><speed>0.000</speed><sat>23</sat></trkpt>
  <trkpt lat="-33.99636000" lon="-139.99688803"><ele>40.300</ele><time>2026-08-20T16:06:26Z</time><speed>0.000</speed><sat>25</sat></trkpt>
  <trkpt lat="-33.99635500" lon="-139.99687620"><ele>40.200</ele><time>2026-08-20T16:06:27Z</time><speed>0.000</speed><sat>26</sat></trkpt>
  <trkpt lat="-33.99635333" lon="-139.99686319"><ele>39.700</ele><time>2026-08-20T16:06:28Z</time><speed>0.000</speed><sat>26</sat></trkpt>
  <trkpt lat="-33.99635000" lon="-139.99685727"><ele>39.500</ele><time>2026-08-20T16:06:29Z</time><speed>0.000</speed><sat>27</sat></trkpt>
  <trkpt lat="-33.99634333" lon="-139.99685018"><ele>39.000</ele><time>2026-08-20T16:06:30Z</time><speed>0.000</speed><sat>27</sat></trkpt>
  <trkpt lat="-33.99633833" lon="-139.99684427"><ele>38.700</ele><time>2026-08-20T16:06:31Z</time><speed>0.000</speed><sat>27</sat></trkpt>
  <trkpt lat="-33.99632667" lon="-139.99683598"><ele>38.700</ele><time>2026-08-20T16:06:32Z</time><speed>0.000</speed><sat>25</sat></trkpt>
  <trkpt lat="-33.99631833" lon="-139.99682771"><ele>38.800</ele><time>2026-08-20T16:06:33Z</time><speed>0.000</speed><sat>25</sat></trkpt>
  <trkpt lat="-33.99630000" lon="-139.99682061"><ele>38.700</ele><time>2026-08-20T16:06:34Z</time><speed>0.000</speed><sat>25</sat></trkpt>
  <trkpt lat="-33.99628333" lon="-139.99681824"><ele>38.500</ele><time>2026-08-20T16:06:35Z</time><speed>0.000</speed><sat>25</sat></trkpt>
  <trkpt lat="-33.99627000" lon="-139.99682179"><ele>38.600</ele><time>2026-08-20T16:06:36Z</time><speed>0.000</speed><sat>23</sat></trkpt>
  <trkpt lat="-33.99625167" lon="-139.99682061"><ele>38.800</ele><time>2026-08-20T16:06:37Z</time><speed>0.000</speed><sat>24</sat></trkpt>
  <trkpt lat="-33.99624333" lon="-139.99682061"><ele>39.200</ele><time>2026-08-20T16:06:38Z</time><speed>0.000</speed><sat>24</sat></trkpt>
  <trkpt lat="-33.99623000" lon="-139.99681352"><ele>39.300</ele><time>2026-08-20T16:06:39Z</time><speed>0.000</speed><sat>25</sat></trkpt>
  <trkpt lat="-33.99622167" lon="-139.99680997"><ele>39.500</ele><time>2026-08-20T16:06:40Z</time><speed>0.000</speed><sat>25</sat></trkpt>
  <trkpt lat="-33.99621333" lon="-139.99679814"><ele>39.600</ele><time>2026-08-20T16:06:41Z</time><speed>0.920</speed><sat>24</sat></trkpt>
  <trkpt lat="-33.99620167" lon="-139.99678749"><ele>39.500</ele><time>2026-08-20T16:06:42Z</time><speed>0.904</speed><sat>23</sat></trkpt>
  <trkpt lat="-33.99619333" lon="-139.99678394"><ele>39.700</ele><time>2026-08-20T16:06:43Z</time><speed>0.000</speed><sat>23</sat></trkpt>
  <trkpt lat="-33.99618167" lon="-139.99677448"><ele>39.700</ele><time>2026-08-20T16:06:44Z</time><speed>0.000</speed><sat>23</sat></trkpt>
  <trkpt lat="-33.99616667" lon="-139.99676147"><ele>39.600</ele><time>2026-08-20T16:06:45Z</time><speed>0.000</speed><sat>23</sat></trkpt>
  <trkpt lat="-33.99616000" lon="-139.99675319"><ele>39.700</ele><time>2026-08-20T16:06:46Z</time><speed>0.000</speed><sat>26</sat></trkpt>
  <trkpt lat="-33.99614500" lon="-139.99674491"><ele>39.800</ele><time>2026-08-20T16:06:47Z</time><speed>0.000</speed><sat>23</sat></trkpt>
  <trkpt lat="-33.99612833" lon="-139.99673545"><ele>39.800</ele><time>2026-08-20T16:06:48Z</time><speed>0.000</speed><sat>23</sat></trkpt>
  <trkpt lat="-33.99611167" lon="-139.99672717"><ele>39.700</ele><time>2026-08-20T16:06:49Z</time><speed>0.000</speed><sat>25</sat></trkpt>
  <trkpt lat="-33.99609667" lon="-139.99672126"><ele>39.400</ele><time>2026-08-20T16:06:50Z</time><speed>0.000</speed><sat>24</sat></trkpt>
  <trkpt lat="-33.99607833" lon="-139.99671297"><ele>38.800</ele><time>2026-08-20T16:06:51Z</time><speed>0.000</speed><sat>24</sat></trkpt>
  <trkpt lat="-33.99606167" lon="-139.99670114"><ele>37.500</ele><time>2026-08-20T16:06:52Z</time><speed>0.000</speed><sat>25</sat></trkpt>
  <trkpt lat="-33.99604500" lon="-139.99668932"><ele>36.800</ele><time>2026-08-20T16:06:53Z</time><speed>0.000</speed><sat>25</sat></trkpt>
  <trkpt lat="-33.99603333" lon="-139.99668222"><ele>36.000</ele><time>2026-08-20T16:06:54Z</time><speed>0.000</speed><sat>24</sat></trkpt>
  <trkpt lat="-33.99602333" lon="-139.99667630"><ele>35.000</ele><time>2026-08-20T16:06:55Z</time><speed>0.000</speed><sat>24</sat></trkpt>
  <trkpt lat="-33.99602167" lon="-139.99667394"><ele>34.100</ele><time>2026-08-20T16:06:56Z</time><speed>1.080</speed><sat>25</sat></trkpt>
  <trkpt lat="-33.99601667" lon="-139.99667630"><ele>32.800</ele><time>2026-08-20T16:06:57Z</time><speed>1.044</speed><sat>25</sat></trkpt>
  <trkpt lat="-33.99601167" lon="-139.99668104"><ele>31.700</ele><time>2026-08-20T16:06:58Z</time><speed>0.999</speed><sat>25</sat></trkpt>
  <trkpt lat="-33.99600500" lon="-139.99668104"><ele>30.300</ele><time>2026-08-20T16:06:59Z</time><speed>0.981</speed><sat>26</sat></trkpt>
  <trkpt lat="-33.99599667" lon="-139.99667394"><ele>29.400</ele><time>2026-08-20T16:07:00Z</time><speed>0.954</speed><sat>27</sat></trkpt>
  <trkpt lat="-33.99598833" lon="-139.99666684"><ele>28.300</ele><time>2026-08-20T16:07:01Z</time><speed>0.950</speed><sat>27</sat></trkpt>
  <trkpt lat="-33.99598833" lon="-139.99666211"><ele>27.500</ele><time>2026-08-20T16:07:02Z</time><speed>0.869</speed><sat>27</sat></trkpt>
  <trkpt lat="-33.99597500" lon="-139.99665501"><ele>27.200</ele><time>2026-08-20T16:07:03Z</time><speed>0.829</speed><sat>26</sat></trkpt>
  <trkpt lat="-33.99596667" lon="-139.99664674"><ele>26.700</ele><time>2026-08-20T16:07:04Z</time><speed>0.827</speed><sat>25</sat></trkpt>
  <trkpt lat="-33.99596667" lon="-139.99664555"><ele>25.800</ele><time>2026-08-20T16:07:05Z</time><speed>0.834</speed><sat>26</sat></trkpt>
  <trkpt lat="-33.99595500" lon="-139.99663964"><ele>25.600</ele><time>2026-08-20T16:07:06Z</time><speed>0.876</speed><sat>27</sat></trkpt>
  <trkpt lat="-33.99594333" lon="-139.99663255"><ele>25.500</ele><time>2026-08-20T16:07:07Z</time><speed>0.933</speed><sat>27</sat></trkpt>
  <trkpt lat="-33.99592833" lon="-139.99662426"><ele>25.500</ele><time>2026-08-20T16:07:08Z</time><speed>1.013</speed><sat>26</sat></trkpt>
  <trkpt lat="-33.99591500" lon="-139.99661362"><ele>25.700</ele><time>2026-08-20T16:07:09Z</time><speed>1.113</speed><sat>26</sat></trkpt>
  <trkpt lat="-33.99590333" lon="-139.99661007"><ele>26.000</ele><time>2026-08-20T16:07:10Z</time><speed>1.142</speed><sat>27</sat></trkpt>
  <trkpt lat="-33.99588833" lon="-139.99660179"><ele>26.500</ele><time>2026-08-20T16:07:11Z</time><speed>1.184</speed><sat>26</sat></trkpt>
  <trkpt lat="-33.99588000" lon="-139.99659942"><ele>26.700</ele><time>2026-08-20T16:07:12Z</time><speed>1.178</speed><sat>26</sat></trkpt>
  <trkpt lat="-33.99586500" lon="-139.99659706"><ele>27.300</ele><time>2026-08-20T16:07:13Z</time><speed>1.181</speed><sat>27</sat></trkpt>
  <trkpt lat="-33.99585333" lon="-139.99659233"><ele>27.400</ele><time>2026-08-20T16:07:14Z</time><speed>1.182</speed><sat>25</sat></trkpt>
  <trkpt lat="-33.99584167" lon="-139.99658523"><ele>27.800</ele><time>2026-08-20T16:07:15Z</time><speed>1.186</speed><sat>27</sat></trkpt>
  <trkpt lat="-33.99583333" lon="-139.99658050"><ele>28.000</ele><time>2026-08-20T16:07:16Z</time><speed>1.181</speed><sat>27</sat></trkpt>
  <trkpt lat="-33.99582333" lon="-139.99657459"><ele>28.200</ele><time>2026-08-20T16:07:17Z</time><speed>1.176</speed><sat>26</sat></trkpt>
  <trkpt lat="-33.99581167" lon="-139.99657340"><ele>28.400</ele><time>2026-08-20T16:07:18Z</time><speed>1.126</speed><sat>26</sat></trkpt>
  <trkpt lat="-33.99579333" lon="-139.99656749"><ele>29.200</ele><time>2026-08-20T16:07:19Z</time><speed>1.011</speed><sat>27</sat></trkpt>
  <trkpt lat="-33.99578667" lon="-139.99656394"><ele>29.600</ele><time>2026-08-20T16:07:20Z</time><speed>0.938</speed><sat>26</sat></trkpt>
  <trkpt lat="-33.99577000" lon="-139.99656039"><ele>30.200</ele><time>2026-08-20T16:07:21Z</time><speed>0.869</speed><sat>27</sat></trkpt>
  <trkpt lat="-33.99575000" lon="-139.99655211"><ele>30.600</ele><time>2026-08-20T16:07:22Z</time><speed>0.893</speed><sat>26</sat></trkpt>
  <trkpt lat="-33.99572833" lon="-139.99654975"><ele>31.000</ele><time>2026-08-20T16:07:23Z</time><speed>0.888</speed><sat>26</sat></trkpt>
  <trkpt lat="-33.99571000" lon="-139.99654146"><ele>31.500</ele><time>2026-08-20T16:07:24Z</time><speed>0.909</speed><sat>26</sat></trkpt>
  <trkpt lat="-33.99568667" lon="-139.99653555"><ele>31.800</ele><time>2026-08-20T16:07:25Z</time><speed>0.939</speed><sat>26</sat></trkpt>
  <trkpt lat="-33.99566667" lon="-139.99652491"><ele>32.300</ele><time>2026-08-20T16:07:26Z</time><speed>0.982</speed><sat>26</sat></trkpt>
  <trkpt lat="-33.99565167" lon="-139.99650953"><ele>32.400</ele><time>2026-08-20T16:07:27Z</time><speed>1.064</speed><sat>26</sat></trkpt>
  <trkpt lat="-33.99563667" lon="-139.99649416"><ele>32.800</ele><time>2026-08-20T16:07:28Z</time><speed>1.128</speed><sat>27</sat></trkpt>
  <trkpt lat="-33.99562167" lon="-139.99648114"><ele>33.300</ele><time>2026-08-20T16:07:29Z</time><speed>1.249</speed><sat>29</sat></trkpt>
  <trkpt lat="-33.99560500" lon="-139.99647404"><ele>33.800</ele><time>2026-08-20T16:07:30Z</time><speed>1.387</speed><sat>29</sat></trkpt>
  <trkpt lat="-33.99558833" lon="-139.99647404"><ele>34.200</ele><time>2026-08-20T16:07:31Z</time><speed>1.478</speed><sat>29</sat></trkpt>
  <trkpt lat="-33.99557500" lon="-139.99647168"><ele>34.500</ele><time>2026-08-20T16:07:32Z</time><speed>1.520</speed><sat>29</sat></trkpt>
  <trkpt lat="-33.99555833" lon="-139.99648114"><ele>34.900</ele><time>2026-08-20T16:07:33Z</time><speed>1.560</speed><sat>27</sat></trkpt>
  <trkpt lat="-33.99554500" lon="-139.99648942"><ele>35.300</ele><time>2026-08-20T16:07:34Z</time><speed>1.560</speed><sat>27</sat></trkpt>
  <trkpt lat="-33.99553000" lon="-139.99649771"><ele>35.700</ele><time>2026-08-20T16:07:35Z</time><speed>1.517</speed><sat>26</sat></trkpt>
  <trkpt lat="-33.99551667" lon="-139.99650362"><ele>35.800</ele><time>2026-08-20T16:07:36Z</time><speed>1.444</speed><sat>25</sat></trkpt>
  <trkpt lat="-33.99551000" lon="-139.99650835"><ele>35.600</ele><time>2026-08-20T16:07:37Z</time><speed>1.301</speed><sat>27</sat></trkpt>
  <trkpt lat="-33.99549500" lon="-139.99651545"><ele>35.400</ele><time>2026-08-20T16:07:38Z</time><speed>1.195</speed><sat>27</sat></trkpt>
  <trkpt lat="-33.99548333" lon="-139.99653319"><ele>35.400</ele><time>2026-08-20T16:07:39Z</time><speed>1.155</speed><sat>27</sat></trkpt>
  <trkpt lat="-33.99547167" lon="-139.99655093"><ele>35.500</ele><time>2026-08-20T16:07:40Z</time><speed>1.093</speed><sat>26</sat></trkpt>
  <trkpt lat="-33.99546167" lon="-139.99656513"><ele>35.700</ele><time>2026-08-20T16:07:41Z</time><speed>1.043</speed><sat>26</sat></trkpt>
  <trkpt lat="-33.99544833" lon="-139.99657695"><ele>35.700</ele><time>2026-08-20T16:07:42Z</time><speed>0.964</speed><sat>26</sat></trkpt>
  <trkpt lat="-33.99543500" lon="-139.99658523"><ele>35.700</ele><time>2026-08-20T16:07:43Z</time><speed>0.912</speed><sat>26</sat></trkpt>
  <trkpt lat="-33.99542000" lon="-139.99659588"><ele>35.400</ele><time>2026-08-20T16:07:44Z</time><speed>0.895</speed><sat>25</sat></trkpt>
  <trkpt lat="-33.99540667" lon="-139.99660652"><ele>35.600</ele><time>2026-08-20T16:07:45Z</time><speed>0.894</speed><sat>27</sat></trkpt>
  <trkpt lat="-33.99539833" lon="-139.99661126"><ele>35.900</ele><time>2026-08-20T16:07:46Z</time><speed>0.000</speed><sat>27</sat></trkpt>
  <trkpt lat="-33.99539000" lon="-139.99661362"><ele>35.900</ele><time>2026-08-20T16:07:47Z</time><speed>0.000</speed><sat>27</sat></trkpt>
  <trkpt lat="-33.99538000" lon="-139.99661717"><ele>35.800</ele><time>2026-08-20T16:07:48Z</time><speed>0.000</speed><sat>27</sat></trkpt>
  <trkpt lat="-33.99537000" lon="-139.99662426"><ele>35.700</ele><time>2026-08-20T16:07:49Z</time><speed>0.000</speed><sat>27</sat></trkpt>
  <trkpt lat="-33.99536333" lon="-139.99663255"><ele>35.400</ele><time>2026-08-20T16:07:50Z</time><speed>0.000</speed><sat>27</sat></trkpt>
  <trkpt lat="-33.99535333" lon="-139.99663964"><ele>35.100</ele><time>2026-08-20T16:07:51Z</time><speed>0.000</speed><sat>27</sat></trkpt>
  <trkpt lat="-33.99534500" lon="-139.99664674"><ele>34.800</ele><time>2026-08-20T16:07:52Z</time><speed>0.754</speed><sat>26</sat></trkpt>
  <trkpt lat="-33.99533500" lon="-139.99665147"><ele>34.600</ele><time>2026-08-20T16:07:53Z</time><speed>0.751</speed><sat>27</sat></trkpt>
  <trkpt lat="-33.99532333" lon="-139.99665501"><ele>34.500</ele><time>2026-08-20T16:07:54Z</time><speed>0.750</speed><sat>27</sat></trkpt>
  <trkpt lat="-33.99531167" lon="-139.99665738"><ele>34.100</ele><time>2026-08-20T16:07:55Z</time><speed>0.763</speed><sat>26</sat></trkpt>
  <trkpt lat="-33.99530333" lon="-139.99665975"><ele>33.900</ele><time>2026-08-20T16:07:56Z</time><speed>0.806</speed><sat>27</sat></trkpt>
  <trkpt lat="-33.99529333" lon="-139.99666211"><ele>33.800</ele><time>2026-08-20T16:07:57Z</time><speed>0.831</speed><sat>28</sat></trkpt>
  <trkpt lat="-33.99528000" lon="-139.99666330"><ele>33.700</ele><time>2026-08-20T16:07:58Z</time><speed>0.859</speed><sat>27</sat></trkpt>
  <trkpt lat="-33.99526833" lon="-139.99666684"><ele>33.600</ele><time>2026-08-20T16:07:59Z</time><speed>0.883</speed><sat>28</sat></trkpt>
  <trkpt lat="-33.99525667" lon="-139.99667039"><ele>33.300</ele><time>2026-08-20T16:08:00Z</time><speed>0.000</speed><sat>24</sat></trkpt>
  <trkpt lat="-33.99524500" lon="-139.99667276"><ele>33.300</ele><time>2026-08-20T16:08:01Z</time><speed>0.987</speed><sat>22</sat></trkpt>
  <trkpt lat="-33.99523667" lon="-139.99668222"><ele>33.200</ele><time>2026-08-20T16:08:02Z</time><speed>1.021</speed><sat>25</sat></trkpt>
  <trkpt lat="-33.99522833" lon="-139.99668695"><ele>33.100</ele><time>2026-08-20T16:08:03Z</time><speed>1.035</speed><sat>26</sat></trkpt>
  <trkpt lat="-33.99522000" lon="-139.99669168"><ele>33.100</ele><time>2026-08-20T16:08:04Z</time><speed>0.000</speed><sat>26</sat></trkpt>
  <trkpt lat="-33.99521333" lon="-139.99669523"><ele>33.100</ele><time>2026-08-20T16:08:05Z</time><speed>0.995</speed><sat>26</sat></trkpt>
  <trkpt lat="-33.99520500" lon="-139.99669878"><ele>33.000</ele><time>2026-08-20T16:08:06Z</time><speed>0.992</speed><sat>24</sat></trkpt>
  <trkpt lat="-33.99519333" lon="-139.99669760"><ele>32.900</ele><time>2026-08-20T16:08:07Z</time><speed>1.007</speed><sat>24</sat></trkpt>
  <trkpt lat="-33.99517667" lon="-139.99669760"><ele>32.800</ele><time>2026-08-20T16:08:08Z</time><speed>1.084</speed><sat>24</sat></trkpt>
  <trkpt lat="-33.99516333" lon="-139.99670824"><ele>32.500</ele><time>2026-08-20T16:08:09Z</time><speed>1.163</speed><sat>24</sat></trkpt>
  <trkpt lat="-33.99515167" lon="-139.99671889"><ele>32.200</ele><time>2026-08-20T16:08:10Z</time><speed>1.160</speed><sat>25</sat></trkpt>
  <trkpt lat="-33.99515000" lon="-139.99673781"><ele>32.100</ele><time>2026-08-20T16:08:11Z</time><speed>1.213</speed><sat>24</sat></trkpt>
  <trkpt lat="-33.99514667" lon="-139.99675910"><ele>32.300</ele><time>2026-08-20T16:08:12Z</time><speed>1.269</speed><sat>24</sat></trkpt>
  <trkpt lat="-33.99514333" lon="-139.99677211"><ele>32.300</ele><time>2026-08-20T16:08:13Z</time><speed>1.290</speed><sat>24</sat></trkpt>
  <trkpt lat="-33.99514167" lon="-139.99677448"><ele>32.500</ele><time>2026-08-20T16:08:14Z</time><speed>1.279</speed><sat>23</sat></trkpt>
  <trkpt lat="-33.99513833" lon="-139.99678158"><ele>32.800</ele><time>2026-08-20T16:08:15Z</time><speed>1.272</speed><sat>23</sat></trkpt>
  <trkpt lat="-33.99513333" lon="-139.99677921"><ele>33.400</ele><time>2026-08-20T16:08:16Z</time><speed>1.218</speed><sat>23</sat></trkpt>
  <trkpt lat="-33.99512833" lon="-139.99677685"><ele>34.000</ele><time>2026-08-20T16:08:17Z</time><speed>1.141</speed><sat>23</sat></trkpt>
  <trkpt lat="-33.99512167" lon="-139.99677211"><ele>33.900</ele><time>2026-08-20T16:08:18Z</time><speed>0.000</speed><sat>23</sat></trkpt>
  <trkpt lat="-33.99512167" lon="-139.99674964"><ele>34.600</ele><time>2026-08-20T16:08:19Z</time><speed>1.043</speed><sat>23</sat></trkpt>
  <trkpt lat="-33.99512000" lon="-139.99673781"><ele>35.200</ele><time>2026-08-20T16:08:20Z</time><speed>1.017</speed><sat>22</sat></trkpt>
  <trkpt lat="-33.99511833" lon="-139.99672953"><ele>35.900</ele><time>2026-08-20T16:08:21Z</time><speed>0.903</speed><sat>24</sat></trkpt>
  <trkpt lat="-33.99511833" lon="-139.99672362"><ele>36.500</ele><time>2026-08-20T16:08:22Z</time><speed>0.770</speed><sat>22</sat></trkpt>
  <trkpt lat="-33.99512167" lon="-139.99672007"><ele>37.100</ele><time>2026-08-20T16:08:23Z</time><speed>0.700</speed><sat>23</sat></trkpt>
  <trkpt lat="-33.99512000" lon="-139.99671061"><ele>37.300</ele><time>2026-08-20T16:08:24Z</time><speed>0.638</speed><sat>23</sat></trkpt>
  <trkpt lat="-33.99512167" lon="-139.99669878"><ele>37.700</ele><time>2026-08-20T16:08:25Z</time><speed>0.000</speed><sat>23</sat></trkpt>
  <trkpt lat="-33.99512167" lon="-139.99668577"><ele>37.800</ele><time>2026-08-20T16:08:26Z</time><speed>0.000</speed><sat>22</sat></trkpt>
  <trkpt lat="-33.99512000" lon="-139.99667039"><ele>37.800</ele><time>2026-08-20T16:08:27Z</time><speed>0.000</speed><sat>23</sat></trkpt>
  <trkpt lat="-33.99511333" lon="-139.99665738"><ele>37.500</ele><time>2026-08-20T16:08:28Z</time><speed>0.608</speed><sat>23</sat></trkpt>
  <trkpt lat="-33.99510167" lon="-139.99664319"><ele>37.400</ele><time>2026-08-20T16:08:29Z</time><speed>0.571</speed><sat>24</sat></trkpt>
  <trkpt lat="-33.99509667" lon="-139.99663255"><ele>37.600</ele><time>2026-08-20T16:08:30Z</time><speed>0.565</speed><sat>23</sat></trkpt>
  <trkpt lat="-33.99509333" lon="-139.99662545"><ele>37.600</ele><time>2026-08-20T16:08:31Z</time><speed>0.583</speed><sat>22</sat></trkpt>
  <trkpt lat="-33.99508833" lon="-139.99661243"><ele>37.600</ele><time>2026-08-20T16:08:32Z</time><speed>0.000</speed><sat>22</sat></trkpt>
  <trkpt lat="-33.99508667" lon="-139.99659824"><ele>37.700</ele><time>2026-08-20T16:08:33Z</time><speed>0.000</speed><sat>23</sat></trkpt>
  <trkpt lat="-33.99508667" lon="-139.99658168"><ele>37.800</ele><time>2026-08-20T16:08:34Z</time><speed>0.000</speed><sat>24</sat></trkpt>
  <trkpt lat="-33.99508833" lon="-139.99656630"><ele>37.700</ele><time>2026-08-20T16:08:35Z</time><speed>0.756</speed><sat>24</sat></trkpt>
  <trkpt lat="-33.99509333" lon="-139.99654975"><ele>37.400</ele><time>2026-08-20T16:08:36Z</time><speed>0.737</speed><sat>24</sat></trkpt>
  <trkpt lat="-33.99508667" lon="-139.99653792"><ele>37.000</ele><time>2026-08-20T16:08:37Z</time><speed>0.000</speed><sat>24</sat></trkpt>
  <trkpt lat="-33.99508167" lon="-139.99652609"><ele>36.800</ele><time>2026-08-20T16:08:38Z</time><speed>0.695</speed><sat>24</sat></trkpt>
  <trkpt lat="-33.99508500" lon="-139.99651071"><ele>36.700</ele><time>2026-08-20T16:08:39Z</time><speed>0.667</speed><sat>24</sat></trkpt>
  <trkpt lat="-33.99508500" lon="-139.99649534"><ele>36.600</ele><time>2026-08-20T16:08:40Z</time><speed>0.000</speed><sat>25</sat></trkpt>
  <trkpt lat="-33.99508500" lon="-139.99647996"><ele>36.200</ele><time>2026-08-20T16:08:41Z</time><speed>0.000</speed><sat>25</sat></trkpt>
  <trkpt lat="-33.99508333" lon="-139.99646695"><ele>35.900</ele><time>2026-08-20T16:08:42Z</time><speed>0.665</speed><sat>24</sat></trkpt>
  <trkpt lat="-33.99508000" lon="-139.99645749"><ele>35.300</ele><time>2026-08-20T16:08:43Z</time><speed>0.598</speed><sat>24</sat></trkpt>
  <trkpt lat="-33.99507667" lon="-139.99644448"><ele>35.400</ele><time>2026-08-20T16:08:44Z</time><speed>0.587</speed><sat>24</sat></trkpt>
  <trkpt lat="-33.99507333" lon="-139.99643383"><ele>35.400</ele><time>2026-08-20T16:08:45Z</time><speed>0.000</speed><sat>23</sat></trkpt>
  <trkpt lat="-33.99507167" lon="-139.99641964"><ele>35.500</ele><time>2026-08-20T16:08:46Z</time><speed>0.000</speed><sat>24</sat></trkpt>
  <trkpt lat="-33.99506667" lon="-139.99640900"><ele>35.400</ele><time>2026-08-20T16:08:47Z</time><speed>0.000</speed><sat>23</sat></trkpt>
  <trkpt lat="-33.99506333" lon="-139.99639716"><ele>35.400</ele><time>2026-08-20T16:08:48Z</time><speed>0.000</speed><sat>24</sat></trkpt>
  <trkpt lat="-33.99506333" lon="-139.99638179"><ele>35.000</ele><time>2026-08-20T16:08:49Z</time><speed>0.678</speed><sat>24</sat></trkpt>
  <trkpt lat="-33.99506167" lon="-139.99636050"><ele>34.600</ele><time>2026-08-20T16:08:50Z</time><speed>0.681</speed><sat>23</sat></trkpt>
  <trkpt lat="-33.99505833" lon="-139.99634394"><ele>34.300</ele><time>2026-08-20T16:08:51Z</time><speed>0.713</speed><sat>23</sat></trkpt>
  <trkpt lat="-33.99505833" lon="-139.99632738"><ele>34.400</ele><time>2026-08-20T16:08:52Z</time><speed>0.760</speed><sat>23</sat></trkpt>
  <trkpt lat="-33.99506000" lon="-139.99631674"><ele>34.500</ele><time>2026-08-20T16:08:53Z</time><speed>0.000</speed><sat>25</sat></trkpt>
  <trkpt lat="-33.99505500" lon="-139.99631437"><ele>34.300</ele><time>2026-08-20T16:08:54Z</time><speed>0.759</speed><sat>24</sat></trkpt>
  <trkpt lat="-33.99505167" lon="-139.99631319"><ele>34.300</ele><time>2026-08-20T16:08:55Z</time><speed>0.714</speed><sat>25</sat></trkpt>
  <trkpt lat="-33.99504500" lon="-139.99631319"><ele>34.200</ele><time>2026-08-20T16:08:56Z</time><speed>0.705</speed><sat>23</sat></trkpt>
  <trkpt lat="-33.99504167" lon="-139.99631437"><ele>34.300</ele><time>2026-08-20T16:08:57Z</time><speed>0.000</speed><sat>23</sat></trkpt>
  <trkpt lat="-33.99503833" lon="-139.99631437"><ele>34.300</ele><time>2026-08-20T16:08:58Z</time><speed>0.000</speed><sat>23</sat></trkpt>
  <trkpt lat="-33.99503667" lon="-139.99631082"><ele>34.300</ele><time>2026-08-20T16:08:59Z</time><speed>0.000</speed><sat>23</sat></trkpt>
  <trkpt lat="-33.99504000" lon="-139.99630491"><ele>34.200</ele><time>2026-08-20T16:09:00Z</time><speed>0.000</speed><sat>23</sat></trkpt>
  <trkpt lat="-33.99504500" lon="-139.99629190"><ele>34.000</ele><time>2026-08-20T16:09:01Z</time><speed>0.488</speed><sat>23</sat></trkpt>
  <trkpt lat="-33.99504000" lon="-139.99628716"><ele>34.300</ele><time>2026-08-20T16:09:02Z</time><speed>0.417</speed><sat>24</sat></trkpt>
  <trkpt lat="-33.99503667" lon="-139.99628243"><ele>34.500</ele><time>2026-08-20T16:09:03Z</time><speed>0.000</speed><sat>24</sat></trkpt>
  <trkpt lat="-33.99503667" lon="-139.99627178"><ele>34.200</ele><time>2026-08-20T16:09:04Z</time><speed>0.427</speed><sat>24</sat></trkpt>
  <trkpt lat="-33.99503167" lon="-139.99625878"><ele>34.200</ele><time>2026-08-20T16:09:05Z</time><speed>0.482</speed><sat>24</sat></trkpt>
  <trkpt lat="-33.99503000" lon="-139.99624458"><ele>33.900</ele><time>2026-08-20T16:09:06Z</time><speed>0.508</speed><sat>24</sat></trkpt>
  <trkpt lat="-33.99503000" lon="-139.99623512"><ele>33.800</ele><time>2026-08-20T16:09:07Z</time><speed>0.000</speed><sat>24</sat></trkpt>
  <trkpt lat="-33.99502833" lon="-139.99622448"><ele>33.500</ele><time>2026-08-20T16:09:08Z</time><speed>0.000</speed><sat>23</sat></trkpt>
  <trkpt lat="-33.99503000" lon="-139.99621383"><ele>33.200</ele><time>2026-08-20T16:09:09Z</time><speed>0.506</speed><sat>25</sat></trkpt>
  <trkpt lat="-33.99503167" lon="-139.99620319"><ele>33.000</ele><time>2026-08-20T16:09:10Z</time><speed>0.514</speed><sat>24</sat></trkpt>
  <trkpt lat="-33.99502667" lon="-139.99619490"><ele>32.600</ele><time>2026-08-20T16:09:11Z</time><speed>0.519</speed><sat>25</sat></trkpt>
  <trkpt lat="-33.99502833" lon="-139.99618190"><ele>32.500</ele><time>2026-08-20T16:09:12Z</time><speed>0.553</speed><sat>25</sat></trkpt>
  <trkpt lat="-33.99503167" lon="-139.99616770"><ele>32.400</ele><time>2026-08-20T16:09:13Z</time><speed>0.588</speed><sat>24</sat></trkpt>
  <trkpt lat="-33.99503333" lon="-139.99614996"><ele>32.500</ele><time>2026-08-20T16:09:14Z</time><speed>0.660</speed><sat>25</sat></trkpt>
  <trkpt lat="-33.99503500" lon="-139.99612867"><ele>32.700</ele><time>2026-08-20T16:09:15Z</time><speed>0.727</speed><sat>25</sat></trkpt>
  <trkpt lat="-33.99503833" lon="-139.99611093"><ele>33.100</ele><time>2026-08-20T16:09:16Z</time><speed>0.785</speed><sat>24</sat></trkpt>
  <trkpt lat="-33.99504000" lon="-139.99609319"><ele>33.400</ele><time>2026-08-20T16:09:17Z</time><speed>0.000</speed><sat>26</sat></trkpt>
  <trkpt lat="-33.99503500" lon="-139.99607899"><ele>33.900</ele><time>2026-08-20T16:09:18Z</time><speed>0.000</speed><sat>25</sat></trkpt>
  <trkpt lat="-33.99503167" lon="-139.99606480"><ele>33.800</ele><time>2026-08-20T16:09:19Z</time><speed>1.085</speed><sat>23</sat></trkpt>
  <trkpt lat="-33.99501500" lon="-139.99606952"><ele>34.500</ele><time>2026-08-20T16:09:20Z</time><speed>0.000</speed><sat>24</sat></trkpt>
  <trkpt lat="-33.99500667" lon="-139.99607071"><ele>35.500</ele><time>2026-08-20T16:09:21Z</time><speed>0.000</speed><sat>24</sat></trkpt>
  <trkpt lat="-33.99500333" lon="-139.99607307"><ele>36.800</ele><time>2026-08-20T16:09:22Z</time><speed>1.152</speed><sat>25</sat></trkpt>
  <trkpt lat="-33.99499333" lon="-139.99607071"><ele>37.300</ele><time>2026-08-20T16:09:23Z</time><speed>1.097</speed><sat>25</sat></trkpt>
  <trkpt lat="-33.99499333" lon="-139.99606716"><ele>38.000</ele><time>2026-08-20T16:09:24Z</time><speed>1.024</speed><sat>23</sat></trkpt>
  <trkpt lat="-33.99499500" lon="-139.99606006"><ele>38.600</ele><time>2026-08-20T16:09:25Z</time><speed>0.916</speed><sat>22</sat></trkpt>
  <trkpt lat="-33.99498833" lon="-139.99604942"><ele>39.000</ele><time>2026-08-20T16:09:26Z</time><speed>0.000</speed><sat>23</sat></trkpt>
  <trkpt lat="-33.99498167" lon="-139.99604232"><ele>39.800</ele><time>2026-08-20T16:09:27Z</time><speed>0.726</speed><sat>23</sat></trkpt>
  <trkpt lat="-33.99497833" lon="-139.99603404"><ele>40.400</ele><time>2026-08-20T16:09:28Z</time><speed>0.000</speed><sat>23</sat></trkpt>
  <trkpt lat="-33.99497667" lon="-139.99602813"><ele>41.000</ele><time>2026-08-20T16:09:29Z</time><speed>0.497</speed><sat>23</sat></trkpt>
  <trkpt lat="-33.99496833" lon="-139.99601867"><ele>41.100</ele><time>2026-08-20T16:09:30Z</time><speed>0.427</speed><sat>26</sat></trkpt>
  <trkpt lat="-33.99497000" lon="-139.99601275"><ele>41.600</ele><time>2026-08-20T16:09:31Z</time><speed>0.000</speed><sat>26</sat></trkpt>
  <trkpt lat="-33.99496667" lon="-139.99600802"><ele>41.700</ele><time>2026-08-20T16:09:32Z</time><speed>0.000</speed><sat>26</sat></trkpt>
  <trkpt lat="-33.99496667" lon="-139.99600093"><ele>41.900</ele><time>2026-08-20T16:09:33Z</time><speed>0.000</speed><sat>24</sat></trkpt>
  <trkpt lat="-33.99496667" lon="-139.99600093"><ele>41.900</ele><time>2026-08-20T16:09:34Z</time><speed>0.000</speed><sat>20</sat></trkpt>
  <trkpt lat="-33.99496667" lon="-139.99600093"><ele>41.900</ele><time>2026-08-20T16:09:35Z</time><speed>0.000</speed><sat>19</sat></trkpt>
  <trkpt lat="-33.99496667" lon="-139.99600093"><ele>41.900</ele><time>2026-08-20T16:09:36Z</time><speed>0.000</speed><sat>19</sat></trkpt>
  <trkpt lat="-33.99496167" lon="-139.99599738"><ele>41.900</ele><time>2026-08-20T16:09:37Z</time><speed>0.000</speed><sat>17</sat></trkpt>
  <trkpt lat="-33.99496167" lon="-139.99600210"><ele>42.100</ele><time>2026-08-20T16:09:38Z</time><speed>0.000</speed><sat>16</sat></trkpt>
  <trkpt lat="-33.99495667" lon="-139.99599856"><ele>42.500</ele><time>2026-08-20T16:09:39Z</time><speed>0.000</speed><sat>15</sat></trkpt>
  <trkpt lat="-33.99496333" lon="-139.99600802"><ele>43.700</ele><time>2026-08-20T16:09:40Z</time><speed>0.000</speed><sat>16</sat></trkpt>
  <trkpt lat="-33.99496667" lon="-139.99597017"><ele>46.300</ele><time>2026-08-20T16:09:41Z</time><speed>0.000</speed><sat>18</sat></trkpt>
  <trkpt lat="-33.99497000" lon="-139.99595952"><ele>46.800</ele><time>2026-08-20T16:09:42Z</time><speed>0.616</speed><sat>17</sat></trkpt>
  <trkpt lat="-33.99499333" lon="-139.99594178"><ele>48.400</ele><time>2026-08-20T16:09:43Z</time><speed>0.622</speed><sat>17</sat></trkpt>
  <trkpt lat="-33.99499833" lon="-139.99591458"><ele>49.000</ele><time>2026-08-20T16:09:44Z</time><speed>0.623</speed><sat>20</sat></trkpt>
  <trkpt lat="-33.99499500" lon="-139.99590393"><ele>48.800</ele><time>2026-08-20T16:09:45Z</time><speed>0.649</speed><sat>22</sat></trkpt>
  <trkpt lat="-33.99500167" lon="-139.99588619"><ele>48.500</ele><time>2026-08-20T16:09:46Z</time><speed>0.645</speed><sat>20</sat></trkpt>
  <trkpt lat="-33.99500833" lon="-139.99586490"><ele>48.000</ele><time>2026-08-20T16:09:47Z</time><speed>0.636</speed><sat>21</sat></trkpt>
  <trkpt lat="-33.99500833" lon="-139.99584834"><ele>47.200</ele><time>2026-08-20T16:09:48Z</time><speed>0.651</speed><sat>23</sat></trkpt>
  <trkpt lat="-33.99501000" lon="-139.99583060"><ele>46.200</ele><time>2026-08-20T16:09:49Z</time><speed>0.679</speed><sat>23</sat></trkpt>
  <trkpt lat="-33.99500167" lon="-139.99581877"><ele>44.400</ele><time>2026-08-20T16:09:50Z</time><speed>0.572</speed><sat>25</sat></trkpt>
  <trkpt lat="-33.99499833" lon="-139.99579984"><ele>43.100</ele><time>2026-08-20T16:09:51Z</time><speed>0.000</speed><sat>24</sat></trkpt>
  <trkpt lat="-33.99499500" lon="-139.99578565"><ele>42.700</ele><time>2026-08-20T16:09:52Z</time><speed>0.000</speed><sat>25</sat></trkpt>
  <trkpt lat="-33.99499500" lon="-139.99577146"><ele>42.200</ele><time>2026-08-20T16:09:53Z</time><speed>0.000</speed><sat>25</sat></trkpt>
  <trkpt lat="-33.99499667" lon="-139.99576200"><ele>41.800</ele><time>2026-08-20T16:09:54Z</time><speed>0.000</speed><sat>26</sat></trkpt>
  <trkpt lat="-33.99499833" lon="-139.99575609"><ele>41.100</ele><time>2026-08-20T16:09:55Z</time><speed>0.657</speed><sat>25</sat></trkpt>
  <trkpt lat="-33.99499333" lon="-139.99575017"><ele>40.700</ele><time>2026-08-20T16:09:56Z</time><speed>0.627</speed><sat>26</sat></trkpt>
  <trkpt lat="-33.99499000" lon="-139.99574544"><ele>40.000</ele><time>2026-08-20T16:09:57Z</time><speed>0.615</speed><sat>26</sat></trkpt>
  <trkpt lat="-33.99498500" lon="-139.99573952"><ele>38.900</ele><time>2026-08-20T16:09:58Z</time><speed>0.580</speed><sat>26</sat></trkpt>
  <trkpt lat="-33.99498333" lon="-139.99573242"><ele>38.600</ele><time>2026-08-20T16:09:59Z</time><speed>0.526</speed><sat>25</sat></trkpt>
  <trkpt lat="-33.99498500" lon="-139.99570404"><ele>37.900</ele><time>2026-08-20T16:10:00Z</time><speed>0.554</speed><sat>26</sat></trkpt>
  <trkpt lat="-33.99498167" lon="-139.99568866"><ele>36.900</ele><time>2026-08-20T16:10:01Z</time><speed>0.546</speed><sat>26</sat></trkpt>
  <trkpt lat="-33.99497667" lon="-139.99567329"><ele>35.800</ele><time>2026-08-20T16:10:02Z</time><speed>0.520</speed><sat>26</sat></trkpt>
  <trkpt lat="-33.99496833" lon="-139.99566146"><ele>34.000</ele><time>2026-08-20T16:10:03Z</time><speed>0.000</speed><sat>25</sat></trkpt>
  <trkpt lat="-33.99495833" lon="-139.99565554"><ele>32.700</ele><time>2026-08-20T16:10:04Z</time><speed>0.502</speed><sat>26</sat></trkpt>
  <trkpt lat="-33.99494833" lon="-139.99564490"><ele>31.500</ele><time>2026-08-20T16:10:05Z</time><speed>0.540</speed><sat>26</sat></trkpt>
  <trkpt lat="-33.99494500" lon="-139.99563307"><ele>30.800</ele><time>2026-08-20T16:10:06Z</time><speed>0.571</speed><sat>25</sat></trkpt>
  <trkpt lat="-33.99494500" lon="-139.99562361"><ele>30.300</ele><time>2026-08-20T16:10:07Z</time><speed>0.589</speed><sat>25</sat></trkpt>
  <trkpt lat="-33.99494167" lon="-139.99561178"><ele>29.600</ele><time>2026-08-20T16:10:08Z</time><speed>0.616</speed><sat>24</sat></trkpt>
  <trkpt lat="-33.99494333" lon="-139.99559758"><ele>29.200</ele><time>2026-08-20T16:10:09Z</time><speed>0.000</speed><sat>25</sat></trkpt>
  <trkpt lat="-33.99494333" lon="-139.99558458"><ele>28.900</ele><time>2026-08-20T16:10:10Z</time><speed>0.629</speed><sat>25</sat></trkpt>
  <trkpt lat="-33.99494500" lon="-139.99556802"><ele>28.600</ele><time>2026-08-20T16:10:11Z</time><speed>0.612</speed><sat>25</sat></trkpt>
  <trkpt lat="-33.99494833" lon="-139.99555500"><ele>28.300</ele><time>2026-08-20T16:10:12Z</time><speed>0.000</speed><sat>25</sat></trkpt>
  <trkpt lat="-33.99495000" lon="-139.99554081"><ele>28.300</ele><time>2026-08-20T16:10:13Z</time><speed>0.000</speed><sat>25</sat></trkpt>
  <trkpt lat="-33.99495167" lon="-139.99552780"><ele>28.300</ele><time>2026-08-20T16:10:14Z</time><speed>0.000</speed><sat>25</sat></trkpt>
  <trkpt lat="-33.99495667" lon="-139.99551006"><ele>28.500</ele><time>2026-08-20T16:10:15Z</time><speed>0.000</speed><sat>25</sat></trkpt>
  <trkpt lat="-33.99495667" lon="-139.99549232"><ele>29.400</ele><time>2026-08-20T16:10:16Z</time><speed>0.000</speed><sat>25</sat></trkpt>
  <trkpt lat="-33.99496167" lon="-139.99547694"><ele>30.400</ele><time>2026-08-20T16:10:17Z</time><speed>0.000</speed><sat>25</sat></trkpt>
  <trkpt lat="-33.99497500" lon="-139.99545802"><ele>31.600</ele><time>2026-08-20T16:10:18Z</time><speed>0.677</speed><sat>25</sat></trkpt>
  <trkpt lat="-33.99497667" lon="-139.99543790"><ele>32.800</ele><time>2026-08-20T16:10:19Z</time><speed>0.713</speed><sat>24</sat></trkpt>
  <trkpt lat="-33.99498167" lon="-139.99542253"><ele>33.800</ele><time>2026-08-20T16:10:20Z</time><speed>0.752</speed><sat>24</sat></trkpt>
  <trkpt lat="-33.99498333" lon="-139.99540479"><ele>34.400</ele><time>2026-08-20T16:10:21Z</time><speed>0.790</speed><sat>24</sat></trkpt>
  <trkpt lat="-33.99498167" lon="-139.99538705"><ele>35.000</ele><time>2026-08-20T16:10:22Z</time><speed>0.802</speed><sat>24</sat></trkpt>
  <trkpt lat="-33.99498167" lon="-139.99537877"><ele>35.400</ele><time>2026-08-20T16:10:23Z</time><speed>0.000</speed><sat>24</sat></trkpt>
  <trkpt lat="-33.99498000" lon="-139.99537167"><ele>35.700</ele><time>2026-08-20T16:10:24Z</time><speed>0.000</speed><sat>24</sat></trkpt>
  <trkpt lat="-33.99497833" lon="-139.99536457"><ele>35.900</ele><time>2026-08-20T16:10:25Z</time><speed>0.743</speed><sat>23</sat></trkpt>
  <trkpt lat="-33.99497667" lon="-139.99535629"><ele>35.900</ele><time>2026-08-20T16:10:26Z</time><speed>0.719</speed><sat>23</sat></trkpt>
  <trkpt lat="-33.99497333" lon="-139.99534210"><ele>36.300</ele><time>2026-08-20T16:10:27Z</time><speed>0.000</speed><sat>23</sat></trkpt>
  <trkpt lat="-33.99497667" lon="-139.99532673"><ele>36.600</ele><time>2026-08-20T16:10:28Z</time><speed>0.700</speed><sat>24</sat></trkpt>
  <trkpt lat="-33.99498167" lon="-139.99531253"><ele>36.900</ele><time>2026-08-20T16:10:29Z</time><speed>0.000</speed><sat>23</sat></trkpt>
  <trkpt lat="-33.99498167" lon="-139.99529715"><ele>37.200</ele><time>2026-08-20T16:10:30Z</time><speed>0.000</speed><sat>24</sat></trkpt>
  <trkpt lat="-33.99498167" lon="-139.99528060"><ele>37.400</ele><time>2026-08-20T16:10:31Z</time><speed>0.000</speed><sat>23</sat></trkpt>
  <trkpt lat="-33.99498167" lon="-139.99526640"><ele>37.700</ele><time>2026-08-20T16:10:32Z</time><speed>0.000</speed><sat>24</sat></trkpt>
  <trkpt lat="-33.99498167" lon="-139.99524511"><ele>38.200</ele><time>2026-08-20T16:10:33Z</time><speed>0.000</speed><sat>24</sat></trkpt>
  <trkpt lat="-33.99498000" lon="-139.99522855"><ele>38.800</ele><time>2026-08-20T16:10:34Z</time><speed>0.000</speed><sat>24</sat></trkpt>
  <trkpt lat="-33.99498000" lon="-139.99521318"><ele>39.300</ele><time>2026-08-20T16:10:35Z</time><speed>0.000</speed><sat>25</sat></trkpt>
  <trkpt lat="-33.99498000" lon="-139.99520135"><ele>39.600</ele><time>2026-08-20T16:10:36Z</time><speed>0.000</speed><sat>25</sat></trkpt>
  <trkpt lat="-33.99497833" lon="-139.99518952"><ele>39.700</ele><time>2026-08-20T16:10:37Z</time><speed>0.767</speed><sat>25</sat></trkpt>
  <trkpt lat="-33.99497333" lon="-139.99517769"><ele>40.000</ele><time>2026-08-20T16:10:38Z</time><speed>0.789</speed><sat>24</sat></trkpt>
  <trkpt lat="-33.99496667" lon="-139.99516822"><ele>40.200</ele><time>2026-08-20T16:10:39Z</time><speed>0.790</speed><sat>23</sat></trkpt>
  <trkpt lat="-33.99496333" lon="-139.99516113"><ele>40.400</ele><time>2026-08-20T16:10:40Z</time><speed>0.000</speed><sat>24</sat></trkpt>
  <trkpt lat="-33.99496333" lon="-139.99515167"><ele>40.600</ele><time>2026-08-20T16:10:41Z</time><speed>0.740</speed><sat>23</sat></trkpt>
  <trkpt lat="-33.99496333" lon="-139.99514221"><ele>40.900</ele><time>2026-08-20T16:10:42Z</time><speed>0.000</speed><sat>23</sat></trkpt>
  <trkpt lat="-33.99496000" lon="-139.99513156"><ele>41.100</ele><time>2026-08-20T16:10:43Z</time><speed>0.000</speed><sat>23</sat></trkpt>
  <trkpt lat="-33.99495667" lon="-139.99512328"><ele>41.500</ele><time>2026-08-20T16:10:44Z</time><speed>0.000</speed><sat>23</sat></trkpt>
  <trkpt lat="-33.99495167" lon="-139.99511382"><ele>41.800</ele><time>2026-08-20T16:10:45Z</time><speed>0.000</speed><sat>25</sat></trkpt>
  <trkpt lat="-33.99495167" lon="-139.99509963"><ele>42.300</ele><time>2026-08-20T16:10:46Z</time><speed>0.000</speed><sat>25</sat></trkpt>
  <trkpt lat="-33.99495167" lon="-139.99509253"><ele>42.400</ele><time>2026-08-20T16:10:47Z</time><speed>0.000</speed><sat>25</sat></trkpt>
  <trkpt lat="-33.99495167" lon="-139.99508425"><ele>42.100</ele><time>2026-08-20T16:10:48Z</time><speed>0.484</speed><sat>25</sat></trkpt>
  <trkpt lat="-33.99495000" lon="-139.99507242"><ele>42.000</ele><time>2026-08-20T16:10:49Z</time><speed>0.466</speed><sat>25</sat></trkpt>
  <trkpt lat="-33.99494833" lon="-139.99506059"><ele>42.100</ele><time>2026-08-20T16:10:50Z</time><speed>0.000</speed><sat>25</sat></trkpt>
  <trkpt lat="-33.99494667" lon="-139.99504995"><ele>42.100</ele><time>2026-08-20T16:10:51Z</time><speed>0.446</speed><sat>25</sat></trkpt>
  <trkpt lat="-33.99494333" lon="-139.99504285"><ele>42.200</ele><time>2026-08-20T16:10:52Z</time><speed>0.000</speed><sat>25</sat></trkpt>
  <trkpt lat="-33.99493667" lon="-139.99503812"><ele>42.300</ele><time>2026-08-20T16:10:53Z</time><speed>0.000</speed><sat>25</sat></trkpt>
  <trkpt lat="-33.99493000" lon="-139.99502984"><ele>42.400</ele><time>2026-08-20T16:10:54Z</time><speed>0.000</speed><sat>23</sat></trkpt>
  <trkpt lat="-33.99493333" lon="-139.99501092"><ele>42.800</ele><time>2026-08-20T16:10:55Z</time><speed>0.000</speed><sat>24</sat></trkpt>
  <trkpt lat="-33.99493000" lon="-139.99499080"><ele>43.500</ele><time>2026-08-20T16:10:56Z</time><speed>0.515</speed><sat>24</sat></trkpt>
  <trkpt lat="-33.99492667" lon="-139.99497306"><ele>44.200</ele><time>2026-08-20T16:10:57Z</time><speed>0.000</speed><sat>24</sat></trkpt>
  <trkpt lat="-33.99492333" lon="-139.99495532"><ele>45.200</ele><time>2026-08-20T16:10:58Z</time><speed>0.000</speed><sat>25</sat></trkpt>
  <trkpt lat="-33.99492500" lon="-139.99493995"><ele>45.600</ele><time>2026-08-20T16:10:59Z</time><speed>0.000</speed><sat>25</sat></trkpt>
  <trkpt lat="-33.99492333" lon="-139.99492338"><ele>46.400</ele><time>2026-08-20T16:11:00Z</time><speed>0.000</speed><sat>25</sat></trkpt>
  <trkpt lat="-33.99492500" lon="-139.99490209"><ele>46.900</ele><time>2026-08-20T16:11:01Z</time><speed>0.000</speed><sat>25</sat></trkpt>
  <trkpt lat="-33.99492667" lon="-139.99488080"><ele>47.100</ele><time>2026-08-20T16:11:02Z</time><speed>0.940</speed><sat>25</sat></trkpt>
  <trkpt lat="-33.99492667" lon="-139.99486898"><ele>47.200</ele><time>2026-08-20T16:11:03Z</time><speed>0.000</speed><sat>26</sat></trkpt>
  <trkpt lat="-33.99492167" lon="-139.99486425"><ele>46.800</ele><time>2026-08-20T16:11:04Z</time><speed>0.891</speed><sat>26</sat></trkpt>
  <trkpt lat="-33.99492167" lon="-139.99485715"><ele>46.400</ele><time>2026-08-20T16:11:05Z</time><speed>0.811</speed><sat>26</sat></trkpt>
  <trkpt lat="-33.99492167" lon="-139.99485124"><ele>46.200</ele><time>2026-08-20T16:11:06Z</time><speed>0.000</speed><sat>26</sat></trkpt>
  <trkpt lat="-33.99492167" lon="-139.99483941"><ele>45.500</ele><time>2026-08-20T16:11:07Z</time><speed>0.713</speed><sat>27</sat></trkpt>
  <trkpt lat="-33.99492500" lon="-139.99482876"><ele>44.400</ele><time>2026-08-20T16:11:08Z</time><speed>0.681</speed><sat>27</sat></trkpt>
  <trkpt lat="-33.99493000" lon="-139.99481102"><ele>44.200</ele><time>2026-08-20T16:11:09Z</time><speed>0.000</speed><sat>25</sat></trkpt>
  <trkpt lat="-33.99493000" lon="-139.99479209"><ele>44.300</ele><time>2026-08-20T16:11:10Z</time><speed>0.652</speed><sat>24</sat></trkpt>
  <trkpt lat="-33.99493500" lon="-139.99477080"><ele>44.000</ele><time>2026-08-20T16:11:11Z</time><speed>0.650</speed><sat>26</sat></trkpt>
  <trkpt lat="-33.99494333" lon="-139.99474478"><ele>44.000</ele><time>2026-08-20T16:11:12Z</time><speed>0.690</speed><sat>26</sat></trkpt>
  <trkpt lat="-33.99494000" lon="-139.99473177"><ele>43.900</ele><time>2026-08-20T16:11:13Z</time><speed>0.748</speed><sat>25</sat></trkpt>
  <trkpt lat="-33.99494000" lon="-139.99471640"><ele>43.900</ele><time>2026-08-20T16:11:14Z</time><speed>0.000</speed><sat>24</sat></trkpt>
  <trkpt lat="-33.99493667" lon="-139.99470811"><ele>43.900</ele><time>2026-08-20T16:11:15Z</time><speed>0.827</speed><sat>25</sat></trkpt>
  <trkpt lat="-33.99493667" lon="-139.99469865"><ele>43.800</ele><time>2026-08-20T16:11:16Z</time><speed>0.000</speed><sat>24</sat></trkpt>
  <trkpt lat="-33.99493667" lon="-139.99468919"><ele>43.500</ele><time>2026-08-20T16:11:17Z</time><speed>0.800</speed><sat>25</sat></trkpt>
  <trkpt lat="-33.99493667" lon="-139.99467618"><ele>43.400</ele><time>2026-08-20T16:11:18Z</time><speed>0.763</speed><sat>25</sat></trkpt>
  <trkpt lat="-33.99492667" lon="-139.99465725"><ele>42.200</ele><time>2026-08-20T16:11:19Z</time><speed>0.774</speed><sat>24</sat></trkpt>
  <trkpt lat="-33.99492000" lon="-139.99464543"><ele>41.100</ele><time>2026-08-20T16:11:20Z</time><speed>0.769</speed><sat>25</sat></trkpt>
  <trkpt lat="-33.99492167" lon="-139.99463596"><ele>40.000</ele><time>2026-08-20T16:11:21Z</time><speed>0.702</speed><sat>22</sat></trkpt>
  <trkpt lat="-33.99492167" lon="-139.99462650"><ele>39.300</ele><time>2026-08-20T16:11:22Z</time><speed>0.588</speed><sat>24</sat></trkpt>
  <trkpt lat="-33.99492333" lon="-139.99461467"><ele>38.400</ele><time>2026-08-20T16:11:23Z</time><speed>0.544</speed><sat>25</sat></trkpt>
  <trkpt lat="-33.99492833" lon="-139.99460166"><ele>37.400</ele><time>2026-08-20T16:11:24Z</time><speed>0.000</speed><sat>24</sat></trkpt>
  <trkpt lat="-33.99492833" lon="-139.99458747"><ele>36.300</ele><time>2026-08-20T16:11:25Z</time><speed>0.506</speed><sat>25</sat></trkpt>
  <trkpt lat="-33.99493167" lon="-139.99457209"><ele>35.800</ele><time>2026-08-20T16:11:26Z</time><speed>0.532</speed><sat>23</sat></trkpt>
  <trkpt lat="-33.99493000" lon="-139.99455908"><ele>35.500</ele><time>2026-08-20T16:11:27Z</time><speed>0.582</speed><sat>23</sat></trkpt>
  <trkpt lat="-33.99492333" lon="-139.99454725"><ele>35.700</ele><time>2026-08-20T16:11:28Z</time><speed>0.669</speed><sat>23</sat></trkpt>
  <trkpt lat="-33.99492000" lon="-139.99453306"><ele>35.900</ele><time>2026-08-20T16:11:29Z</time><speed>0.683</speed><sat>24</sat></trkpt>
  <trkpt lat="-33.99492000" lon="-139.99451650"><ele>36.100</ele><time>2026-08-20T16:11:30Z</time><speed>0.707</speed><sat>25</sat></trkpt>
  <trkpt lat="-33.99492333" lon="-139.99450112"><ele>36.400</ele><time>2026-08-20T16:11:31Z</time><speed>0.000</speed><sat>25</sat></trkpt>
  <trkpt lat="-33.99492667" lon="-139.99448575"><ele>37.000</ele><time>2026-08-20T16:11:32Z</time><speed>0.827</speed><sat>25</sat></trkpt>
  <trkpt lat="-33.99493000" lon="-139.99447037"><ele>37.900</ele><time>2026-08-20T16:11:33Z</time><speed>0.904</speed><sat>25</sat></trkpt>
  <trkpt lat="-33.99492500" lon="-139.99445144"><ele>38.700</ele><time>2026-08-20T16:11:34Z</time><speed>1.006</speed><sat>24</sat></trkpt>
  <trkpt lat="-33.99492500" lon="-139.99443489"><ele>39.500</ele><time>2026-08-20T16:11:35Z</time><speed>1.067</speed><sat>25</sat></trkpt>
  <trkpt lat="-33.99492833" lon="-139.99442188"><ele>40.100</ele><time>2026-08-20T16:11:36Z</time><speed>1.112</speed><sat>25</sat></trkpt>
  <trkpt lat="-33.99493333" lon="-139.99441241"><ele>41.000</ele><time>2026-08-20T16:11:37Z</time><speed>1.136</speed><sat>24</sat></trkpt>
  <trkpt lat="-33.99493833" lon="-139.99440059"><ele>41.800</ele><time>2026-08-20T16:11:38Z</time><speed>0.000</speed><sat>26</sat></trkpt>
  <trkpt lat="-33.99494833" lon="-139.99438994"><ele>42.700</ele><time>2026-08-20T16:11:39Z</time><speed>0.000</speed><sat>26</sat></trkpt>
  <trkpt lat="-33.99495667" lon="-139.99437338"><ele>43.300</ele><time>2026-08-20T16:11:40Z</time><speed>1.018</speed><sat>26</sat></trkpt>
  <trkpt lat="-33.99496333" lon="-139.99436392"><ele>44.000</ele><time>2026-08-20T16:11:41Z</time><speed>0.980</speed><sat>26</sat></trkpt>
  <trkpt lat="-33.99497000" lon="-139.99434618"><ele>44.900</ele><time>2026-08-20T16:11:42Z</time><speed>0.953</speed><sat>26</sat></trkpt>
  <trkpt lat="-33.99497667" lon="-139.99433198"><ele>45.800</ele><time>2026-08-20T16:11:43Z</time><speed>0.926</speed><sat>25</sat></trkpt>
  <trkpt lat="-33.99498000" lon="-139.99432370"><ele>46.800</ele><time>2026-08-20T16:11:44Z</time><speed>0.000</speed><sat>26</sat></trkpt>
  <trkpt lat="-33.99498167" lon="-139.99431779"><ele>47.700</ele><time>2026-08-20T16:11:45Z</time><speed>0.000</speed><sat>26</sat></trkpt>
  <trkpt lat="-33.99497833" lon="-139.99430951"><ele>48.400</ele><time>2026-08-20T16:11:46Z</time><speed>0.000</speed><sat>26</sat></trkpt>
  <trkpt lat="-33.99497500" lon="-139.99430005"><ele>49.100</ele><time>2026-08-20T16:11:47Z</time><speed>0.000</speed><sat>25</sat></trkpt>
  <trkpt lat="-33.99497167" lon="-139.99428349"><ele>49.600</ele><time>2026-08-20T16:11:48Z</time><speed>0.672</speed><sat>25</sat></trkpt>
  <trkpt lat="-33.99497000" lon="-139.99427047"><ele>50.000</ele><time>2026-08-20T16:11:49Z</time><speed>0.636</speed><sat>25</sat></trkpt>
  <trkpt lat="-33.99496167" lon="-139.99425510"><ele>50.000</ele><time>2026-08-20T16:11:50Z</time><speed>0.580</speed><sat>26</sat></trkpt>
  <trkpt lat="-33.99495167" lon="-139.99424327"><ele>49.800</ele><time>2026-08-20T16:11:51Z</time><speed>0.557</speed><sat>26</sat></trkpt>
  <trkpt lat="-33.99494500" lon="-139.99423854"><ele>49.700</ele><time>2026-08-20T16:11:52Z</time><speed>0.000</speed><sat>25</sat></trkpt>
  <trkpt lat="-33.99493833" lon="-139.99423381"><ele>49.600</ele><time>2026-08-20T16:11:53Z</time><speed>0.000</speed><sat>24</sat></trkpt>
  <trkpt lat="-33.99493167" lon="-139.99422789"><ele>49.600</ele><time>2026-08-20T16:11:54Z</time><speed>0.000</speed><sat>24</sat></trkpt>
  <trkpt lat="-33.99492333" lon="-139.99420542"><ele>48.900</ele><time>2026-08-20T16:11:55Z</time><speed>0.610</speed><sat>25</sat></trkpt>
  <trkpt lat="-33.99492000" lon="-139.99418886"><ele>48.400</ele><time>2026-08-20T16:11:56Z</time><speed>0.674</speed><sat>25</sat></trkpt>
  <trkpt lat="-33.99491833" lon="-139.99417230"><ele>48.000</ele><time>2026-08-20T16:11:57Z</time><speed>0.000</speed><sat>24</sat></trkpt>
  <trkpt lat="-33.99491667" lon="-139.99416521"><ele>47.900</ele><time>2026-08-20T16:11:58Z</time><speed>0.000</speed><sat>22</sat></trkpt>
  <trkpt lat="-33.99491500" lon="-139.99415811"><ele>47.700</ele><time>2026-08-20T16:11:59Z</time><speed>0.000</speed><sat>22</sat></trkpt>
  <trkpt lat="-33.99491833" lon="-139.99414628"><ele>47.500</ele><time>2026-08-20T16:12:00Z</time><speed>0.000</speed><sat>23</sat></trkpt>
  <trkpt lat="-33.99492500" lon="-139.99413091"><ele>47.300</ele><time>2026-08-20T16:12:01Z</time><speed>0.000</speed><sat>23</sat></trkpt>
  <trkpt lat="-33.99493167" lon="-139.99411789"><ele>46.800</ele><time>2026-08-20T16:12:02Z</time><speed>0.835</speed><sat>23</sat></trkpt>
  <trkpt lat="-33.99493833" lon="-139.99410843"><ele>46.200</ele><time>2026-08-20T16:12:03Z</time><speed>0.000</speed><sat>23</sat></trkpt>
  <trkpt lat="-33.99494167" lon="-139.99409897"><ele>45.200</ele><time>2026-08-20T16:12:04Z</time><speed>0.721</speed><sat>24</sat></trkpt>
  <trkpt lat="-33.99494167" lon="-139.99408596"><ele>44.400</ele><time>2026-08-20T16:12:05Z</time><speed>0.687</speed><sat>23</sat></trkpt>
  <trkpt lat="-33.99494167" lon="-139.99407413"><ele>43.700</ele><time>2026-08-20T16:12:06Z</time><speed>0.000</speed><sat>23</sat></trkpt>
  <trkpt lat="-33.99493833" lon="-139.99406230"><ele>42.800</ele><time>2026-08-20T16:12:07Z</time><speed>0.000</speed><sat>25</sat></trkpt>
  <trkpt lat="-33.99493500" lon="-139.99405166"><ele>42.000</ele><time>2026-08-20T16:12:08Z</time><speed>0.000</speed><sat>24</sat></trkpt>
  <trkpt lat="-33.99494000" lon="-139.99403865"><ele>41.500</ele><time>2026-08-20T16:12:09Z</time><speed>0.000</speed><sat>26</sat></trkpt>
  <trkpt lat="-33.99494333" lon="-139.99402682"><ele>40.800</ele><time>2026-08-20T16:12:10Z</time><speed>0.000</speed><sat>26</sat></trkpt>
  <trkpt lat="-33.99494167" lon="-139.99401144"><ele>41.000</ele><time>2026-08-20T16:12:11Z</time><speed>0.745</speed><sat>24</sat></trkpt>
  <trkpt lat="-33.99494167" lon="-139.99399607"><ele>41.200</ele><time>2026-08-20T16:12:12Z</time><speed>0.000</speed><sat>24</sat></trkpt>
  <trkpt lat="-33.99493667" lon="-139.99398187"><ele>41.500</ele><time>2026-08-20T16:12:13Z</time><speed>0.000</speed><sat>26</sat></trkpt>
  <trkpt lat="-33.99493500" lon="-139.99396531"><ele>41.700</ele><time>2026-08-20T16:12:14Z</time><speed>0.000</speed><sat>25</sat></trkpt>
  <trkpt lat="-33.99493167" lon="-139.99394875"><ele>41.900</ele><time>2026-08-20T16:12:15Z</time><speed>0.000</speed><sat>24</sat></trkpt>
  <trkpt lat="-33.99492500" lon="-139.99393574"><ele>42.200</ele><time>2026-08-20T16:12:16Z</time><speed>0.000</speed><sat>25</sat></trkpt>
  <trkpt lat="-33.99491833" lon="-139.99392155"><ele>42.400</ele><time>2026-08-20T16:12:17Z</time><speed>0.000</speed><sat>24</sat></trkpt>
  <trkpt lat="-33.99491167" lon="-139.99390617"><ele>42.600</ele><time>2026-08-20T16:12:18Z</time><speed>0.000</speed><sat>25</sat></trkpt>
  <trkpt lat="-33.99490833" lon="-139.99389198"><ele>42.500</ele><time>2026-08-20T16:12:19Z</time><speed>0.753</speed><sat>24</sat></trkpt>
  <trkpt lat="-33.99490500" lon="-139.99387897"><ele>42.500</ele><time>2026-08-20T16:12:20Z</time><speed>0.758</speed><sat>25</sat></trkpt>
  <trkpt lat="-33.99490167" lon="-139.99386478"><ele>42.100</ele><time>2026-08-20T16:12:21Z</time><speed>0.705</speed><sat>23</sat></trkpt>
  <trkpt lat="-33.99489667" lon="-139.99385413"><ele>41.200</ele><time>2026-08-20T16:12:22Z</time><speed>0.000</speed><sat>24</sat></trkpt>
  <trkpt lat="-33.99489333" lon="-139.99384348"><ele>39.700</ele><time>2026-08-20T16:12:23Z</time><speed>0.000</speed><sat>24</sat></trkpt>
  <trkpt lat="-33.99489333" lon="-139.99383284"><ele>38.400</ele><time>2026-08-20T16:12:24Z</time><speed>0.000</speed><sat>24</sat></trkpt>
  <trkpt lat="-33.99489000" lon="-139.99381865"><ele>38.000</ele><time>2026-08-20T16:12:25Z</time><speed>0.000</speed><sat>22</sat></trkpt>
  <trkpt lat="-33.99489333" lon="-139.99380800"><ele>36.900</ele><time>2026-08-20T16:12:26Z</time><speed>0.000</speed><sat>22</sat></trkpt>
  <trkpt lat="-33.99489167" lon="-139.99380090"><ele>35.600</ele><time>2026-08-20T16:12:27Z</time><speed>0.000</speed><sat>23</sat></trkpt>
  <trkpt lat="-33.99489000" lon="-139.99379026"><ele>34.000</ele><time>2026-08-20T16:12:28Z</time><speed>0.515</speed><sat>23</sat></trkpt>
  <trkpt lat="-33.99488500" lon="-139.99377843"><ele>32.400</ele><time>2026-08-20T16:12:29Z</time><speed>0.523</speed><sat>23</sat></trkpt>
  <trkpt lat="-33.99488167" lon="-139.99376778"><ele>30.900</ele><time>2026-08-20T16:12:30Z</time><speed>0.487</speed><sat>22</sat></trkpt>
  <trkpt lat="-33.99488000" lon="-139.99375832"><ele>29.400</ele><time>2026-08-20T16:12:31Z</time><speed>0.483</speed><sat>22</sat></trkpt>
  <trkpt lat="-33.99487833" lon="-139.99374649"><ele>27.600</ele><time>2026-08-20T16:12:32Z</time><speed>0.471</speed><sat>23</sat></trkpt>
  <trkpt lat="-33.99487500" lon="-139.99373821"><ele>25.900</ele><time>2026-08-20T16:12:33Z</time><speed>0.451</speed><sat>23</sat></trkpt>
  <trkpt lat="-33.99488333" lon="-139.99372520"><ele>24.300</ele><time>2026-08-20T16:12:34Z</time><speed>0.000</speed><sat>24</sat></trkpt>
  <trkpt lat="-33.99488333" lon="-139.99371692"><ele>22.700</ele><time>2026-08-20T16:12:35Z</time><speed>0.000</speed><sat>24</sat></trkpt>
  <trkpt lat="-33.99488833" lon="-139.99369918"><ele>20.500</ele><time>2026-08-20T16:12:36Z</time><speed>0.521</speed><sat>24</sat></trkpt>
  <trkpt lat="-33.99489500" lon="-139.99368381"><ele>19.200</ele><time>2026-08-20T16:12:37Z</time><speed>0.000</speed><sat>24</sat></trkpt>
  <trkpt lat="-33.99490167" lon="-139.99367316"><ele>18.400</ele><time>2026-08-20T16:12:38Z</time><speed>0.000</speed><sat>24</sat></trkpt>
  <trkpt lat="-33.99490833" lon="-139.99366133"><ele>18.500</ele><time>2026-08-20T16:12:39Z</time><speed>0.000</speed><sat>24</sat></trkpt>
  <trkpt lat="-33.99490833" lon="-139.99364595"><ele>18.600</ele><time>2026-08-20T16:12:40Z</time><speed>0.000</speed><sat>23</sat></trkpt>
  <trkpt lat="-33.99491167" lon="-139.99361639"><ele>19.300</ele><time>2026-08-20T16:12:41Z</time><speed>0.000</speed><sat>23</sat></trkpt>
  <trkpt lat="-33.99492000" lon="-139.99358918"><ele>20.300</ele><time>2026-08-20T16:12:42Z</time><speed>0.000</speed><sat>23</sat></trkpt>
  <trkpt lat="-33.99492833" lon="-139.99356671"><ele>21.300</ele><time>2026-08-20T16:12:43Z</time><speed>0.000</speed><sat>24</sat></trkpt>
  <trkpt lat="-33.99494500" lon="-139.99354423"><ele>21.500</ele><time>2026-08-20T16:12:44Z</time><speed>0.850</speed><sat>24</sat></trkpt>
  <trkpt lat="-33.99495333" lon="-139.99352767"><ele>22.400</ele><time>2026-08-20T16:12:45Z</time><speed>0.910</speed><sat>25</sat></trkpt>
  <trkpt lat="-33.99496667" lon="-139.99350875"><ele>23.100</ele><time>2026-08-20T16:12:46Z</time><speed>0.959</speed><sat>25</sat></trkpt>
  <trkpt lat="-33.99497500" lon="-139.99348982"><ele>23.600</ele><time>2026-08-20T16:12:47Z</time><speed>0.985</speed><sat>25</sat></trkpt>
  <trkpt lat="-33.99497667" lon="-139.99347563"><ele>24.000</ele><time>2026-08-20T16:12:48Z</time><speed>0.000</speed><sat>24</sat></trkpt>
  <trkpt lat="-33.99497333" lon="-139.99346143"><ele>25.400</ele><time>2026-08-20T16:12:49Z</time><speed>0.000</speed><sat>25</sat></trkpt>
  <trkpt lat="-33.99496500" lon="-139.99345197"><ele>27.300</ele><time>2026-08-20T16:12:50Z</time><speed>1.051</speed><sat>25</sat></trkpt>
  <trkpt lat="-33.99495167" lon="-139.99344133"><ele>29.900</ele><time>2026-08-20T16:12:51Z</time><speed>1.075</speed><sat>25</sat></trkpt>
  <trkpt lat="-33.99493833" lon="-139.99342359"><ele>31.000</ele><time>2026-08-20T16:12:52Z</time><speed>1.190</speed><sat>25</sat></trkpt>
  <trkpt lat="-33.99492833" lon="-139.99339520"><ele>33.600</ele><time>2026-08-20T16:12:53Z</time><speed>1.291</speed><sat>26</sat></trkpt>
  <trkpt lat="-33.99492167" lon="-139.99336090"><ele>34.000</ele><time>2026-08-20T16:12:54Z</time><speed>1.302</speed><sat>25</sat></trkpt>
  <trkpt lat="-33.99492667" lon="-139.99334197"><ele>35.000</ele><time>2026-08-20T16:12:55Z</time><speed>1.326</speed><sat>25</sat></trkpt>
  <trkpt lat="-33.99492667" lon="-139.99332778"><ele>35.800</ele><time>2026-08-20T16:12:56Z</time><speed>1.320</speed><sat>25</sat></trkpt>
  <trkpt lat="-33.99492833" lon="-139.99331713"><ele>36.600</ele><time>2026-08-20T16:12:57Z</time><speed>1.323</speed><sat>26</sat></trkpt>
  <trkpt lat="-33.99492333" lon="-139.99330767"><ele>36.800</ele><time>2026-08-20T16:12:58Z</time><speed>1.282</speed><sat>25</sat></trkpt>
  <trkpt lat="-33.99492500" lon="-139.99330412"><ele>37.200</ele><time>2026-08-20T16:12:59Z</time><speed>1.205</speed><sat>25</sat></trkpt>
  <trkpt lat="-33.99492500" lon="-139.99329821"><ele>37.400</ele><time>2026-08-20T16:13:00Z</time><speed>1.163</speed><sat>25</sat></trkpt>
  <trkpt lat="-33.99492500" lon="-139.99329229"><ele>37.600</ele><time>2026-08-20T16:13:01Z</time><speed>1.054</speed><sat>24</sat></trkpt>
  <trkpt lat="-33.99493500" lon="-139.99328638"><ele>37.700</ele><time>2026-08-20T16:13:02Z</time><speed>0.832</speed><sat>23</sat></trkpt>
  <trkpt lat="-33.99493667" lon="-139.99328165"><ele>38.000</ele><time>2026-08-20T16:13:03Z</time><speed>0.652</speed><sat>22</sat></trkpt>
  <trkpt lat="-33.99493500" lon="-139.99327574"><ele>38.300</ele><time>2026-08-20T16:13:04Z</time><speed>0.567</speed><sat>22</sat></trkpt>
  <trkpt lat="-33.99493167" lon="-139.99326745"><ele>38.600</ele><time>2026-08-20T16:13:05Z</time><speed>0.000</speed><sat>22</sat></trkpt>
  <trkpt lat="-33.99493000" lon="-139.99325681"><ele>38.700</ele><time>2026-08-20T16:13:06Z</time><speed>0.000</speed><sat>23</sat></trkpt>
  <trkpt lat="-33.99492500" lon="-139.99324616"><ele>39.000</ele><time>2026-08-20T16:13:07Z</time><speed>0.000</speed><sat>22</sat></trkpt>
  <trkpt lat="-33.99492000" lon="-139.99323670"><ele>39.100</ele><time>2026-08-20T16:13:08Z</time><speed>0.000</speed><sat>20</sat></trkpt>
  <trkpt lat="-33.99491833" lon="-139.99322842"><ele>39.200</ele><time>2026-08-20T16:13:09Z</time><speed>0.000</speed><sat>20</sat></trkpt>
  <trkpt lat="-33.99492500" lon="-139.99320477"><ele>39.300</ele><time>2026-08-20T16:13:10Z</time><speed>0.000</speed><sat>22</sat></trkpt>
  <trkpt lat="-33.99492667" lon="-139.99318939"><ele>39.400</ele><time>2026-08-20T16:13:11Z</time><speed>0.451</speed><sat>23</sat></trkpt>
  <trkpt lat="-33.99492333" lon="-139.99317401"><ele>39.600</ele><time>2026-08-20T16:13:12Z</time><speed>0.528</speed><sat>23</sat></trkpt>
  <trkpt lat="-33.99492500" lon="-139.99315745"><ele>39.800</ele><time>2026-08-20T16:13:13Z</time><speed>0.604</speed><sat>23</sat></trkpt>
  <trkpt lat="-33.99492833" lon="-139.99313735"><ele>39.800</ele><time>2026-08-20T16:13:14Z</time><speed>0.663</speed><sat>23</sat></trkpt>
  <trkpt lat="-33.99493167" lon="-139.99312907"><ele>40.900</ele><time>2026-08-20T16:13:15Z</time><speed>0.655</speed><sat>23</sat></trkpt>
  <trkpt lat="-33.99493667" lon="-139.99311961"><ele>41.800</ele><time>2026-08-20T16:13:16Z</time><speed>0.651</speed><sat>23</sat></trkpt>
  <trkpt lat="-33.99494000" lon="-139.99311132"><ele>42.700</ele><time>2026-08-20T16:13:17Z</time><speed>0.641</speed><sat>23</sat></trkpt>
  <trkpt lat="-33.99494000" lon="-139.99310423"><ele>43.400</ele><time>2026-08-20T16:13:18Z</time><speed>0.664</speed><sat>23</sat></trkpt>
  <trkpt lat="-33.99494167" lon="-139.99309832"><ele>44.100</ele><time>2026-08-20T16:13:19Z</time><speed>0.685</speed><sat>22</sat></trkpt>
  <trkpt lat="-33.99494167" lon="-139.99308530"><ele>45.000</ele><time>2026-08-20T16:13:20Z</time><speed>0.736</speed><sat>23</sat></trkpt>
  <trkpt lat="-33.99493833" lon="-139.99307229"><ele>45.900</ele><time>2026-08-20T16:13:21Z</time><speed>0.731</speed><sat>23</sat></trkpt>
  <trkpt lat="-33.99493500" lon="-139.99306401"><ele>46.300</ele><time>2026-08-20T16:13:22Z</time><speed>0.000</speed><sat>24</sat></trkpt>
  <trkpt lat="-33.99493167" lon="-139.99305219"><ele>47.000</ele><time>2026-08-20T16:13:23Z</time><speed>0.667</speed><sat>23</sat></trkpt>
  <trkpt lat="-33.99492500" lon="-139.99303207"><ele>47.300</ele><time>2026-08-20T16:13:24Z</time><speed>0.638</speed><sat>25</sat></trkpt>
  <trkpt lat="-33.99491833" lon="-139.99302380"><ele>47.600</ele><time>2026-08-20T16:13:25Z</time><speed>0.639</speed><sat>25</sat></trkpt>
  <trkpt lat="-33.99491667" lon="-139.99301078"><ele>47.900</ele><time>2026-08-20T16:13:26Z</time><speed>0.630</speed><sat>25</sat></trkpt>
  <trkpt lat="-33.99491333" lon="-139.99299777"><ele>48.300</ele><time>2026-08-20T16:13:27Z</time><speed>0.635</speed><sat>25</sat></trkpt>
  <trkpt lat="-33.99491000" lon="-139.99298594"><ele>48.800</ele><time>2026-08-20T16:13:28Z</time><speed>0.632</speed><sat>25</sat></trkpt>
  <trkpt lat="-33.99490500" lon="-139.99297175"><ele>49.200</ele><time>2026-08-20T16:13:29Z</time><speed>0.620</speed><sat>24</sat></trkpt>
  <trkpt lat="-33.99490000" lon="-139.99295756"><ele>49.400</ele><time>2026-08-20T16:13:30Z</time><speed>0.610</speed><sat>25</sat></trkpt>
  <trkpt lat="-33.99489833" lon="-139.99294928"><ele>49.600</ele><time>2026-08-20T16:13:31Z</time><speed>0.000</speed><sat>22</sat></trkpt>
  <trkpt lat="-33.99489500" lon="-139.99293627"><ele>49.900</ele><time>2026-08-20T16:13:32Z</time><speed>0.000</speed><sat>24</sat></trkpt>
  <trkpt lat="-33.99489167" lon="-139.99291498"><ele>50.100</ele><time>2026-08-20T16:13:33Z</time><speed>0.623</speed><sat>24</sat></trkpt>
  <trkpt lat="-33.99489000" lon="-139.99289960"><ele>50.700</ele><time>2026-08-20T16:13:34Z</time><speed>0.592</speed><sat>25</sat></trkpt>
  <trkpt lat="-33.99491833" lon="-139.99287831"><ele>48.800</ele><time>2026-08-20T16:13:35Z</time><speed>0.611</speed><sat>25</sat></trkpt>
  <trkpt lat="-33.99493500" lon="-139.99285939"><ele>46.600</ele><time>2026-08-20T16:13:36Z</time><speed>0.634</speed><sat>26</sat></trkpt>
  <trkpt lat="-33.99493667" lon="-139.99285110"><ele>46.200</ele><time>2026-08-20T16:13:37Z</time><speed>0.638</speed><sat>26</sat></trkpt>
  <trkpt lat="-33.99494167" lon="-139.99283928"><ele>46.100</ele><time>2026-08-20T16:13:38Z</time><speed>0.638</speed><sat>26</sat></trkpt>
  <trkpt lat="-33.99494000" lon="-139.99282745"><ele>46.000</ele><time>2026-08-20T16:13:39Z</time><speed>0.639</speed><sat>26</sat></trkpt>
  <trkpt lat="-33.99493500" lon="-139.99281562"><ele>45.800</ele><time>2026-08-20T16:13:40Z</time><speed>0.637</speed><sat>26</sat></trkpt>
  <trkpt lat="-33.99492833" lon="-139.99279788"><ele>45.800</ele><time>2026-08-20T16:13:41Z</time><speed>0.643</speed><sat>26</sat></trkpt>
  <trkpt lat="-33.99492500" lon="-139.99278368"><ele>45.400</ele><time>2026-08-20T16:13:42Z</time><speed>0.628</speed><sat>27</sat></trkpt>
  <trkpt lat="-33.99492167" lon="-139.99276594"><ele>45.300</ele><time>2026-08-20T16:13:43Z</time><speed>0.641</speed><sat>27</sat></trkpt>
  <trkpt lat="-33.99491833" lon="-139.99275057"><ele>44.600</ele><time>2026-08-20T16:13:44Z</time><speed>0.686</speed><sat>26</sat></trkpt>
  <trkpt lat="-33.99491167" lon="-139.99273519"><ele>44.200</ele><time>2026-08-20T16:13:45Z</time><speed>0.697</speed><sat>27</sat></trkpt>
  <trkpt lat="-33.99490833" lon="-139.99271981"><ele>44.200</ele><time>2026-08-20T16:13:46Z</time><speed>0.696</speed><sat>27</sat></trkpt>
  <trkpt lat="-33.99491000" lon="-139.99270207"><ele>44.200</ele><time>2026-08-20T16:13:47Z</time><speed>0.706</speed><sat>26</sat></trkpt>
  <trkpt lat="-33.99491333" lon="-139.99268906"><ele>44.400</ele><time>2026-08-20T16:13:48Z</time><speed>0.724</speed><sat>27</sat></trkpt>
  <trkpt lat="-33.99491667" lon="-139.99267842"><ele>44.600</ele><time>2026-08-20T16:13:49Z</time><speed>0.754</speed><sat>27</sat></trkpt>
  <trkpt lat="-33.99491833" lon="-139.99266541"><ele>44.600</ele><time>2026-08-20T16:13:50Z</time><speed>0.754</speed><sat>27</sat></trkpt>
  <trkpt lat="-33.99491667" lon="-139.99265831"><ele>44.700</ele><time>2026-08-20T16:13:51Z</time><speed>0.746</speed><sat>28</sat></trkpt>
  <trkpt lat="-33.99491667" lon="-139.99265358"><ele>44.800</ele><time>2026-08-20T16:13:52Z</time><speed>0.744</speed><sat>29</sat></trkpt>
  <trkpt lat="-33.99491500" lon="-139.99264412"><ele>44.500</ele><time>2026-08-20T16:13:53Z</time><speed>0.770</speed><sat>28</sat></trkpt>
  <trkpt lat="-33.99491333" lon="-139.99263702"><ele>44.100</ele><time>2026-08-20T16:13:54Z</time><speed>0.786</speed><sat>28</sat></trkpt>
  <trkpt lat="-33.99490833" lon="-139.99263110"><ele>43.800</ele><time>2026-08-20T16:13:55Z</time><speed>0.783</speed><sat>28</sat></trkpt>
  <trkpt lat="-33.99491167" lon="-139.99262400"><ele>43.400</ele><time>2026-08-20T16:13:56Z</time><speed>0.736</speed><sat>29</sat></trkpt>
  <trkpt lat="-33.99491500" lon="-139.99261691"><ele>43.000</ele><time>2026-08-20T16:13:57Z</time><speed>0.697</speed><sat>29</sat></trkpt>
  <trkpt lat="-33.99491667" lon="-139.99260745"><ele>42.800</ele><time>2026-08-20T16:13:58Z</time><speed>0.662</speed><sat>29</sat></trkpt>
  <trkpt lat="-33.99492167" lon="-139.99259325"><ele>42.700</ele><time>2026-08-20T16:13:59Z</time><speed>0.644</speed><sat>28</sat></trkpt>
  <trkpt lat="-33.99492167" lon="-139.99258142"><ele>43.000</ele><time>2026-08-20T16:14:00Z</time><speed>0.627</speed><sat>29</sat></trkpt>
  <trkpt lat="-33.99492000" lon="-139.99256842"><ele>43.200</ele><time>2026-08-20T16:14:01Z</time><speed>0.623</speed><sat>29</sat></trkpt>
  <trkpt lat="-33.99491833" lon="-139.99255304"><ele>43.200</ele><time>2026-08-20T16:14:02Z</time><speed>0.655</speed><sat>29</sat></trkpt>
  <trkpt lat="-33.99491667" lon="-139.99254003"><ele>43.100</ele><time>2026-08-20T16:14:03Z</time><speed>0.642</speed><sat>29</sat></trkpt>
  <trkpt lat="-33.99491167" lon="-139.99252938"><ele>43.100</ele><time>2026-08-20T16:14:04Z</time><speed>0.000</speed><sat>29</sat></trkpt>
  <trkpt lat="-33.99489833" lon="-139.99251519"><ele>42.900</ele><time>2026-08-20T16:14:05Z</time><speed>0.690</speed><sat>28</sat></trkpt>
  <trkpt lat="-33.99488833" lon="-139.99249981"><ele>42.500</ele><time>2026-08-20T16:14:06Z</time><speed>0.758</speed><sat>27</sat></trkpt>
  <trkpt lat="-33.99488500" lon="-139.99248562"><ele>42.100</ele><time>2026-08-20T16:14:07Z</time><speed>0.805</speed><sat>27</sat></trkpt>
  <trkpt lat="-33.99488167" lon="-139.99247024"><ele>41.700</ele><time>2026-08-20T16:14:08Z</time><speed>0.000</speed><sat>28</sat></trkpt>
  <trkpt lat="-33.99487333" lon="-139.99245250"><ele>41.300</ele><time>2026-08-20T16:14:09Z</time><speed>0.000</speed><sat>29</sat></trkpt>
  <trkpt lat="-33.99487000" lon="-139.99244186"><ele>40.400</ele><time>2026-08-20T16:14:10Z</time><speed>0.758</speed><sat>29</sat></trkpt>
  <trkpt lat="-33.99487000" lon="-139.99242884"><ele>39.500</ele><time>2026-08-20T16:14:11Z</time><speed>0.712</speed><sat>29</sat></trkpt>
  <trkpt lat="-33.99486833" lon="-139.99242057"><ele>38.400</ele><time>2026-08-20T16:14:12Z</time><speed>0.659</speed><sat>29</sat></trkpt>
  <trkpt lat="-33.99486500" lon="-139.99241702"><ele>37.300</ele><time>2026-08-20T16:14:13Z</time><speed>0.615</speed><sat>29</sat></trkpt>
  <trkpt lat="-33.99486500" lon="-139.99240282"><ele>37.000</ele><time>2026-08-20T16:14:14Z</time><speed>0.575</speed><sat>28</sat></trkpt>
  <trkpt lat="-33.99486333" lon="-139.99239336"><ele>36.800</ele><time>2026-08-20T16:14:15Z</time><speed>0.523</speed><sat>28</sat></trkpt>
  <trkpt lat="-33.99486333" lon="-139.99238271"><ele>36.500</ele><time>2026-08-20T16:14:16Z</time><speed>0.000</speed><sat>28</sat></trkpt>
  <trkpt lat="-33.99486167" lon="-139.99237207"><ele>36.100</ele><time>2026-08-20T16:14:17Z</time><speed>0.000</speed><sat>29</sat></trkpt>
  <trkpt lat="-33.99486000" lon="-139.99236497"><ele>35.800</ele><time>2026-08-20T16:14:18Z</time><speed>0.000</speed><sat>29</sat></trkpt>
  <trkpt lat="-33.99485500" lon="-139.99235315"><ele>35.500</ele><time>2026-08-20T16:14:19Z</time><speed>0.479</speed><sat>27</sat></trkpt>
  <trkpt lat="-33.99485000" lon="-139.99233777"><ele>35.300</ele><time>2026-08-20T16:14:20Z</time><speed>0.523</speed><sat>28</sat></trkpt>
  <trkpt lat="-33.99484833" lon="-139.99232239"><ele>35.400</ele><time>2026-08-20T16:14:21Z</time><speed>0.000</speed><sat>27</sat></trkpt>
  <trkpt lat="-33.99484667" lon="-139.99230820"><ele>35.100</ele><time>2026-08-20T16:14:22Z</time><speed>0.000</speed><sat>27</sat></trkpt>
  <trkpt lat="-33.99484833" lon="-139.99229519"><ele>35.100</ele><time>2026-08-20T16:14:23Z</time><speed>0.000</speed><sat>27</sat></trkpt>
  <trkpt lat="-33.99484833" lon="-139.99228099"><ele>35.400</ele><time>2026-08-20T16:14:24Z</time><speed>0.000</speed><sat>27</sat></trkpt>
  <trkpt lat="-33.99484833" lon="-139.99226207"><ele>35.700</ele><time>2026-08-20T16:14:25Z</time><speed>0.000</speed><sat>26</sat></trkpt>
  <trkpt lat="-33.99484833" lon="-139.99224551"><ele>36.700</ele><time>2026-08-20T16:14:26Z</time><speed>0.710</speed><sat>26</sat></trkpt>
  <trkpt lat="-33.99484833" lon="-139.99223013"><ele>37.600</ele><time>2026-08-20T16:14:27Z</time><speed>0.742</speed><sat>26</sat></trkpt>
  <trkpt lat="-33.99484833" lon="-139.99221476"><ele>38.400</ele><time>2026-08-20T16:14:28Z</time><speed>0.000</speed><sat>26</sat></trkpt>
  <trkpt lat="-33.99485000" lon="-139.99219819"><ele>39.400</ele><time>2026-08-20T16:14:29Z</time><speed>0.809</speed><sat>26</sat></trkpt>
  <trkpt lat="-33.99485000" lon="-139.99218164"><ele>40.200</ele><time>2026-08-20T16:14:30Z</time><speed>0.000</speed><sat>27</sat></trkpt>
  <trkpt lat="-33.99485167" lon="-139.99216744"><ele>41.100</ele><time>2026-08-20T16:14:31Z</time><speed>0.000</speed><sat>27</sat></trkpt>
  <trkpt lat="-33.99485500" lon="-139.99215089"><ele>42.000</ele><time>2026-08-20T16:14:32Z</time><speed>0.000</speed><sat>27</sat></trkpt>
  <trkpt lat="-33.99486000" lon="-139.99213551"><ele>42.700</ele><time>2026-08-20T16:14:33Z</time><speed>0.000</speed><sat>25</sat></trkpt>
  <trkpt lat="-33.99486333" lon="-139.99211540"><ele>43.600</ele><time>2026-08-20T16:14:34Z</time><speed>0.871</speed><sat>26</sat></trkpt>
  <trkpt lat="-33.99486833" lon="-139.99209411"><ele>44.700</ele><time>2026-08-20T16:14:35Z</time><speed>0.873</speed><sat>26</sat></trkpt>
  <trkpt lat="-33.99487000" lon="-139.99207518"><ele>45.800</ele><time>2026-08-20T16:14:36Z</time><speed>0.000</speed><sat>26</sat></trkpt>
  <trkpt lat="-33.99486500" lon="-139.99205508"><ele>46.700</ele><time>2026-08-20T16:14:37Z</time><speed>0.919</speed><sat>26</sat></trkpt>
  <trkpt lat="-33.99487000" lon="-139.99204443"><ele>47.300</ele><time>2026-08-20T16:14:38Z</time><speed>0.000</speed><sat>27</sat></trkpt>
  <trkpt lat="-33.99488000" lon="-139.99202551"><ele>48.000</ele><time>2026-08-20T16:14:39Z</time><speed>0.000</speed><sat>27</sat></trkpt>
  <trkpt lat="-33.99488333" lon="-139.99201605"><ele>48.700</ele><time>2026-08-20T16:14:40Z</time><speed>0.000</speed><sat>27</sat></trkpt>
  <trkpt lat="-33.99488000" lon="-139.99200303"><ele>49.100</ele><time>2026-08-20T16:14:41Z</time><speed>0.000</speed><sat>27</sat></trkpt>
  <trkpt lat="-33.99487833" lon="-139.99199121"><ele>49.800</ele><time>2026-08-20T16:14:42Z</time><speed>0.895</speed><sat>27</sat></trkpt>
  <trkpt lat="-33.99487833" lon="-139.99197938"><ele>50.600</ele><time>2026-08-20T16:14:43Z</time><speed>0.871</speed><sat>27</sat></trkpt>
  <trkpt lat="-33.99488167" lon="-139.99196992"><ele>51.100</ele><time>2026-08-20T16:14:44Z</time><speed>0.000</speed><sat>27</sat></trkpt>
  <trkpt lat="-33.99488000" lon="-139.99195927"><ele>51.600</ele><time>2026-08-20T16:14:45Z</time><speed>0.000</speed><sat>27</sat></trkpt>
  <trkpt lat="-33.99488167" lon="-139.99194863"><ele>52.200</ele><time>2026-08-20T16:14:46Z</time><speed>0.000</speed><sat>27</sat></trkpt>
  <trkpt lat="-33.99488167" lon="-139.99193680"><ele>52.600</ele><time>2026-08-20T16:14:47Z</time><speed>0.000</speed><sat>26</sat></trkpt>
  <trkpt lat="-33.99488667" lon="-139.99192260"><ele>52.800</ele><time>2026-08-20T16:14:48Z</time><speed>0.611</speed><sat>26</sat></trkpt>
  <trkpt lat="-33.99488667" lon="-139.99190959"><ele>52.800</ele><time>2026-08-20T16:14:49Z</time><speed>0.563</speed><sat>26</sat></trkpt>
  <trkpt lat="-33.99488000" lon="-139.99189658"><ele>53.100</ele><time>2026-08-20T16:14:50Z</time><speed>0.566</speed><sat>27</sat></trkpt>
  <trkpt lat="-33.99487333" lon="-139.99188357"><ele>53.800</ele><time>2026-08-20T16:14:51Z</time><speed>0.567</speed><sat>27</sat></trkpt>
  <trkpt lat="-33.99487000" lon="-139.99186938"><ele>54.200</ele><time>2026-08-20T16:14:52Z</time><speed>0.608</speed><sat>26</sat></trkpt>
  <trkpt lat="-33.99486500" lon="-139.99185755"><ele>54.600</ele><time>2026-08-20T16:14:53Z</time><speed>0.000</speed><sat>25</sat></trkpt>
  <trkpt lat="-33.99485833" lon="-139.99184454"><ele>54.900</ele><time>2026-08-20T16:14:54Z</time><speed>0.000</speed><sat>26</sat></trkpt>
  <trkpt lat="-33.99485333" lon="-139.99183153"><ele>55.300</ele><time>2026-08-20T16:14:55Z</time><speed>0.728</speed><sat>28</sat></trkpt>
  <trkpt lat="-33.99484500" lon="-139.99181496"><ele>55.900</ele><time>2026-08-20T16:14:56Z</time><speed>0.755</speed><sat>28</sat></trkpt>
  <trkpt lat="-33.99484167" lon="-139.99180432"><ele>56.200</ele><time>2026-08-20T16:14:57Z</time><speed>0.000</speed><sat>27</sat></trkpt>
  <trkpt lat="-33.99483667" lon="-139.99179131"><ele>56.500</ele><time>2026-08-20T16:14:58Z</time><speed>0.000</speed><sat>26</sat></trkpt>
  <trkpt lat="-33.99483333" lon="-139.99178421"><ele>56.700</ele><time>2026-08-20T16:14:59Z</time><speed>0.000</speed><sat>26</sat></trkpt>
  <trkpt lat="-33.99482833" lon="-139.99177475"><ele>56.800</ele><time>2026-08-20T16:15:00Z</time><speed>0.000</speed><sat>26</sat></trkpt>
  <trkpt lat="-33.99482667" lon="-139.99175819"><ele>56.700</ele><time>2026-08-20T16:15:01Z</time><speed>0.000</speed><sat>25</sat></trkpt>
  <trkpt lat="-33.99482500" lon="-139.99174163"><ele>56.800</ele><time>2026-08-20T16:15:02Z</time><speed>0.000</speed><sat>27</sat></trkpt>
  <trkpt lat="-33.99482167" lon="-139.99173099"><ele>56.800</ele><time>2026-08-20T16:15:03Z</time><speed>0.558</speed><sat>27</sat></trkpt>
  <trkpt lat="-33.99481500" lon="-139.99172153"><ele>57.000</ele><time>2026-08-20T16:15:04Z</time><speed>0.454</speed><sat>26</sat></trkpt>
  <trkpt lat="-33.99481000" lon="-139.99170970"><ele>57.000</ele><time>2026-08-20T16:15:05Z</time><speed>0.402</speed><sat>26</sat></trkpt>
  <trkpt lat="-33.99481000" lon="-139.99170024"><ele>56.900</ele><time>2026-08-20T16:15:06Z</time><speed>0.000</speed><sat>26</sat></trkpt>
  <trkpt lat="-33.99481500" lon="-139.99168959"><ele>56.800</ele><time>2026-08-20T16:15:07Z</time><speed>0.000</speed><sat>27</sat></trkpt>
  <trkpt lat="-33.99481667" lon="-139.99167895"><ele>56.600</ele><time>2026-08-20T16:15:08Z</time><speed>0.000</speed><sat>27</sat></trkpt>
  <trkpt lat="-33.99481667" lon="-139.99167895"><ele>56.600</ele><time>2026-08-20T16:15:09Z</time><speed>0.000</speed><sat>26</sat></trkpt>
  <trkpt lat="-33.99481500" lon="-139.99165174"><ele>55.900</ele><time>2026-08-20T16:15:10Z</time><speed>0.000</speed><sat>26</sat></trkpt>
  <trkpt lat="-33.99481333" lon="-139.99163873"><ele>55.400</ele><time>2026-08-20T16:15:11Z</time><speed>0.389</speed><sat>27</sat></trkpt>
  <trkpt lat="-33.99481167" lon="-139.99162927"><ele>55.200</ele><time>2026-08-20T16:15:12Z</time><speed>0.446</speed><sat>26</sat></trkpt>
  <trkpt lat="-33.99480833" lon="-139.99161744"><ele>55.000</ele><time>2026-08-20T16:15:13Z</time><speed>0.000</speed><sat>27</sat></trkpt>
  <trkpt lat="-33.99481333" lon="-139.99160916"><ele>55.000</ele><time>2026-08-20T16:15:14Z</time><speed>0.000</speed><sat>27</sat></trkpt>
  <trkpt lat="-33.99481833" lon="-139.99159970"><ele>55.000</ele><time>2026-08-20T16:15:15Z</time><speed>0.000</speed><sat>26</sat></trkpt>
  <trkpt lat="-33.99482333" lon="-139.99158550"><ele>55.100</ele><time>2026-08-20T16:15:16Z</time><speed>0.000</speed><sat>26</sat></trkpt>
  <trkpt lat="-33.99482500" lon="-139.99156657"><ele>55.400</ele><time>2026-08-20T16:15:17Z</time><speed>0.000</speed><sat>26</sat></trkpt>
  <trkpt lat="-33.99482333" lon="-139.99154647"><ele>55.600</ele><time>2026-08-20T16:15:18Z</time><speed>0.493</speed><sat>27</sat></trkpt>
  <trkpt lat="-33.99482500" lon="-139.99153346"><ele>55.600</ele><time>2026-08-20T16:15:19Z</time><speed>0.508</speed><sat>27</sat></trkpt>
  <trkpt lat="-33.99482500" lon="-139.99152163"><ele>55.500</ele><time>2026-08-20T16:15:20Z</time><speed>0.527</speed><sat>26</sat></trkpt>
  <trkpt lat="-33.99482333" lon="-139.99151098"><ele>55.200</ele><time>2026-08-20T16:15:21Z</time><speed>0.000</speed><sat>26</sat></trkpt>
  <trkpt lat="-33.99482333" lon="-139.99150270"><ele>54.800</ele><time>2026-08-20T16:15:22Z</time><speed>0.000</speed><sat>26</sat></trkpt>
  <trkpt lat="-33.99482000" lon="-139.99149206"><ele>54.400</ele><time>2026-08-20T16:15:23Z</time><speed>0.000</speed><sat>24</sat></trkpt>
  <trkpt lat="-33.99481667" lon="-139.99148023"><ele>53.900</ele><time>2026-08-20T16:15:24Z</time><speed>0.000</speed><sat>24</sat></trkpt>
  <trkpt lat="-33.99481500" lon="-139.99146131"><ele>53.400</ele><time>2026-08-20T16:15:25Z</time><speed>0.000</speed><sat>25</sat></trkpt>
  <trkpt lat="-33.99481167" lon="-139.99144475"><ele>52.900</ele><time>2026-08-20T16:15:26Z</time><speed>0.000</speed><sat>25</sat></trkpt>
  <trkpt lat="-33.99481000" lon="-139.99143292"><ele>52.700</ele><time>2026-08-20T16:15:27Z</time><speed>0.000</speed><sat>23</sat></trkpt>
  <trkpt lat="-33.99480833" lon="-139.99142464"><ele>52.600</ele><time>2026-08-20T16:15:28Z</time><speed>0.000</speed><sat>24</sat></trkpt>
  <trkpt lat="-33.99480500" lon="-139.99141163"><ele>52.700</ele><time>2026-08-20T16:15:29Z</time><speed>0.000</speed><sat>25</sat></trkpt>
  <trkpt lat="-33.99480167" lon="-139.99139980"><ele>52.600</ele><time>2026-08-20T16:15:30Z</time><speed>0.000</speed><sat>26</sat></trkpt>
  <trkpt lat="-33.99480000" lon="-139.99138560"><ele>52.600</ele><time>2026-08-20T16:15:31Z</time><speed>0.000</speed><sat>26</sat></trkpt>
  <trkpt lat="-33.99480000" lon="-139.99136550"><ele>52.600</ele><time>2026-08-20T16:15:32Z</time><speed>0.000</speed><sat>26</sat></trkpt>
  <trkpt lat="-33.99480500" lon="-139.99134539"><ele>52.700</ele><time>2026-08-20T16:15:33Z</time><speed>0.000</speed><sat>26</sat></trkpt>
  <trkpt lat="-33.99481000" lon="-139.99132292"><ele>53.000</ele><time>2026-08-20T16:15:34Z</time><speed>0.736</speed><sat>25</sat></trkpt>
  <trkpt lat="-33.99481667" lon="-139.99130872"><ele>53.200</ele><time>2026-08-20T16:15:35Z</time><speed>0.758</speed><sat>25</sat></trkpt>
  <trkpt lat="-33.99482000" lon="-139.99129572"><ele>53.600</ele><time>2026-08-20T16:15:36Z</time><speed>0.000</speed><sat>25</sat></trkpt>
  <trkpt lat="-33.99482333" lon="-139.99128152"><ele>53.600</ele><time>2026-08-20T16:15:37Z</time><speed>0.772</speed><sat>26</sat></trkpt>
  <trkpt lat="-33.99482667" lon="-139.99126496"><ele>53.700</ele><time>2026-08-20T16:15:38Z</time><speed>0.790</speed><sat>26</sat></trkpt>
  <trkpt lat="-33.99482833" lon="-139.99125195"><ele>53.800</ele><time>2026-08-20T16:15:39Z</time><speed>0.000</speed><sat>26</sat></trkpt>
  <trkpt lat="-33.99482833" lon="-139.99123776"><ele>54.300</ele><time>2026-08-20T16:15:40Z</time><speed>0.000</speed><sat>25</sat></trkpt>
  <trkpt lat="-33.99483000" lon="-139.99122120"><ele>54.900</ele><time>2026-08-20T16:15:41Z</time><speed>0.785</speed><sat>24</sat></trkpt>
  <trkpt lat="-33.99483000" lon="-139.99120582"><ele>55.500</ele><time>2026-08-20T16:15:42Z</time><speed>0.782</speed><sat>25</sat></trkpt>
  <trkpt lat="-33.99483167" lon="-139.99119281"><ele>56.100</ele><time>2026-08-20T16:15:43Z</time><speed>0.772</speed><sat>25</sat></trkpt>
  <trkpt lat="-33.99483000" lon="-139.99117980"><ele>56.400</ele><time>2026-08-20T16:15:44Z</time><speed>0.000</speed><sat>26</sat></trkpt>
  <trkpt lat="-33.99482833" lon="-139.99116797"><ele>56.600</ele><time>2026-08-20T16:15:45Z</time><speed>0.748</speed><sat>25</sat></trkpt>
  <trkpt lat="-33.99483000" lon="-139.99115496"><ele>57.100</ele><time>2026-08-20T16:15:46Z</time><speed>0.000</speed><sat>25</sat></trkpt>
  <trkpt lat="-33.99482333" lon="-139.99114431"><ele>57.300</ele><time>2026-08-20T16:15:47Z</time><speed>0.000</speed><sat>25</sat></trkpt>
  <trkpt lat="-33.99481167" lon="-139.99113130"><ele>57.800</ele><time>2026-08-20T16:15:48Z</time><speed>0.744</speed><sat>25</sat></trkpt>
  <trkpt lat="-33.99481000" lon="-139.99112421"><ele>57.900</ele><time>2026-08-20T16:15:49Z</time><speed>0.730</speed><sat>25</sat></trkpt>
  <trkpt lat="-33.99480833" lon="-139.99111711"><ele>58.100</ele><time>2026-08-20T16:15:50Z</time><speed>0.725</speed><sat>24</sat></trkpt>
  <trkpt lat="-33.99481333" lon="-139.99111238"><ele>58.200</ele><time>2026-08-20T16:15:51Z</time><speed>0.000</speed><sat>25</sat></trkpt>
  <trkpt lat="-33.99482000" lon="-139.99110765"><ele>58.300</ele><time>2026-08-20T16:15:52Z</time><speed>0.682</speed><sat>25</sat></trkpt>
  <trkpt lat="-33.99483000" lon="-139.99110055"><ele>58.300</ele><time>2026-08-20T16:15:53Z</time><speed>0.642</speed><sat>23</sat></trkpt>
  <trkpt lat="-33.99483833" lon="-139.99109818"><ele>58.700</ele><time>2026-08-20T16:15:54Z</time><speed>0.587</speed><sat>22</sat></trkpt>
  <trkpt lat="-33.99484667" lon="-139.99109227"><ele>58.900</ele><time>2026-08-20T16:15:55Z</time><speed>0.539</speed><sat>25</sat></trkpt>
  <trkpt lat="-33.99485333" lon="-139.99108636"><ele>59.300</ele><time>2026-08-20T16:15:56Z</time><speed>0.497</speed><sat>24</sat></trkpt>
  <trkpt lat="-33.99485833" lon="-139.99108517"><ele>59.600</ele><time>2026-08-20T16:15:57Z</time><speed>0.000</speed><sat>22</sat></trkpt>
  <trkpt lat="-33.99486167" lon="-139.99108636"><ele>59.900</ele><time>2026-08-20T16:15:58Z</time><speed>0.419</speed><sat>20</sat></trkpt>
  <trkpt lat="-33.99486500" lon="-139.99108991"><ele>60.000</ele><time>2026-08-20T16:15:59Z</time><speed>0.000</speed><sat>22</sat></trkpt>
  <trkpt lat="-33.99487167" lon="-139.99109109"><ele>60.100</ele><time>2026-08-20T16:16:00Z</time><speed>0.000</speed><sat>21</sat></trkpt>
  <trkpt lat="-33.99488333" lon="-139.99109346"><ele>60.100</ele><time>2026-08-20T16:16:01Z</time><speed>0.387</speed><sat>21</sat></trkpt>
  <trkpt lat="-33.99488333" lon="-139.99109937"><ele>60.100</ele><time>2026-08-20T16:16:02Z</time><speed>0.403</speed><sat>21</sat></trkpt>
  <trkpt lat="-33.99488667" lon="-139.99110173"><ele>60.200</ele><time>2026-08-20T16:16:03Z</time><speed>0.000</speed><sat>20</sat></trkpt>
  <trkpt lat="-33.99488500" lon="-139.99110528"><ele>60.500</ele><time>2026-08-20T16:16:04Z</time><speed>0.000</speed><sat>18</sat></trkpt>
  <trkpt lat="-33.99488500" lon="-139.99110765"><ele>60.700</ele><time>2026-08-20T16:16:05Z</time><speed>0.000</speed><sat>18</sat></trkpt>
  <trkpt lat="-33.99488333" lon="-139.99111001"><ele>60.900</ele><time>2026-08-20T16:16:06Z</time><speed>0.000</speed><sat>19</sat></trkpt>
  <trkpt lat="-33.99488000" lon="-139.99110055"><ele>61.200</ele><time>2026-08-20T16:16:07Z</time><speed>0.000</speed><sat>20</sat></trkpt>
  <trkpt lat="-33.99487000" lon="-139.99109582"><ele>61.300</ele><time>2026-08-20T16:16:08Z</time><speed>0.000</speed><sat>19</sat></trkpt>
  <trkpt lat="-33.99486500" lon="-139.99108754"><ele>61.500</ele><time>2026-08-20T16:16:09Z</time><speed>0.403</speed><sat>20</sat></trkpt>
  <trkpt lat="-33.99485667" lon="-139.99108517"><ele>61.600</ele><time>2026-08-20T16:16:10Z</time><speed>0.000</speed><sat>20</sat></trkpt>
  <trkpt lat="-33.99484333" lon="-139.99107334"><ele>61.600</ele><time>2026-08-20T16:16:11Z</time><speed>0.000</speed><sat>22</sat></trkpt>
  <trkpt lat="-33.99484000" lon="-139.99105442"><ele>61.400</ele><time>2026-08-20T16:16:12Z</time><speed>0.000</speed><sat>23</sat></trkpt>
  <trkpt lat="-33.99483500" lon="-139.99104496"><ele>61.500</ele><time>2026-08-20T16:16:13Z</time><speed>0.000</speed><sat>25</sat></trkpt>
  <trkpt lat="-33.99482833" lon="-139.99103195"><ele>61.500</ele><time>2026-08-20T16:16:14Z</time><speed>0.000</speed><sat>22</sat></trkpt>
  <trkpt lat="-33.99482500" lon="-139.99101894"><ele>61.700</ele><time>2026-08-20T16:16:15Z</time><speed>0.000</speed><sat>23</sat></trkpt>
  <trkpt lat="-33.99482000" lon="-139.99100356"><ele>61.700</ele><time>2026-08-20T16:16:16Z</time><speed>0.000</speed><sat>25</sat></trkpt>
  <trkpt lat="-33.99482167" lon="-139.99098937"><ele>61.900</ele><time>2026-08-20T16:16:17Z</time><speed>0.000</speed><sat>25</sat></trkpt>
  <trkpt lat="-33.99482667" lon="-139.99097754"><ele>62.000</ele><time>2026-08-20T16:16:18Z</time><speed>0.000</speed><sat>25</sat></trkpt>
  <trkpt lat="-33.99483000" lon="-139.99096453"><ele>62.000</ele><time>2026-08-20T16:16:19Z</time><speed>0.477</speed><sat>23</sat></trkpt>
  <trkpt lat="-33.99482667" lon="-139.99095152"><ele>62.000</ele><time>2026-08-20T16:16:20Z</time><speed>0.461</speed><sat>24</sat></trkpt>
  <trkpt lat="-33.99482333" lon="-139.99093614"><ele>62.000</ele><time>2026-08-20T16:16:21Z</time><speed>0.000</speed><sat>24</sat></trkpt>
  <trkpt lat="-33.99482167" lon="-139.99091958"><ele>61.900</ele><time>2026-08-20T16:16:22Z</time><speed>0.000</speed><sat>24</sat></trkpt>
  <trkpt lat="-33.99482000" lon="-139.99090302"><ele>61.900</ele><time>2026-08-20T16:16:23Z</time><speed>0.000</speed><sat>23</sat></trkpt>
  <trkpt lat="-33.99481667" lon="-139.99088646"><ele>61.600</ele><time>2026-08-20T16:16:24Z</time><speed>0.000</speed><sat>23</sat></trkpt>
  <trkpt lat="-33.99481500" lon="-139.99087345"><ele>61.300</ele><time>2026-08-20T16:16:25Z</time><speed>0.000</speed><sat>24</sat></trkpt>
  <trkpt lat="-33.99481333" lon="-139.99086162"><ele>60.700</ele><time>2026-08-20T16:16:26Z</time><speed>0.600</speed><sat>23</sat></trkpt>
  <trkpt lat="-33.99481167" lon="-139.99084979"><ele>60.300</ele><time>2026-08-20T16:16:27Z</time><speed>0.586</speed><sat>24</sat></trkpt>
  <trkpt lat="-33.99481167" lon="-139.99084033"><ele>60.000</ele><time>2026-08-20T16:16:28Z</time><speed>0.587</speed><sat>23</sat></trkpt>
  <trkpt lat="-33.99481333" lon="-139.99082850"><ele>59.500</ele><time>2026-08-20T16:16:29Z</time><speed>0.000</speed><sat>26</sat></trkpt>
  <trkpt lat="-33.99481167" lon="-139.99081668"><ele>59.300</ele><time>2026-08-20T16:16:30Z</time><speed>0.611</speed><sat>25</sat></trkpt>
  <trkpt lat="-33.99480833" lon="-139.99079894"><ele>59.000</ele><time>2026-08-20T16:16:31Z</time><speed>0.606</speed><sat>25</sat></trkpt>
  <trkpt lat="-33.99480833" lon="-139.99078119"><ele>58.500</ele><time>2026-08-20T16:16:32Z</time><speed>0.000</speed><sat>25</sat></trkpt>
  <trkpt lat="-33.99480833" lon="-139.99076227"><ele>57.500</ele><time>2026-08-20T16:16:33Z</time><speed>0.574</speed><sat>26</sat></trkpt>
  <trkpt lat="-33.99480333" lon="-139.99074334"><ele>56.700</ele><time>2026-08-20T16:16:34Z</time><speed>0.558</speed><sat>25</sat></trkpt>
  <trkpt lat="-33.99479500" lon="-139.99073033"><ele>55.800</ele><time>2026-08-20T16:16:35Z</time><speed>0.545</speed><sat>24</sat></trkpt>
  <trkpt lat="-33.99479000" lon="-139.99072087"><ele>55.100</ele><time>2026-08-20T16:16:36Z</time><speed>0.555</speed><sat>23</sat></trkpt>
  <trkpt lat="-33.99478333" lon="-139.99070668"><ele>54.600</ele><time>2026-08-20T16:16:37Z</time><speed>0.597</speed><sat>23</sat></trkpt>
  <trkpt lat="-33.99478000" lon="-139.99069603"><ele>54.300</ele><time>2026-08-20T16:16:38Z</time><speed>0.638</speed><sat>21</sat></trkpt>
  <trkpt lat="-33.99477833" lon="-139.99068065"><ele>54.100</ele><time>2026-08-20T16:16:39Z</time><speed>0.661</speed><sat>24</sat></trkpt>
  <trkpt lat="-33.99477833" lon="-139.99066410"><ele>54.100</ele><time>2026-08-20T16:16:40Z</time><speed>0.690</speed><sat>25</sat></trkpt>
  <trkpt lat="-33.99478500" lon="-139.99064753"><ele>54.000</ele><time>2026-08-20T16:16:41Z</time><speed>0.000</speed><sat>24</sat></trkpt>
  <trkpt lat="-33.99478833" lon="-139.99062979"><ele>54.100</ele><time>2026-08-20T16:16:42Z</time><speed>0.749</speed><sat>25</sat></trkpt>
  <trkpt lat="-33.99479333" lon="-139.99061797"><ele>54.200</ele><time>2026-08-20T16:16:43Z</time><speed>0.741</speed><sat>24</sat></trkpt>
  <trkpt lat="-33.99479167" lon="-139.99060614"><ele>54.500</ele><time>2026-08-20T16:16:44Z</time><speed>0.742</speed><sat>25</sat></trkpt>
  <trkpt lat="-33.99479000" lon="-139.99059431"><ele>54.600</ele><time>2026-08-20T16:16:45Z</time><speed>0.712</speed><sat>25</sat></trkpt>
  <trkpt lat="-33.99479000" lon="-139.99058603"><ele>55.200</ele><time>2026-08-20T16:16:46Z</time><speed>0.000</speed><sat>25</sat></trkpt>
  <trkpt lat="-33.99479167" lon="-139.99057775"><ele>55.700</ele><time>2026-08-20T16:16:47Z</time><speed>0.000</speed><sat>25</sat></trkpt>
  <trkpt lat="-33.99479167" lon="-139.99056947"><ele>56.400</ele><time>2026-08-20T16:16:48Z</time><speed>0.000</speed><sat>25</sat></trkpt>
  <trkpt lat="-33.99479000" lon="-139.99056001"><ele>56.900</ele><time>2026-08-20T16:16:49Z</time><speed>0.000</speed><sat>25</sat></trkpt>
  <trkpt lat="-33.99478833" lon="-139.99054818"><ele>57.500</ele><time>2026-08-20T16:16:50Z</time><speed>0.000</speed><sat>25</sat></trkpt>
  <trkpt lat="-33.99478833" lon="-139.99052689"><ele>58.500</ele><time>2026-08-20T16:16:51Z</time><speed>0.000</speed><sat>25</sat></trkpt>
  <trkpt lat="-33.99478333" lon="-139.99051624"><ele>59.200</ele><time>2026-08-20T16:16:52Z</time><speed>0.478</speed><sat>24</sat></trkpt>
  <trkpt lat="-33.99477833" lon="-139.99049968"><ele>59.900</ele><time>2026-08-20T16:16:53Z</time><speed>0.506</speed><sat>25</sat></trkpt>
  <trkpt lat="-33.99477667" lon="-139.99049140"><ele>60.400</ele><time>2026-08-20T16:16:54Z</time><speed>0.000</speed><sat>24</sat></trkpt>
  <trkpt lat="-33.99478667" lon="-139.99046656"><ele>60.700</ele><time>2026-08-20T16:16:55Z</time><speed>0.000</speed><sat>23</sat></trkpt>
  <trkpt lat="-33.99479333" lon="-139.99045947"><ele>60.800</ele><time>2026-08-20T16:16:56Z</time><speed>0.000</speed><sat>24</sat></trkpt>
  <trkpt lat="-33.99479667" lon="-139.99044882"><ele>61.100</ele><time>2026-08-20T16:16:57Z</time><speed>0.000</speed><sat>24</sat></trkpt>
  <trkpt lat="-33.99480500" lon="-139.99043700"><ele>61.200</ele><time>2026-08-20T16:16:58Z</time><speed>0.550</speed><sat>24</sat></trkpt>
  <trkpt lat="-33.99480833" lon="-139.99042753"><ele>61.200</ele><time>2026-08-20T16:16:59Z</time><speed>0.568</speed><sat>24</sat></trkpt>
  <trkpt lat="-33.99481000" lon="-139.99041689"><ele>61.600</ele><time>2026-08-20T16:17:00Z</time><speed>0.000</speed><sat>24</sat></trkpt>
  <trkpt lat="-33.99480833" lon="-139.99040388"><ele>61.700</ele><time>2026-08-20T16:17:01Z</time><speed>0.523</speed><sat>25</sat></trkpt>
  <trkpt lat="-33.99481000" lon="-139.99038850"><ele>62.100</ele><time>2026-08-20T16:17:02Z</time><speed>0.484</speed><sat>25</sat></trkpt>
  <trkpt lat="-33.99481167" lon="-139.99037430"><ele>62.700</ele><time>2026-08-20T16:17:03Z</time><speed>0.000</speed><sat>25</sat></trkpt>
  <trkpt lat="-33.99481667" lon="-139.99036366"><ele>63.200</ele><time>2026-08-20T16:17:04Z</time><speed>0.000</speed><sat>24</sat></trkpt>
  <trkpt lat="-33.99482000" lon="-139.99034592"><ele>63.800</ele><time>2026-08-20T16:17:05Z</time><speed>0.000</speed><sat>23</sat></trkpt>
  <trkpt lat="-33.99482167" lon="-139.99033646"><ele>64.000</ele><time>2026-08-20T16:17:06Z</time><speed>0.000</speed><sat>24</sat></trkpt>
  <trkpt lat="-33.99481000" lon="-139.99031635"><ele>64.500</ele><time>2026-08-20T16:17:07Z</time><speed>0.000</speed><sat>23</sat></trkpt>
  <trkpt lat="-33.99480500" lon="-139.99030807"><ele>65.000</ele><time>2026-08-20T16:17:08Z</time><speed>0.000</speed><sat>23</sat></trkpt>
  <trkpt lat="-33.99479500" lon="-139.99029979"><ele>65.000</ele><time>2026-08-20T16:17:09Z</time><speed>0.000</speed><sat>22</sat></trkpt>
  <trkpt lat="-33.99479667" lon="-139.99028914"><ele>65.200</ele><time>2026-08-20T16:17:10Z</time><speed>0.000</speed><sat>22</sat></trkpt>
  <trkpt lat="-33.99479333" lon="-139.99028442"><ele>65.600</ele><time>2026-08-20T16:17:11Z</time><speed>0.000</speed><sat>22</sat></trkpt>
  <trkpt lat="-33.99478500" lon="-139.99027732"><ele>66.000</ele><time>2026-08-20T16:17:12Z</time><speed>0.000</speed><sat>23</sat></trkpt>
  <trkpt lat="-33.99478833" lon="-139.99027258"><ele>66.000</ele><time>2026-08-20T16:17:13Z</time><speed>0.000</speed><sat>23</sat></trkpt>
  <trkpt lat="-33.99478500" lon="-139.99026904"><ele>66.000</ele><time>2026-08-20T16:17:14Z</time><speed>0.000</speed><sat>23</sat></trkpt>
  <trkpt lat="-33.99478833" lon="-139.99026430"><ele>65.900</ele><time>2026-08-20T16:17:15Z</time><speed>0.000</speed><sat>22</sat></trkpt>
  <trkpt lat="-33.99479167" lon="-139.99026075"><ele>65.500</ele><time>2026-08-20T16:17:16Z</time><speed>0.000</speed><sat>23</sat></trkpt>
  <trkpt lat="-33.99478833" lon="-139.99026312"><ele>64.900</ele><time>2026-08-20T16:17:17Z</time><speed>0.000</speed><sat>23</sat></trkpt>
  <trkpt lat="-33.99478167" lon="-139.99026194"><ele>64.500</ele><time>2026-08-20T16:17:18Z</time><speed>0.000</speed><sat>23</sat></trkpt>
  <trkpt lat="-33.99477833" lon="-139.99025484"><ele>64.300</ele><time>2026-08-20T16:17:19Z</time><speed>0.000</speed><sat>23</sat></trkpt>
  <trkpt lat="-33.99477333" lon="-139.99024420"><ele>64.100</ele><time>2026-08-20T16:17:20Z</time><speed>0.000</speed><sat>23</sat></trkpt>
  <trkpt lat="-33.99476833" lon="-139.99023355"><ele>64.300</ele><time>2026-08-20T16:17:21Z</time><speed>0.000</speed><sat>23</sat></trkpt>
  <trkpt lat="-33.99476500" lon="-139.99022527"><ele>64.600</ele><time>2026-08-20T16:17:22Z</time><speed>0.000</speed><sat>22</sat></trkpt>
  <trkpt lat="-33.99475667" lon="-139.99021463"><ele>64.700</ele><time>2026-08-20T16:17:23Z</time><speed>0.000</speed><sat>22</sat></trkpt>
  <trkpt lat="-33.99475333" lon="-139.99020280"><ele>64.800</ele><time>2026-08-20T16:17:24Z</time><speed>0.000</speed><sat>22</sat></trkpt>
  <trkpt lat="-33.99475333" lon="-139.99018742"><ele>64.800</ele><time>2026-08-20T16:17:25Z</time><speed>0.000</speed><sat>22</sat></trkpt>
  <trkpt lat="-33.99475333" lon="-139.99017559"><ele>65.100</ele><time>2026-08-20T16:17:26Z</time><speed>0.000</speed><sat>21</sat></trkpt>
  <trkpt lat="-33.99476000" lon="-139.99016377"><ele>65.400</ele><time>2026-08-20T16:17:27Z</time><speed>0.000</speed><sat>22</sat></trkpt>
  <trkpt lat="-33.99477167" lon="-139.99015785"><ele>65.800</ele><time>2026-08-20T16:17:28Z</time><speed>0.000</speed><sat>22</sat></trkpt>
  <trkpt lat="-33.99478167" lon="-139.99014958"><ele>66.100</ele><time>2026-08-20T16:17:29Z</time><speed>0.000</speed><sat>22</sat></trkpt>
  <trkpt lat="-33.99479667" lon="-139.99013656"><ele>66.300</ele><time>2026-08-20T16:17:30Z</time><speed>0.000</speed><sat>21</sat></trkpt>
  <trkpt lat="-33.99480667" lon="-139.99011764"><ele>66.700</ele><time>2026-08-20T16:17:31Z</time><speed>0.000</speed><sat>22</sat></trkpt>
  <trkpt lat="-33.99481667" lon="-139.99010345"><ele>67.100</ele><time>2026-08-20T16:17:32Z</time><speed>0.000</speed><sat>22</sat></trkpt>
  <trkpt lat="-33.99482167" lon="-139.99009162"><ele>67.100</ele><time>2026-08-20T16:17:33Z</time><speed>0.000</speed><sat>23</sat></trkpt>
  <trkpt lat="-33.99482667" lon="-139.99007506"><ele>67.100</ele><time>2026-08-20T16:17:34Z</time><speed>0.000</speed><sat>23</sat></trkpt>
  <trkpt lat="-33.99482167" lon="-139.99006086"><ele>66.900</ele><time>2026-08-20T16:17:35Z</time><speed>0.710</speed><sat>24</sat></trkpt>
  <trkpt lat="-33.99482167" lon="-139.99005258"><ele>67.300</ele><time>2026-08-20T16:17:36Z</time><speed>0.000</speed><sat>24</sat></trkpt>
  <trkpt lat="-33.99481667" lon="-139.99004194"><ele>67.300</ele><time>2026-08-20T16:17:37Z</time><speed>0.616</speed><sat>23</sat></trkpt>
  <trkpt lat="-33.99480833" lon="-139.99003484"><ele>67.400</ele><time>2026-08-20T16:17:38Z</time><speed>0.000</speed><sat>24</sat></trkpt>
  <trkpt lat="-33.99479167" lon="-139.99001828"><ele>67.200</ele><time>2026-08-20T16:17:39Z</time><speed>0.550</speed><sat>24</sat></trkpt>
  <trkpt lat="-33.99478833" lon="-139.99001000"><ele>67.900</ele><time>2026-08-20T16:17:40Z</time><speed>0.000</speed><sat>23</sat></trkpt>
  <trkpt lat="-33.99479000" lon="-139.99001000"><ele>68.600</ele><time>2026-08-20T16:17:41Z</time><speed>0.000</speed><sat>22</sat></trkpt>
  <trkpt lat="-33.99479667" lon="-139.99000645"><ele>68.800</ele><time>2026-08-20T16:17:42Z</time><speed>0.000</speed><sat>22</sat></trkpt>
  <trkpt lat="-33.99480833" lon="-139.98999817"><ele>69.300</ele><time>2026-08-20T16:17:43Z</time><speed>0.526</speed><sat>22</sat></trkpt>
  <trkpt lat="-33.99482000" lon="-139.98999581"><ele>70.000</ele><time>2026-08-20T16:17:44Z</time><speed>0.617</speed><sat>22</sat></trkpt>
  <trkpt lat="-33.99483167" lon="-139.98999344"><ele>70.600</ele><time>2026-08-20T16:17:45Z</time><speed>0.000</speed><sat>24</sat></trkpt>
  <trkpt lat="-33.99484333" lon="-139.98998990"><ele>71.300</ele><time>2026-08-20T16:17:46Z</time><speed>0.000</speed><sat>24</sat></trkpt>
  <trkpt lat="-33.99485167" lon="-139.98998635"><ele>72.200</ele><time>2026-08-20T16:17:47Z</time><speed>0.956</speed><sat>24</sat></trkpt>
  <trkpt lat="-33.99486500" lon="-139.98996978"><ele>72.400</ele><time>2026-08-20T16:17:48Z</time><speed>0.000</speed><sat>23</sat></trkpt>
  <trkpt lat="-33.99488167" lon="-139.98996032"><ele>72.600</ele><time>2026-08-20T16:17:49Z</time><speed>0.000</speed><sat>23</sat></trkpt>
  <trkpt lat="-33.99488667" lon="-139.98995678"><ele>73.100</ele><time>2026-08-20T16:17:50Z</time><speed>0.000</speed><sat>21</sat></trkpt>
  <trkpt lat="-33.99488833" lon="-139.98993667"><ele>73.500</ele><time>2026-08-20T16:17:51Z</time><speed>0.000</speed><sat>23</sat></trkpt>
  <trkpt lat="-33.99488833" lon="-139.98993075"><ele>74.000</ele><time>2026-08-20T16:17:52Z</time><speed>0.000</speed><sat>23</sat></trkpt>
  <trkpt lat="-33.99489000" lon="-139.98992011"><ele>73.500</ele><time>2026-08-20T16:17:53Z</time><speed>0.000</speed><sat>23</sat></trkpt>
  <trkpt lat="-33.99488667" lon="-139.98991656"><ele>73.500</ele><time>2026-08-20T16:17:54Z</time><speed>0.852</speed><sat>23</sat></trkpt>
  <trkpt lat="-33.99488000" lon="-139.98991183"><ele>73.800</ele><time>2026-08-20T16:17:55Z</time><speed>0.743</speed><sat>22</sat></trkpt>
  <trkpt lat="-33.99488167" lon="-139.98991656"><ele>74.400</ele><time>2026-08-20T16:17:56Z</time><speed>0.653</speed><sat>20</sat></trkpt>
  <trkpt lat="-33.99487833" lon="-139.98992129"><ele>75.000</ele><time>2026-08-20T16:17:57Z</time><speed>0.545</speed><sat>21</sat></trkpt>
  <trkpt lat="-33.99487500" lon="-139.98992365"><ele>75.000</ele><time>2026-08-20T16:17:58Z</time><speed>0.445</speed><sat>22</sat></trkpt>
  <trkpt lat="-33.99486167" lon="-139.98992602"><ele>75.400</ele><time>2026-08-20T16:17:59Z</time><speed>0.000</speed><sat>20</sat></trkpt>
  <trkpt lat="-33.99485667" lon="-139.98992720"><ele>75.700</ele><time>2026-08-20T16:18:00Z</time><speed>0.000</speed><sat>21</sat></trkpt>
  <trkpt lat="-33.99485167" lon="-139.98992720"><ele>75.900</ele><time>2026-08-20T16:18:01Z</time><speed>0.000</speed><sat>21</sat></trkpt>
  <trkpt lat="-33.99485167" lon="-139.98992720"><ele>75.900</ele><time>2026-08-20T16:18:02Z</time><speed>0.000</speed><sat>21</sat></trkpt>
  <trkpt lat="-33.99485167" lon="-139.98992720"><ele>75.900</ele><time>2026-08-20T16:18:03Z</time><speed>0.000</speed><sat>20</sat></trkpt>
  <trkpt lat="-33.99485167" lon="-139.98992720"><ele>75.900</ele><time>2026-08-20T16:18:04Z</time><speed>0.000</speed><sat>22</sat></trkpt>
  <trkpt lat="-33.99485167" lon="-139.98992720"><ele>75.900</ele><time>2026-08-20T16:18:05Z</time><speed>0.000</speed><sat>22</sat></trkpt>
  <trkpt lat="-33.99482000" lon="-139.98989645"><ele>74.700</ele><time>2026-08-20T16:18:06Z</time><speed>0.317</speed><sat>22</sat></trkpt>
  <trkpt lat="-33.99481167" lon="-139.98989409"><ele>74.100</ele><time>2026-08-20T16:18:07Z</time><speed>0.374</speed><sat>22</sat></trkpt>
  <trkpt lat="-33.99479667" lon="-139.98988462"><ele>73.800</ele><time>2026-08-20T16:18:08Z</time><speed>0.000</speed><sat>21</sat></trkpt>
  <trkpt lat="-33.99478833" lon="-139.98987752"><ele>73.000</ele><time>2026-08-20T16:18:09Z</time><speed>0.561</speed><sat>21</sat></trkpt>
  <trkpt lat="-33.99478667" lon="-139.98987516"><ele>72.600</ele><time>2026-08-20T16:18:10Z</time><speed>0.000</speed><sat>22</sat></trkpt>
  <trkpt lat="-33.99477667" lon="-139.98987280"><ele>72.100</ele><time>2026-08-20T16:18:11Z</time><speed>0.665</speed><sat>23</sat></trkpt>
  <trkpt lat="-33.99477333" lon="-139.98987280"><ele>71.400</ele><time>2026-08-20T16:18:12Z</time><speed>0.726</speed><sat>23</sat></trkpt>
  <trkpt lat="-33.99476167" lon="-139.98987043"><ele>70.700</ele><time>2026-08-20T16:18:13Z</time><speed>0.796</speed><sat>21</sat></trkpt>
  <trkpt lat="-33.99476000" lon="-139.98986333"><ele>70.200</ele><time>2026-08-20T16:18:14Z</time><speed>0.000</speed><sat>22</sat></trkpt>
  <trkpt lat="-33.99475500" lon="-139.98986215"><ele>69.400</ele><time>2026-08-20T16:18:15Z</time><speed>0.969</speed><sat>22</sat></trkpt>
  <trkpt lat="-33.99474667" lon="-139.98985623"><ele>68.500</ele><time>2026-08-20T16:18:16Z</time><speed>1.034</speed><sat>22</sat></trkpt>
  <trkpt lat="-33.99473833" lon="-139.98985387"><ele>67.700</ele><time>2026-08-20T16:18:17Z</time><speed>0.000</speed><sat>22</sat></trkpt>
  <trkpt lat="-33.99473500" lon="-139.98985978"><ele>66.900</ele><time>2026-08-20T16:18:18Z</time><speed>0.000</speed><sat>22</sat></trkpt>
  <trkpt lat="-33.99473333" lon="-139.98985506"><ele>66.300</ele><time>2026-08-20T16:18:19Z</time><speed>0.000</speed><sat>22</sat></trkpt>
  <trkpt lat="-33.99473000" lon="-139.98985151"><ele>65.600</ele><time>2026-08-20T16:18:20Z</time><speed>0.000</speed><sat>21</sat></trkpt>
  <trkpt lat="-33.99472833" lon="-139.98985387"><ele>64.400</ele><time>2026-08-20T16:18:21Z</time><speed>0.000</speed><sat>21</sat></trkpt>
  <trkpt lat="-33.99472667" lon="-139.98985623"><ele>63.000</ele><time>2026-08-20T16:18:22Z</time><speed>0.000</speed><sat>23</sat></trkpt>
  <trkpt lat="-33.99472333" lon="-139.98985742"><ele>61.300</ele><time>2026-08-20T16:18:23Z</time><speed>0.982</speed><sat>22</sat></trkpt>
  <trkpt lat="-33.99472333" lon="-139.98985387"><ele>60.300</ele><time>2026-08-20T16:18:24Z</time><speed>0.894</speed><sat>23</sat></trkpt>
  <trkpt lat="-33.99471833" lon="-139.98984323"><ele>59.700</ele><time>2026-08-20T16:18:25Z</time><speed>0.855</speed><sat>23</sat></trkpt>
  <trkpt lat="-33.99471333" lon="-139.98982903"><ele>59.000</ele><time>2026-08-20T16:18:26Z</time><speed>0.000</speed><sat>23</sat></trkpt>
  <trkpt lat="-33.99470833" lon="-139.98981720"><ele>58.300</ele><time>2026-08-20T16:18:27Z</time><speed>0.763</speed><sat>23</sat></trkpt>
  <trkpt lat="-33.99470667" lon="-139.98981129"><ele>57.400</ele><time>2026-08-20T16:18:28Z</time><speed>0.742</speed><sat>22</sat></trkpt>
  <trkpt lat="-33.99470333" lon="-139.98980419"><ele>56.400</ele><time>2026-08-20T16:18:29Z</time><speed>0.000</speed><sat>23</sat></trkpt>
  <trkpt lat="-33.99469833" lon="-139.98979946"><ele>55.700</ele><time>2026-08-20T16:18:30Z</time><speed>0.000</speed><sat>23</sat></trkpt>
  <trkpt lat="-33.99469667" lon="-139.98979591"><ele>54.600</ele><time>2026-08-20T16:18:31Z</time><speed>0.000</speed><sat>23</sat></trkpt>
  <trkpt lat="-33.99469000" lon="-139.98979710"><ele>53.500</ele><time>2026-08-20T16:18:32Z</time><speed>0.000</speed><sat>24</sat></trkpt>
  <trkpt lat="-33.99468667" lon="-139.98979355"><ele>52.400</ele><time>2026-08-20T16:18:33Z</time><speed>0.627</speed><sat>25</sat></trkpt>
  <trkpt lat="-33.99468333" lon="-139.98978527"><ele>51.400</ele><time>2026-08-20T16:18:34Z</time><speed>0.000</speed><sat>24</sat></trkpt>
  <trkpt lat="-33.99468167" lon="-139.98977462"><ele>50.500</ele><time>2026-08-20T16:18:35Z</time><speed>0.000</speed><sat>24</sat></trkpt>
  <trkpt lat="-33.99468167" lon="-139.98976752"><ele>50.200</ele><time>2026-08-20T16:18:36Z</time><speed>0.000</speed><sat>23</sat></trkpt>
  <trkpt lat="-33.99468333" lon="-139.98975688"><ele>49.800</ele><time>2026-08-20T16:18:37Z</time><speed>0.405</speed><sat>25</sat></trkpt>
  <trkpt lat="-33.99468500" lon="-139.98974742"><ele>49.600</ele><time>2026-08-20T16:18:38Z</time><speed>0.000</speed><sat>23</sat></trkpt>
  <trkpt lat="-33.99468833" lon="-139.98973796"><ele>49.300</ele><time>2026-08-20T16:18:39Z</time><speed>0.000</speed><sat>23</sat></trkpt>
  <trkpt lat="-33.99469000" lon="-139.98972968"><ele>49.100</ele><time>2026-08-20T16:18:40Z</time><speed>0.000</speed><sat>24</sat></trkpt>
  <trkpt lat="-33.99469000" lon="-139.98972968"><ele>49.100</ele><time>2026-08-20T16:18:41Z</time><speed>0.000</speed><sat>23</sat></trkpt>
  <trkpt lat="-33.99469000" lon="-139.98972968"><ele>49.100</ele><time>2026-08-20T16:18:42Z</time><speed>0.000</speed><sat>23</sat></trkpt>
  <trkpt lat="-33.99469000" lon="-139.98972968"><ele>49.100</ele><time>2026-08-20T16:18:43Z</time><speed>0.000</speed><sat>22</sat></trkpt>
  <trkpt lat="-33.99470167" lon="-139.98967409"><ele>48.400</ele><time>2026-08-20T16:18:44Z</time><speed>0.000</speed><sat>23</sat></trkpt>
  <trkpt lat="-33.99470500" lon="-139.98965989"><ele>48.200</ele><time>2026-08-20T16:18:45Z</time><speed>0.369</speed><sat>24</sat></trkpt>
  <trkpt lat="-33.99470833" lon="-139.98964688"><ele>48.300</ele><time>2026-08-20T16:18:46Z</time><speed>0.424</speed><sat>23</sat></trkpt>
  <trkpt lat="-33.99471000" lon="-139.98963151"><ele>48.200</ele><time>2026-08-20T16:18:47Z</time><speed>0.452</speed><sat>23</sat></trkpt>
  <trkpt lat="-33.99470833" lon="-139.98961849"><ele>48.000</ele><time>2026-08-20T16:18:48Z</time><speed>0.484</speed><sat>24</sat></trkpt>
  <trkpt lat="-33.99470333" lon="-139.98961258"><ele>47.800</ele><time>2026-08-20T16:18:49Z</time><speed>0.518</speed><sat>24</sat></trkpt>
  <trkpt lat="-33.99470333" lon="-139.98960667"><ele>47.600</ele><time>2026-08-20T16:18:50Z</time><speed>0.550</speed><sat>24</sat></trkpt>
  <trkpt lat="-33.99469833" lon="-139.98960312"><ele>46.900</ele><time>2026-08-20T16:18:51Z</time><speed>0.609</speed><sat>24</sat></trkpt>
  <trkpt lat="-33.99469500" lon="-139.98959720"><ele>45.900</ele><time>2026-08-20T16:18:52Z</time><speed>0.658</speed><sat>25</sat></trkpt>
  <trkpt lat="-33.99469000" lon="-139.98959129"><ele>45.000</ele><time>2026-08-20T16:18:53Z</time><speed>0.691</speed><sat>24</sat></trkpt>
  <trkpt lat="-33.99468667" lon="-139.98958538"><ele>44.300</ele><time>2026-08-20T16:18:54Z</time><speed>0.692</speed><sat>24</sat></trkpt>
  <trkpt lat="-33.99468333" lon="-139.98957591"><ele>43.700</ele><time>2026-08-20T16:18:55Z</time><speed>0.733</speed><sat>25</sat></trkpt>
  <trkpt lat="-33.99468000" lon="-139.98956881"><ele>42.900</ele><time>2026-08-20T16:18:56Z</time><speed>0.744</speed><sat>25</sat></trkpt>
  <trkpt lat="-33.99467833" lon="-139.98956054"><ele>41.500</ele><time>2026-08-20T16:18:57Z</time><speed>0.755</speed><sat>24</sat></trkpt>
  <trkpt lat="-33.99468000" lon="-139.98955225"><ele>40.300</ele><time>2026-08-20T16:18:58Z</time><speed>0.743</speed><sat>24</sat></trkpt>
  <trkpt lat="-33.99467500" lon="-139.98954752"><ele>39.300</ele><time>2026-08-20T16:18:59Z</time><speed>0.762</speed><sat>24</sat></trkpt>
  <trkpt lat="-33.99467500" lon="-139.98953925"><ele>38.700</ele><time>2026-08-20T16:19:00Z</time><speed>0.813</speed><sat>24</sat></trkpt>
  <trkpt lat="-33.99467167" lon="-139.98952742"><ele>37.800</ele><time>2026-08-20T16:19:01Z</time><speed>0.786</speed><sat>23</sat></trkpt>
  <trkpt lat="-33.99468500" lon="-139.98950967"><ele>37.300</ele><time>2026-08-20T16:19:02Z</time><speed>0.771</speed><sat>24</sat></trkpt>
  <trkpt lat="-33.99468667" lon="-139.98949903"><ele>36.900</ele><time>2026-08-20T16:19:03Z</time><speed>0.740</speed><sat>24</sat></trkpt>
  <trkpt lat="-33.99469000" lon="-139.98948483"><ele>36.300</ele><time>2026-08-20T16:19:04Z</time><speed>0.704</speed><sat>24</sat></trkpt>
  <trkpt lat="-33.99469000" lon="-139.98947892"><ele>36.000</ele><time>2026-08-20T16:19:05Z</time><speed>0.650</speed><sat>24</sat></trkpt>
  <trkpt lat="-33.99469667" lon="-139.98946946"><ele>35.600</ele><time>2026-08-20T16:19:06Z</time><speed>0.583</speed><sat>24</sat></trkpt>
  <trkpt lat="-33.99469833" lon="-139.98946236"><ele>35.700</ele><time>2026-08-20T16:19:07Z</time><speed>0.557</speed><sat>24</sat></trkpt>
  <trkpt lat="-33.99471000" lon="-139.98944935"><ele>35.400</ele><time>2026-08-20T16:19:08Z</time><speed>0.553</speed><sat>23</sat></trkpt>
  <trkpt lat="-33.99471167" lon="-139.98943871"><ele>35.700</ele><time>2026-08-20T16:19:09Z</time><speed>0.527</speed><sat>24</sat></trkpt>
  <trkpt lat="-33.99471000" lon="-139.98943161"><ele>35.400</ele><time>2026-08-20T16:19:10Z</time><speed>0.466</speed><sat>25</sat></trkpt>
  <trkpt lat="-33.99470833" lon="-139.98942451"><ele>35.100</ele><time>2026-08-20T16:19:11Z</time><speed>0.000</speed><sat>25</sat></trkpt>
  <trkpt lat="-33.99470833" lon="-139.98941741"><ele>34.800</ele><time>2026-08-20T16:19:12Z</time><speed>0.421</speed><sat>23</sat></trkpt>
  <trkpt lat="-33.99470833" lon="-139.98941150"><ele>34.800</ele><time>2026-08-20T16:19:13Z</time><speed>0.000</speed><sat>24</sat></trkpt>
  <trkpt lat="-33.99471500" lon="-139.98939612"><ele>34.700</ele><time>2026-08-20T16:19:14Z</time><speed>0.000</speed><sat>25</sat></trkpt>
  <trkpt lat="-33.99471833" lon="-139.98937602"><ele>34.800</ele><time>2026-08-20T16:19:15Z</time><speed>0.000</speed><sat>25</sat></trkpt>
  <trkpt lat="-33.99471833" lon="-139.98937602"><ele>34.800</ele><time>2026-08-20T16:19:16Z</time><speed>0.000</speed><sat>25</sat></trkpt>
  <trkpt lat="-33.99471833" lon="-139.98937602"><ele>34.800</ele><time>2026-08-20T16:19:17Z</time><speed>0.000</speed><sat>25</sat></trkpt>
  <trkpt lat="-33.99471833" lon="-139.98937602"><ele>34.800</ele><time>2026-08-20T16:19:18Z</time><speed>0.000</speed><sat>25</sat></trkpt>
  <trkpt lat="-33.99471833" lon="-139.98937602"><ele>34.800</ele><time>2026-08-20T16:19:19Z</time><speed>0.000</speed><sat>25</sat></trkpt>
  <trkpt lat="-33.99471833" lon="-139.98937602"><ele>34.800</ele><time>2026-08-20T16:19:20Z</time><speed>0.000</speed><sat>24</sat></trkpt>
  <trkpt lat="-33.99471833" lon="-139.98937602"><ele>34.800</ele><time>2026-08-20T16:19:21Z</time><speed>0.000</speed><sat>25</sat></trkpt>
  <trkpt lat="-33.99472500" lon="-139.98928612"><ele>36.700</ele><time>2026-08-20T16:19:22Z</time><speed>0.296</speed><sat>25</sat></trkpt>
  <trkpt lat="-33.99472667" lon="-139.98927666"><ele>37.000</ele><time>2026-08-20T16:19:23Z</time><speed>0.000</speed><sat>25</sat></trkpt>
  <trkpt lat="-33.99472833" lon="-139.98926957"><ele>37.300</ele><time>2026-08-20T16:19:24Z</time><speed>0.000</speed><sat>23</sat></trkpt>
  <trkpt lat="-33.99472833" lon="-139.98926365"><ele>37.600</ele><time>2026-08-20T16:19:25Z</time><speed>0.000</speed><sat>24</sat></trkpt>
  <trkpt lat="-33.99472833" lon="-139.98926365"><ele>37.600</ele><time>2026-08-20T16:19:26Z</time><speed>0.000</speed><sat>25</sat></trkpt>
  <trkpt lat="-33.99472833" lon="-139.98926365"><ele>37.600</ele><time>2026-08-20T16:19:27Z</time><speed>0.000</speed><sat>26</sat></trkpt>
  <trkpt lat="-33.99472833" lon="-139.98926365"><ele>37.600</ele><time>2026-08-20T16:19:28Z</time><speed>0.000</speed><sat>26</sat></trkpt>
  <trkpt lat="-33.99472833" lon="-139.98926365"><ele>37.600</ele><time>2026-08-20T16:19:29Z</time><speed>0.000</speed><sat>25</sat></trkpt>
  <trkpt lat="-33.99473000" lon="-139.98922225"><ele>38.800</ele><time>2026-08-20T16:19:30Z</time><speed>0.372</speed><sat>25</sat></trkpt>
  <trkpt lat="-33.99472833" lon="-139.98921515"><ele>38.900</ele><time>2026-08-20T16:19:31Z</time><speed>0.000</speed><sat>25</sat></trkpt>
  <trkpt lat="-33.99472833" lon="-139.98920806"><ele>39.000</ele><time>2026-08-20T16:19:32Z</time><speed>0.000</speed><sat>25</sat></trkpt>
  <trkpt lat="-33.99473333" lon="-139.98919978"><ele>39.100</ele><time>2026-08-20T16:19:33Z</time><speed>0.381</speed><sat>25</sat></trkpt>
  <trkpt lat="-33.99473333" lon="-139.98919150"><ele>39.100</ele><time>2026-08-20T16:19:34Z</time><speed>0.404</speed><sat>25</sat></trkpt>
  <trkpt lat="-33.99473333" lon="-139.98918203"><ele>39.100</ele><time>2026-08-20T16:19:35Z</time><speed>0.457</speed><sat>24</sat></trkpt>
  <trkpt lat="-33.99473333" lon="-139.98917139"><ele>39.300</ele><time>2026-08-20T16:19:36Z</time><speed>0.520</speed><sat>24</sat></trkpt>
  <trkpt lat="-33.99474167" lon="-139.98915602"><ele>39.900</ele><time>2026-08-20T16:19:37Z</time><speed>0.579</speed><sat>24</sat></trkpt>
  <trkpt lat="-33.99475000" lon="-139.98913945"><ele>40.500</ele><time>2026-08-20T16:19:38Z</time><speed>0.671</speed><sat>24</sat></trkpt>
  <trkpt lat="-33.99475667" lon="-139.98911816"><ele>41.000</ele><time>2026-08-20T16:19:39Z</time><speed>0.793</speed><sat>24</sat></trkpt>
  <trkpt lat="-33.99475667" lon="-139.98910279"><ele>41.600</ele><time>2026-08-20T16:19:40Z</time><speed>0.929</speed><sat>24</sat></trkpt>
  <trkpt lat="-33.99475000" lon="-139.98908386"><ele>42.700</ele><time>2026-08-20T16:19:41Z</time><speed>1.057</speed><sat>23</sat></trkpt>
  <trkpt lat="-33.99475000" lon="-139.98906848"><ele>43.400</ele><time>2026-08-20T16:19:42Z</time><speed>1.109</speed><sat>24</sat></trkpt>
  <trkpt lat="-33.99475000" lon="-139.98906139"><ele>43.900</ele><time>2026-08-20T16:19:43Z</time><speed>1.139</speed><sat>24</sat></trkpt>
  <trkpt lat="-33.99474833" lon="-139.98904365"><ele>44.100</ele><time>2026-08-20T16:19:44Z</time><speed>1.204</speed><sat>24</sat></trkpt>
  <trkpt lat="-33.99474833" lon="-139.98902709"><ele>44.300</ele><time>2026-08-20T16:19:45Z</time><speed>1.265</speed><sat>24</sat></trkpt>
  <trkpt lat="-33.99475333" lon="-139.98901526"><ele>44.700</ele><time>2026-08-20T16:19:46Z</time><speed>1.276</speed><sat>24</sat></trkpt>
  <trkpt lat="-33.99475667" lon="-139.98900580"><ele>44.800</ele><time>2026-08-20T16:19:47Z</time><speed>1.258</speed><sat>24</sat></trkpt>
  <trkpt lat="-33.99475833" lon="-139.98900343"><ele>45.300</ele><time>2026-08-20T16:19:48Z</time><speed>1.175</speed><sat>25</sat></trkpt>
  <trkpt lat="-33.99476000" lon="-139.98900225"><ele>45.900</ele><time>2026-08-20T16:19:49Z</time><speed>1.053</speed><sat>25</sat></trkpt>
  <trkpt lat="-33.99476167" lon="-139.98899989"><ele>46.400</ele><time>2026-08-20T16:19:50Z</time><speed>0.899</speed><sat>25</sat></trkpt>
  <trkpt lat="-33.99476000" lon="-139.98899752"><ele>46.700</ele><time>2026-08-20T16:19:51Z</time><speed>0.760</speed><sat>24</sat></trkpt>
  <trkpt lat="-33.99475667" lon="-139.98899042"><ele>46.700</ele><time>2026-08-20T16:19:52Z</time><speed>0.744</speed><sat>25</sat></trkpt>
  <trkpt lat="-33.99475500" lon="-139.98898332"><ele>46.900</ele><time>2026-08-20T16:19:53Z</time><speed>0.711</speed><sat>24</sat></trkpt>
  <trkpt lat="-33.99475333" lon="-139.98897860"><ele>47.100</ele><time>2026-08-20T16:19:54Z</time><speed>0.634</speed><sat>24</sat></trkpt>
  <trkpt lat="-33.99475500" lon="-139.98897150"><ele>47.400</ele><time>2026-08-20T16:19:55Z</time><speed>0.529</speed><sat>24</sat></trkpt>
  <trkpt lat="-33.99475667" lon="-139.98895848"><ele>47.900</ele><time>2026-08-20T16:19:56Z</time><speed>0.484</speed><sat>23</sat></trkpt>
  <trkpt lat="-33.99475833" lon="-139.98895021"><ele>47.900</ele><time>2026-08-20T16:19:57Z</time><speed>0.462</speed><sat>24</sat></trkpt>
  <trkpt lat="-33.99475333" lon="-139.98893956"><ele>48.400</ele><time>2026-08-20T16:19:58Z</time><speed>0.479</speed><sat>25</sat></trkpt>
  <trkpt lat="-33.99475667" lon="-139.98892892"><ele>48.700</ele><time>2026-08-20T16:19:59Z</time><speed>0.490</speed><sat>25</sat></trkpt>
  <trkpt lat="-33.99476000" lon="-139.98891709"><ele>49.000</ele><time>2026-08-20T16:20:00Z</time><speed>0.525</speed><sat>25</sat></trkpt>
  <trkpt lat="-33.99476667" lon="-139.98890999"><ele>49.500</ele><time>2026-08-20T16:20:01Z</time><speed>0.555</speed><sat>25</sat></trkpt>
  <trkpt lat="-33.99477000" lon="-139.98890881"><ele>50.000</ele><time>2026-08-20T16:20:02Z</time><speed>0.509</speed><sat>25</sat></trkpt>
  <trkpt lat="-33.99477167" lon="-139.98890881"><ele>50.700</ele><time>2026-08-20T16:20:03Z</time><speed>0.484</speed><sat>25</sat></trkpt>
  <trkpt lat="-33.99477167" lon="-139.98890999"><ele>51.300</ele><time>2026-08-20T16:20:04Z</time><speed>0.456</speed><sat>24</sat></trkpt>
  <trkpt lat="-33.99477167" lon="-139.98891118"><ele>51.700</ele><time>2026-08-20T16:20:05Z</time><speed>0.428</speed><sat>24</sat></trkpt>
  <trkpt lat="-33.99477000" lon="-139.98891235"><ele>52.300</ele><time>2026-08-20T16:20:06Z</time><speed>0.000</speed><sat>23</sat></trkpt>
  <trkpt lat="-33.99477000" lon="-139.98891235"><ele>53.000</ele><time>2026-08-20T16:20:07Z</time><speed>0.000</speed><sat>24</sat></trkpt>
  <trkpt lat="-33.99477000" lon="-139.98891118"><ele>53.500</ele><time>2026-08-20T16:20:08Z</time><speed>0.000</speed><sat>24</sat></trkpt>
  <trkpt lat="-33.99477000" lon="-139.98891118"><ele>53.500</ele><time>2026-08-20T16:20:09Z</time><speed>0.000</speed><sat>24</sat></trkpt>
  <trkpt lat="-33.99477000" lon="-139.98891118"><ele>53.500</ele><time>2026-08-20T16:20:10Z</time><speed>0.000</speed><sat>25</sat></trkpt>
  <trkpt lat="-33.99477000" lon="-139.98891118"><ele>53.500</ele><time>2026-08-20T16:20:11Z</time><speed>0.000</speed><sat>25</sat></trkpt>
  <trkpt lat="-33.99477000" lon="-139.98891118"><ele>53.500</ele><time>2026-08-20T16:20:12Z</time><speed>0.000</speed><sat>24</sat></trkpt>
  <trkpt lat="-33.99477000" lon="-139.98891118"><ele>53.500</ele><time>2026-08-20T16:20:13Z</time><speed>0.000</speed><sat>25</sat></trkpt>
  <trkpt lat="-33.99477000" lon="-139.98891118"><ele>53.500</ele><time>2026-08-20T16:20:14Z</time><speed>0.000</speed><sat>23</sat></trkpt>
  <trkpt lat="-33.99477000" lon="-139.98891118"><ele>53.500</ele><time>2026-08-20T16:20:15Z</time><speed>0.000</speed><sat>25</sat></trkpt>
  <trkpt lat="-33.99477000" lon="-139.98891118"><ele>53.500</ele><time>2026-08-20T16:20:16Z</time><speed>0.000</speed><sat>25</sat></trkpt>
  <trkpt lat="-33.99477000" lon="-139.98891118"><ele>53.500</ele><time>2026-08-20T16:20:17Z</time><speed>0.000</speed><sat>25</sat></trkpt>
  <trkpt lat="-33.99477000" lon="-139.98891118"><ele>53.500</ele><time>2026-08-20T16:20:18Z</time><speed>0.000</speed><sat>26</sat></trkpt>
  <trkpt lat="-33.99475333" lon="-139.98884257"><ele>56.800</ele><time>2026-08-20T16:20:19Z</time><speed>0.305</speed><sat>26</sat></trkpt>
  <trkpt lat="-33.99474833" lon="-139.98882956"><ele>56.900</ele><time>2026-08-20T16:20:20Z</time><speed>0.335</speed><sat>26</sat></trkpt>
  <trkpt lat="-33.99474667" lon="-139.98881892"><ele>56.900</ele><time>2026-08-20T16:20:21Z</time><speed>0.000</speed><sat>26</sat></trkpt>
  <trkpt lat="-33.99474833" lon="-139.98880472"><ele>57.000</ele><time>2026-08-20T16:20:22Z</time><speed>0.000</speed><sat>26</sat></trkpt>
  <trkpt lat="-33.99474667" lon="-139.98879171"><ele>56.900</ele><time>2026-08-20T16:20:23Z</time><speed>0.431</speed><sat>26</sat></trkpt>
  <trkpt lat="-33.99474500" lon="-139.98877870"><ele>56.800</ele><time>2026-08-20T16:20:24Z</time><speed>0.495</speed><sat>25</sat></trkpt>
  <trkpt lat="-33.99474500" lon="-139.98876805"><ele>56.600</ele><time>2026-08-20T16:20:25Z</time><speed>0.472</speed><sat>26</sat></trkpt>
  <trkpt lat="-33.99473667" lon="-139.98875741"><ele>56.600</ele><time>2026-08-20T16:20:26Z</time><speed>0.490</speed><sat>26</sat></trkpt>
  <trkpt lat="-33.99473833" lon="-139.98874676"><ele>56.700</ele><time>2026-08-20T16:20:27Z</time><speed>0.515</speed><sat>27</sat></trkpt>
  <trkpt lat="-33.99473833" lon="-139.98873612"><ele>56.800</ele><time>2026-08-20T16:20:28Z</time><speed>0.502</speed><sat>27</sat></trkpt>
  <trkpt lat="-33.99473333" lon="-139.98872902"><ele>56.900</ele><time>2026-08-20T16:20:29Z</time><speed>0.482</speed><sat>28</sat></trkpt>
  <trkpt lat="-33.99473333" lon="-139.98872074"><ele>57.100</ele><time>2026-08-20T16:20:30Z</time><speed>0.491</speed><sat>27</sat></trkpt>
  <trkpt lat="-33.99473167" lon="-139.98871364"><ele>57.200</ele><time>2026-08-20T16:20:31Z</time><speed>0.512</speed><sat>26</sat></trkpt>
  <trkpt lat="-33.99472667" lon="-139.98871128"><ele>57.300</ele><time>2026-08-20T16:20:32Z</time><speed>0.510</speed><sat>26</sat></trkpt>
  <trkpt lat="-33.99472500" lon="-139.98871009"><ele>57.500</ele><time>2026-08-20T16:20:33Z</time><speed>0.481</speed><sat>26</sat></trkpt>
  <trkpt lat="-33.99472500" lon="-139.98871009"><ele>57.600</ele><time>2026-08-20T16:20:34Z</time><speed>0.413</speed><sat>26</sat></trkpt>
  <trkpt lat="-33.99472667" lon="-139.98871483"><ele>57.800</ele><time>2026-08-20T16:20:35Z</time><speed>0.415</speed><sat>26</sat></trkpt>
  <trkpt lat="-33.99472500" lon="-139.98872311"><ele>58.000</ele><time>2026-08-20T16:20:36Z</time><speed>0.000</speed><sat>25</sat></trkpt>
  <trkpt lat="-33.99472667" lon="-139.98873138"><ele>58.200</ele><time>2026-08-20T16:20:37Z</time><speed>0.000</speed><sat>25</sat></trkpt>
  <trkpt lat="-33.99472833" lon="-139.98873730"><ele>58.600</ele><time>2026-08-20T16:20:38Z</time><speed>0.000</speed><sat>26</sat></trkpt>
  <trkpt lat="-33.99472833" lon="-139.98873730"><ele>58.600</ele><time>2026-08-20T16:20:39Z</time><speed>0.000</speed><sat>25</sat></trkpt>
  <trkpt lat="-33.99472833" lon="-139.98873730"><ele>58.600</ele><time>2026-08-20T16:20:40Z</time><speed>0.000</speed><sat>26</sat></trkpt>
  <trkpt lat="-33.99472833" lon="-139.98873730"><ele>58.600</ele><time>2026-08-20T16:20:41Z</time><speed>0.000</speed><sat>26</sat></trkpt>
  <trkpt lat="-33.99473833" lon="-139.98871364"><ele>59.900</ele><time>2026-08-20T16:20:42Z</time><speed>0.336</speed><sat>26</sat></trkpt>
  <trkpt lat="-33.99474500" lon="-139.98871246"><ele>60.400</ele><time>2026-08-20T16:20:43Z</time><speed>0.370</speed><sat>26</sat></trkpt>
  <trkpt lat="-33.99475167" lon="-139.98871009"><ele>61.000</ele><time>2026-08-20T16:20:44Z</time><speed>0.428</speed><sat>26</sat></trkpt>
  <trkpt lat="-33.99476333" lon="-139.98870182"><ele>61.800</ele><time>2026-08-20T16:20:45Z</time><speed>0.544</speed><sat>26</sat></trkpt>
  <trkpt lat="-33.99476833" lon="-139.98869472"><ele>62.700</ele><time>2026-08-20T16:20:46Z</time><speed>0.624</speed><sat>26</sat></trkpt>
  <trkpt lat="-33.99477500" lon="-139.98868525"><ele>63.200</ele><time>2026-08-20T16:20:47Z</time><speed>0.660</speed><sat>26</sat></trkpt>
  <trkpt lat="-33.99477500" lon="-139.98867225"><ele>63.700</ele><time>2026-08-20T16:20:48Z</time><speed>0.688</speed><sat>25</sat></trkpt>
  <trkpt lat="-33.99477833" lon="-139.98865687"><ele>64.200</ele><time>2026-08-20T16:20:49Z</time><speed>0.739</speed><sat>25</sat></trkpt>
  <trkpt lat="-33.99477667" lon="-139.98863795"><ele>64.600</ele><time>2026-08-20T16:20:50Z</time><speed>0.789</speed><sat>25</sat></trkpt>
  <trkpt lat="-33.99477500" lon="-139.98862375"><ele>64.900</ele><time>2026-08-20T16:20:51Z</time><speed>0.801</speed><sat>26</sat></trkpt>
  <trkpt lat="-33.99477333" lon="-139.98860956"><ele>65.100</ele><time>2026-08-20T16:20:52Z</time><speed>0.822</speed><sat>26</sat></trkpt>
  <trkpt lat="-33.99477000" lon="-139.98859654"><ele>65.400</ele><time>2026-08-20T16:20:53Z</time><speed>0.832</speed><sat>26</sat></trkpt>
  <trkpt lat="-33.99476500" lon="-139.98858235"><ele>65.400</ele><time>2026-08-20T16:20:54Z</time><speed>0.832</speed><sat>26</sat></trkpt>
  <trkpt lat="-33.99476000" lon="-139.98856343"><ele>65.400</ele><time>2026-08-20T16:20:55Z</time><speed>0.772</speed><sat>25</sat></trkpt>
  <trkpt lat="-33.99475833" lon="-139.98855160"><ele>65.200</ele><time>2026-08-20T16:20:56Z</time><speed>0.755</speed><sat>25</sat></trkpt>
  <trkpt lat="-33.99475667" lon="-139.98853504"><ele>64.900</ele><time>2026-08-20T16:20:57Z</time><speed>0.761</speed><sat>26</sat></trkpt>
  <trkpt lat="-33.99475167" lon="-139.98852440"><ele>64.500</ele><time>2026-08-20T16:20:58Z</time><speed>0.763</speed><sat>26</sat></trkpt>
  <trkpt lat="-33.99475000" lon="-139.98851138"><ele>63.900</ele><time>2026-08-20T16:20:59Z</time><speed>0.758</speed><sat>26</sat></trkpt>
  <trkpt lat="-33.99474500" lon="-139.98849837"><ele>63.200</ele><time>2026-08-20T16:21:00Z</time><speed>0.762</speed><sat>26</sat></trkpt>
  <trkpt lat="-33.99474333" lon="-139.98848654"><ele>62.800</ele><time>2026-08-20T16:21:01Z</time><speed>0.771</speed><sat>26</sat></trkpt>
  <trkpt lat="-33.99473833" lon="-139.98847117"><ele>62.600</ele><time>2026-08-20T16:21:02Z</time><speed>0.785</speed><sat>26</sat></trkpt>
  <trkpt lat="-33.99472167" lon="-139.98845461"><ele>61.900</ele><time>2026-08-20T16:21:03Z</time><speed>0.877</speed><sat>26</sat></trkpt>
  <trkpt lat="-33.99472000" lon="-139.98842977"><ele>61.700</ele><time>2026-08-20T16:21:04Z</time><speed>0.925</speed><sat>26</sat></trkpt>
  <trkpt lat="-33.99471833" lon="-139.98840611"><ele>62.000</ele><time>2026-08-20T16:21:05Z</time><speed>0.000</speed><sat>27</sat></trkpt>
  <trkpt lat="-33.99472000" lon="-139.98838837"><ele>62.000</ele><time>2026-08-20T16:21:06Z</time><speed>0.931</speed><sat>27</sat></trkpt>
  <trkpt lat="-33.99471833" lon="-139.98836117"><ele>61.900</ele><time>2026-08-20T16:21:07Z</time><speed>0.915</speed><sat>27</sat></trkpt>
  <trkpt lat="-33.99472167" lon="-139.98835525"><ele>61.600</ele><time>2026-08-20T16:21:08Z</time><speed>0.000</speed><sat>27</sat></trkpt>
  <trkpt lat="-33.99472333" lon="-139.98834224"><ele>61.700</ele><time>2026-08-20T16:21:09Z</time><speed>0.000</speed><sat>24</sat></trkpt>
  <trkpt lat="-33.99472500" lon="-139.98832095"><ele>61.600</ele><time>2026-08-20T16:21:10Z</time><speed>0.889</speed><sat>26</sat></trkpt>
  <trkpt lat="-33.99472667" lon="-139.98830912"><ele>61.900</ele><time>2026-08-20T16:21:11Z</time><speed>0.877</speed><sat>26</sat></trkpt>
  <trkpt lat="-33.99472500" lon="-139.98829256"><ele>61.900</ele><time>2026-08-20T16:21:12Z</time><speed>0.840</speed><sat>26</sat></trkpt>
  <trkpt lat="-33.99471333" lon="-139.98827246"><ele>61.700</ele><time>2026-08-20T16:21:13Z</time><speed>0.768</speed><sat>25</sat></trkpt>
  <trkpt lat="-33.99470500" lon="-139.98824643"><ele>61.800</ele><time>2026-08-20T16:21:14Z</time><speed>0.780</speed><sat>25</sat></trkpt>
  <trkpt lat="-33.99469667" lon="-139.98822514"><ele>62.000</ele><time>2026-08-20T16:21:15Z</time><speed>0.854</speed><sat>25</sat></trkpt>
  <trkpt lat="-33.99468667" lon="-139.98820385"><ele>62.600</ele><time>2026-08-20T16:21:16Z</time><speed>0.905</speed><sat>25</sat></trkpt>
  <trkpt lat="-33.99468000" lon="-139.98818493"><ele>62.900</ele><time>2026-08-20T16:21:17Z</time><speed>0.000</speed><sat>24</sat></trkpt>
  <trkpt lat="-33.99467333" lon="-139.98816718"><ele>63.100</ele><time>2026-08-20T16:21:18Z</time><speed>0.000</speed><sat>25</sat></trkpt>
  <trkpt lat="-33.99467000" lon="-139.98814353"><ele>63.400</ele><time>2026-08-20T16:21:19Z</time><speed>1.048</speed><sat>25</sat></trkpt>
  <trkpt lat="-33.99466500" lon="-139.98813170"><ele>63.600</ele><time>2026-08-20T16:21:20Z</time><speed>1.018</speed><sat>25</sat></trkpt>
  <trkpt lat="-33.99466167" lon="-139.98811514"><ele>64.200</ele><time>2026-08-20T16:21:21Z</time><speed>0.968</speed><sat>26</sat></trkpt>
  <trkpt lat="-33.99465667" lon="-139.98810095"><ele>65.200</ele><time>2026-08-20T16:21:22Z</time><speed>0.954</speed><sat>25</sat></trkpt>
  <trkpt lat="-33.99465167" lon="-139.98808202"><ele>66.400</ele><time>2026-08-20T16:21:23Z</time><speed>0.977</speed><sat>24</sat></trkpt>
  <trkpt lat="-33.99464667" lon="-139.98806073"><ele>67.700</ele><time>2026-08-20T16:21:24Z</time><speed>0.984</speed><sat>25</sat></trkpt>
  <trkpt lat="-33.99464500" lon="-139.98804654"><ele>68.400</ele><time>2026-08-20T16:21:25Z</time><speed>0.000</speed><sat>25</sat></trkpt>
  <trkpt lat="-33.99464333" lon="-139.98802998"><ele>69.500</ele><time>2026-08-20T16:21:26Z</time><speed>0.000</speed><sat>23</sat></trkpt>
  <trkpt lat="-33.99464000" lon="-139.98801342"><ele>70.500</ele><time>2026-08-20T16:21:27Z</time><speed>0.000</speed><sat>24</sat></trkpt>
  <trkpt lat="-33.99464000" lon="-139.98800159"><ele>71.600</ele><time>2026-08-20T16:21:28Z</time><speed>0.000</speed><sat>23</sat></trkpt>
  <trkpt lat="-33.99463500" lon="-139.98798859"><ele>72.700</ele><time>2026-08-20T16:21:29Z</time><speed>0.000</speed><sat>23</sat></trkpt>
  <trkpt lat="-33.99462833" lon="-139.98797912"><ele>74.000</ele><time>2026-08-20T16:21:30Z</time><speed>0.000</speed><sat>24</sat></trkpt>
  <trkpt lat="-33.99462667" lon="-139.98796138"><ele>74.900</ele><time>2026-08-20T16:21:31Z</time><speed>1.033</speed><sat>24</sat></trkpt>
  <trkpt lat="-33.99462000" lon="-139.98794363"><ele>76.100</ele><time>2026-08-20T16:21:32Z</time><speed>1.116</speed><sat>24</sat></trkpt>
  <trkpt lat="-33.99462000" lon="-139.98793063"><ele>76.500</ele><time>2026-08-20T16:21:33Z</time><speed>1.116</speed><sat>25</sat></trkpt>
  <trkpt lat="-33.99461167" lon="-139.98790933"><ele>77.500</ele><time>2026-08-20T16:21:34Z</time><speed>1.099</speed><sat>25</sat></trkpt>
  <trkpt lat="-33.99460000" lon="-139.98788686"><ele>77.400</ele><time>2026-08-20T16:21:35Z</time><speed>0.000</speed><sat>24</sat></trkpt>
  <trkpt lat="-33.99460000" lon="-139.98786557"><ele>77.400</ele><time>2026-08-20T16:21:36Z</time><speed>0.000</speed><sat>25</sat></trkpt>
  <trkpt lat="-33.99460167" lon="-139.98784783"><ele>77.400</ele><time>2026-08-20T16:21:37Z</time><speed>1.074</speed><sat>24</sat></trkpt>
  <trkpt lat="-33.99459667" lon="-139.98783363"><ele>77.800</ele><time>2026-08-20T16:21:38Z</time><speed>1.075</speed><sat>23</sat></trkpt>
  <trkpt lat="-33.99459333" lon="-139.98782181"><ele>78.300</ele><time>2026-08-20T16:21:39Z</time><speed>1.075</speed><sat>25</sat></trkpt>
  <trkpt lat="-33.99458333" lon="-139.98780052"><ele>79.000</ele><time>2026-08-20T16:21:40Z</time><speed>1.096</speed><sat>24</sat></trkpt>
  <trkpt lat="-33.99457333" lon="-139.98778159"><ele>79.700</ele><time>2026-08-20T16:21:41Z</time><speed>1.140</speed><sat>25</sat></trkpt>
  <trkpt lat="-33.99456833" lon="-139.98776266"><ele>80.000</ele><time>2026-08-20T16:21:42Z</time><speed>1.156</speed><sat>25</sat></trkpt>
  <trkpt lat="-33.99456000" lon="-139.98774492"><ele>80.300</ele><time>2026-08-20T16:21:43Z</time><speed>1.202</speed><sat>25</sat></trkpt>
  <trkpt lat="-33.99455333" lon="-139.98773428"><ele>80.900</ele><time>2026-08-20T16:21:44Z</time><speed>1.229</speed><sat>24</sat></trkpt>
  <trkpt lat="-33.99455000" lon="-139.98772363"><ele>81.300</ele><time>2026-08-20T16:21:45Z</time><speed>1.233</speed><sat>26</sat></trkpt>
  <trkpt lat="-33.99455667" lon="-139.98770826"><ele>81.400</ele><time>2026-08-20T16:21:46Z</time><speed>1.224</speed><sat>24</sat></trkpt>
  <trkpt lat="-33.99455667" lon="-139.98769288"><ele>81.900</ele><time>2026-08-20T16:21:47Z</time><speed>1.226</speed><sat>23</sat></trkpt>
  <trkpt lat="-33.99456000" lon="-139.98767987"><ele>82.500</ele><time>2026-08-20T16:21:48Z</time><speed>0.000</speed><sat>23</sat></trkpt>
  <trkpt lat="-33.99456333" lon="-139.98766095"><ele>82.800</ele><time>2026-08-20T16:21:49Z</time><speed>1.258</speed><sat>24</sat></trkpt>
  <trkpt lat="-33.99456000" lon="-139.98764202"><ele>83.200</ele><time>2026-08-20T16:21:50Z</time><speed>1.262</speed><sat>23</sat></trkpt>
  <trkpt lat="-33.99455167" lon="-139.98762901"><ele>84.000</ele><time>2026-08-20T16:21:51Z</time><speed>1.254</speed><sat>24</sat></trkpt>
  <trkpt lat="-33.99454167" lon="-139.98761718"><ele>84.700</ele><time>2026-08-20T16:21:52Z</time><speed>1.245</speed><sat>25</sat></trkpt>
  <trkpt lat="-33.99453167" lon="-139.98760772"><ele>85.400</ele><time>2026-08-20T16:21:53Z</time><speed>0.000</speed><sat>24</sat></trkpt>
  <trkpt lat="-33.99452500" lon="-139.98760653"><ele>84.900</ele><time>2026-08-20T16:21:54Z</time><speed>1.217</speed><sat>24</sat></trkpt>
  <trkpt lat="-33.99452500" lon="-139.98760062"><ele>83.600</ele><time>2026-08-20T16:21:55Z</time><speed>1.174</speed><sat>25</sat></trkpt>
  <trkpt lat="-33.99452333" lon="-139.98760417"><ele>82.500</ele><time>2026-08-20T16:21:56Z</time><speed>1.122</speed><sat>23</sat></trkpt>
  <trkpt lat="-33.99452500" lon="-139.98759944"><ele>81.800</ele><time>2026-08-20T16:21:57Z</time><speed>1.076</speed><sat>24</sat></trkpt>
  <trkpt lat="-33.99453500" lon="-139.98758879"><ele>79.900</ele><time>2026-08-20T16:21:58Z</time><speed>0.994</speed><sat>24</sat></trkpt>
  <trkpt lat="-33.99453667" lon="-139.98758406"><ele>78.400</ele><time>2026-08-20T16:21:59Z</time><speed>0.931</speed><sat>25</sat></trkpt>
  <trkpt lat="-33.99454333" lon="-139.98757578"><ele>76.800</ele><time>2026-08-20T16:22:00Z</time><speed>0.850</speed><sat>25</sat></trkpt>
  <trkpt lat="-33.99456167" lon="-139.98756514"><ele>75.000</ele><time>2026-08-20T16:22:01Z</time><speed>0.795</speed><sat>26</sat></trkpt>
  <trkpt lat="-33.99456833" lon="-139.98755331"><ele>74.000</ele><time>2026-08-20T16:22:02Z</time><speed>0.723</speed><sat>25</sat></trkpt>
  <trkpt lat="-33.99457333" lon="-139.98754266"><ele>73.500</ele><time>2026-08-20T16:22:03Z</time><speed>0.000</speed><sat>25</sat></trkpt>
  <trkpt lat="-33.99458000" lon="-139.98753202"><ele>72.900</ele><time>2026-08-20T16:22:04Z</time><speed>0.556</speed><sat>26</sat></trkpt>
  <trkpt lat="-33.99458333" lon="-139.98752137"><ele>72.500</ele><time>2026-08-20T16:22:05Z</time><speed>0.558</speed><sat>22</sat></trkpt>
  <trkpt lat="-33.99458333" lon="-139.98751310"><ele>72.000</ele><time>2026-08-20T16:22:06Z</time><speed>0.000</speed><sat>24</sat></trkpt>
  <trkpt lat="-33.99458000" lon="-139.98750718"><ele>71.600</ele><time>2026-08-20T16:22:07Z</time><speed>0.000</speed><sat>24</sat></trkpt>
  <trkpt lat="-33.99458333" lon="-139.98750600"><ele>70.500</ele><time>2026-08-20T16:22:08Z</time><speed>0.000</speed><sat>23</sat></trkpt>
  <trkpt lat="-33.99458500" lon="-139.98750245"><ele>70.100</ele><time>2026-08-20T16:22:09Z</time><speed>0.505</speed><sat>24</sat></trkpt>
  <trkpt lat="-33.99459500" lon="-139.98749417"><ele>69.100</ele><time>2026-08-20T16:22:10Z</time><speed>0.522</speed><sat>25</sat></trkpt>
  <trkpt lat="-33.99460167" lon="-139.98748471"><ele>68.600</ele><time>2026-08-20T16:22:11Z</time><speed>0.000</speed><sat>25</sat></trkpt>
  <trkpt lat="-33.99461333" lon="-139.98747052"><ele>68.000</ele><time>2026-08-20T16:22:12Z</time><speed>0.000</speed><sat>25</sat></trkpt>
  <trkpt lat="-33.99461833" lon="-139.98745868"><ele>67.700</ele><time>2026-08-20T16:22:13Z</time><speed>0.000</speed><sat>25</sat></trkpt>
  <trkpt lat="-33.99462167" lon="-139.98744685"><ele>67.500</ele><time>2026-08-20T16:22:14Z</time><speed>0.000</speed><sat>26</sat></trkpt>
  <trkpt lat="-33.99462500" lon="-139.98742556"><ele>66.600</ele><time>2026-08-20T16:22:15Z</time><speed>0.000</speed><sat>27</sat></trkpt>
  <trkpt lat="-33.99462667" lon="-139.98740901"><ele>65.700</ele><time>2026-08-20T16:22:16Z</time><speed>0.465</speed><sat>27</sat></trkpt>
  <trkpt lat="-33.99463167" lon="-139.98739245"><ele>64.700</ele><time>2026-08-20T16:22:17Z</time><speed>0.498</speed><sat>26</sat></trkpt>
  <trkpt lat="-33.99463167" lon="-139.98737589"><ele>63.900</ele><time>2026-08-20T16:22:18Z</time><speed>0.544</speed><sat>27</sat></trkpt>
  <trkpt lat="-33.99463000" lon="-139.98735460"><ele>63.200</ele><time>2026-08-20T16:22:19Z</time><speed>0.656</speed><sat>26</sat></trkpt>
  <trkpt lat="-33.99462500" lon="-139.98733330"><ele>62.700</ele><time>2026-08-20T16:22:20Z</time><speed>0.704</speed><sat>26</sat></trkpt>
  <trkpt lat="-33.99462333" lon="-139.98731438"><ele>62.000</ele><time>2026-08-20T16:22:21Z</time><speed>0.744</speed><sat>26</sat></trkpt>
  <trkpt lat="-33.99462167" lon="-139.98729782"><ele>61.700</ele><time>2026-08-20T16:22:22Z</time><speed>0.785</speed><sat>26</sat></trkpt>
  <trkpt lat="-33.99462167" lon="-139.98728363"><ele>61.300</ele><time>2026-08-20T16:22:23Z</time><speed>0.837</speed><sat>26</sat></trkpt>
  <trkpt lat="-33.99462167" lon="-139.98727062"><ele>60.800</ele><time>2026-08-20T16:22:24Z</time><speed>0.876</speed><sat>25</sat></trkpt>
  <trkpt lat="-33.99462000" lon="-139.98726352"><ele>60.500</ele><time>2026-08-20T16:22:25Z</time><speed>0.877</speed><sat>26</sat></trkpt>
  <trkpt lat="-33.99461833" lon="-139.98726234"><ele>59.900</ele><time>2026-08-20T16:22:26Z</time><speed>0.856</speed><sat>26</sat></trkpt>
  <trkpt lat="-33.99461000" lon="-139.98725642"><ele>59.200</ele><time>2026-08-20T16:22:27Z</time><speed>0.836</speed><sat>26</sat></trkpt>
  <trkpt lat="-33.99461167" lon="-139.98725761"><ele>58.100</ele><time>2026-08-20T16:22:28Z</time><speed>0.835</speed><sat>26</sat></trkpt>
  <trkpt lat="-33.99461000" lon="-139.98725997"><ele>57.400</ele><time>2026-08-20T16:22:29Z</time><speed>0.764</speed><sat>26</sat></trkpt>
  <trkpt lat="-33.99461333" lon="-139.98726352"><ele>56.300</ele><time>2026-08-20T16:22:30Z</time><speed>0.742</speed><sat>26</sat></trkpt>
  <trkpt lat="-33.99462000" lon="-139.98726234"><ele>55.100</ele><time>2026-08-20T16:22:31Z</time><speed>0.678</speed><sat>26</sat></trkpt>
  <trkpt lat="-33.99462167" lon="-139.98725288"><ele>53.900</ele><time>2026-08-20T16:22:32Z</time><speed>0.000</speed><sat>25</sat></trkpt>
  <trkpt lat="-33.99462000" lon="-139.98723987"><ele>53.600</ele><time>2026-08-20T16:22:33Z</time><speed>0.000</speed><sat>23</sat></trkpt>
  <trkpt lat="-33.99462167" lon="-139.98722567"><ele>52.400</ele><time>2026-08-20T16:22:34Z</time><speed>0.477</speed><sat>22</sat></trkpt>
  <trkpt lat="-33.99462333" lon="-139.98720675"><ele>51.300</ele><time>2026-08-20T16:22:35Z</time><speed>0.511</speed><sat>23</sat></trkpt>
  <trkpt lat="-33.99462500" lon="-139.98719137"><ele>50.500</ele><time>2026-08-20T16:22:36Z</time><speed>0.552</speed><sat>23</sat></trkpt>
  <trkpt lat="-33.99462667" lon="-139.98717600"><ele>50.100</ele><time>2026-08-20T16:22:37Z</time><speed>0.000</speed><sat>23</sat></trkpt>
  <trkpt lat="-33.99463000" lon="-139.98715825"><ele>49.700</ele><time>2026-08-20T16:22:38Z</time><speed>0.000</speed><sat>24</sat></trkpt>
  <trkpt lat="-33.99463500" lon="-139.98714169"><ele>49.400</ele><time>2026-08-20T16:22:39Z</time><speed>0.641</speed><sat>23</sat></trkpt>
  <trkpt lat="-33.99463333" lon="-139.98712158"><ele>48.600</ele><time>2026-08-20T16:22:40Z</time><speed>0.641</speed><sat>22</sat></trkpt>
  <trkpt lat="-33.99464000" lon="-139.98710858"><ele>48.800</ele><time>2026-08-20T16:22:41Z</time><speed>0.637</speed><sat>20</sat></trkpt>
  <trkpt lat="-33.99464333" lon="-139.98709320"><ele>49.000</ele><time>2026-08-20T16:22:42Z</time><speed>0.667</speed><sat>21</sat></trkpt>
  <trkpt lat="-33.99464667" lon="-139.98708019"><ele>49.800</ele><time>2026-08-20T16:22:43Z</time><speed>0.729</speed><sat>22</sat></trkpt>
  <trkpt lat="-33.99465167" lon="-139.98705062"><ele>51.000</ele><time>2026-08-20T16:22:44Z</time><speed>0.762</speed><sat>22</sat></trkpt>
  <trkpt lat="-33.99465000" lon="-139.98703051"><ele>52.200</ele><time>2026-08-20T16:22:45Z</time><speed>0.801</speed><sat>22</sat></trkpt>
  <trkpt lat="-33.99465167" lon="-139.98700449"><ele>53.700</ele><time>2026-08-20T16:22:46Z</time><speed>0.846</speed><sat>24</sat></trkpt>
  <trkpt lat="-33.99465833" lon="-139.98698674"><ele>53.900</ele><time>2026-08-20T16:22:47Z</time><speed>0.851</speed><sat>24</sat></trkpt>
  <trkpt lat="-33.99466167" lon="-139.98697374"><ele>55.100</ele><time>2026-08-20T16:22:48Z</time><speed>0.802</speed><sat>23</sat></trkpt>
  <trkpt lat="-33.99466833" lon="-139.98696427"><ele>55.800</ele><time>2026-08-20T16:22:49Z</time><speed>0.751</speed><sat>21</sat></trkpt>
  <trkpt lat="-33.99467333" lon="-139.98694890"><ele>56.600</ele><time>2026-08-20T16:22:50Z</time><speed>0.779</speed><sat>21</sat></trkpt>
  <trkpt lat="-33.99467500" lon="-139.98692997"><ele>57.000</ele><time>2026-08-20T16:22:51Z</time><speed>0.838</speed><sat>22</sat></trkpt>
  <trkpt lat="-33.99467167" lon="-139.98691696"><ele>56.900</ele><time>2026-08-20T16:22:52Z</time><speed>0.855</speed><sat>25</sat></trkpt>
  <trkpt lat="-33.99466833" lon="-139.98690868"><ele>56.700</ele><time>2026-08-20T16:22:53Z</time><speed>0.812</speed><sat>25</sat></trkpt>
  <trkpt lat="-33.99466167" lon="-139.98689567"><ele>56.700</ele><time>2026-08-20T16:22:54Z</time><speed>0.798</speed><sat>25</sat></trkpt>
  <trkpt lat="-33.99465667" lon="-139.98688503"><ele>56.700</ele><time>2026-08-20T16:22:55Z</time><speed>0.769</speed><sat>25</sat></trkpt>
  <trkpt lat="-33.99465333" lon="-139.98687083"><ele>56.500</ele><time>2026-08-20T16:22:56Z</time><speed>0.743</speed><sat>25</sat></trkpt>
  <trkpt lat="-33.99464667" lon="-139.98685782"><ele>56.700</ele><time>2026-08-20T16:22:57Z</time><speed>0.808</speed><sat>24</sat></trkpt>
  <trkpt lat="-33.99464000" lon="-139.98684362"><ele>56.900</ele><time>2026-08-20T16:22:58Z</time><speed>0.953</speed><sat>25</sat></trkpt>
  <trkpt lat="-33.99463500" lon="-139.98682707"><ele>57.200</ele><time>2026-08-20T16:22:59Z</time><speed>1.039</speed><sat>25</sat></trkpt>
  <trkpt lat="-33.99463333" lon="-139.98681051"><ele>57.400</ele><time>2026-08-20T16:23:00Z</time><speed>0.000</speed><sat>25</sat></trkpt>
  <trkpt lat="-33.99462667" lon="-139.98679277"><ele>58.000</ele><time>2026-08-20T16:23:01Z</time><speed>1.110</speed><sat>26</sat></trkpt>
  <trkpt lat="-33.99462333" lon="-139.98677620"><ele>58.700</ele><time>2026-08-20T16:23:02Z</time><speed>0.000</speed><sat>26</sat></trkpt>
  <trkpt lat="-33.99463000" lon="-139.98676793"><ele>59.200</ele><time>2026-08-20T16:23:03Z</time><speed>1.216</speed><sat>26</sat></trkpt>
  <trkpt lat="-33.99462833" lon="-139.98675728"><ele>59.900</ele><time>2026-08-20T16:23:04Z</time><speed>1.258</speed><sat>26</sat></trkpt>
  <trkpt lat="-33.99462000" lon="-139.98674427"><ele>60.800</ele><time>2026-08-20T16:23:05Z</time><speed>1.294</speed><sat>25</sat></trkpt>
  <trkpt lat="-33.99461000" lon="-139.98672889"><ele>61.400</ele><time>2026-08-20T16:23:06Z</time><speed>1.372</speed><sat>24</sat></trkpt>
  <trkpt lat="-33.99459500" lon="-139.98671825"><ele>61.500</ele><time>2026-08-20T16:23:07Z</time><speed>1.406</speed><sat>24</sat></trkpt>
  <trkpt lat="-33.99458667" lon="-139.98670287"><ele>61.500</ele><time>2026-08-20T16:23:08Z</time><speed>1.368</speed><sat>25</sat></trkpt>
  <trkpt lat="-33.99457667" lon="-139.98669577"><ele>61.900</ele><time>2026-08-20T16:23:09Z</time><speed>1.356</speed><sat>23</sat></trkpt>
  <trkpt lat="-33.99457000" lon="-139.98668158"><ele>62.300</ele><time>2026-08-20T16:23:10Z</time><speed>1.348</speed><sat>24</sat></trkpt>
  <trkpt lat="-33.99456333" lon="-139.98666029"><ele>62.500</ele><time>2026-08-20T16:23:11Z</time><speed>1.440</speed><sat>25</sat></trkpt>
  <trkpt lat="-33.99455833" lon="-139.98663664"><ele>62.800</ele><time>2026-08-20T16:23:12Z</time><speed>1.516</speed><sat>24</sat></trkpt>
  <trkpt lat="-33.99455833" lon="-139.98661535"><ele>63.100</ele><time>2026-08-20T16:23:13Z</time><speed>1.613</speed><sat>25</sat></trkpt>
  <trkpt lat="-33.99455500" lon="-139.98659523"><ele>63.500</ele><time>2026-08-20T16:23:14Z</time><speed>1.658</speed><sat>25</sat></trkpt>
  <trkpt lat="-33.99455333" lon="-139.98658104"><ele>63.300</ele><time>2026-08-20T16:23:15Z</time><speed>1.621</speed><sat>25</sat></trkpt>
  <trkpt lat="-33.99455000" lon="-139.98656803"><ele>63.200</ele><time>2026-08-20T16:23:16Z</time><speed>1.539</speed><sat>25</sat></trkpt>
  <trkpt lat="-33.99454167" lon="-139.98655384"><ele>63.600</ele><time>2026-08-20T16:23:17Z</time><speed>1.465</speed><sat>26</sat></trkpt>
  <trkpt lat="-33.99453500" lon="-139.98654319"><ele>63.900</ele><time>2026-08-20T16:23:18Z</time><speed>1.411</speed><sat>25</sat></trkpt>
  <trkpt lat="-33.99452333" lon="-139.98653255"><ele>64.100</ele><time>2026-08-20T16:23:19Z</time><speed>1.377</speed><sat>25</sat></trkpt>
  <trkpt lat="-33.99451333" lon="-139.98652426"><ele>64.400</ele><time>2026-08-20T16:23:20Z</time><speed>1.315</speed><sat>25</sat></trkpt>
  <trkpt lat="-33.99450167" lon="-139.98651599"><ele>64.300</ele><time>2026-08-20T16:23:21Z</time><speed>1.191</speed><sat>25</sat></trkpt>
  <trkpt lat="-33.99450500" lon="-139.98651835"><ele>63.700</ele><time>2026-08-20T16:23:22Z</time><speed>0.998</speed><sat>24</sat></trkpt>
  <trkpt lat="-33.99451833" lon="-139.98651954"><ele>63.400</ele><time>2026-08-20T16:23:23Z</time><speed>0.851</speed><sat>24</sat></trkpt>
  <trkpt lat="-33.99452667" lon="-139.98652309"><ele>63.700</ele><time>2026-08-20T16:23:24Z</time><speed>0.000</speed><sat>26</sat></trkpt>
  <trkpt lat="-33.99455000" lon="-139.98653136"><ele>64.100</ele><time>2026-08-20T16:23:25Z</time><speed>0.890</speed><sat>25</sat></trkpt>
  <trkpt lat="-33.99457333" lon="-139.98653018"><ele>64.000</ele><time>2026-08-20T16:23:26Z</time><speed>0.911</speed><sat>25</sat></trkpt>
  <trkpt lat="-33.99459167" lon="-139.98652545"><ele>64.400</ele><time>2026-08-20T16:23:27Z</time><speed>0.889</speed><sat>24</sat></trkpt>
  <trkpt lat="-33.99460500" lon="-139.98652309"><ele>64.800</ele><time>2026-08-20T16:23:28Z</time><speed>0.847</speed><sat>26</sat></trkpt>
  <trkpt lat="-33.99461333" lon="-139.98652426"><ele>64.500</ele><time>2026-08-20T16:23:29Z</time><speed>0.832</speed><sat>26</sat></trkpt>
  <trkpt lat="-33.99461500" lon="-139.98651717"><ele>63.700</ele><time>2026-08-20T16:23:30Z</time><speed>0.803</speed><sat>27</sat></trkpt>
  <trkpt lat="-33.99461667" lon="-139.98651835"><ele>62.600</ele><time>2026-08-20T16:23:31Z</time><speed>0.800</speed><sat>26</sat></trkpt>
  <trkpt lat="-33.99461333" lon="-139.98651717"><ele>61.900</ele><time>2026-08-20T16:23:32Z</time><speed>0.861</speed><sat>26</sat></trkpt>
  <trkpt lat="-33.99461000" lon="-139.98652072"><ele>61.100</ele><time>2026-08-20T16:23:33Z</time><speed>0.892</speed><sat>26</sat></trkpt>
  <trkpt lat="-33.99461000" lon="-139.98652781"><ele>60.500</ele><time>2026-08-20T16:23:34Z</time><speed>0.762</speed><sat>26</sat></trkpt>
  <trkpt lat="-33.99461167" lon="-139.98652781"><ele>60.400</ele><time>2026-08-20T16:23:35Z</time><speed>0.688</speed><sat>25</sat></trkpt>
  <trkpt lat="-33.99460833" lon="-139.98652072"><ele>60.000</ele><time>2026-08-20T16:23:36Z</time><speed>0.620</speed><sat>26</sat></trkpt>
  <trkpt lat="-33.99460500" lon="-139.98650889"><ele>59.900</ele><time>2026-08-20T16:23:37Z</time><speed>0.591</speed><sat>26</sat></trkpt>
  <trkpt lat="-33.99460667" lon="-139.98649470"><ele>59.600</ele><time>2026-08-20T16:23:38Z</time><speed>0.600</speed><sat>26</sat></trkpt>
  <trkpt lat="-33.99461167" lon="-139.98648405"><ele>59.200</ele><time>2026-08-20T16:23:39Z</time><speed>0.589</speed><sat>23</sat></trkpt>
  <trkpt lat="-33.99461333" lon="-139.98647222"><ele>58.900</ele><time>2026-08-20T16:23:40Z</time><speed>0.000</speed><sat>24</sat></trkpt>
  <trkpt lat="-33.99461000" lon="-139.98644857"><ele>58.500</ele><time>2026-08-20T16:23:41Z</time><speed>0.654</speed><sat>24</sat></trkpt>
  <trkpt lat="-33.99460667" lon="-139.98643083"><ele>58.100</ele><time>2026-08-20T16:23:42Z</time><speed>0.690</speed><sat>23</sat></trkpt>
  <trkpt lat="-33.99460167" lon="-139.98641190"><ele>57.600</ele><time>2026-08-20T16:23:43Z</time><speed>0.736</speed><sat>25</sat></trkpt>
  <trkpt lat="-33.99460000" lon="-139.98639179"><ele>57.100</ele><time>2026-08-20T16:23:44Z</time><speed>0.776</speed><sat>25</sat></trkpt>
  <trkpt lat="-33.99459667" lon="-139.98637405"><ele>56.800</ele><time>2026-08-20T16:23:45Z</time><speed>0.786</speed><sat>25</sat></trkpt>
  <trkpt lat="-33.99458667" lon="-139.98635867"><ele>56.500</ele><time>2026-08-20T16:23:46Z</time><speed>0.806</speed><sat>25</sat></trkpt>
  <trkpt lat="-33.99458000" lon="-139.98633975"><ele>56.200</ele><time>2026-08-20T16:23:47Z</time><speed>0.843</speed><sat>25</sat></trkpt>
  <trkpt lat="-33.99457667" lon="-139.98632200"><ele>55.900</ele><time>2026-08-20T16:23:48Z</time><speed>0.897</speed><sat>25</sat></trkpt>
  <trkpt lat="-33.99457000" lon="-139.98630663"><ele>55.500</ele><time>2026-08-20T16:23:49Z</time><speed>0.904</speed><sat>25</sat></trkpt>
  <trkpt lat="-33.99456167" lon="-139.98629480"><ele>55.300</ele><time>2026-08-20T16:23:50Z</time><speed>0.000</speed><sat>25</sat></trkpt>
  <trkpt lat="-33.99456167" lon="-139.98628297"><ele>55.100</ele><time>2026-08-20T16:23:51Z</time><speed>0.838</speed><sat>26</sat></trkpt>
  <trkpt lat="-33.99456000" lon="-139.98627351"><ele>54.900</ele><time>2026-08-20T16:23:52Z</time><speed>0.792</speed><sat>25</sat></trkpt>
  <trkpt lat="-33.99455667" lon="-139.98626287"><ele>54.700</ele><time>2026-08-20T16:23:53Z</time><speed>0.738</speed><sat>25</sat></trkpt>
  <trkpt lat="-33.99455667" lon="-139.98625104"><ele>54.700</ele><time>2026-08-20T16:23:54Z</time><speed>0.693</speed><sat>26</sat></trkpt>
  <trkpt lat="-33.99456167" lon="-139.98623921"><ele>54.500</ele><time>2026-08-20T16:23:55Z</time><speed>0.685</speed><sat>25</sat></trkpt>
  <trkpt lat="-33.99455500" lon="-139.98622147"><ele>54.400</ele><time>2026-08-20T16:23:56Z</time><speed>0.695</speed><sat>27</sat></trkpt>
  <trkpt lat="-33.99455500" lon="-139.98620609"><ele>54.800</ele><time>2026-08-20T16:23:57Z</time><speed>0.694</speed><sat>27</sat></trkpt>
  <trkpt lat="-33.99455000" lon="-139.98618480"><ele>54.900</ele><time>2026-08-20T16:23:58Z</time><speed>0.674</speed><sat>26</sat></trkpt>
  <trkpt lat="-33.99454833" lon="-139.98617179"><ele>55.400</ele><time>2026-08-20T16:23:59Z</time><speed>0.673</speed><sat>27</sat></trkpt>
  <trkpt lat="-33.99454333" lon="-139.98615641"><ele>56.000</ele><time>2026-08-20T16:24:00Z</time><speed>0.000</speed><sat>27</sat></trkpt>
  <trkpt lat="-33.99453833" lon="-139.98613986"><ele>56.800</ele><time>2026-08-20T16:24:01Z</time><speed>0.000</speed><sat>27</sat></trkpt>
  <trkpt lat="-33.99453500" lon="-139.98612093"><ele>57.400</ele><time>2026-08-20T16:24:02Z</time><speed>0.802</speed><sat>27</sat></trkpt>
  <trkpt lat="-33.99452833" lon="-139.98610082"><ele>57.300</ele><time>2026-08-20T16:24:03Z</time><speed>0.854</speed><sat>27</sat></trkpt>
  <trkpt lat="-33.99452500" lon="-139.98608663"><ele>56.800</ele><time>2026-08-20T16:24:04Z</time><speed>0.894</speed><sat>26</sat></trkpt>
  <trkpt lat="-33.99452333" lon="-139.98607480"><ele>56.800</ele><time>2026-08-20T16:24:05Z</time><speed>0.939</speed><sat>26</sat></trkpt>
  <trkpt lat="-33.99452167" lon="-139.98605942"><ele>57.000</ele><time>2026-08-20T16:24:06Z</time><speed>0.962</speed><sat>26</sat></trkpt>
  <trkpt lat="-33.99451833" lon="-139.98604050"><ele>57.100</ele><time>2026-08-20T16:24:07Z</time><speed>0.981</speed><sat>26</sat></trkpt>
  <trkpt lat="-33.99451500" lon="-139.98601684"><ele>56.700</ele><time>2026-08-20T16:24:08Z</time><speed>0.000</speed><sat>25</sat></trkpt>
  <trkpt lat="-33.99451167" lon="-139.98598490"><ele>57.300</ele><time>2026-08-20T16:24:09Z</time><speed>1.272</speed><sat>26</sat></trkpt>
  <trkpt lat="-33.99452000" lon="-139.98596125"><ele>57.900</ele><time>2026-08-20T16:24:10Z</time><speed>1.307</speed><sat>25</sat></trkpt>
  <trkpt lat="-33.99452833" lon="-139.98593996"><ele>58.400</ele><time>2026-08-20T16:24:11Z</time><speed>1.238</speed><sat>26</sat></trkpt>
  <trkpt lat="-33.99453167" lon="-139.98593050"><ele>58.800</ele><time>2026-08-20T16:24:12Z</time><speed>1.177</speed><sat>26</sat></trkpt>
  <trkpt lat="-33.99453500" lon="-139.98591985"><ele>59.200</ele><time>2026-08-20T16:24:13Z</time><speed>1.098</speed><sat>25</sat></trkpt>
  <trkpt lat="-33.99454167" lon="-139.98591157"><ele>59.300</ele><time>2026-08-20T16:24:14Z</time><speed>1.047</speed><sat>26</sat></trkpt>
  <trkpt lat="-33.99454833" lon="-139.98590329"><ele>59.100</ele><time>2026-08-20T16:24:15Z</time><speed>0.985</speed><sat>26</sat></trkpt>
  <trkpt lat="-33.99455000" lon="-139.98589502"><ele>58.900</ele><time>2026-08-20T16:24:16Z</time><speed>0.928</speed><sat>26</sat></trkpt>
  <trkpt lat="-33.99454833" lon="-139.98588555"><ele>58.600</ele><time>2026-08-20T16:24:17Z</time><speed>0.869</speed><sat>26</sat></trkpt>
  <trkpt lat="-33.99454833" lon="-139.98587372"><ele>58.500</ele><time>2026-08-20T16:24:18Z</time><speed>0.631</speed><sat>27</sat></trkpt>
  <trkpt lat="-33.99455000" lon="-139.98586308"><ele>58.200</ele><time>2026-08-20T16:24:19Z</time><speed>0.473</speed><sat>27</sat></trkpt>
  <trkpt lat="-33.99454833" lon="-139.98585361"><ele>58.100</ele><time>2026-08-20T16:24:20Z</time><speed>0.000</speed><sat>27</sat></trkpt>
  <trkpt lat="-33.99454833" lon="-139.98584297"><ele>58.000</ele><time>2026-08-20T16:24:21Z</time><speed>0.000</speed><sat>27</sat></trkpt>
  <trkpt lat="-33.99454500" lon="-139.98582877"><ele>58.100</ele><time>2026-08-20T16:24:22Z</time><speed>0.000</speed><sat>26</sat></trkpt>
  <trkpt lat="-33.99454500" lon="-139.98581813"><ele>58.100</ele><time>2026-08-20T16:24:23Z</time><speed>0.000</speed><sat>26</sat></trkpt>
  <trkpt lat="-33.99454667" lon="-139.98580748"><ele>58.100</ele><time>2026-08-20T16:24:24Z</time><speed>0.446</speed><sat>26</sat></trkpt>
  <trkpt lat="-33.99454500" lon="-139.98579447"><ele>58.200</ele><time>2026-08-20T16:24:25Z</time><speed>0.000</speed><sat>27</sat></trkpt>
  <trkpt lat="-33.99454167" lon="-139.98577792"><ele>58.200</ele><time>2026-08-20T16:24:26Z</time><speed>0.500</speed><sat>27</sat></trkpt>
  <trkpt lat="-33.99454167" lon="-139.98576017"><ele>57.500</ele><time>2026-08-20T16:24:27Z</time><speed>0.513</speed><sat>27</sat></trkpt>
  <trkpt lat="-33.99454000" lon="-139.98575189"><ele>57.400</ele><time>2026-08-20T16:24:28Z</time><speed>0.528</speed><sat>27</sat></trkpt>
  <trkpt lat="-33.99454000" lon="-139.98573415"><ele>56.900</ele><time>2026-08-20T16:24:29Z</time><speed>0.603</speed><sat>25</sat></trkpt>
  <trkpt lat="-33.99454833" lon="-139.98572114"><ele>56.500</ele><time>2026-08-20T16:24:30Z</time><speed>0.638</speed><sat>27</sat></trkpt>
  <trkpt lat="-33.99455167" lon="-139.98570931"><ele>55.800</ele><time>2026-08-20T16:24:31Z</time><speed>0.654</speed><sat>27</sat></trkpt>
  <trkpt lat="-33.99455667" lon="-139.98569630"><ele>54.800</ele><time>2026-08-20T16:24:32Z</time><speed>0.609</speed><sat>26</sat></trkpt>
  <trkpt lat="-33.99455500" lon="-139.98568921"><ele>54.100</ele><time>2026-08-20T16:24:33Z</time><speed>0.576</speed><sat>27</sat></trkpt>
  <trkpt lat="-33.99455833" lon="-139.98568092"><ele>53.800</ele><time>2026-08-20T16:24:34Z</time><speed>0.556</speed><sat>27</sat></trkpt>
  <trkpt lat="-33.99455333" lon="-139.98567619"><ele>54.000</ele><time>2026-08-20T16:24:35Z</time><speed>0.542</speed><sat>26</sat></trkpt>
  <trkpt lat="-33.99455500" lon="-139.98566318"><ele>53.800</ele><time>2026-08-20T16:24:36Z</time><speed>0.535</speed><sat>27</sat></trkpt>
  <trkpt lat="-33.99455500" lon="-139.98565017"><ele>53.900</ele><time>2026-08-20T16:24:37Z</time><speed>0.547</speed><sat>27</sat></trkpt>
  <trkpt lat="-33.99455500" lon="-139.98563834"><ele>53.900</ele><time>2026-08-20T16:24:38Z</time><speed>0.555</speed><sat>27</sat></trkpt>
  <trkpt lat="-33.99455333" lon="-139.98562533"><ele>53.700</ele><time>2026-08-20T16:24:39Z</time><speed>0.502</speed><sat>27</sat></trkpt>
  <trkpt lat="-33.99455833" lon="-139.98561114"><ele>53.400</ele><time>2026-08-20T16:24:40Z</time><speed>0.505</speed><sat>27</sat></trkpt>
  <trkpt lat="-33.99456000" lon="-139.98559931"><ele>53.100</ele><time>2026-08-20T16:24:41Z</time><speed>0.479</speed><sat>27</sat></trkpt>
  <trkpt lat="-33.99455667" lon="-139.98558630"><ele>52.900</ele><time>2026-08-20T16:24:42Z</time><speed>0.472</speed><sat>27</sat></trkpt>
  <trkpt lat="-33.99455167" lon="-139.98556737"><ele>52.500</ele><time>2026-08-20T16:24:43Z</time><speed>0.510</speed><sat>27</sat></trkpt>
  <trkpt lat="-33.99455000" lon="-139.98555437"><ele>52.500</ele><time>2026-08-20T16:24:44Z</time><speed>0.565</speed><sat>27</sat></trkpt>
  <trkpt lat="-33.99455000" lon="-139.98553662"><ele>52.400</ele><time>2026-08-20T16:24:45Z</time><speed>0.618</speed><sat>27</sat></trkpt>
  <trkpt lat="-33.99454500" lon="-139.98551533"><ele>52.300</ele><time>2026-08-20T16:24:46Z</time><speed>0.633</speed><sat>24</sat></trkpt>
  <trkpt lat="-33.99455167" lon="-139.98549522"><ele>52.900</ele><time>2026-08-20T16:24:47Z</time><speed>0.000</speed><sat>25</sat></trkpt>
  <trkpt lat="-33.99455833" lon="-139.98547866"><ele>53.400</ele><time>2026-08-20T16:24:48Z</time><speed>0.647</speed><sat>27</sat></trkpt>
  <trkpt lat="-33.99455833" lon="-139.98546802"><ele>53.900</ele><time>2026-08-20T16:24:49Z</time><speed>0.616</speed><sat>27</sat></trkpt>
  <trkpt lat="-33.99455500" lon="-139.98546092"><ele>53.600</ele><time>2026-08-20T16:24:50Z</time><speed>0.648</speed><sat>27</sat></trkpt>
  <trkpt lat="-33.99454667" lon="-139.98545264"><ele>52.300</ele><time>2026-08-20T16:24:51Z</time><speed>0.733</speed><sat>26</sat></trkpt>
  <trkpt lat="-33.99453500" lon="-139.98544199"><ele>51.100</ele><time>2026-08-20T16:24:52Z</time><speed>0.000</speed><sat>27</sat></trkpt>
  <trkpt lat="-33.99454167" lon="-139.98544199"><ele>50.300</ele><time>2026-08-20T16:24:53Z</time><speed>0.000</speed><sat>27</sat></trkpt>
  <trkpt lat="-33.99454167" lon="-139.98544318"><ele>49.300</ele><time>2026-08-20T16:24:54Z</time><speed>0.708</speed><sat>28</sat></trkpt>
  <trkpt lat="-33.99453667" lon="-139.98544318"><ele>48.500</ele><time>2026-08-20T16:24:55Z</time><speed>0.711</speed><sat>26</sat></trkpt>
  <trkpt lat="-33.99453333" lon="-139.98543963"><ele>47.600</ele><time>2026-08-20T16:24:56Z</time><speed>0.731</speed><sat>26</sat></trkpt>
  <trkpt lat="-33.99452500" lon="-139.98543963"><ele>46.700</ele><time>2026-08-20T16:24:57Z</time><speed>0.739</speed><sat>27</sat></trkpt>
  <trkpt lat="-33.99452167" lon="-139.98543135"><ele>46.100</ele><time>2026-08-20T16:24:58Z</time><speed>0.758</speed><sat>27</sat></trkpt>
  <trkpt lat="-33.99452500" lon="-139.98542189"><ele>45.700</ele><time>2026-08-20T16:24:59Z</time><speed>0.786</speed><sat>26</sat></trkpt>
  <trkpt lat="-33.99453500" lon="-139.98540770"><ele>45.700</ele><time>2026-08-20T16:25:00Z</time><speed>0.746</speed><sat>25</sat></trkpt>
  <trkpt lat="-33.99454167" lon="-139.98539232"><ele>45.800</ele><time>2026-08-20T16:25:01Z</time><speed>0.715</speed><sat>25</sat></trkpt>
  <trkpt lat="-33.99454667" lon="-139.98538049"><ele>45.900</ele><time>2026-08-20T16:25:02Z</time><speed>0.732</speed><sat>28</sat></trkpt>
  <trkpt lat="-33.99455333" lon="-139.98536511"><ele>46.200</ele><time>2026-08-20T16:25:03Z</time><speed>0.772</speed><sat>28</sat></trkpt>
  <trkpt lat="-33.99456167" lon="-139.98534974"><ele>46.400</ele><time>2026-08-20T16:25:04Z</time><speed>0.758</speed><sat>27</sat></trkpt>
  <trkpt lat="-33.99457000" lon="-139.98533318"><ele>46.200</ele><time>2026-08-20T16:25:05Z</time><speed>0.719</speed><sat>27</sat></trkpt>
  <trkpt lat="-33.99457167" lon="-139.98531425"><ele>46.100</ele><time>2026-08-20T16:25:06Z</time><speed>0.700</speed><sat>26</sat></trkpt>
  <trkpt lat="-33.99456500" lon="-139.98529888"><ele>46.200</ele><time>2026-08-20T16:25:07Z</time><speed>0.707</speed><sat>26</sat></trkpt>
  <trkpt lat="-33.99456333" lon="-139.98527759"><ele>46.600</ele><time>2026-08-20T16:25:08Z</time><speed>0.751</speed><sat>27</sat></trkpt>
  <trkpt lat="-33.99456833" lon="-139.98525393"><ele>47.100</ele><time>2026-08-20T16:25:09Z</time><speed>0.783</speed><sat>27</sat></trkpt>
  <trkpt lat="-33.99457167" lon="-139.98523619"><ele>47.500</ele><time>2026-08-20T16:25:10Z</time><speed>0.000</speed><sat>28</sat></trkpt>
  <trkpt lat="-33.99457333" lon="-139.98521844"><ele>47.800</ele><time>2026-08-20T16:25:11Z</time><speed>0.000</speed><sat>28</sat></trkpt>
  <trkpt lat="-33.99457000" lon="-139.98520189"><ele>48.100</ele><time>2026-08-20T16:25:12Z</time><speed>0.844</speed><sat>27</sat></trkpt>
  <trkpt lat="-33.99456833" lon="-139.98519124"><ele>48.200</ele><time>2026-08-20T16:25:13Z</time><speed>0.000</speed><sat>26</sat></trkpt>
  <trkpt lat="-33.99455500" lon="-139.98517941"><ele>48.300</ele><time>2026-08-20T16:25:14Z</time><speed>0.814</speed><sat>27</sat></trkpt>
  <trkpt lat="-33.99455667" lon="-139.98516759"><ele>48.300</ele><time>2026-08-20T16:25:15Z</time><speed>0.806</speed><sat>27</sat></trkpt>
  <trkpt lat="-33.99456000" lon="-139.98515221"><ele>48.800</ele><time>2026-08-20T16:25:16Z</time><speed>0.800</speed><sat>27</sat></trkpt>
  <trkpt lat="-33.99456000" lon="-139.98513920"><ele>48.900</ele><time>2026-08-20T16:25:17Z</time><speed>0.767</speed><sat>27</sat></trkpt>
  <trkpt lat="-33.99455667" lon="-139.98512856"><ele>49.000</ele><time>2026-08-20T16:25:18Z</time><speed>0.722</speed><sat>27</sat></trkpt>
  <trkpt lat="-33.99455167" lon="-139.98511318"><ele>49.100</ele><time>2026-08-20T16:25:19Z</time><speed>0.732</speed><sat>26</sat></trkpt>
  <trkpt lat="-33.99455333" lon="-139.98509898"><ele>49.500</ele><time>2026-08-20T16:25:20Z</time><speed>0.681</speed><sat>27</sat></trkpt>
  <trkpt lat="-33.99455000" lon="-139.98509070"><ele>49.600</ele><time>2026-08-20T16:25:21Z</time><speed>0.628</speed><sat>27</sat></trkpt>
  <trkpt lat="-33.99454833" lon="-139.98508360"><ele>49.600</ele><time>2026-08-20T16:25:22Z</time><speed>0.000</speed><sat>27</sat></trkpt>
  <trkpt lat="-33.99455000" lon="-139.98507296"><ele>49.700</ele><time>2026-08-20T16:25:23Z</time><speed>0.000</speed><sat>26</sat></trkpt>
  <trkpt lat="-33.99455000" lon="-139.98506114"><ele>49.900</ele><time>2026-08-20T16:25:24Z</time><speed>0.607</speed><sat>27</sat></trkpt>
  <trkpt lat="-33.99454833" lon="-139.98504931"><ele>50.000</ele><time>2026-08-20T16:25:25Z</time><speed>0.000</speed><sat>27</sat></trkpt>
  <trkpt lat="-33.99454333" lon="-139.98503275"><ele>49.900</ele><time>2026-08-20T16:25:26Z</time><speed>0.000</speed><sat>27</sat></trkpt>
  <trkpt lat="-33.99454667" lon="-139.98500672"><ele>50.800</ele><time>2026-08-20T16:25:27Z</time><speed>0.591</speed><sat>26</sat></trkpt>
  <trkpt lat="-33.99454833" lon="-139.98499135"><ele>51.600</ele><time>2026-08-20T16:25:28Z</time><speed>0.000</speed><sat>27</sat></trkpt>
  <trkpt lat="-33.99454667" lon="-139.98497597"><ele>52.400</ele><time>2026-08-20T16:25:29Z</time><speed>0.517</speed><sat>26</sat></trkpt>
  <trkpt lat="-33.99454667" lon="-139.98496533"><ele>53.300</ele><time>2026-08-20T16:25:30Z</time><speed>0.501</speed><sat>27</sat></trkpt>
  <trkpt lat="-33.99454667" lon="-139.98495705"><ele>54.000</ele><time>2026-08-20T16:25:31Z</time><speed>0.498</speed><sat>26</sat></trkpt>
  <trkpt lat="-33.99454500" lon="-139.98494404"><ele>54.700</ele><time>2026-08-20T16:25:32Z</time><speed>0.512</speed><sat>26</sat></trkpt>
  <trkpt lat="-33.99454000" lon="-139.98492866"><ele>55.600</ele><time>2026-08-20T16:25:33Z</time><speed>0.531</speed><sat>27</sat></trkpt>
  <trkpt lat="-33.99453833" lon="-139.98491446"><ele>56.200</ele><time>2026-08-20T16:25:34Z</time><speed>0.549</speed><sat>27</sat></trkpt>
  <trkpt lat="-33.99453500" lon="-139.98489791"><ele>56.500</ele><time>2026-08-20T16:25:35Z</time><speed>0.573</speed><sat>26</sat></trkpt>
  <trkpt lat="-33.99453500" lon="-139.98488726"><ele>56.700</ele><time>2026-08-20T16:25:36Z</time><speed>0.000</speed><sat>26</sat></trkpt>
  <trkpt lat="-33.99453500" lon="-139.98487307"><ele>56.900</ele><time>2026-08-20T16:25:37Z</time><speed>0.000</speed><sat>26</sat></trkpt>
  <trkpt lat="-33.99453500" lon="-139.98485888"><ele>57.200</ele><time>2026-08-20T16:25:38Z</time><speed>0.000</speed><sat>27</sat></trkpt>
  <trkpt lat="-33.99453333" lon="-139.98484468"><ele>57.600</ele><time>2026-08-20T16:25:39Z</time><speed>0.695</speed><sat>27</sat></trkpt>
  <trkpt lat="-33.99453833" lon="-139.98483876"><ele>58.100</ele><time>2026-08-20T16:25:40Z</time><speed>0.702</speed><sat>26</sat></trkpt>
  <trkpt lat="-33.99454000" lon="-139.98483404"><ele>58.300</ele><time>2026-08-20T16:25:41Z</time><speed>0.000</speed><sat>27</sat></trkpt>
  <trkpt lat="-33.99454000" lon="-139.98483521"><ele>58.400</ele><time>2026-08-20T16:25:42Z</time><speed>0.664</speed><sat>26</sat></trkpt>
  <trkpt lat="-33.99454167" lon="-139.98483640"><ele>58.500</ele><time>2026-08-20T16:25:43Z</time><speed>0.000</speed><sat>25</sat></trkpt>
  <trkpt lat="-33.99454167" lon="-139.98484113"><ele>58.300</ele><time>2026-08-20T16:25:44Z</time><speed>0.586</speed><sat>26</sat></trkpt>
  <trkpt lat="-33.99455000" lon="-139.98484941"><ele>58.000</ele><time>2026-08-20T16:25:45Z</time><speed>0.544</speed><sat>27</sat></trkpt>
  <trkpt lat="-33.99455833" lon="-139.98485414"><ele>57.900</ele><time>2026-08-20T16:25:46Z</time><speed>0.508</speed><sat>28</sat></trkpt>
  <trkpt lat="-33.99456000" lon="-139.98485650"><ele>57.900</ele><time>2026-08-20T16:25:47Z</time><speed>0.000</speed><sat>28</sat></trkpt>
  <trkpt lat="-33.99457167" lon="-139.98486597"><ele>58.400</ele><time>2026-08-20T16:25:48Z</time><speed>0.424</speed><sat>28</sat></trkpt>
  <trkpt lat="-33.99458000" lon="-139.98486715"><ele>58.700</ele><time>2026-08-20T16:25:49Z</time><speed>0.000</speed><sat>28</sat></trkpt>
  <trkpt lat="-33.99458333" lon="-139.98486952"><ele>58.800</ele><time>2026-08-20T16:25:50Z</time><speed>0.000</speed><sat>27</sat></trkpt>
  <trkpt lat="-33.99458500" lon="-139.98487070"><ele>58.900</ele><time>2026-08-20T16:25:51Z</time><speed>0.000</speed><sat>25</sat></trkpt>
  <trkpt lat="-33.99458500" lon="-139.98487070"><ele>58.900</ele><time>2026-08-20T16:25:52Z</time><speed>0.000</speed><sat>25</sat></trkpt>
  <trkpt lat="-33.99458500" lon="-139.98487070"><ele>58.900</ele><time>2026-08-20T16:25:53Z</time><speed>0.000</speed><sat>26</sat></trkpt>
  <trkpt lat="-33.99458500" lon="-139.98487070"><ele>58.900</ele><time>2026-08-20T16:25:54Z</time><speed>0.000</speed><sat>26</sat></trkpt>
  <trkpt lat="-33.99458500" lon="-139.98487070"><ele>58.900</ele><time>2026-08-20T16:25:55Z</time><speed>0.000</speed><sat>25</sat></trkpt>
  <trkpt lat="-33.99458500" lon="-139.98487070"><ele>58.900</ele><time>2026-08-20T16:25:56Z</time><speed>0.000</speed><sat>25</sat></trkpt>
  <trkpt lat="-33.99458500" lon="-139.98487070"><ele>58.900</ele><time>2026-08-20T16:25:57Z</time><speed>0.000</speed><sat>26</sat></trkpt>
  <trkpt lat="-33.99458500" lon="-139.98487070"><ele>58.900</ele><time>2026-08-20T16:25:58Z</time><speed>0.000</speed><sat>26</sat></trkpt>
  <trkpt lat="-33.99458500" lon="-139.98487070"><ele>58.900</ele><time>2026-08-20T16:25:59Z</time><speed>0.000</speed><sat>26</sat></trkpt>
  <trkpt lat="-33.99458500" lon="-139.98487070"><ele>58.900</ele><time>2026-08-20T16:26:00Z</time><speed>0.000</speed><sat>26</sat></trkpt>
  <trkpt lat="-33.99453667" lon="-139.98484941"><ele>58.200</ele><time>2026-08-20T16:26:01Z</time><speed>0.292</speed><sat>26</sat></trkpt>
  <trkpt lat="-33.99452667" lon="-139.98483876"><ele>58.300</ele><time>2026-08-20T16:26:02Z</time><speed>0.374</speed><sat>25</sat></trkpt>
  <trkpt lat="-33.99451667" lon="-139.98482575"><ele>58.600</ele><time>2026-08-20T16:26:03Z</time><speed>0.464</speed><sat>26</sat></trkpt>
  <trkpt lat="-33.99450667" lon="-139.98481629"><ele>58.900</ele><time>2026-08-20T16:26:04Z</time><speed>0.561</speed><sat>25</sat></trkpt>
  <trkpt lat="-33.99449667" lon="-139.98480683"><ele>59.000</ele><time>2026-08-20T16:26:05Z</time><speed>0.649</speed><sat>24</sat></trkpt>
  <trkpt lat="-33.99449000" lon="-139.98479618"><ele>59.000</ele><time>2026-08-20T16:26:06Z</time><speed>0.718</speed><sat>26</sat></trkpt>
  <trkpt lat="-33.99449333" lon="-139.98479027"><ele>58.700</ele><time>2026-08-20T16:26:07Z</time><speed>0.742</speed><sat>24</sat></trkpt>
  <trkpt lat="-33.99449167" lon="-139.98478908"><ele>58.200</ele><time>2026-08-20T16:26:08Z</time><speed>0.788</speed><sat>25</sat></trkpt>
  <trkpt lat="-33.99449333" lon="-139.98478908"><ele>57.800</ele><time>2026-08-20T16:26:09Z</time><speed>0.805</speed><sat>25</sat></trkpt>
  <trkpt lat="-33.99449500" lon="-139.98478672"><ele>57.300</ele><time>2026-08-20T16:26:10Z</time><speed>0.832</speed><sat>26</sat></trkpt>
  <trkpt lat="-33.99450000" lon="-139.98478081"><ele>56.600</ele><time>2026-08-20T16:26:11Z</time><speed>0.823</speed><sat>26</sat></trkpt>
  <trkpt lat="-33.99450333" lon="-139.98477016"><ele>55.900</ele><time>2026-08-20T16:26:12Z</time><speed>0.792</speed><sat>26</sat></trkpt>
  <trkpt lat="-33.99450667" lon="-139.98476779"><ele>55.000</ele><time>2026-08-20T16:26:13Z</time><speed>0.753</speed><sat>25</sat></trkpt>
  <trkpt lat="-33.99451167" lon="-139.98475597"><ele>54.000</ele><time>2026-08-20T16:26:14Z</time><speed>0.673</speed><sat>26</sat></trkpt>
  <trkpt lat="-33.99451333" lon="-139.98474296"><ele>53.200</ele><time>2026-08-20T16:26:15Z</time><speed>0.000</speed><sat>26</sat></trkpt>
  <trkpt lat="-33.99451500" lon="-139.98473941"><ele>52.700</ele><time>2026-08-20T16:26:16Z</time><speed>0.566</speed><sat>24</sat></trkpt>
  <trkpt lat="-33.99451833" lon="-139.98472995"><ele>52.000</ele><time>2026-08-20T16:26:17Z</time><speed>0.553</speed><sat>25</sat></trkpt>
  <trkpt lat="-33.99451833" lon="-139.98472285"><ele>52.100</ele><time>2026-08-20T16:26:18Z</time><speed>0.501</speed><sat>24</sat></trkpt>
  <trkpt lat="-33.99451833" lon="-139.98471812"><ele>52.300</ele><time>2026-08-20T16:26:19Z</time><speed>0.000</speed><sat>25</sat></trkpt>
  <trkpt lat="-33.99453000" lon="-139.98471930"><ele>52.000</ele><time>2026-08-20T16:26:20Z</time><speed>0.410</speed><sat>23</sat></trkpt>
  <trkpt lat="-33.99453333" lon="-139.98471812"><ele>51.800</ele><time>2026-08-20T16:26:21Z</time><speed>0.000</speed><sat>26</sat></trkpt>
  <trkpt lat="-33.99453667" lon="-139.98471694"><ele>51.300</ele><time>2026-08-20T16:26:22Z</time><speed>0.000</speed><sat>25</sat></trkpt>
  <trkpt lat="-33.99453333" lon="-139.98470511"><ele>51.000</ele><time>2026-08-20T16:26:23Z</time><speed>0.000</speed><sat>24</sat></trkpt>
  <trkpt lat="-33.99452000" lon="-139.98469091"><ele>50.400</ele><time>2026-08-20T16:26:24Z</time><speed>0.345</speed><sat>23</sat></trkpt>
  <trkpt lat="-33.99451000" lon="-139.98467791"><ele>49.700</ele><time>2026-08-20T16:26:25Z</time><speed>0.393</speed><sat>26</sat></trkpt>
  <trkpt lat="-33.99450500" lon="-139.98466253"><ele>49.200</ele><time>2026-08-20T16:26:26Z</time><speed>0.416</speed><sat>25</sat></trkpt>
  <trkpt lat="-33.99450000" lon="-139.98465307"><ele>48.600</ele><time>2026-08-20T16:26:27Z</time><speed>0.444</speed><sat>25</sat></trkpt>
  <trkpt lat="-33.99450000" lon="-139.98464478"><ele>47.900</ele><time>2026-08-20T16:26:28Z</time><speed>0.478</speed><sat>25</sat></trkpt>
  <trkpt lat="-33.99450000" lon="-139.98463178"><ele>47.400</ele><time>2026-08-20T16:26:29Z</time><speed>0.538</speed><sat>23</sat></trkpt>
  <trkpt lat="-33.99450167" lon="-139.98461876"><ele>46.800</ele><time>2026-08-20T16:26:30Z</time><speed>0.652</speed><sat>25</sat></trkpt>
  <trkpt lat="-33.99450000" lon="-139.98459747"><ele>46.400</ele><time>2026-08-20T16:26:31Z</time><speed>0.772</speed><sat>25</sat></trkpt>
  <trkpt lat="-33.99450333" lon="-139.98457736"><ele>46.300</ele><time>2026-08-20T16:26:32Z</time><speed>0.900</speed><sat>25</sat></trkpt>
  <trkpt lat="-33.99450500" lon="-139.98456317"><ele>46.200</ele><time>2026-08-20T16:26:33Z</time><speed>0.929</speed><sat>26</sat></trkpt>
  <trkpt lat="-33.99450833" lon="-139.98455134"><ele>46.000</ele><time>2026-08-20T16:26:34Z</time><speed>0.000</speed><sat>26</sat></trkpt>
  <trkpt lat="-33.99450167" lon="-139.98453242"><ele>45.700</ele><time>2026-08-20T16:26:35Z</time><speed>1.002</speed><sat>25</sat></trkpt>
  <trkpt lat="-33.99449667" lon="-139.98451940"><ele>45.200</ele><time>2026-08-20T16:26:36Z</time><speed>1.054</speed><sat>25</sat></trkpt>
  <trkpt lat="-33.99448833" lon="-139.98450758"><ele>44.700</ele><time>2026-08-20T16:26:37Z</time><speed>1.137</speed><sat>25</sat></trkpt>
  <trkpt lat="-33.99447667" lon="-139.98451113"><ele>44.100</ele><time>2026-08-20T16:26:38Z</time><speed>1.212</speed><sat>24</sat></trkpt>
  <trkpt lat="-33.99446333" lon="-139.98451704"><ele>44.000</ele><time>2026-08-20T16:26:39Z</time><speed>0.000</speed><sat>25</sat></trkpt>
  <trkpt lat="-33.99445333" lon="-139.98451823"><ele>43.900</ele><time>2026-08-20T16:26:40Z</time><speed>1.446</speed><sat>25</sat></trkpt>
  <trkpt lat="-33.99442500" lon="-139.98451940"><ele>44.400</ele><time>2026-08-20T16:26:41Z</time><speed>1.600</speed><sat>24</sat></trkpt>
  <trkpt lat="-33.99441500" lon="-139.98451231"><ele>44.500</ele><time>2026-08-20T16:26:42Z</time><speed>1.667</speed><sat>25</sat></trkpt>
  <trkpt lat="-33.99440667" lon="-139.98449811"><ele>45.300</ele><time>2026-08-20T16:26:43Z</time><speed>1.717</speed><sat>24</sat></trkpt>
  <trkpt lat="-33.99439500" lon="-139.98448865"><ele>45.500</ele><time>2026-08-20T16:26:44Z</time><speed>1.755</speed><sat>23</sat></trkpt>
  <trkpt lat="-33.99439000" lon="-139.98447565"><ele>45.300</ele><time>2026-08-20T16:26:45Z</time><speed>1.754</speed><sat>24</sat></trkpt>
  <trkpt lat="-33.99438500" lon="-139.98446855"><ele>45.300</ele><time>2026-08-20T16:26:46Z</time><speed>1.764</speed><sat>25</sat></trkpt>
  <trkpt lat="-33.99438167" lon="-139.98446145"><ele>45.000</ele><time>2026-08-20T16:26:47Z</time><speed>1.662</speed><sat>26</sat></trkpt>
  <trkpt lat="-33.99438500" lon="-139.98446973"><ele>44.400</ele><time>2026-08-20T16:26:48Z</time><speed>1.566</speed><sat>25</sat></trkpt>
  <trkpt lat="-33.99438333" lon="-139.98447565"><ele>44.100</ele><time>2026-08-20T16:26:49Z</time><speed>1.504</speed><sat>26</sat></trkpt>
  <trkpt lat="-33.99438000" lon="-139.98448629"><ele>43.100</ele><time>2026-08-20T16:26:50Z</time><speed>1.205</speed><sat>27</sat></trkpt>
  <trkpt lat="-33.99438500" lon="-139.98449457"><ele>42.800</ele><time>2026-08-20T16:26:51Z</time><speed>0.936</speed><sat>26</sat></trkpt>
  <trkpt lat="-33.99439000" lon="-139.98450640"><ele>42.700</ele><time>2026-08-20T16:26:52Z</time><speed>0.786</speed><sat>25</sat></trkpt>
  <trkpt lat="-33.99439667" lon="-139.98451823"><ele>42.400</ele><time>2026-08-20T16:26:53Z</time><speed>0.688</speed><sat>26</sat></trkpt>
  <trkpt lat="-33.99440500" lon="-139.98451823"><ele>42.000</ele><time>2026-08-20T16:26:54Z</time><speed>0.569</speed><sat>25</sat></trkpt>
  <trkpt lat="-33.99441333" lon="-139.98451940"><ele>41.700</ele><time>2026-08-20T16:26:55Z</time><speed>0.453</speed><sat>25</sat></trkpt>
  <trkpt lat="-33.99442167" lon="-139.98451586"><ele>41.400</ele><time>2026-08-20T16:26:56Z</time><speed>0.000</speed><sat>25</sat></trkpt>
  <trkpt lat="-33.99442833" lon="-139.98451940"><ele>40.900</ele><time>2026-08-20T16:26:57Z</time><speed>0.000</speed><sat>26</sat></trkpt>
  <trkpt lat="-33.99443833" lon="-139.98451823"><ele>40.700</ele><time>2026-08-20T16:26:58Z</time><speed>0.000</speed><sat>26</sat></trkpt>
  <trkpt lat="-33.99443833" lon="-139.98451823"><ele>40.700</ele><time>2026-08-20T16:26:59Z</time><speed>0.000</speed><sat>26</sat></trkpt>
  <trkpt lat="-33.99443833" lon="-139.98451823"><ele>40.700</ele><time>2026-08-20T16:27:00Z</time><speed>0.000</speed><sat>25</sat></trkpt>
  <trkpt lat="-33.99443833" lon="-139.98451823"><ele>40.700</ele><time>2026-08-20T16:27:01Z</time><speed>0.000</speed><sat>25</sat></trkpt>
  <trkpt lat="-33.99449000" lon="-139.98449575"><ele>39.900</ele><time>2026-08-20T16:27:02Z</time><speed>0.458</speed><sat>26</sat></trkpt>
  <trkpt lat="-33.99450167" lon="-139.98448274"><ele>39.800</ele><time>2026-08-20T16:27:03Z</time><speed>0.517</speed><sat>26</sat></trkpt>
  <trkpt lat="-33.99451500" lon="-139.98446973"><ele>40.100</ele><time>2026-08-20T16:27:04Z</time><speed>0.581</speed><sat>27</sat></trkpt>
  <trkpt lat="-33.99451833" lon="-139.98445436"><ele>40.600</ele><time>2026-08-20T16:27:05Z</time><speed>0.000</speed><sat>24</sat></trkpt>
  <trkpt lat="-33.99452167" lon="-139.98444134"><ele>40.900</ele><time>2026-08-20T16:27:06Z</time><speed>0.000</speed><sat>27</sat></trkpt>
  <trkpt lat="-33.99452667" lon="-139.98443188"><ele>41.200</ele><time>2026-08-20T16:27:07Z</time><speed>0.659</speed><sat>28</sat></trkpt>
  <trkpt lat="-33.99452667" lon="-139.98442360"><ele>41.500</ele><time>2026-08-20T16:27:08Z</time><speed>0.613</speed><sat>26</sat></trkpt>
  <trkpt lat="-33.99452500" lon="-139.98441059"><ele>41.700</ele><time>2026-08-20T16:27:09Z</time><speed>0.630</speed><sat>27</sat></trkpt>
  <trkpt lat="-33.99452833" lon="-139.98440113"><ele>42.000</ele><time>2026-08-20T16:27:10Z</time><speed>0.637</speed><sat>27</sat></trkpt>
  <trkpt lat="-33.99452667" lon="-139.98438811"><ele>42.300</ele><time>2026-08-20T16:27:11Z</time><speed>0.627</speed><sat>27</sat></trkpt>
  <trkpt lat="-33.99453000" lon="-139.98437510"><ele>42.500</ele><time>2026-08-20T16:27:12Z</time><speed>0.569</speed><sat>27</sat></trkpt>
  <trkpt lat="-33.99453333" lon="-139.98436210"><ele>42.700</ele><time>2026-08-20T16:27:13Z</time><speed>0.000</speed><sat>27</sat></trkpt>
  <trkpt lat="-33.99453500" lon="-139.98434790"><ele>43.000</ele><time>2026-08-20T16:27:14Z</time><speed>0.498</speed><sat>27</sat></trkpt>
  <trkpt lat="-33.99454167" lon="-139.98432898"><ele>43.400</ele><time>2026-08-20T16:27:15Z</time><speed>0.476</speed><sat>27</sat></trkpt>
  <trkpt lat="-33.99454667" lon="-139.98431714"><ele>43.200</ele><time>2026-08-20T16:27:16Z</time><speed>0.493</speed><sat>26</sat></trkpt>
  <trkpt lat="-33.99455000" lon="-139.98430532"><ele>43.400</ele><time>2026-08-20T16:27:17Z</time><speed>0.552</speed><sat>26</sat></trkpt>
  <trkpt lat="-33.99455500" lon="-139.98429468"><ele>43.600</ele><time>2026-08-20T16:27:18Z</time><speed>0.639</speed><sat>25</sat></trkpt>
  <trkpt lat="-33.99456167" lon="-139.98428285"><ele>44.000</ele><time>2026-08-20T16:27:19Z</time><speed>0.695</speed><sat>26</sat></trkpt>
  <trkpt lat="-33.99457000" lon="-139.98426155"><ele>44.300</ele><time>2026-08-20T16:27:20Z</time><speed>0.709</speed><sat>27</sat></trkpt>
  <trkpt lat="-33.99457000" lon="-139.98425919"><ele>44.100</ele><time>2026-08-20T16:27:21Z</time><speed>0.770</speed><sat>25</sat></trkpt>
  <trkpt lat="-33.99456500" lon="-139.98426274"><ele>43.800</ele><time>2026-08-20T16:27:22Z</time><speed>0.856</speed><sat>25</sat></trkpt>
  <trkpt lat="-33.99458000" lon="-139.98424381"><ele>44.300</ele><time>2026-08-20T16:27:23Z</time><speed>0.916</speed><sat>26</sat></trkpt>
  <trkpt lat="-33.99459667" lon="-139.98419295"><ele>48.700</ele><time>2026-08-20T16:27:24Z</time><speed>0.939</speed><sat>24</sat></trkpt>
  <trkpt lat="-33.99461000" lon="-139.98419650"><ele>48.500</ele><time>2026-08-20T16:27:25Z</time><speed>1.057</speed><sat>22</sat></trkpt>
  <trkpt lat="-33.99462667" lon="-139.98420478"><ele>48.900</ele><time>2026-08-20T16:27:26Z</time><speed>1.153</speed><sat>18</sat></trkpt>
  <trkpt lat="-33.99463833" lon="-139.98420597"><ele>47.600</ele><time>2026-08-20T16:27:27Z</time><speed>1.225</speed><sat>20</sat></trkpt>
  <trkpt lat="-33.99466500" lon="-139.98420478"><ele>46.900</ele><time>2026-08-20T16:27:28Z</time><speed>1.173</speed><sat>17</sat></trkpt>
  <trkpt lat="-33.99467500" lon="-139.98420359"><ele>46.800</ele><time>2026-08-20T16:27:29Z</time><speed>1.180</speed><sat>18</sat></trkpt>
  <trkpt lat="-33.99469333" lon="-139.98420597"><ele>45.900</ele><time>2026-08-20T16:27:30Z</time><speed>1.237</speed><sat>18</sat></trkpt>
  <trkpt lat="-33.99469500" lon="-139.98420597"><ele>45.100</ele><time>2026-08-20T16:27:31Z</time><speed>1.182</speed><sat>19</sat></trkpt>
  <trkpt lat="-33.99469667" lon="-139.98420242"><ele>44.400</ele><time>2026-08-20T16:27:32Z</time><speed>1.071</speed><sat>22</sat></trkpt>
  <trkpt lat="-33.99469167" lon="-139.98419650"><ele>44.100</ele><time>2026-08-20T16:27:33Z</time><speed>0.964</speed><sat>23</sat></trkpt>
  <trkpt lat="-33.99467500" lon="-139.98418822"><ele>44.400</ele><time>2026-08-20T16:27:34Z</time><speed>0.890</speed><sat>25</sat></trkpt>
  <trkpt lat="-33.99466000" lon="-139.98418822"><ele>45.600</ele><time>2026-08-20T16:27:35Z</time><speed>0.737</speed><sat>23</sat></trkpt>
  <trkpt lat="-33.99462333" lon="-139.98418940"><ele>44.100</ele><time>2026-08-20T16:27:36Z</time><speed>0.612</speed><sat>23</sat></trkpt>
  <trkpt lat="-33.99462167" lon="-139.98418704"><ele>43.900</ele><time>2026-08-20T16:27:37Z</time><speed>0.505</speed><sat>25</sat></trkpt>
  <trkpt lat="-33.99461333" lon="-139.98418467"><ele>44.000</ele><time>2026-08-20T16:27:38Z</time><speed>0.464</speed><sat>23</sat></trkpt>
  <trkpt lat="-33.99461333" lon="-139.98418113"><ele>44.600</ele><time>2026-08-20T16:27:39Z</time><speed>0.000</speed><sat>27</sat></trkpt>
  <trkpt lat="-33.99460667" lon="-139.98417994"><ele>45.500</ele><time>2026-08-20T16:27:40Z</time><speed>0.000</speed><sat>26</sat></trkpt>
  <trkpt lat="-33.99460500" lon="-139.98417166"><ele>45.600</ele><time>2026-08-20T16:27:41Z</time><speed>0.000</speed><sat>25</sat></trkpt>
  <trkpt lat="-33.99460500" lon="-139.98417166"><ele>45.600</ele><time>2026-08-20T16:27:42Z</time><speed>0.000</speed><sat>26</sat></trkpt>
  <trkpt lat="-33.99460500" lon="-139.98417166"><ele>45.600</ele><time>2026-08-20T16:27:43Z</time><speed>0.000</speed><sat>25</sat></trkpt>
  <trkpt lat="-33.99458500" lon="-139.98415155"><ele>47.100</ele><time>2026-08-20T16:27:44Z</time><speed>0.000</speed><sat>26</sat></trkpt>
  <trkpt lat="-33.99457667" lon="-139.98414682"><ele>47.300</ele><time>2026-08-20T16:27:45Z</time><speed>0.000</speed><sat>26</sat></trkpt>
  <trkpt lat="-33.99456167" lon="-139.98413500"><ele>47.500</ele><time>2026-08-20T16:27:46Z</time><speed>0.000</speed><sat>26</sat></trkpt>
  <trkpt lat="-33.99454833" lon="-139.98412317"><ele>47.700</ele><time>2026-08-20T16:27:47Z</time><speed>0.366</speed><sat>26</sat></trkpt>
  <trkpt lat="-33.99453833" lon="-139.98411252"><ele>48.500</ele><time>2026-08-20T16:27:48Z</time><speed>0.412</speed><sat>26</sat></trkpt>
  <trkpt lat="-33.99453167" lon="-139.98410069"><ele>48.600</ele><time>2026-08-20T16:27:49Z</time><speed>0.465</speed><sat>26</sat></trkpt>
  <trkpt lat="-33.99452833" lon="-139.98408650"><ele>48.900</ele><time>2026-08-20T16:27:50Z</time><speed>0.500</speed><sat>25</sat></trkpt>
  <trkpt lat="-33.99452333" lon="-139.98407349"><ele>49.500</ele><time>2026-08-20T16:27:51Z</time><speed>0.524</speed><sat>25</sat></trkpt>
  <trkpt lat="-33.99451500" lon="-139.98405101"><ele>49.600</ele><time>2026-08-20T16:27:52Z</time><speed>0.595</speed><sat>26</sat></trkpt>
  <trkpt lat="-33.99450667" lon="-139.98403091"><ele>50.300</ele><time>2026-08-20T16:27:53Z</time><speed>0.000</speed><sat>26</sat></trkpt>
  <trkpt lat="-33.99450000" lon="-139.98401671"><ele>51.300</ele><time>2026-08-20T16:27:54Z</time><speed>0.674</speed><sat>27</sat></trkpt>
  <trkpt lat="-33.99449000" lon="-139.98400133"><ele>52.400</ele><time>2026-08-20T16:27:55Z</time><speed>0.722</speed><sat>27</sat></trkpt>
  <trkpt lat="-33.99448667" lon="-139.98398951"><ele>53.400</ele><time>2026-08-20T16:27:56Z</time><speed>0.755</speed><sat>27</sat></trkpt>
  <trkpt lat="-33.99447833" lon="-139.98397532"><ele>54.400</ele><time>2026-08-20T16:27:57Z</time><speed>0.758</speed><sat>27</sat></trkpt>
  <trkpt lat="-33.99447667" lon="-139.98395875"><ele>55.300</ele><time>2026-08-20T16:27:58Z</time><speed>0.777</speed><sat>26</sat></trkpt>
  <trkpt lat="-33.99448000" lon="-139.98393865"><ele>56.100</ele><time>2026-08-20T16:27:59Z</time><speed>0.792</speed><sat>27</sat></trkpt>
  <trkpt lat="-33.99448333" lon="-139.98392445"><ele>57.000</ele><time>2026-08-20T16:28:00Z</time><speed>0.833</speed><sat>25</sat></trkpt>
  <trkpt lat="-33.99448667" lon="-139.98390080"><ele>57.500</ele><time>2026-08-20T16:28:01Z</time><speed>0.885</speed><sat>25</sat></trkpt>
  <trkpt lat="-33.99449167" lon="-139.98389252"><ele>57.600</ele><time>2026-08-20T16:28:02Z</time><speed>0.000</speed><sat>26</sat></trkpt>
  <trkpt lat="-33.99449333" lon="-139.98387833"><ele>58.200</ele><time>2026-08-20T16:28:03Z</time><speed>0.000</speed><sat>25</sat></trkpt>
  <trkpt lat="-33.99449167" lon="-139.98386413"><ele>60.200</ele><time>2026-08-20T16:28:04Z</time><speed>0.000</speed><sat>24</sat></trkpt>
  <trkpt lat="-33.99449167" lon="-139.98384639"><ele>61.900</ele><time>2026-08-20T16:28:05Z</time><speed>0.000</speed><sat>25</sat></trkpt>
  <trkpt lat="-33.99449000" lon="-139.98383338"><ele>62.600</ele><time>2026-08-20T16:28:06Z</time><speed>0.000</speed><sat>25</sat></trkpt>
  <trkpt lat="-33.99449000" lon="-139.98381682"><ele>63.100</ele><time>2026-08-20T16:28:07Z</time><speed>0.000</speed><sat>24</sat></trkpt>
  <trkpt lat="-33.99448500" lon="-139.98380262"><ele>63.600</ele><time>2026-08-20T16:28:08Z</time><speed>0.973</speed><sat>22</sat></trkpt>
  <trkpt lat="-33.99448000" lon="-139.98378961"><ele>64.100</ele><time>2026-08-20T16:28:09Z</time><speed>0.000</speed><sat>22</sat></trkpt>
  <trkpt lat="-33.99448333" lon="-139.98377306"><ele>65.000</ele><time>2026-08-20T16:28:10Z</time><speed>1.012</speed><sat>22</sat></trkpt>
  <trkpt lat="-33.99448167" lon="-139.98376123"><ele>65.800</ele><time>2026-08-20T16:28:11Z</time><speed>0.980</speed><sat>23</sat></trkpt>
  <trkpt lat="-33.99448167" lon="-139.98374585"><ele>66.600</ele><time>2026-08-20T16:28:12Z</time><speed>0.000</speed><sat>24</sat></trkpt>
  <trkpt lat="-33.99448333" lon="-139.98373520"><ele>67.000</ele><time>2026-08-20T16:28:13Z</time><speed>0.000</speed><sat>24</sat></trkpt>
  <trkpt lat="-33.99448500" lon="-139.98372338"><ele>67.000</ele><time>2026-08-20T16:28:14Z</time><speed>0.861</speed><sat>22</sat></trkpt>
  <trkpt lat="-33.99448667" lon="-139.98370800"><ele>66.900</ele><time>2026-08-20T16:28:15Z</time><speed>0.832</speed><sat>23</sat></trkpt>
  <trkpt lat="-33.99448833" lon="-139.98369736"><ele>66.800</ele><time>2026-08-20T16:28:16Z</time><speed>0.781</speed><sat>23</sat></trkpt>
  <trkpt lat="-33.99448833" lon="-139.98368316"><ele>66.600</ele><time>2026-08-20T16:28:17Z</time><speed>0.734</speed><sat>24</sat></trkpt>
  <trkpt lat="-33.99448333" lon="-139.98367015"><ele>66.500</ele><time>2026-08-20T16:28:18Z</time><speed>0.693</speed><sat>23</sat></trkpt>
  <trkpt lat="-33.99448000" lon="-139.98365477"><ele>65.500</ele><time>2026-08-20T16:28:19Z</time><speed>0.657</speed><sat>25</sat></trkpt>
  <trkpt lat="-33.99448000" lon="-139.98363703"><ele>64.800</ele><time>2026-08-20T16:28:20Z</time><speed>0.603</speed><sat>25</sat></trkpt>
  <trkpt lat="-33.99447667" lon="-139.98361574"><ele>65.000</ele><time>2026-08-20T16:28:21Z</time><speed>0.000</speed><sat>24</sat></trkpt>
  <trkpt lat="-33.99446500" lon="-139.98358972"><ele>65.000</ele><time>2026-08-20T16:28:22Z</time><speed>0.941</speed><sat>23</sat></trkpt>
  <trkpt lat="-33.99446333" lon="-139.98356725"><ele>64.500</ele><time>2026-08-20T16:28:23Z</time><speed>1.103</speed><sat>25</sat></trkpt>
  <trkpt lat="-33.99445667" lon="-139.98355542"><ele>64.100</ele><time>2026-08-20T16:28:24Z</time><speed>1.194</speed><sat>25</sat></trkpt>
  <trkpt lat="-33.99445500" lon="-139.98354714"><ele>63.600</ele><time>2026-08-20T16:28:25Z</time><speed>1.253</speed><sat>25</sat></trkpt>
  <trkpt lat="-33.99445167" lon="-139.98354004"><ele>63.400</ele><time>2026-08-20T16:28:26Z</time><speed>0.000</speed><sat>25</sat></trkpt>
  <trkpt lat="-33.99444667" lon="-139.98353294"><ele>63.100</ele><time>2026-08-20T16:28:27Z</time><speed>0.000</speed><sat>25</sat></trkpt>
  <trkpt lat="-33.99445500" lon="-139.98352703"><ele>62.100</ele><time>2026-08-20T16:28:28Z</time><speed>1.204</speed><sat>24</sat></trkpt>
  <trkpt lat="-33.99446000" lon="-139.98352112"><ele>61.200</ele><time>2026-08-20T16:28:29Z</time><speed>1.213</speed><sat>25</sat></trkpt>
  <trkpt lat="-33.99446833" lon="-139.98351165"><ele>60.600</ele><time>2026-08-20T16:28:30Z</time><speed>1.254</speed><sat>24</sat></trkpt>
  <trkpt lat="-33.99447167" lon="-139.98350101"><ele>60.800</ele><time>2026-08-20T16:28:31Z</time><speed>1.112</speed><sat>23</sat></trkpt>
  <trkpt lat="-33.99447500" lon="-139.98349036"><ele>60.800</ele><time>2026-08-20T16:28:32Z</time><speed>0.963</speed><sat>25</sat></trkpt>
  <trkpt lat="-33.99447500" lon="-139.98348209"><ele>60.800</ele><time>2026-08-20T16:28:33Z</time><speed>0.813</speed><sat>26</sat></trkpt>
  <trkpt lat="-33.99447500" lon="-139.98346907"><ele>60.600</ele><time>2026-08-20T16:28:34Z</time><speed>0.744</speed><sat>26</sat></trkpt>
  <trkpt lat="-33.99448333" lon="-139.98345133"><ele>60.000</ele><time>2026-08-20T16:28:35Z</time><speed>0.712</speed><sat>26</sat></trkpt>
  <trkpt lat="-33.99448333" lon="-139.98344187"><ele>59.900</ele><time>2026-08-20T16:28:36Z</time><speed>0.680</speed><sat>25</sat></trkpt>
  <trkpt lat="-33.99448167" lon="-139.98343477"><ele>59.300</ele><time>2026-08-20T16:28:37Z</time><speed>0.652</speed><sat>24</sat></trkpt>
  <trkpt lat="-33.99448167" lon="-139.98342768"><ele>59.100</ele><time>2026-08-20T16:28:38Z</time><speed>0.651</speed><sat>25</sat></trkpt>
  <trkpt lat="-33.99447667" lon="-139.98341703"><ele>58.300</ele><time>2026-08-20T16:28:39Z</time><speed>0.621</speed><sat>25</sat></trkpt>
  <trkpt lat="-33.99447667" lon="-139.98340165"><ele>57.900</ele><time>2026-08-20T16:28:40Z</time><speed>0.592</speed><sat>25</sat></trkpt>
  <trkpt lat="-33.99447833" lon="-139.98338273"><ele>57.600</ele><time>2026-08-20T16:28:41Z</time><speed>0.575</speed><sat>25</sat></trkpt>
  <trkpt lat="-33.99448333" lon="-139.98336972"><ele>57.400</ele><time>2026-08-20T16:28:42Z</time><speed>0.552</speed><sat>26</sat></trkpt>
  <trkpt lat="-33.99448667" lon="-139.98336735"><ele>57.400</ele><time>2026-08-20T16:28:43Z</time><speed>0.000</speed><sat>26</sat></trkpt>
  <trkpt lat="-33.99448833" lon="-139.98336499"><ele>57.100</ele><time>2026-08-20T16:28:44Z</time><speed>0.475</speed><sat>26</sat></trkpt>
  <trkpt lat="-33.99448500" lon="-139.98336499"><ele>56.700</ele><time>2026-08-20T16:28:45Z</time><speed>0.404</speed><sat>24</sat></trkpt>
  <trkpt lat="-33.99448833" lon="-139.98336499"><ele>56.300</ele><time>2026-08-20T16:28:46Z</time><speed>0.000</speed><sat>23</sat></trkpt>
  <trkpt lat="-33.99449167" lon="-139.98336499"><ele>55.900</ele><time>2026-08-20T16:28:47Z</time><speed>0.000</speed><sat>24</sat></trkpt>
  <trkpt lat="-33.99449500" lon="-139.98336617"><ele>55.600</ele><time>2026-08-20T16:28:48Z</time><speed>0.000</speed><sat>24</sat></trkpt>
  <trkpt lat="-33.99449500" lon="-139.98336617"><ele>55.600</ele><time>2026-08-20T16:28:49Z</time><speed>0.000</speed><sat>25</sat></trkpt>
  <trkpt lat="-33.99449500" lon="-139.98336617"><ele>55.600</ele><time>2026-08-20T16:28:50Z</time><speed>0.000</speed><sat>24</sat></trkpt>
  <trkpt lat="-33.99449500" lon="-139.98336617"><ele>55.600</ele><time>2026-08-20T16:28:51Z</time><speed>0.000</speed><sat>24</sat></trkpt>
  <trkpt lat="-33.99449500" lon="-139.98336617"><ele>55.600</ele><time>2026-08-20T16:28:52Z</time><speed>0.000</speed><sat>24</sat></trkpt>
  <trkpt lat="-33.99449500" lon="-139.98336617"><ele>55.600</ele><time>2026-08-20T16:28:53Z</time><speed>0.000</speed><sat>25</sat></trkpt>
  <trkpt lat="-33.99449500" lon="-139.98336617"><ele>55.600</ele><time>2026-08-20T16:28:54Z</time><speed>0.000</speed><sat>25</sat></trkpt>
  <trkpt lat="-33.99449500" lon="-139.98336617"><ele>55.600</ele><time>2026-08-20T16:28:55Z</time><speed>0.000</speed><sat>26</sat></trkpt>
  <trkpt lat="-33.99449500" lon="-139.98336617"><ele>55.600</ele><time>2026-08-20T16:28:56Z</time><speed>0.000</speed><sat>24</sat></trkpt>
  <trkpt lat="-33.99452833" lon="-139.98340402"><ele>54.400</ele><time>2026-08-20T16:28:57Z</time><speed>0.000</speed><sat>25</sat></trkpt>
  <trkpt lat="-33.99452667" lon="-139.98341822"><ele>54.400</ele><time>2026-08-20T16:28:58Z</time><speed>0.323</speed><sat>25</sat></trkpt>
  <trkpt lat="-33.99452000" lon="-139.98343477"><ele>54.400</ele><time>2026-08-20T16:28:59Z</time><speed>0.438</speed><sat>24</sat></trkpt>
  <trkpt lat="-33.99451667" lon="-139.98345133"><ele>54.100</ele><time>2026-08-20T16:29:00Z</time><speed>0.517</speed><sat>26</sat></trkpt>
  <trkpt lat="-33.99450667" lon="-139.98346197"><ele>53.700</ele><time>2026-08-20T16:29:01Z</time><speed>0.529</speed><sat>26</sat></trkpt>
  <trkpt lat="-33.99450167" lon="-139.98346789"><ele>53.400</ele><time>2026-08-20T16:29:02Z</time><speed>0.580</speed><sat>26</sat></trkpt>
  <trkpt lat="-33.99449333" lon="-139.98347380"><ele>53.100</ele><time>2026-08-20T16:29:03Z</time><speed>0.611</speed><sat>26</sat></trkpt>
  <trkpt lat="-33.99448667" lon="-139.98347972"><ele>52.800</ele><time>2026-08-20T16:29:04Z</time><speed>0.640</speed><sat>26</sat></trkpt>
  <trkpt lat="-33.99448333" lon="-139.98348918"><ele>52.700</ele><time>2026-08-20T16:29:05Z</time><speed>0.657</speed><sat>27</sat></trkpt>
  <trkpt lat="-33.99448167" lon="-139.98350101"><ele>52.800</ele><time>2026-08-20T16:29:06Z</time><speed>0.664</speed><sat>27</sat></trkpt>
  <trkpt lat="-33.99447833" lon="-139.98351165"><ele>52.900</ele><time>2026-08-20T16:29:07Z</time><speed>0.000</speed><sat>26</sat></trkpt>
  <trkpt lat="-33.99448000" lon="-139.98352348"><ele>53.200</ele><time>2026-08-20T16:29:08Z</time><speed>0.638</speed><sat>26</sat></trkpt>
  <trkpt lat="-33.99448000" lon="-139.98354241"><ele>53.100</ele><time>2026-08-20T16:29:09Z</time><speed>0.580</speed><sat>27</sat></trkpt>
  <trkpt lat="-33.99448000" lon="-139.98356015"><ele>53.000</ele><time>2026-08-20T16:29:10Z</time><speed>0.562</speed><sat>27</sat></trkpt>
  <trkpt lat="-33.99448333" lon="-139.98357552"><ele>53.100</ele><time>2026-08-20T16:29:11Z</time><speed>0.605</speed><sat>27</sat></trkpt>
  <trkpt lat="-33.99449333" lon="-139.98358972"><ele>53.000</ele><time>2026-08-20T16:29:12Z</time><speed>0.613</speed><sat>26</sat></trkpt>
  <trkpt lat="-33.99449500" lon="-139.98360510"><ele>53.300</ele><time>2026-08-20T16:29:13Z</time><speed>0.638</speed><sat>27</sat></trkpt>
  <trkpt lat="-33.99449667" lon="-139.98361811"><ele>53.500</ele><time>2026-08-20T16:29:14Z</time><speed>0.000</speed><sat>27</sat></trkpt>
  <trkpt lat="-33.99449833" lon="-139.98363230"><ele>53.600</ele><time>2026-08-20T16:29:15Z</time><speed>0.000</speed><sat>26</sat></trkpt>
  <trkpt lat="-33.99450000" lon="-139.98364058"><ele>53.300</ele><time>2026-08-20T16:29:16Z</time><speed>0.727</speed><sat>27</sat></trkpt>
  <trkpt lat="-33.99450500" lon="-139.98365004"><ele>52.600</ele><time>2026-08-20T16:29:17Z</time><speed>0.733</speed><sat>26</sat></trkpt>
  <trkpt lat="-33.99450500" lon="-139.98365241"><ele>52.200</ele><time>2026-08-20T16:29:18Z</time><speed>0.000</speed><sat>26</sat></trkpt>
  <trkpt lat="-33.99450833" lon="-139.98365951"><ele>51.700</ele><time>2026-08-20T16:29:19Z</time><speed>0.000</speed><sat>25</sat></trkpt>
  <trkpt lat="-33.99450500" lon="-139.98366778"><ele>51.000</ele><time>2026-08-20T16:29:20Z</time><speed>0.000</speed><sat>26</sat></trkpt>
  <trkpt lat="-33.99450333" lon="-139.98367252"><ele>50.200</ele><time>2026-08-20T16:29:21Z</time><speed>0.815</speed><sat>24</sat></trkpt>
  <trkpt lat="-33.99450333" lon="-139.98367015"><ele>49.500</ele><time>2026-08-20T16:29:22Z</time><speed>0.000</speed><sat>25</sat></trkpt>
  <trkpt lat="-33.99450667" lon="-139.98366660"><ele>48.800</ele><time>2026-08-20T16:29:23Z</time><speed>0.000</speed><sat>24</sat></trkpt>
  <trkpt lat="-33.99450833" lon="-139.98366778"><ele>48.200</ele><time>2026-08-20T16:29:24Z</time><speed>0.800</speed><sat>23</sat></trkpt>
  <trkpt lat="-33.99450667" lon="-139.98366069"><ele>47.600</ele><time>2026-08-20T16:29:25Z</time><speed>0.754</speed><sat>22</sat></trkpt>
  <trkpt lat="-33.99451000" lon="-139.98365241"><ele>47.100</ele><time>2026-08-20T16:29:26Z</time><speed>0.703</speed><sat>21</sat></trkpt>
  <trkpt lat="-33.99451000" lon="-139.98365123"><ele>46.600</ele><time>2026-08-20T16:29:27Z</time><speed>0.668</speed><sat>23</sat></trkpt>
  <trkpt lat="-33.99451333" lon="-139.98365004"><ele>46.400</ele><time>2026-08-20T16:29:28Z</time><speed>0.000</speed><sat>21</sat></trkpt>
  <trkpt lat="-33.99452000" lon="-139.98365359"><ele>46.300</ele><time>2026-08-20T16:29:29Z</time><speed>0.000</speed><sat>24</sat></trkpt>
  <trkpt lat="-33.99452500" lon="-139.98366069"><ele>46.100</ele><time>2026-08-20T16:29:30Z</time><speed>0.580</speed><sat>24</sat></trkpt>
  <trkpt lat="-33.99452833" lon="-139.98366897"><ele>45.600</ele><time>2026-08-20T16:29:31Z</time><speed>0.513</speed><sat>24</sat></trkpt>
  <trkpt lat="-33.99453000" lon="-139.98368553"><ele>45.500</ele><time>2026-08-20T16:29:32Z</time><speed>0.478</speed><sat>25</sat></trkpt>
  <trkpt lat="-33.99453000" lon="-139.98369736"><ele>45.400</ele><time>2026-08-20T16:29:33Z</time><speed>0.000</speed><sat>25</sat></trkpt>
  <trkpt lat="-33.99453167" lon="-139.98371628"><ele>45.500</ele><time>2026-08-20T16:29:34Z</time><speed>0.000</speed><sat>24</sat></trkpt>
  <trkpt lat="-33.99453167" lon="-139.98373639"><ele>45.600</ele><time>2026-08-20T16:29:35Z</time><speed>0.000</speed><sat>24</sat></trkpt>
  <trkpt lat="-33.99453167" lon="-139.98375295"><ele>45.700</ele><time>2026-08-20T16:29:36Z</time><speed>0.000</speed><sat>25</sat></trkpt>
  <trkpt lat="-33.99453167" lon="-139.98376951"><ele>45.700</ele><time>2026-08-20T16:29:37Z</time><speed>0.684</speed><sat>26</sat></trkpt>
  <trkpt lat="-33.99453000" lon="-139.98379080"><ele>46.000</ele><time>2026-08-20T16:29:38Z</time><speed>0.729</speed><sat>26</sat></trkpt>
  <trkpt lat="-33.99453167" lon="-139.98381327"><ele>46.000</ele><time>2026-08-20T16:29:39Z</time><speed>0.743</speed><sat>26</sat></trkpt>
  <trkpt lat="-33.99453333" lon="-139.98383220"><ele>46.000</ele><time>2026-08-20T16:29:40Z</time><speed>0.812</speed><sat>26</sat></trkpt>
  <trkpt lat="-33.99453500" lon="-139.98384757"><ele>46.000</ele><time>2026-08-20T16:29:41Z</time><speed>0.829</speed><sat>26</sat></trkpt>
  <trkpt lat="-33.99454000" lon="-139.98386649"><ele>46.300</ele><time>2026-08-20T16:29:42Z</time><speed>0.000</speed><sat>26</sat></trkpt>
  <trkpt lat="-33.99454667" lon="-139.98388661"><ele>46.600</ele><time>2026-08-20T16:29:43Z</time><speed>0.864</speed><sat>26</sat></trkpt>
  <trkpt lat="-33.99455833" lon="-139.98390553"><ele>47.700</ele><time>2026-08-20T16:29:44Z</time><speed>0.957</speed><sat>26</sat></trkpt>
  <trkpt lat="-33.99456000" lon="-139.98393037"><ele>49.000</ele><time>2026-08-20T16:29:45Z</time><speed>1.036</speed><sat>26</sat></trkpt>
  <trkpt lat="-33.99456833" lon="-139.98395403"><ele>50.600</ele><time>2026-08-20T16:29:46Z</time><speed>1.147</speed><sat>26</sat></trkpt>
  <trkpt lat="-33.99457500" lon="-139.98397650"><ele>52.400</ele><time>2026-08-20T16:29:47Z</time><speed>1.253</speed><sat>25</sat></trkpt>
  <trkpt lat="-33.99458000" lon="-139.98399542"><ele>54.100</ele><time>2026-08-20T16:29:48Z</time><speed>1.295</speed><sat>25</sat></trkpt>
  <trkpt lat="-33.99458333" lon="-139.98400607"><ele>55.500</ele><time>2026-08-20T16:29:49Z</time><speed>0.000</speed><sat>24</sat></trkpt>
  <trkpt lat="-33.99458333" lon="-139.98401317"><ele>56.500</ele><time>2026-08-20T16:29:50Z</time><speed>1.262</speed><sat>25</sat></trkpt>
  <trkpt lat="-33.99458500" lon="-139.98401198"><ele>56.000</ele><time>2026-08-20T16:29:51Z</time><speed>1.209</speed><sat>25</sat></trkpt>
  <trkpt lat="-33.99458500" lon="-139.98401317"><ele>55.300</ele><time>2026-08-20T16:29:52Z</time><speed>1.121</speed><sat>25</sat></trkpt>
  <trkpt lat="-33.99457833" lon="-139.98401553"><ele>55.000</ele><time>2026-08-20T16:29:53Z</time><speed>1.088</speed><sat>25</sat></trkpt>
  <trkpt lat="-33.99457333" lon="-139.98402145"><ele>54.600</ele><time>2026-08-20T16:29:54Z</time><speed>0.959</speed><sat>24</sat></trkpt>
  <trkpt lat="-33.99456500" lon="-139.98402617"><ele>53.900</ele><time>2026-08-20T16:29:55Z</time><speed>0.826</speed><sat>24</sat></trkpt>
  <trkpt lat="-33.99456000" lon="-139.98403327"><ele>53.100</ele><time>2026-08-20T16:29:56Z</time><speed>0.668</speed><sat>25</sat></trkpt>
  <trkpt lat="-33.99455500" lon="-139.98404155"><ele>52.400</ele><time>2026-08-20T16:29:57Z</time><speed>0.531</speed><sat>25</sat></trkpt>
  <trkpt lat="-33.99455000" lon="-139.98404983"><ele>52.000</ele><time>2026-08-20T16:29:58Z</time><speed>0.457</speed><sat>25</sat></trkpt>
  <trkpt lat="-33.99454667" lon="-139.98405929"><ele>51.400</ele><time>2026-08-20T16:29:59Z</time><speed>0.439</speed><sat>25</sat></trkpt>
  <trkpt lat="-33.99454500" lon="-139.98406994"><ele>50.800</ele><time>2026-08-20T16:30:00Z</time><speed>0.000</speed><sat>24</sat></trkpt>
  <trkpt lat="-33.99454167" lon="-139.98408059"><ele>50.400</ele><time>2026-08-20T16:30:01Z</time><speed>0.470</speed><sat>25</sat></trkpt>
  <trkpt lat="-33.99454333" lon="-139.98409005"><ele>50.000</ele><time>2026-08-20T16:30:02Z</time><speed>0.522</speed><sat>26</sat></trkpt>
  <trkpt lat="-33.99454500" lon="-139.98409833"><ele>49.900</ele><time>2026-08-20T16:30:03Z</time><speed>0.548</speed><sat>26</sat></trkpt>
  <trkpt lat="-33.99454167" lon="-139.98411016"><ele>49.600</ele><time>2026-08-20T16:30:04Z</time><speed>0.557</speed><sat>26</sat></trkpt>
  <trkpt lat="-33.99454667" lon="-139.98412553"><ele>49.700</ele><time>2026-08-20T16:30:05Z</time><speed>0.609</speed><sat>26</sat></trkpt>
  <trkpt lat="-33.99455333" lon="-139.98414091"><ele>50.100</ele><time>2026-08-20T16:30:06Z</time><speed>0.645</speed><sat>26</sat></trkpt>
  <trkpt lat="-33.99455833" lon="-139.98415392"><ele>50.400</ele><time>2026-08-20T16:30:07Z</time><speed>0.658</speed><sat>25</sat></trkpt>
  <trkpt lat="-33.99456000" lon="-139.98416693"><ele>50.900</ele><time>2026-08-20T16:30:08Z</time><speed>0.653</speed><sat>26</sat></trkpt>
  <trkpt lat="-33.99455833" lon="-139.98417521"><ele>51.200</ele><time>2026-08-20T16:30:09Z</time><speed>0.653</speed><sat>26</sat></trkpt>
  <trkpt lat="-33.99455833" lon="-139.98418704"><ele>51.500</ele><time>2026-08-20T16:30:10Z</time><speed>0.659</speed><sat>25</sat></trkpt>
  <trkpt lat="-33.99455833" lon="-139.98419650"><ele>51.500</ele><time>2026-08-20T16:30:11Z</time><speed>0.660</speed><sat>27</sat></trkpt>
  <trkpt lat="-33.99455833" lon="-139.98420478"><ele>51.600</ele><time>2026-08-20T16:30:12Z</time><speed>0.655</speed><sat>26</sat></trkpt>
  <trkpt lat="-33.99455667" lon="-139.98421306"><ele>51.700</ele><time>2026-08-20T16:30:13Z</time><speed>0.650</speed><sat>26</sat></trkpt>
  <trkpt lat="-33.99455667" lon="-139.98422252"><ele>51.800</ele><time>2026-08-20T16:30:14Z</time><speed>0.649</speed><sat>26</sat></trkpt>
  <trkpt lat="-33.99455333" lon="-139.98423317"><ele>52.000</ele><time>2026-08-20T16:30:15Z</time><speed>0.617</speed><sat>27</sat></trkpt>
  <trkpt lat="-33.99455500" lon="-139.98424145"><ele>52.100</ele><time>2026-08-20T16:30:16Z</time><speed>0.603</speed><sat>27</sat></trkpt>
  <trkpt lat="-33.99455500" lon="-139.98425446"><ele>52.100</ele><time>2026-08-20T16:30:17Z</time><speed>0.608</speed><sat>27</sat></trkpt>
  <trkpt lat="-33.99455500" lon="-139.98426392"><ele>52.300</ele><time>2026-08-20T16:30:18Z</time><speed>0.621</speed><sat>26</sat></trkpt>
  <trkpt lat="-33.99455500" lon="-139.98427693"><ele>52.200</ele><time>2026-08-20T16:30:19Z</time><speed>0.631</speed><sat>25</sat></trkpt>
  <trkpt lat="-33.99455667" lon="-139.98428758"><ele>52.300</ele><time>2026-08-20T16:30:20Z</time><speed>0.636</speed><sat>25</sat></trkpt>
  <trkpt lat="-33.99455667" lon="-139.98429940"><ele>52.400</ele><time>2026-08-20T16:30:21Z</time><speed>0.646</speed><sat>26</sat></trkpt>
  <trkpt lat="-33.99456000" lon="-139.98431478"><ele>52.700</ele><time>2026-08-20T16:30:22Z</time><speed>0.686</speed><sat>26</sat></trkpt>
  <trkpt lat="-33.99456167" lon="-139.98432779"><ele>52.600</ele><time>2026-08-20T16:30:23Z</time><speed>0.719</speed><sat>26</sat></trkpt>
  <trkpt lat="-33.99456167" lon="-139.98434435"><ele>52.600</ele><time>2026-08-20T16:30:24Z</time><speed>0.864</speed><sat>25</sat></trkpt>
  <trkpt lat="-33.99456833" lon="-139.98437510"><ele>54.000</ele><time>2026-08-20T16:30:25Z</time><speed>0.987</speed><sat>25</sat></trkpt>
  <trkpt lat="-33.99458333" lon="-139.98439640"><ele>55.900</ele><time>2026-08-20T16:30:26Z</time><speed>0.000</speed><sat>25</sat></trkpt>
  <trkpt lat="-33.99461000" lon="-139.98442005"><ele>57.400</ele><time>2026-08-20T16:30:27Z</time><speed>1.414</speed><sat>25</sat></trkpt>
  <trkpt lat="-33.99462833" lon="-139.98443543"><ele>59.300</ele><time>2026-08-20T16:30:28Z</time><speed>1.636</speed><sat>26</sat></trkpt>
  <trkpt lat="-33.99464000" lon="-139.98444607"><ele>61.200</ele><time>2026-08-20T16:30:29Z</time><speed>1.743</speed><sat>26</sat></trkpt>
  <trkpt lat="-33.99464000" lon="-139.98445317"><ele>62.200</ele><time>2026-08-20T16:30:30Z</time><speed>1.745</speed><sat>26</sat></trkpt>
  <trkpt lat="-33.99462833" lon="-139.98445672"><ele>62.600</ele><time>2026-08-20T16:30:31Z</time><speed>1.724</speed><sat>24</sat></trkpt>
  <trkpt lat="-33.99461500" lon="-139.98446500"><ele>62.800</ele><time>2026-08-20T16:30:32Z</time><speed>1.706</speed><sat>25</sat></trkpt>
  <trkpt lat="-33.99460333" lon="-139.98447210"><ele>63.500</ele><time>2026-08-20T16:30:33Z</time><speed>1.691</speed><sat>26</sat></trkpt>
  <trkpt lat="-33.99459167" lon="-139.98447210"><ele>64.200</ele><time>2026-08-20T16:30:34Z</time><speed>1.548</speed><sat>26</sat></trkpt>
  <trkpt lat="-33.99458167" lon="-139.98447210"><ele>64.400</ele><time>2026-08-20T16:30:35Z</time><speed>1.436</speed><sat>24</sat></trkpt>
  <trkpt lat="-33.99457500" lon="-139.98447565"><ele>64.700</ele><time>2026-08-20T16:30:36Z</time><speed>1.204</speed><sat>25</sat></trkpt>
  <trkpt lat="-33.99456667" lon="-139.98447919"><ele>64.800</ele><time>2026-08-20T16:30:37Z</time><speed>0.975</speed><sat>26</sat></trkpt>
  <trkpt lat="-33.99456000" lon="-139.98448629"><ele>65.000</ele><time>2026-08-20T16:30:38Z</time><speed>0.776</speed><sat>26</sat></trkpt>
  <trkpt lat="-33.99455667" lon="-139.98449575"><ele>65.200</ele><time>2026-08-20T16:30:39Z</time><speed>0.687</speed><sat>26</sat></trkpt>
  <trkpt lat="-33.99455333" lon="-139.98450876"><ele>65.400</ele><time>2026-08-20T16:30:40Z</time><speed>0.675</speed><sat>26</sat></trkpt>
  <trkpt lat="-33.99455833" lon="-139.98452059"><ele>65.500</ele><time>2026-08-20T16:30:41Z</time><speed>0.673</speed><sat>26</sat></trkpt>
  <trkpt lat="-33.99455500" lon="-139.98453360"><ele>65.500</ele><time>2026-08-20T16:30:42Z</time><speed>0.651</speed><sat>26</sat></trkpt>
  <trkpt lat="-33.99455167" lon="-139.98455016"><ele>64.200</ele><time>2026-08-20T16:30:43Z</time><speed>0.640</speed><sat>26</sat></trkpt>
  <trkpt lat="-33.99454000" lon="-139.98456199"><ele>63.200</ele><time>2026-08-20T16:30:44Z</time><speed>0.641</speed><sat>26</sat></trkpt>
  <trkpt lat="-33.99454000" lon="-139.98457263"><ele>63.300</ele><time>2026-08-20T16:30:45Z</time><speed>0.629</speed><sat>26</sat></trkpt>
  <trkpt lat="-33.99453833" lon="-139.98457973"><ele>63.500</ele><time>2026-08-20T16:30:46Z</time><speed>0.693</speed><sat>26</sat></trkpt>
  <trkpt lat="-33.99454333" lon="-139.98459511"><ele>63.500</ele><time>2026-08-20T16:30:47Z</time><speed>0.744</speed><sat>26</sat></trkpt>
  <trkpt lat="-33.99454667" lon="-139.98460930"><ele>63.700</ele><time>2026-08-20T16:30:48Z</time><speed>0.000</speed><sat>27</sat></trkpt>
  <trkpt lat="-33.99454667" lon="-139.98461876"><ele>63.600</ele><time>2026-08-20T16:30:49Z</time><speed>0.733</speed><sat>28</sat></trkpt>
  <trkpt lat="-33.99454833" lon="-139.98463295"><ele>63.900</ele><time>2026-08-20T16:30:50Z</time><speed>0.000</speed><sat>28</sat></trkpt>
  <trkpt lat="-33.99454833" lon="-139.98463887"><ele>63.600</ele><time>2026-08-20T16:30:51Z</time><speed>0.700</speed><sat>28</sat></trkpt>
  <trkpt lat="-33.99455000" lon="-139.98464715"><ele>62.900</ele><time>2026-08-20T16:30:52Z</time><speed>0.654</speed><sat>27</sat></trkpt>
  <trkpt lat="-33.99454833" lon="-139.98465543"><ele>62.600</ele><time>2026-08-20T16:30:53Z</time><speed>0.617</speed><sat>28</sat></trkpt>
  <trkpt lat="-33.99455000" lon="-139.98466371"><ele>62.700</ele><time>2026-08-20T16:30:54Z</time><speed>0.582</speed><sat>28</sat></trkpt>
  <trkpt lat="-33.99455000" lon="-139.98467554"><ele>62.600</ele><time>2026-08-20T16:30:55Z</time><speed>0.558</speed><sat>27</sat></trkpt>
  <trkpt lat="-33.99455167" lon="-139.98468618"><ele>62.500</ele><time>2026-08-20T16:30:56Z</time><speed>0.492</speed><sat>27</sat></trkpt>
  <trkpt lat="-33.99455667" lon="-139.98470037"><ele>62.500</ele><time>2026-08-20T16:30:57Z</time><speed>0.444</speed><sat>27</sat></trkpt>
  <trkpt lat="-33.99455833" lon="-139.98471694"><ele>62.500</ele><time>2026-08-20T16:30:58Z</time><speed>0.000</speed><sat>27</sat></trkpt>
  <trkpt lat="-33.99456000" lon="-139.98472995"><ele>62.500</ele><time>2026-08-20T16:30:59Z</time><speed>0.419</speed><sat>26</sat></trkpt>
  <trkpt lat="-33.99456333" lon="-139.98474178"><ele>62.300</ele><time>2026-08-20T16:31:00Z</time><speed>0.407</speed><sat>27</sat></trkpt>
  <trkpt lat="-33.99456000" lon="-139.98475833"><ele>61.900</ele><time>2026-08-20T16:31:01Z</time><speed>0.459</speed><sat>27</sat></trkpt>
  <trkpt lat="-33.99456000" lon="-139.98477726"><ele>61.700</ele><time>2026-08-20T16:31:02Z</time><speed>0.530</speed><sat>27</sat></trkpt>
  <trkpt lat="-33.99456333" lon="-139.98479146"><ele>61.800</ele><time>2026-08-20T16:31:03Z</time><speed>0.580</speed><sat>26</sat></trkpt>
  <trkpt lat="-33.99456667" lon="-139.98480210"><ele>62.000</ele><time>2026-08-20T16:31:04Z</time><speed>0.623</speed><sat>26</sat></trkpt>
  <trkpt lat="-33.99457000" lon="-139.98481629"><ele>62.100</ele><time>2026-08-20T16:31:05Z</time><speed>0.000</speed><sat>24</sat></trkpt>
  <trkpt lat="-33.99457500" lon="-139.98483167"><ele>62.100</ele><time>2026-08-20T16:31:06Z</time><speed>0.701</speed><sat>24</sat></trkpt>
  <trkpt lat="-33.99457333" lon="-139.98484468"><ele>62.000</ele><time>2026-08-20T16:31:07Z</time><speed>0.646</speed><sat>25</sat></trkpt>
  <trkpt lat="-33.99457333" lon="-139.98485650"><ele>61.300</ele><time>2026-08-20T16:31:08Z</time><speed>0.598</speed><sat>25</sat></trkpt>
  <trkpt lat="-33.99457000" lon="-139.98486479"><ele>60.900</ele><time>2026-08-20T16:31:09Z</time><speed>0.558</speed><sat>26</sat></trkpt>
  <trkpt lat="-33.99457000" lon="-139.98487307"><ele>60.700</ele><time>2026-08-20T16:31:10Z</time><speed>0.526</speed><sat>26</sat></trkpt>
  <trkpt lat="-33.99456833" lon="-139.98488253"><ele>60.500</ele><time>2026-08-20T16:31:11Z</time><speed>0.000</speed><sat>26</sat></trkpt>
  <trkpt lat="-33.99456833" lon="-139.98489436"><ele>60.500</ele><time>2026-08-20T16:31:12Z</time><speed>0.515</speed><sat>26</sat></trkpt>
  <trkpt lat="-33.99457000" lon="-139.98491092"><ele>60.700</ele><time>2026-08-20T16:31:13Z</time><speed>0.478</speed><sat>27</sat></trkpt>
  <trkpt lat="-33.99456167" lon="-139.98491920"><ele>60.100</ele><time>2026-08-20T16:31:14Z</time><speed>0.415</speed><sat>27</sat></trkpt>
  <trkpt lat="-33.99455833" lon="-139.98492866"><ele>59.800</ele><time>2026-08-20T16:31:15Z</time><speed>0.000</speed><sat>27</sat></trkpt>
  <trkpt lat="-33.99455500" lon="-139.98493339"><ele>59.300</ele><time>2026-08-20T16:31:16Z</time><speed>0.000</speed><sat>27</sat></trkpt>
  <trkpt lat="-33.99455167" lon="-139.98493576"><ele>58.800</ele><time>2026-08-20T16:31:17Z</time><speed>0.444</speed><sat>27</sat></trkpt>
  <trkpt lat="-33.99454833" lon="-139.98493930"><ele>58.100</ele><time>2026-08-20T16:31:18Z</time><speed>0.000</speed><sat>27</sat></trkpt>
  <trkpt lat="-33.99454333" lon="-139.98494876"><ele>57.200</ele><time>2026-08-20T16:31:19Z</time><speed>0.546</speed><sat>27</sat></trkpt>
  <trkpt lat="-33.99453333" lon="-139.98495468"><ele>55.900</ele><time>2026-08-20T16:31:20Z</time><speed>0.588</speed><sat>27</sat></trkpt>
  <trkpt lat="-33.99452500" lon="-139.98495823"><ele>54.800</ele><time>2026-08-20T16:31:21Z</time><speed>0.608</speed><sat>27</sat></trkpt>
  <trkpt lat="-33.99452333" lon="-139.98496533"><ele>54.100</ele><time>2026-08-20T16:31:22Z</time><speed>0.000</speed><sat>27</sat></trkpt>
  <trkpt lat="-33.99452667" lon="-139.98497124"><ele>53.300</ele><time>2026-08-20T16:31:23Z</time><speed>0.645</speed><sat>26</sat></trkpt>
  <trkpt lat="-33.99453000" lon="-139.98497952"><ele>52.500</ele><time>2026-08-20T16:31:24Z</time><speed>0.684</speed><sat>26</sat></trkpt>
  <trkpt lat="-33.99453000" lon="-139.98499253"><ele>51.400</ele><time>2026-08-20T16:31:25Z</time><speed>0.706</speed><sat>26</sat></trkpt>
  <trkpt lat="-33.99453333" lon="-139.98501027"><ele>50.200</ele><time>2026-08-20T16:31:26Z</time><speed>0.646</speed><sat>25</sat></trkpt>
  <trkpt lat="-33.99454000" lon="-139.98502210"><ele>49.300</ele><time>2026-08-20T16:31:27Z</time><speed>0.611</speed><sat>26</sat></trkpt>
  <trkpt lat="-33.99454333" lon="-139.98503747"><ele>48.600</ele><time>2026-08-20T16:31:28Z</time><speed>0.581</speed><sat>26</sat></trkpt>
  <trkpt lat="-33.99454833" lon="-139.98506350"><ele>48.200</ele><time>2026-08-20T16:31:29Z</time><speed>0.768</speed><sat>25</sat></trkpt>
  <trkpt lat="-33.99455500" lon="-139.98510017"><ele>48.100</ele><time>2026-08-20T16:31:30Z</time><speed>0.966</speed><sat>26</sat></trkpt>
  <trkpt lat="-33.99455500" lon="-139.98510608"><ele>47.900</ele><time>2026-08-20T16:31:31Z</time><speed>0.932</speed><sat>26</sat></trkpt>
  <trkpt lat="-33.99455833" lon="-139.98511791"><ele>48.600</ele><time>2026-08-20T16:31:32Z</time><speed>0.885</speed><sat>26</sat></trkpt>
  <trkpt lat="-33.99456333" lon="-139.98513210"><ele>49.400</ele><time>2026-08-20T16:31:33Z</time><speed>0.900</speed><sat>26</sat></trkpt>
  <trkpt lat="-33.99456333" lon="-139.98514156"><ele>50.000</ele><time>2026-08-20T16:31:34Z</time><speed>0.000</speed><sat>26</sat></trkpt>
  <trkpt lat="-33.99456167" lon="-139.98515457"><ele>50.600</ele><time>2026-08-20T16:31:35Z</time><speed>0.000</speed><sat>24</sat></trkpt>
  <trkpt lat="-33.99455500" lon="-139.98516995"><ele>51.200</ele><time>2026-08-20T16:31:36Z</time><speed>0.925</speed><sat>25</sat></trkpt>
  <trkpt lat="-33.99455167" lon="-139.98518178"><ele>51.600</ele><time>2026-08-20T16:31:37Z</time><speed>0.967</speed><sat>26</sat></trkpt>
  <trkpt lat="-33.99455000" lon="-139.98519479"><ele>51.900</ele><time>2026-08-20T16:31:38Z</time><speed>0.980</speed><sat>26</sat></trkpt>
  <trkpt lat="-33.99454667" lon="-139.98520898"><ele>52.200</ele><time>2026-08-20T16:31:39Z</time><speed>0.794</speed><sat>26</sat></trkpt>
  <trkpt lat="-33.99454167" lon="-139.98521963"><ele>52.300</ele><time>2026-08-20T16:31:40Z</time><speed>0.580</speed><sat>26</sat></trkpt>
  <trkpt lat="-33.99454167" lon="-139.98522909"><ele>52.200</ele><time>2026-08-20T16:31:41Z</time><speed>0.568</speed><sat>27</sat></trkpt>
  <trkpt lat="-33.99454333" lon="-139.98523737"><ele>52.100</ele><time>2026-08-20T16:31:42Z</time><speed>0.584</speed><sat>27</sat></trkpt>
  <trkpt lat="-33.99454333" lon="-139.98524447"><ele>52.100</ele><time>2026-08-20T16:31:43Z</time><speed>0.552</speed><sat>27</sat></trkpt>
  <trkpt lat="-33.99454500" lon="-139.98525511"><ele>52.000</ele><time>2026-08-20T16:31:44Z</time><speed>0.000</speed><sat>27</sat></trkpt>
  <trkpt lat="-33.99454500" lon="-139.98526694"><ele>51.700</ele><time>2026-08-20T16:31:45Z</time><speed>0.582</speed><sat>27</sat></trkpt>
  <trkpt lat="-33.99454667" lon="-139.98527995"><ele>51.400</ele><time>2026-08-20T16:31:46Z</time><speed>0.560</speed><sat>28</sat></trkpt>
  <trkpt lat="-33.99455000" lon="-139.98528823"><ele>51.000</ele><time>2026-08-20T16:31:47Z</time><speed>0.522</speed><sat>28</sat></trkpt>
  <trkpt lat="-33.99455500" lon="-139.98529888"><ele>50.700</ele><time>2026-08-20T16:31:48Z</time><speed>0.508</speed><sat>27</sat></trkpt>
  <trkpt lat="-33.99456000" lon="-139.98530361"><ele>50.400</ele><time>2026-08-20T16:31:49Z</time><speed>0.465</speed><sat>26</sat></trkpt>
  <trkpt lat="-33.99456667" lon="-139.98531070"><ele>49.900</ele><time>2026-08-20T16:31:50Z</time><speed>0.000</speed><sat>27</sat></trkpt>
  <trkpt lat="-33.99457000" lon="-139.98531544"><ele>49.400</ele><time>2026-08-20T16:31:51Z</time><speed>0.416</speed><sat>26</sat></trkpt>
  <trkpt lat="-33.99457333" lon="-139.98532372"><ele>49.200</ele><time>2026-08-20T16:31:52Z</time><speed>0.000</speed><sat>27</sat></trkpt>
  <trkpt lat="-33.99457167" lon="-139.98532845"><ele>48.800</ele><time>2026-08-20T16:31:53Z</time><speed>0.000</speed><sat>27</sat></trkpt>
  <trkpt lat="-33.99456833" lon="-139.98534146"><ele>48.600</ele><time>2026-08-20T16:31:54Z</time><speed>0.000</speed><sat>27</sat></trkpt>
  <trkpt lat="-33.99456833" lon="-139.98535447"><ele>48.300</ele><time>2026-08-20T16:31:55Z</time><speed>0.384</speed><sat>28</sat></trkpt>
  <trkpt lat="-33.99457000" lon="-139.98536511"><ele>48.000</ele><time>2026-08-20T16:31:56Z</time><speed>0.392</speed><sat>26</sat></trkpt>
  <trkpt lat="-33.99457167" lon="-139.98537695"><ele>47.700</ele><time>2026-08-20T16:31:57Z</time><speed>0.392</speed><sat>26</sat></trkpt>
  <trkpt lat="-33.99457000" lon="-139.98538995"><ele>47.300</ele><time>2026-08-20T16:31:58Z</time><speed>0.404</speed><sat>28</sat></trkpt>
  <trkpt lat="-33.99457000" lon="-139.98540296"><ele>47.200</ele><time>2026-08-20T16:31:59Z</time><speed>0.445</speed><sat>27</sat></trkpt>
  <trkpt lat="-33.99457333" lon="-139.98542544"><ele>47.000</ele><time>2026-08-20T16:32:00Z</time><speed>0.501</speed><sat>28</sat></trkpt>
  <trkpt lat="-33.99458167" lon="-139.98544673"><ele>47.000</ele><time>2026-08-20T16:32:01Z</time><speed>0.000</speed><sat>28</sat></trkpt>
  <trkpt lat="-33.99458667" lon="-139.98547157"><ele>47.000</ele><time>2026-08-20T16:32:02Z</time><speed>0.672</speed><sat>27</sat></trkpt>
  <trkpt lat="-33.99459000" lon="-139.98549167"><ele>46.900</ele><time>2026-08-20T16:32:03Z</time><speed>0.766</speed><sat>26</sat></trkpt>
  <trkpt lat="-33.99459000" lon="-139.98550941"><ele>47.200</ele><time>2026-08-20T16:32:04Z</time><speed>0.838</speed><sat>28</sat></trkpt>
  <trkpt lat="-33.99459167" lon="-139.98552953"><ele>47.500</ele><time>2026-08-20T16:32:05Z</time><speed>0.975</speed><sat>28</sat></trkpt>
  <trkpt lat="-33.99459167" lon="-139.98554963"><ele>47.800</ele><time>2026-08-20T16:32:06Z</time><speed>0.000</speed><sat>27</sat></trkpt>
  <trkpt lat="-33.99459333" lon="-139.98556974"><ele>48.100</ele><time>2026-08-20T16:32:07Z</time><speed>1.153</speed><sat>28</sat></trkpt>
  <trkpt lat="-33.99459333" lon="-139.98558748"><ele>48.800</ele><time>2026-08-20T16:32:08Z</time><speed>1.227</speed><sat>28</sat></trkpt>
  <trkpt lat="-33.99459667" lon="-139.98560404"><ele>49.600</ele><time>2026-08-20T16:32:09Z</time><speed>0.000</speed><sat>28</sat></trkpt>
  <trkpt lat="-33.99460167" lon="-139.98561587"><ele>50.700</ele><time>2026-08-20T16:32:10Z</time><speed>1.347</speed><sat>27</sat></trkpt>
  <trkpt lat="-33.99460667" lon="-139.98563125"><ele>51.600</ele><time>2026-08-20T16:32:11Z</time><speed>1.353</speed><sat>27</sat></trkpt>
  <trkpt lat="-33.99461000" lon="-139.98564426"><ele>52.500</ele><time>2026-08-20T16:32:12Z</time><speed>1.324</speed><sat>28</sat></trkpt>
  <trkpt lat="-33.99461000" lon="-139.98565609"><ele>53.200</ele><time>2026-08-20T16:32:13Z</time><speed>1.266</speed><sat>27</sat></trkpt>
  <trkpt lat="-33.99461167" lon="-139.98566673"><ele>54.000</ele><time>2026-08-20T16:32:14Z</time><speed>1.199</speed><sat>27</sat></trkpt>
  <trkpt lat="-33.99461333" lon="-139.98567383"><ele>54.800</ele><time>2026-08-20T16:32:15Z</time><speed>1.030</speed><sat>27</sat></trkpt>
  <trkpt lat="-33.99461833" lon="-139.98567738"><ele>55.200</ele><time>2026-08-20T16:32:16Z</time><speed>0.932</speed><sat>27</sat></trkpt>
  <trkpt lat="-33.99462333" lon="-139.98567856"><ele>55.700</ele><time>2026-08-20T16:32:17Z</time><speed>0.850</speed><sat>27</sat></trkpt>
  <trkpt lat="-33.99462500" lon="-139.98568447"><ele>55.700</ele><time>2026-08-20T16:32:18Z</time><speed>0.739</speed><sat>26</sat></trkpt>
  <trkpt lat="-33.99462333" lon="-139.98569275"><ele>55.700</ele><time>2026-08-20T16:32:19Z</time><speed>0.671</speed><sat>26</sat></trkpt>
  <trkpt lat="-33.99461667" lon="-139.98569630"><ele>55.600</ele><time>2026-08-20T16:32:20Z</time><speed>0.650</speed><sat>26</sat></trkpt>
  <trkpt lat="-33.99461333" lon="-139.98570222"><ele>55.600</ele><time>2026-08-20T16:32:21Z</time><speed>0.576</speed><sat>26</sat></trkpt>
  <trkpt lat="-33.99461667" lon="-139.98571522"><ele>55.700</ele><time>2026-08-20T16:32:22Z</time><speed>0.000</speed><sat>27</sat></trkpt>
  <trkpt lat="-33.99461333" lon="-139.98573297"><ele>55.700</ele><time>2026-08-20T16:32:23Z</time><speed>0.000</speed><sat>27</sat></trkpt>
  <trkpt lat="-33.99461000" lon="-139.98574716"><ele>55.800</ele><time>2026-08-20T16:32:24Z</time><speed>0.530</speed><sat>27</sat></trkpt>
  <trkpt lat="-33.99461167" lon="-139.98575663"><ele>56.100</ele><time>2026-08-20T16:32:25Z</time><speed>0.528</speed><sat>27</sat></trkpt>
  <trkpt lat="-33.99461167" lon="-139.98576845"><ele>56.200</ele><time>2026-08-20T16:32:26Z</time><speed>0.481</speed><sat>27</sat></trkpt>
  <trkpt lat="-33.99460833" lon="-139.98577792"><ele>56.000</ele><time>2026-08-20T16:32:27Z</time><speed>0.481</speed><sat>26</sat></trkpt>
  <trkpt lat="-33.99460333" lon="-139.98579447"><ele>55.900</ele><time>2026-08-20T16:32:28Z</time><speed>0.536</speed><sat>26</sat></trkpt>
  <trkpt lat="-33.99460167" lon="-139.98580985"><ele>56.100</ele><time>2026-08-20T16:32:29Z</time><speed>0.524</speed><sat>26</sat></trkpt>
  <trkpt lat="-33.99459833" lon="-139.98582286"><ele>56.200</ele><time>2026-08-20T16:32:30Z</time><speed>0.000</speed><sat>26</sat></trkpt>
  <trkpt lat="-33.99459500" lon="-139.98584179"><ele>56.300</ele><time>2026-08-20T16:32:31Z</time><speed>0.561</speed><sat>26</sat></trkpt>
  <trkpt lat="-33.99459667" lon="-139.98586426"><ele>56.200</ele><time>2026-08-20T16:32:32Z</time><speed>0.631</speed><sat>26</sat></trkpt>
  <trkpt lat="-33.99460167" lon="-139.98589028"><ele>56.100</ele><time>2026-08-20T16:32:33Z</time><speed>0.680</speed><sat>26</sat></trkpt>
  <trkpt lat="-33.99460333" lon="-139.98591157"><ele>56.200</ele><time>2026-08-20T16:32:34Z</time><speed>0.729</speed><sat>25</sat></trkpt>
  <trkpt lat="-33.99460333" lon="-139.98592458"><ele>56.400</ele><time>2026-08-20T16:32:35Z</time><speed>0.800</speed><sat>24</sat></trkpt>
  <trkpt lat="-33.99460167" lon="-139.98593641"><ele>56.600</ele><time>2026-08-20T16:32:36Z</time><speed>0.846</speed><sat>25</sat></trkpt>
  <trkpt lat="-33.99460000" lon="-139.98594824"><ele>56.800</ele><time>2026-08-20T16:32:37Z</time><speed>0.854</speed><sat>25</sat></trkpt>
  <trkpt lat="-33.99459833" lon="-139.98595770"><ele>57.100</ele><time>2026-08-20T16:32:38Z</time><speed>0.000</speed><sat>26</sat></trkpt>
  <trkpt lat="-33.99459500" lon="-139.98596716"><ele>57.400</ele><time>2026-08-20T16:32:39Z</time><speed>0.850</speed><sat>26</sat></trkpt>
  <trkpt lat="-33.99459333" lon="-139.98597663"><ele>57.800</ele><time>2026-08-20T16:32:40Z</time><speed>0.829</speed><sat>26</sat></trkpt>
  <trkpt lat="-33.99459333" lon="-139.98598727"><ele>58.300</ele><time>2026-08-20T16:32:41Z</time><speed>0.777</speed><sat>26</sat></trkpt>
  <trkpt lat="-33.99459333" lon="-139.98599910"><ele>58.700</ele><time>2026-08-20T16:32:42Z</time><speed>0.675</speed><sat>26</sat></trkpt>
  <trkpt lat="-33.99459167" lon="-139.98600856"><ele>59.000</ele><time>2026-08-20T16:32:43Z</time><speed>0.626</speed><sat>25</sat></trkpt>
  <trkpt lat="-33.99459000" lon="-139.98601566"><ele>59.400</ele><time>2026-08-20T16:32:44Z</time><speed>0.591</speed><sat>25</sat></trkpt>
  <trkpt lat="-33.99458667" lon="-139.98602748"><ele>59.700</ele><time>2026-08-20T16:32:45Z</time><speed>0.548</speed><sat>25</sat></trkpt>
  <trkpt lat="-33.99458333" lon="-139.98603695"><ele>59.700</ele><time>2026-08-20T16:32:46Z</time><speed>0.547</speed><sat>25</sat></trkpt>
  <trkpt lat="-33.99458167" lon="-139.98604760"><ele>59.700</ele><time>2026-08-20T16:32:47Z</time><speed>0.000</speed><sat>25</sat></trkpt>
  <trkpt lat="-33.99457667" lon="-139.98605706"><ele>59.700</ele><time>2026-08-20T16:32:48Z</time><speed>0.534</speed><sat>26</sat></trkpt>
  <trkpt lat="-33.99457667" lon="-139.98607007"><ele>59.600</ele><time>2026-08-20T16:32:49Z</time><speed>0.527</speed><sat>24</sat></trkpt>
  <trkpt lat="-33.99457500" lon="-139.98608544"><ele>59.700</ele><time>2026-08-20T16:32:50Z</time><speed>0.560</speed><sat>25</sat></trkpt>
  <trkpt lat="-33.99457833" lon="-139.98610200"><ele>59.800</ele><time>2026-08-20T16:32:51Z</time><speed>0.640</speed><sat>25</sat></trkpt>
  <trkpt lat="-33.99458167" lon="-139.98612329"><ele>60.100</ele><time>2026-08-20T16:32:52Z</time><speed>0.719</speed><sat>25</sat></trkpt>
  <trkpt lat="-33.99457833" lon="-139.98613986"><ele>60.300</ele><time>2026-08-20T16:32:53Z</time><speed>0.756</speed><sat>24</sat></trkpt>
  <trkpt lat="-33.99457667" lon="-139.98615050"><ele>60.800</ele><time>2026-08-20T16:32:54Z</time><speed>0.753</speed><sat>26</sat></trkpt>
  <trkpt lat="-33.99457333" lon="-139.98615641"><ele>61.300</ele><time>2026-08-20T16:32:55Z</time><speed>0.731</speed><sat>26</sat></trkpt>
  <trkpt lat="-33.99457167" lon="-139.98616824"><ele>61.500</ele><time>2026-08-20T16:32:56Z</time><speed>0.715</speed><sat>24</sat></trkpt>
  <trkpt lat="-33.99456833" lon="-139.98617652"><ele>61.800</ele><time>2026-08-20T16:32:57Z</time><speed>0.698</speed><sat>26</sat></trkpt>
  <trkpt lat="-33.99456667" lon="-139.98618480"><ele>61.900</ele><time>2026-08-20T16:32:58Z</time><speed>0.681</speed><sat>26</sat></trkpt>
  <trkpt lat="-33.99456667" lon="-139.98619308"><ele>61.800</ele><time>2026-08-20T16:32:59Z</time><speed>0.658</speed><sat>26</sat></trkpt>
  <trkpt lat="-33.99456667" lon="-139.98620373"><ele>61.800</ele><time>2026-08-20T16:33:00Z</time><speed>0.000</speed><sat>25</sat></trkpt>
  <trkpt lat="-33.99456833" lon="-139.98621792"><ele>61.700</ele><time>2026-08-20T16:33:01Z</time><speed>0.534</speed><sat>25</sat></trkpt>
  <trkpt lat="-33.99456833" lon="-139.98623093"><ele>61.700</ele><time>2026-08-20T16:33:02Z</time><speed>0.458</speed><sat>26</sat></trkpt>
  <trkpt lat="-33.99457000" lon="-139.98624749"><ele>61.600</ele><time>2026-08-20T16:33:03Z</time><speed>0.435</speed><sat>26</sat></trkpt>
  <trkpt lat="-33.99457000" lon="-139.98625932"><ele>61.500</ele><time>2026-08-20T16:33:04Z</time><speed>0.444</speed><sat>25</sat></trkpt>
  <trkpt lat="-33.99456833" lon="-139.98627233"><ele>61.300</ele><time>2026-08-20T16:33:05Z</time><speed>0.470</speed><sat>25</sat></trkpt>
  <trkpt lat="-33.99456833" lon="-139.98628534"><ele>61.000</ele><time>2026-08-20T16:33:06Z</time><speed>0.500</speed><sat>25</sat></trkpt>
  <trkpt lat="-33.99457167" lon="-139.98629362"><ele>60.900</ele><time>2026-08-20T16:33:07Z</time><speed>0.000</speed><sat>25</sat></trkpt>
  <trkpt lat="-33.99456667" lon="-139.98629007"><ele>60.500</ele><time>2026-08-20T16:33:08Z</time><speed>0.539</speed><sat>26</sat></trkpt>
  <trkpt lat="-33.99456500" lon="-139.98630071"><ele>60.200</ele><time>2026-08-20T16:33:09Z</time><speed>0.543</speed><sat>26</sat></trkpt>
  <trkpt lat="-33.99456333" lon="-139.98630781"><ele>60.100</ele><time>2026-08-20T16:33:10Z</time><speed>0.556</speed><sat>26</sat></trkpt>
  <trkpt lat="-33.99456000" lon="-139.98631846"><ele>59.900</ele><time>2026-08-20T16:33:11Z</time><speed>0.583</speed><sat>26</sat></trkpt>
  <trkpt lat="-33.99455833" lon="-139.98633620"><ele>59.800</ele><time>2026-08-20T16:33:12Z</time><speed>0.633</speed><sat>26</sat></trkpt>
  <trkpt lat="-33.99455500" lon="-139.98635394"><ele>59.500</ele><time>2026-08-20T16:33:13Z</time><speed>0.677</speed><sat>26</sat></trkpt>
  <trkpt lat="-33.99455000" lon="-139.98637642"><ele>59.200</ele><time>2026-08-20T16:33:14Z</time><speed>0.677</speed><sat>26</sat></trkpt>
  <trkpt lat="-33.99455167" lon="-139.98637996"><ele>57.400</ele><time>2026-08-20T16:33:15Z</time><speed>0.639</speed><sat>27</sat></trkpt>
  <trkpt lat="-33.99455167" lon="-139.98638115"><ele>56.500</ele><time>2026-08-20T16:33:16Z</time><speed>0.589</speed><sat>26</sat></trkpt>
  <trkpt lat="-33.99454667" lon="-139.98638233"><ele>55.300</ele><time>2026-08-20T16:33:17Z</time><speed>0.596</speed><sat>25</sat></trkpt>
  <trkpt lat="-33.99454333" lon="-139.98638588"><ele>54.500</ele><time>2026-08-20T16:33:18Z</time><speed>0.601</speed><sat>26</sat></trkpt>
  <trkpt lat="-33.99454333" lon="-139.98639534"><ele>54.000</ele><time>2026-08-20T16:33:19Z</time><speed>0.600</speed><sat>26</sat></trkpt>
  <trkpt lat="-33.99454333" lon="-139.98641781"><ele>53.100</ele><time>2026-08-20T16:33:20Z</time><speed>0.614</speed><sat>24</sat></trkpt>
  <trkpt lat="-33.99456167" lon="-139.98644384"><ele>52.600</ele><time>2026-08-20T16:33:21Z</time><speed>0.692</speed><sat>23</sat></trkpt>
  <trkpt lat="-33.99457667" lon="-139.98646394"><ele>52.500</ele><time>2026-08-20T16:33:22Z</time><speed>0.758</speed><sat>24</sat></trkpt>
  <trkpt lat="-33.99458500" lon="-139.98648523"><ele>52.400</ele><time>2026-08-20T16:33:23Z</time><speed>0.790</speed><sat>25</sat></trkpt>
  <trkpt lat="-33.99459167" lon="-139.98650534"><ele>52.100</ele><time>2026-08-20T16:33:24Z</time><speed>0.884</speed><sat>24</sat></trkpt>
  <trkpt lat="-33.99459500" lon="-139.98652663"><ele>51.800</ele><time>2026-08-20T16:33:25Z</time><speed>1.007</speed><sat>25</sat></trkpt>
  <trkpt lat="-33.99460167" lon="-139.98654555"><ele>51.700</ele><time>2026-08-20T16:33:26Z</time><speed>1.069</speed><sat>25</sat></trkpt>
  <trkpt lat="-33.99460833" lon="-139.98656330"><ele>51.700</ele><time>2026-08-20T16:33:27Z</time><speed>1.075</speed><sat>25</sat></trkpt>
  <trkpt lat="-33.99461833" lon="-139.98657868"><ele>51.600</ele><time>2026-08-20T16:33:28Z</time><speed>1.082</speed><sat>25</sat></trkpt>
  <trkpt lat="-33.99462667" lon="-139.98659168"><ele>51.500</ele><time>2026-08-20T16:33:29Z</time><speed>1.105</speed><sat>27</sat></trkpt>
  <trkpt lat="-33.99463500" lon="-139.98660588"><ele>51.400</ele><time>2026-08-20T16:33:30Z</time><speed>1.107</speed><sat>26</sat></trkpt>
  <trkpt lat="-33.99464000" lon="-139.98661652"><ele>51.400</ele><time>2026-08-20T16:33:31Z</time><speed>1.032</speed><sat>26</sat></trkpt>
  <trkpt lat="-33.99464500" lon="-139.98662717"><ele>51.300</ele><time>2026-08-20T16:33:32Z</time><speed>0.933</speed><sat>26</sat></trkpt>
  <trkpt lat="-33.99464667" lon="-139.98663781"><ele>51.400</ele><time>2026-08-20T16:33:33Z</time><speed>0.847</speed><sat>26</sat></trkpt>
  <trkpt lat="-33.99464667" lon="-139.98665083"><ele>51.400</ele><time>2026-08-20T16:33:34Z</time><speed>0.739</speed><sat>27</sat></trkpt>
  <trkpt lat="-33.99464333" lon="-139.98666147"><ele>51.500</ele><time>2026-08-20T16:33:35Z</time><speed>0.641</speed><sat>27</sat></trkpt>
  <trkpt lat="-33.99463833" lon="-139.98667093"><ele>51.400</ele><time>2026-08-20T16:33:36Z</time><speed>0.603</speed><sat>26</sat></trkpt>
  <trkpt lat="-33.99463500" lon="-139.98668158"><ele>51.300</ele><time>2026-08-20T16:33:37Z</time><speed>0.587</speed><sat>25</sat></trkpt>
  <trkpt lat="-33.99463500" lon="-139.98669223"><ele>51.100</ele><time>2026-08-20T16:33:38Z</time><speed>0.572</speed><sat>26</sat></trkpt>
  <trkpt lat="-33.99463000" lon="-139.98669814"><ele>50.900</ele><time>2026-08-20T16:33:39Z</time><speed>0.562</speed><sat>26</sat></trkpt>
  <trkpt lat="-33.99462833" lon="-139.98670760"><ele>50.600</ele><time>2026-08-20T16:33:40Z</time><speed>0.539</speed><sat>26</sat></trkpt>
  <trkpt lat="-33.99462833" lon="-139.98672180"><ele>50.300</ele><time>2026-08-20T16:33:41Z</time><speed>0.526</speed><sat>26</sat></trkpt>
  <trkpt lat="-33.99462833" lon="-139.98673835"><ele>50.000</ele><time>2026-08-20T16:33:42Z</time><speed>0.547</speed><sat>25</sat></trkpt>
  <trkpt lat="-33.99463000" lon="-139.98675491"><ele>49.700</ele><time>2026-08-20T16:33:43Z</time><speed>0.597</speed><sat>25</sat></trkpt>
  <trkpt lat="-33.99463000" lon="-139.98676911"><ele>49.900</ele><time>2026-08-20T16:33:44Z</time><speed>0.673</speed><sat>25</sat></trkpt>
  <trkpt lat="-33.99463167" lon="-139.98678212"><ele>49.900</ele><time>2026-08-20T16:33:45Z</time><speed>0.713</speed><sat>26</sat></trkpt>
  <trkpt lat="-33.99463167" lon="-139.98679513"><ele>49.900</ele><time>2026-08-20T16:33:46Z</time><speed>0.730</speed><sat>25</sat></trkpt>
  <trkpt lat="-33.99463000" lon="-139.98680577"><ele>50.200</ele><time>2026-08-20T16:33:47Z</time><speed>0.726</speed><sat>26</sat></trkpt>
  <trkpt lat="-33.99462833" lon="-139.98681642"><ele>50.500</ele><time>2026-08-20T16:33:48Z</time><speed>0.711</speed><sat>25</sat></trkpt>
  <trkpt lat="-33.99463000" lon="-139.98683061"><ele>50.700</ele><time>2026-08-20T16:33:49Z</time><speed>0.716</speed><sat>26</sat></trkpt>
  <trkpt lat="-33.99463167" lon="-139.98684599"><ele>51.100</ele><time>2026-08-20T16:33:50Z</time><speed>0.708</speed><sat>26</sat></trkpt>
  <trkpt lat="-33.99463000" lon="-139.98685782"><ele>51.400</ele><time>2026-08-20T16:33:51Z</time><speed>0.696</speed><sat>26</sat></trkpt>
  <trkpt lat="-33.99463333" lon="-139.98687319"><ele>51.600</ele><time>2026-08-20T16:33:52Z</time><speed>0.000</speed><sat>26</sat></trkpt>
  <trkpt lat="-33.99463333" lon="-139.98688739"><ele>51.900</ele><time>2026-08-20T16:33:53Z</time><speed>0.621</speed><sat>26</sat></trkpt>
  <trkpt lat="-33.99463667" lon="-139.98689922"><ele>51.900</ele><time>2026-08-20T16:33:54Z</time><speed>0.543</speed><sat>26</sat></trkpt>
  <trkpt lat="-33.99463500" lon="-139.98690749"><ele>51.700</ele><time>2026-08-20T16:33:55Z</time><speed>0.572</speed><sat>26</sat></trkpt>
  <trkpt lat="-33.99463833" lon="-139.98690868"><ele>51.200</ele><time>2026-08-20T16:33:56Z</time><speed>0.621</speed><sat>24</sat></trkpt>
  <trkpt lat="-33.99464000" lon="-139.98691223"><ele>50.500</ele><time>2026-08-20T16:33:57Z</time><speed>0.609</speed><sat>26</sat></trkpt>
  <trkpt lat="-33.99464333" lon="-139.98692878"><ele>50.100</ele><time>2026-08-20T16:33:58Z</time><speed>0.620</speed><sat>26</sat></trkpt>
  <trkpt lat="-33.99464667" lon="-139.98694653"><ele>49.600</ele><time>2026-08-20T16:33:59Z</time><speed>0.632</speed><sat>26</sat></trkpt>
  <trkpt lat="-33.99465000" lon="-139.98696427"><ele>49.500</ele><time>2026-08-20T16:34:00Z</time><speed>0.665</speed><sat>26</sat></trkpt>
  <trkpt lat="-33.99465000" lon="-139.98697846"><ele>49.000</ele><time>2026-08-20T16:34:01Z</time><speed>0.686</speed><sat>26</sat></trkpt>
  <trkpt lat="-33.99464833" lon="-139.98699029"><ele>48.400</ele><time>2026-08-20T16:34:02Z</time><speed>0.679</speed><sat>26</sat></trkpt>
  <trkpt lat="-33.99464667" lon="-139.98700212"><ele>47.600</ele><time>2026-08-20T16:34:03Z</time><speed>0.000</speed><sat>26</sat></trkpt>
  <trkpt lat="-33.99464667" lon="-139.98701040"><ele>47.200</ele><time>2026-08-20T16:34:04Z</time><speed>0.749</speed><sat>26</sat></trkpt>
  <trkpt lat="-33.99464833" lon="-139.98701868"><ele>46.600</ele><time>2026-08-20T16:34:05Z</time><speed>0.701</speed><sat>25</sat></trkpt>
  <trkpt lat="-33.99464667" lon="-139.98703524"><ele>46.800</ele><time>2026-08-20T16:34:06Z</time><speed>0.664</speed><sat>26</sat></trkpt>
  <trkpt lat="-33.99465000" lon="-139.98705416"><ele>46.600</ele><time>2026-08-20T16:34:07Z</time><speed>0.710</speed><sat>26</sat></trkpt>
  <trkpt lat="-33.99465000" lon="-139.98707072"><ele>46.400</ele><time>2026-08-20T16:34:08Z</time><speed>0.747</speed><sat>26</sat></trkpt>
  <trkpt lat="-33.99465000" lon="-139.98708965"><ele>46.300</ele><time>2026-08-20T16:34:09Z</time><speed>0.775</speed><sat>26</sat></trkpt>
  <trkpt lat="-33.99466000" lon="-139.98710621"><ele>46.200</ele><time>2026-08-20T16:34:10Z</time><speed>0.809</speed><sat>25</sat></trkpt>
  <trkpt lat="-33.99466333" lon="-139.98712513"><ele>46.100</ele><time>2026-08-20T16:34:11Z</time><speed>0.835</speed><sat>25</sat></trkpt>
  <trkpt lat="-33.99466667" lon="-139.98714406"><ele>46.200</ele><time>2026-08-20T16:34:12Z</time><speed>0.862</speed><sat>25</sat></trkpt>
  <trkpt lat="-33.99467000" lon="-139.98716180"><ele>46.500</ele><time>2026-08-20T16:34:13Z</time><speed>0.886</speed><sat>26</sat></trkpt>
  <trkpt lat="-33.99467333" lon="-139.98718191"><ele>46.900</ele><time>2026-08-20T16:34:14Z</time><speed>0.937</speed><sat>26</sat></trkpt>
  <trkpt lat="-33.99467667" lon="-139.98719729"><ele>47.400</ele><time>2026-08-20T16:34:15Z</time><speed>0.972</speed><sat>26</sat></trkpt>
  <trkpt lat="-33.99467833" lon="-139.98720911"><ele>47.800</ele><time>2026-08-20T16:34:16Z</time><speed>0.967</speed><sat>26</sat></trkpt>
  <trkpt lat="-33.99467833" lon="-139.98721621"><ele>47.800</ele><time>2026-08-20T16:34:17Z</time><speed>0.931</speed><sat>26</sat></trkpt>
  <trkpt lat="-33.99468000" lon="-139.98722567"><ele>47.900</ele><time>2026-08-20T16:34:18Z</time><speed>0.880</speed><sat>26</sat></trkpt>
  <trkpt lat="-33.99467667" lon="-139.98722922"><ele>47.900</ele><time>2026-08-20T16:34:19Z</time><speed>0.811</speed><sat>26</sat></trkpt>
  <trkpt lat="-33.99467500" lon="-139.98723513"><ele>47.900</ele><time>2026-08-20T16:34:20Z</time><speed>0.734</speed><sat>26</sat></trkpt>
  <trkpt lat="-33.99467500" lon="-139.98724459"><ele>47.800</ele><time>2026-08-20T16:34:21Z</time><speed>0.660</speed><sat>25</sat></trkpt>
  <trkpt lat="-33.99467500" lon="-139.98725406"><ele>47.900</ele><time>2026-08-20T16:34:22Z</time><speed>0.599</speed><sat>27</sat></trkpt>
  <trkpt lat="-33.99467000" lon="-139.98725997"><ele>48.000</ele><time>2026-08-20T16:34:23Z</time><speed>0.566</speed><sat>27</sat></trkpt>
  <trkpt lat="-33.99467000" lon="-139.98726943"><ele>48.000</ele><time>2026-08-20T16:34:24Z</time><speed>0.486</speed><sat>27</sat></trkpt>
  <trkpt lat="-33.99466667" lon="-139.98728008"><ele>47.900</ele><time>2026-08-20T16:34:25Z</time><speed>0.432</speed><sat>27</sat></trkpt>
  <trkpt lat="-33.99466333" lon="-139.98729072"><ele>47.900</ele><time>2026-08-20T16:34:26Z</time><speed>0.421</speed><sat>26</sat></trkpt>
  <trkpt lat="-33.99466333" lon="-139.98729901"><ele>47.900</ele><time>2026-08-20T16:34:27Z</time><speed>0.423</speed><sat>25</sat></trkpt>
  <trkpt lat="-33.99466000" lon="-139.98730965"><ele>47.700</ele><time>2026-08-20T16:34:28Z</time><speed>0.438</speed><sat>26</sat></trkpt>
  <trkpt lat="-33.99465833" lon="-139.98732266"><ele>47.500</ele><time>2026-08-20T16:34:29Z</time><speed>0.502</speed><sat>26</sat></trkpt>
  <trkpt lat="-33.99465833" lon="-139.98734040"><ele>47.200</ele><time>2026-08-20T16:34:30Z</time><speed>0.569</speed><sat>26</sat></trkpt>
  <trkpt lat="-33.99465667" lon="-139.98735578"><ele>47.300</ele><time>2026-08-20T16:34:31Z</time><speed>0.608</speed><sat>27</sat></trkpt>
  <trkpt lat="-33.99465333" lon="-139.98736524"><ele>47.200</ele><time>2026-08-20T16:34:32Z</time><speed>0.637</speed><sat>27</sat></trkpt>
  <trkpt lat="-33.99465000" lon="-139.98737589"><ele>46.900</ele><time>2026-08-20T16:34:33Z</time><speed>0.624</speed><sat>27</sat></trkpt>
  <trkpt lat="-33.99465333" lon="-139.98738535"><ele>46.700</ele><time>2026-08-20T16:34:34Z</time><speed>0.626</speed><sat>24</sat></trkpt>
  <trkpt lat="-33.99465500" lon="-139.98739126"><ele>46.200</ele><time>2026-08-20T16:34:35Z</time><speed>0.698</speed><sat>25</sat></trkpt>
  <trkpt lat="-33.99465667" lon="-139.98739363"><ele>45.800</ele><time>2026-08-20T16:34:36Z</time><speed>0.773</speed><sat>23</sat></trkpt>
  <trkpt lat="-33.99464667" lon="-139.98739718"><ele>45.200</ele><time>2026-08-20T16:34:37Z</time><speed>0.864</speed><sat>24</sat></trkpt>
  <trkpt lat="-33.99463833" lon="-139.98740310"><ele>44.600</ele><time>2026-08-20T16:34:38Z</time><speed>0.995</speed><sat>24</sat></trkpt>
  <trkpt lat="-33.99463500" lon="-139.98740782"><ele>44.000</ele><time>2026-08-20T16:34:39Z</time><speed>1.021</speed><sat>24</sat></trkpt>
  <trkpt lat="-33.99463000" lon="-139.98741374"><ele>43.300</ele><time>2026-08-20T16:34:40Z</time><speed>1.078</speed><sat>24</sat></trkpt>
  <trkpt lat="-33.99462667" lon="-139.98742556"><ele>42.300</ele><time>2026-08-20T16:34:41Z</time><speed>1.190</speed><sat>23</sat></trkpt>
  <trkpt lat="-33.99462167" lon="-139.98743385"><ele>41.100</ele><time>2026-08-20T16:34:42Z</time><speed>1.215</speed><sat>23</sat></trkpt>
  <trkpt lat="-33.99461833" lon="-139.98743503"><ele>40.000</ele><time>2026-08-20T16:34:43Z</time><speed>0.000</speed><sat>23</sat></trkpt>
  <trkpt lat="-33.99462167" lon="-139.98745514"><ele>38.800</ele><time>2026-08-20T16:34:44Z</time><speed>0.000</speed><sat>23</sat></trkpt>
  <trkpt lat="-33.99462500" lon="-139.98747406"><ele>37.500</ele><time>2026-08-20T16:34:45Z</time><speed>1.197</speed><sat>23</sat></trkpt>
  <trkpt lat="-33.99462333" lon="-139.98748826"><ele>37.000</ele><time>2026-08-20T16:34:46Z</time><speed>1.081</speed><sat>25</sat></trkpt>
  <trkpt lat="-33.99462833" lon="-139.98750008"><ele>36.700</ele><time>2026-08-20T16:34:47Z</time><speed>0.971</speed><sat>25</sat></trkpt>
  <trkpt lat="-33.99463167" lon="-139.98749890"><ele>36.200</ele><time>2026-08-20T16:34:48Z</time><speed>0.834</speed><sat>25</sat></trkpt>
  <trkpt lat="-33.99463333" lon="-139.98749535"><ele>35.700</ele><time>2026-08-20T16:34:49Z</time><speed>0.786</speed><sat>25</sat></trkpt>
  <trkpt lat="-33.99463500" lon="-139.98751310"><ele>34.900</ele><time>2026-08-20T16:34:50Z</time><speed>0.000</speed><sat>24</sat></trkpt>
  <trkpt lat="-33.99464000" lon="-139.98753084"><ele>34.300</ele><time>2026-08-20T16:34:51Z</time><speed>0.000</speed><sat>25</sat></trkpt>
  <trkpt lat="-33.99464167" lon="-139.98754385"><ele>34.100</ele><time>2026-08-20T16:34:52Z</time><speed>0.000</speed><sat>25</sat></trkpt>
  <trkpt lat="-33.99463833" lon="-139.98755094"><ele>33.700</ele><time>2026-08-20T16:34:53Z</time><speed>0.403</speed><sat>24</sat></trkpt>
  <trkpt lat="-33.99463500" lon="-139.98758879"><ele>33.700</ele><time>2026-08-20T16:34:54Z</time><speed>0.430</speed><sat>25</sat></trkpt>
  <trkpt lat="-33.99463167" lon="-139.98761836"><ele>33.300</ele><time>2026-08-20T16:34:55Z</time><speed>0.482</speed><sat>25</sat></trkpt>
  <trkpt lat="-33.99463333" lon="-139.98763729"><ele>33.500</ele><time>2026-08-20T16:34:56Z</time><speed>0.547</speed><sat>23</sat></trkpt>
  <trkpt lat="-33.99463333" lon="-139.98765266"><ele>33.200</ele><time>2026-08-20T16:34:57Z</time><speed>0.577</speed><sat>23</sat></trkpt>
  <trkpt lat="-33.99464167" lon="-139.98766804"><ele>33.200</ele><time>2026-08-20T16:34:58Z</time><speed>0.000</speed><sat>23</sat></trkpt>
  <trkpt lat="-33.99464833" lon="-139.98768578"><ele>33.300</ele><time>2026-08-20T16:34:59Z</time><speed>0.000</speed><sat>23</sat></trkpt>
  <trkpt lat="-33.99465167" lon="-139.98770116"><ele>33.600</ele><time>2026-08-20T16:35:00Z</time><speed>0.479</speed><sat>23</sat></trkpt>
  <trkpt lat="-33.99465667" lon="-139.98772245"><ele>34.000</ele><time>2026-08-20T16:35:01Z</time><speed>0.000</speed><sat>23</sat></trkpt>
  <trkpt lat="-33.99466667" lon="-139.98773783"><ele>34.000</ele><time>2026-08-20T16:35:02Z</time><speed>0.000</speed><sat>22</sat></trkpt>
  <trkpt lat="-33.99468000" lon="-139.98775320"><ele>34.100</ele><time>2026-08-20T16:35:03Z</time><speed>0.517</speed><sat>23</sat></trkpt>
  <trkpt lat="-33.99468500" lon="-139.98776740"><ele>33.800</ele><time>2026-08-20T16:35:04Z</time><speed>0.495</speed><sat>22</sat></trkpt>
  <trkpt lat="-33.99469000" lon="-139.98777923"><ele>33.600</ele><time>2026-08-20T16:35:05Z</time><speed>0.424</speed><sat>21</sat></trkpt>
  <trkpt lat="-33.99468000" lon="-139.98778159"><ele>33.700</ele><time>2026-08-20T16:35:06Z</time><speed>0.506</speed><sat>22</sat></trkpt>
  <trkpt lat="-33.99467667" lon="-139.98779105"><ele>33.600</ele><time>2026-08-20T16:35:07Z</time><speed>0.575</speed><sat>24</sat></trkpt>
  <trkpt lat="-33.99467333" lon="-139.98779933"><ele>33.300</ele><time>2026-08-20T16:35:08Z</time><speed>0.686</speed><sat>24</sat></trkpt>
  <trkpt lat="-33.99467333" lon="-139.98780998"><ele>32.700</ele><time>2026-08-20T16:35:09Z</time><speed>0.000</speed><sat>23</sat></trkpt>
  <trkpt lat="-33.99467667" lon="-139.98782536"><ele>32.000</ele><time>2026-08-20T16:35:10Z</time><speed>0.715</speed><sat>22</sat></trkpt>
  <trkpt lat="-33.99467833" lon="-139.98783955"><ele>31.400</ele><time>2026-08-20T16:35:11Z</time><speed>0.701</speed><sat>21</sat></trkpt>
  <trkpt lat="-33.99468333" lon="-139.98786439"><ele>31.300</ele><time>2026-08-20T16:35:12Z</time><speed>0.776</speed><sat>22</sat></trkpt>
  <trkpt lat="-33.99468667" lon="-139.98788686"><ele>31.700</ele><time>2026-08-20T16:35:13Z</time><speed>0.752</speed><sat>21</sat></trkpt>
  <trkpt lat="-33.99468167" lon="-139.98789987"><ele>31.900</ele><time>2026-08-20T16:35:14Z</time><speed>0.762</speed><sat>21</sat></trkpt>
  <trkpt lat="-33.99468500" lon="-139.98791998"><ele>32.500</ele><time>2026-08-20T16:35:15Z</time><speed>0.000</speed><sat>22</sat></trkpt>
  <trkpt lat="-33.99469000" lon="-139.98794246"><ele>32.700</ele><time>2026-08-20T16:35:16Z</time><speed>0.000</speed><sat>22</sat></trkpt>
  <trkpt lat="-33.99469500" lon="-139.98795665"><ele>33.000</ele><time>2026-08-20T16:35:17Z</time><speed>0.000</speed><sat>23</sat></trkpt>
  <trkpt lat="-33.99470167" lon="-139.98796966"><ele>33.300</ele><time>2026-08-20T16:35:18Z</time><speed>0.485</speed><sat>23</sat></trkpt>
  <trkpt lat="-33.99470667" lon="-139.98798267"><ele>33.500</ele><time>2026-08-20T16:35:19Z</time><speed>0.447</speed><sat>23</sat></trkpt>
  <trkpt lat="-33.99470500" lon="-139.98799213"><ele>33.600</ele><time>2026-08-20T16:35:20Z</time><speed>0.451</speed><sat>22</sat></trkpt>
  <trkpt lat="-33.99470833" lon="-139.98801105"><ele>34.100</ele><time>2026-08-20T16:35:21Z</time><speed>0.472</speed><sat>23</sat></trkpt>
  <trkpt lat="-33.99471500" lon="-139.98803353"><ele>34.100</ele><time>2026-08-20T16:35:22Z</time><speed>0.483</speed><sat>21</sat></trkpt>
  <trkpt lat="-33.99472333" lon="-139.98805363"><ele>34.500</ele><time>2026-08-20T16:35:23Z</time><speed>0.668</speed><sat>23</sat></trkpt>
  <trkpt lat="-33.99472667" lon="-139.98807730"><ele>35.100</ele><time>2026-08-20T16:35:24Z</time><speed>0.822</speed><sat>23</sat></trkpt>
  <trkpt lat="-33.99473667" lon="-139.98809622"><ele>36.000</ele><time>2026-08-20T16:35:25Z</time><speed>1.039</speed><sat>23</sat></trkpt>
  <trkpt lat="-33.99474333" lon="-139.98811988"><ele>36.800</ele><time>2026-08-20T16:35:26Z</time><speed>0.000</speed><sat>23</sat></trkpt>
  <trkpt lat="-33.99474000" lon="-139.98813525"><ele>37.900</ele><time>2026-08-20T16:35:27Z</time><speed>0.000</speed><sat>22</sat></trkpt>
  <trkpt lat="-33.99474000" lon="-139.98815181"><ele>38.900</ele><time>2026-08-20T16:35:28Z</time><speed>0.000</speed><sat>23</sat></trkpt>
  <trkpt lat="-33.99473500" lon="-139.98816955"><ele>40.100</ele><time>2026-08-20T16:35:29Z</time><speed>1.574</speed><sat>24</sat></trkpt>
  <trkpt lat="-33.99472833" lon="-139.98818256"><ele>41.500</ele><time>2026-08-20T16:35:30Z</time><speed>1.636</speed><sat>24</sat></trkpt>
  <trkpt lat="-33.99472333" lon="-139.98819794"><ele>42.500</ele><time>2026-08-20T16:35:31Z</time><speed>1.655</speed><sat>24</sat></trkpt>
  <trkpt lat="-33.99472333" lon="-139.98821805"><ele>43.600</ele><time>2026-08-20T16:35:32Z</time><speed>1.692</speed><sat>24</sat></trkpt>
  <trkpt lat="-33.99472333" lon="-139.98824170"><ele>45.000</ele><time>2026-08-20T16:35:33Z</time><speed>1.635</speed><sat>24</sat></trkpt>
  <trkpt lat="-33.99472667" lon="-139.98826063"><ele>46.400</ele><time>2026-08-20T16:35:34Z</time><speed>1.548</speed><sat>24</sat></trkpt>
  <trkpt lat="-33.99472667" lon="-139.98827719"><ele>47.900</ele><time>2026-08-20T16:35:35Z</time><speed>1.432</speed><sat>23</sat></trkpt>
  <trkpt lat="-33.99472333" lon="-139.98829138"><ele>49.200</ele><time>2026-08-20T16:35:36Z</time><speed>1.293</speed><sat>24</sat></trkpt>
  <trkpt lat="-33.99471500" lon="-139.98831622"><ele>50.300</ele><time>2026-08-20T16:35:37Z</time><speed>1.257</speed><sat>23</sat></trkpt>
  <trkpt lat="-33.99471500" lon="-139.98832450"><ele>51.300</ele><time>2026-08-20T16:35:38Z</time><speed>1.212</speed><sat>21</sat></trkpt>
  <trkpt lat="-33.99471500" lon="-139.98833869"><ele>52.500</ele><time>2026-08-20T16:35:39Z</time><speed>0.000</speed><sat>22</sat></trkpt>
  <trkpt lat="-33.99472167" lon="-139.98835762"><ele>53.300</ele><time>2026-08-20T16:35:40Z</time><speed>1.127</speed><sat>23</sat></trkpt>
  <trkpt lat="-33.99472000" lon="-139.98837063"><ele>54.200</ele><time>2026-08-20T16:35:41Z</time><speed>1.108</speed><sat>24</sat></trkpt>
  <trkpt lat="-33.99472000" lon="-139.98837654"><ele>55.000</ele><time>2026-08-20T16:35:42Z</time><speed>0.990</speed><sat>22</sat></trkpt>
  <trkpt lat="-33.99471833" lon="-139.98838246"><ele>55.800</ele><time>2026-08-20T16:35:43Z</time><speed>0.839</speed><sat>22</sat></trkpt>
  <trkpt lat="-33.99471667" lon="-139.98838837"><ele>55.900</ele><time>2026-08-20T16:35:44Z</time><speed>0.721</speed><sat>23</sat></trkpt>
  <trkpt lat="-33.99470833" lon="-139.98839547"><ele>55.700</ele><time>2026-08-20T16:35:45Z</time><speed>0.000</speed><sat>23</sat></trkpt>
  <trkpt lat="-33.99470833" lon="-139.98840611"><ele>56.200</ele><time>2026-08-20T16:35:46Z</time><speed>0.575</speed><sat>22</sat></trkpt>
  <trkpt lat="-33.99470833" lon="-139.98841912"><ele>57.000</ele><time>2026-08-20T16:35:47Z</time><speed>0.451</speed><sat>21</sat></trkpt>
  <trkpt lat="-33.99471167" lon="-139.98842504"><ele>57.200</ele><time>2026-08-20T16:35:48Z</time><speed>0.000</speed><sat>23</sat></trkpt>
  <trkpt lat="-33.99471000" lon="-139.98842622"><ele>57.100</ele><time>2026-08-20T16:35:49Z</time><speed>0.000</speed><sat>22</sat></trkpt>
  <trkpt lat="-33.99471167" lon="-139.98843569"><ele>57.300</ele><time>2026-08-20T16:35:50Z</time><speed>0.000</speed><sat>24</sat></trkpt>
  <trkpt lat="-33.99471833" lon="-139.98844751"><ele>57.700</ele><time>2026-08-20T16:35:51Z</time><speed>0.000</speed><sat>24</sat></trkpt>
  <trkpt lat="-33.99471833" lon="-139.98845816"><ele>58.000</ele><time>2026-08-20T16:35:52Z</time><speed>0.000</speed><sat>24</sat></trkpt>
  <trkpt lat="-33.99471833" lon="-139.98846762"><ele>58.200</ele><time>2026-08-20T16:35:53Z</time><speed>0.431</speed><sat>25</sat></trkpt>
  <trkpt lat="-33.99472167" lon="-139.98847827"><ele>58.500</ele><time>2026-08-20T16:35:54Z</time><speed>0.511</speed><sat>24</sat></trkpt>
  <trkpt lat="-33.99472167" lon="-139.98849246"><ele>58.900</ele><time>2026-08-20T16:35:55Z</time><speed>0.554</speed><sat>24</sat></trkpt>
  <trkpt lat="-33.99471833" lon="-139.98850666"><ele>59.200</ele><time>2026-08-20T16:35:56Z</time><speed>0.000</speed><sat>21</sat></trkpt>
  <trkpt lat="-33.99471333" lon="-139.98851612"><ele>59.600</ele><time>2026-08-20T16:35:57Z</time><speed>0.633</speed><sat>21</sat></trkpt>
  <trkpt lat="-33.99470833" lon="-139.98852440"><ele>59.700</ele><time>2026-08-20T16:35:58Z</time><speed>0.655</speed><sat>24</sat></trkpt>
  <trkpt lat="-33.99470833" lon="-139.98853386"><ele>59.200</ele><time>2026-08-20T16:35:59Z</time><speed>0.631</speed><sat>24</sat></trkpt>
  <trkpt lat="-33.99471000" lon="-139.98853977"><ele>58.600</ele><time>2026-08-20T16:36:00Z</time><speed>0.617</speed><sat>24</sat></trkpt>
  <trkpt lat="-33.99471000" lon="-139.98854450"><ele>58.300</ele><time>2026-08-20T16:36:01Z</time><speed>0.000</speed><sat>24</sat></trkpt>
  <trkpt lat="-33.99471000" lon="-139.98855515"><ele>58.300</ele><time>2026-08-20T16:36:02Z</time><speed>0.501</speed><sat>23</sat></trkpt>
  <trkpt lat="-33.99471167" lon="-139.98856816"><ele>58.100</ele><time>2026-08-20T16:36:03Z</time><speed>0.463</speed><sat>24</sat></trkpt>
  <trkpt lat="-33.99471333" lon="-139.98858472"><ele>58.100</ele><time>2026-08-20T16:36:04Z</time><speed>0.000</speed><sat>24</sat></trkpt>
  <trkpt lat="-33.99471500" lon="-139.98859891"><ele>57.900</ele><time>2026-08-20T16:36:05Z</time><speed>0.000</speed><sat>24</sat></trkpt>
  <trkpt lat="-33.99471333" lon="-139.98861192"><ele>57.500</ele><time>2026-08-20T16:36:06Z</time><speed>0.000</speed><sat>24</sat></trkpt>
  <trkpt lat="-33.99471333" lon="-139.98861192"><ele>57.500</ele><time>2026-08-20T16:36:07Z</time><speed>0.000</speed><sat>24</sat></trkpt>
  <trkpt lat="-33.99471333" lon="-139.98861192"><ele>57.500</ele><time>2026-08-20T16:36:08Z</time><speed>0.000</speed><sat>24</sat></trkpt>
  <trkpt lat="-33.99471333" lon="-139.98861192"><ele>57.500</ele><time>2026-08-20T16:36:09Z</time><speed>0.000</speed><sat>24</sat></trkpt>
  <trkpt lat="-33.99471333" lon="-139.98861192"><ele>57.500</ele><time>2026-08-20T16:36:10Z</time><speed>0.000</speed><sat>24</sat></trkpt>
  <trkpt lat="-33.99471333" lon="-139.98861192"><ele>57.500</ele><time>2026-08-20T16:36:11Z</time><speed>0.000</speed><sat>24</sat></trkpt>
  <trkpt lat="-33.99470333" lon="-139.98867461"><ele>56.600</ele><time>2026-08-20T16:36:12Z</time><speed>0.000</speed><sat>24</sat></trkpt>
  <trkpt lat="-33.99470000" lon="-139.98868289"><ele>56.500</ele><time>2026-08-20T16:36:13Z</time><speed>0.000</speed><sat>23</sat></trkpt>
  <trkpt lat="-33.99470000" lon="-139.98869590"><ele>56.100</ele><time>2026-08-20T16:36:14Z</time><speed>0.000</speed><sat>23</sat></trkpt>
  <trkpt lat="-33.99470000" lon="-139.98870654"><ele>55.600</ele><time>2026-08-20T16:36:15Z</time><speed>0.000</speed><sat>23</sat></trkpt>
  <trkpt lat="-33.99470000" lon="-139.98870654"><ele>55.600</ele><time>2026-08-20T16:36:16Z</time><speed>0.000</speed><sat>24</sat></trkpt>
  <trkpt lat="-33.99470000" lon="-139.98872666"><ele>54.600</ele><time>2026-08-20T16:36:17Z</time><speed>0.395</speed><sat>23</sat></trkpt>
  <trkpt lat="-33.99469833" lon="-139.98873612"><ele>54.300</ele><time>2026-08-20T16:36:18Z</time><speed>0.431</speed><sat>23</sat></trkpt>
  <trkpt lat="-33.99469500" lon="-139.98874676"><ele>53.900</ele><time>2026-08-20T16:36:19Z</time><speed>0.474</speed><sat>25</sat></trkpt>
  <trkpt lat="-33.99469333" lon="-139.98876687"><ele>53.400</ele><time>2026-08-20T16:36:20Z</time><speed>0.535</speed><sat>25</sat></trkpt>
  <trkpt lat="-33.99470167" lon="-139.98877988"><ele>53.200</ele><time>2026-08-20T16:36:21Z</time><speed>0.555</speed><sat>24</sat></trkpt>
  <trkpt lat="-33.99470667" lon="-139.98878698"><ele>53.100</ele><time>2026-08-20T16:36:22Z</time><speed>0.000</speed><sat>25</sat></trkpt>
  <trkpt lat="-33.99471500" lon="-139.98879171"><ele>53.100</ele><time>2026-08-20T16:36:23Z</time><speed>0.000</speed><sat>24</sat></trkpt>
  <trkpt lat="-33.99472167" lon="-139.98879763"><ele>53.000</ele><time>2026-08-20T16:36:24Z</time><speed>0.647</speed><sat>25</sat></trkpt>
  <trkpt lat="-33.99472833" lon="-139.98880472"><ele>52.600</ele><time>2026-08-20T16:36:25Z</time><speed>0.677</speed><sat>25</sat></trkpt>
  <trkpt lat="-33.99472833" lon="-139.98881182"><ele>52.600</ele><time>2026-08-20T16:36:26Z</time><speed>0.690</speed><sat>25</sat></trkpt>
  <trkpt lat="-33.99473500" lon="-139.98881773"><ele>52.900</ele><time>2026-08-20T16:36:27Z</time><speed>0.686</speed><sat>25</sat></trkpt>
  <trkpt lat="-33.99473833" lon="-139.98882364"><ele>52.900</ele><time>2026-08-20T16:36:28Z</time><speed>0.657</speed><sat>25</sat></trkpt>
  <trkpt lat="-33.99474000" lon="-139.98883429"><ele>52.600</ele><time>2026-08-20T16:36:29Z</time><speed>0.617</speed><sat>24</sat></trkpt>
  <trkpt lat="-33.99473833" lon="-139.98884138"><ele>52.500</ele><time>2026-08-20T16:36:30Z</time><speed>0.541</speed><sat>25</sat></trkpt>
  <trkpt lat="-33.99473833" lon="-139.98884967"><ele>52.400</ele><time>2026-08-20T16:36:31Z</time><speed>0.495</speed><sat>25</sat></trkpt>
  <trkpt lat="-33.99473667" lon="-139.98886386"><ele>52.200</ele><time>2026-08-20T16:36:32Z</time><speed>0.541</speed><sat>25</sat></trkpt>
  <trkpt lat="-33.99473667" lon="-139.98887805"><ele>52.300</ele><time>2026-08-20T16:36:33Z</time><speed>0.558</speed><sat>25</sat></trkpt>
  <trkpt lat="-33.99473833" lon="-139.98889580"><ele>52.500</ele><time>2026-08-20T16:36:34Z</time><speed>0.562</speed><sat>26</sat></trkpt>
  <trkpt lat="-33.99473833" lon="-139.98891235"><ele>52.700</ele><time>2026-08-20T16:36:35Z</time><speed>0.576</speed><sat>26</sat></trkpt>
  <trkpt lat="-33.99474500" lon="-139.98893364"><ele>53.100</ele><time>2026-08-20T16:36:36Z</time><speed>0.640</speed><sat>25</sat></trkpt>
  <trkpt lat="-33.99475167" lon="-139.98895493"><ele>53.400</ele><time>2026-08-20T16:36:37Z</time><speed>0.714</speed><sat>25</sat></trkpt>
  <trkpt lat="-33.99475167" lon="-139.98897505"><ele>53.500</ele><time>2026-08-20T16:36:38Z</time><speed>0.807</speed><sat>25</sat></trkpt>
  <trkpt lat="-33.99475500" lon="-139.98899397"><ele>53.800</ele><time>2026-08-20T16:36:39Z</time><speed>0.907</speed><sat>25</sat></trkpt>
  <trkpt lat="-33.99475333" lon="-139.98901289"><ele>54.100</ele><time>2026-08-20T16:36:40Z</time><speed>1.024</speed><sat>25</sat></trkpt>
  <trkpt lat="-33.99475167" lon="-139.98903419"><ele>54.300</ele><time>2026-08-20T16:36:41Z</time><speed>1.144</speed><sat>25</sat></trkpt>
  <trkpt lat="-33.99474500" lon="-139.98906257"><ele>53.600</ele><time>2026-08-20T16:36:42Z</time><speed>1.203</speed><sat>24</sat></trkpt>
  <trkpt lat="-33.99474000" lon="-139.98907440"><ele>53.700</ele><time>2026-08-20T16:36:43Z</time><speed>1.230</speed><sat>24</sat></trkpt>
  <trkpt lat="-33.99473833" lon="-139.98907795"><ele>53.600</ele><time>2026-08-20T16:36:44Z</time><speed>1.235</speed><sat>24</sat></trkpt>
  <trkpt lat="-33.99473833" lon="-139.98908031"><ele>53.700</ele><time>2026-08-20T16:36:45Z</time><speed>1.194</speed><sat>24</sat></trkpt>
  <trkpt lat="-33.99473667" lon="-139.98908860"><ele>53.500</ele><time>2026-08-20T16:36:46Z</time><speed>1.119</speed><sat>24</sat></trkpt>
  <trkpt lat="-33.99473500" lon="-139.98909569"><ele>53.600</ele><time>2026-08-20T16:36:47Z</time><speed>1.065</speed><sat>25</sat></trkpt>
  <trkpt lat="-33.99473167" lon="-139.98910634"><ele>53.600</ele><time>2026-08-20T16:36:48Z</time><speed>1.002</speed><sat>25</sat></trkpt>
  <trkpt lat="-33.99473000" lon="-139.98911698"><ele>53.600</ele><time>2026-08-20T16:36:49Z</time><speed>0.938</speed><sat>25</sat></trkpt>
  <trkpt lat="-33.99472833" lon="-139.98913118"><ele>53.800</ele><time>2026-08-20T16:36:50Z</time><speed>0.873</speed><sat>25</sat></trkpt>
  <trkpt lat="-33.99473000" lon="-139.98914655"><ele>53.900</ele><time>2026-08-20T16:36:51Z</time><speed>0.809</speed><sat>26</sat></trkpt>
  <trkpt lat="-33.99473167" lon="-139.98915957"><ele>54.000</ele><time>2026-08-20T16:36:52Z</time><speed>0.000</speed><sat>25</sat></trkpt>
  <trkpt lat="-33.99473500" lon="-139.98917376"><ele>53.800</ele><time>2026-08-20T16:36:53Z</time><speed>0.654</speed><sat>25</sat></trkpt>
  <trkpt lat="-33.99473333" lon="-139.98918795"><ele>53.800</ele><time>2026-08-20T16:36:54Z</time><speed>0.631</speed><sat>25</sat></trkpt>
  <trkpt lat="-33.99473000" lon="-139.98920806"><ele>53.900</ele><time>2026-08-20T16:36:55Z</time><speed>0.661</speed><sat>25</sat></trkpt>
  <trkpt lat="-33.99473000" lon="-139.98921989"><ele>54.100</ele><time>2026-08-20T16:36:56Z</time><speed>0.692</speed><sat>26</sat></trkpt>
  <trkpt lat="-33.99472667" lon="-139.98923171"><ele>54.300</ele><time>2026-08-20T16:36:57Z</time><speed>0.708</speed><sat>26</sat></trkpt>
  <trkpt lat="-33.99472333" lon="-139.98924118"><ele>54.200</ele><time>2026-08-20T16:36:58Z</time><speed>0.726</speed><sat>26</sat></trkpt>
  <trkpt lat="-33.99472333" lon="-139.98925064"><ele>54.300</ele><time>2026-08-20T16:36:59Z</time><speed>0.000</speed><sat>26</sat></trkpt>
  <trkpt lat="-33.99472000" lon="-139.98925537"><ele>54.000</ele><time>2026-08-20T16:37:00Z</time><speed>0.000</speed><sat>26</sat></trkpt>
  <trkpt lat="-33.99472000" lon="-139.98925892"><ele>53.900</ele><time>2026-08-20T16:37:01Z</time><speed>0.698</speed><sat>26</sat></trkpt>
  <trkpt lat="-33.99472167" lon="-139.98926247"><ele>53.700</ele><time>2026-08-20T16:37:02Z</time><speed>0.000</speed><sat>26</sat></trkpt>
  <trkpt lat="-33.99471833" lon="-139.98926720"><ele>53.400</ele><time>2026-08-20T16:37:03Z</time><speed>0.660</speed><sat>25</sat></trkpt>
  <trkpt lat="-33.99471833" lon="-139.98927429"><ele>53.200</ele><time>2026-08-20T16:37:04Z</time><speed>0.645</speed><sat>26</sat></trkpt>
  <trkpt lat="-33.99471667" lon="-139.98928021"><ele>53.000</ele><time>2026-08-20T16:37:05Z</time><speed>0.626</speed><sat>26</sat></trkpt>
  <trkpt lat="-33.99471667" lon="-139.98929203"><ele>53.000</ele><time>2026-08-20T16:37:06Z</time><speed>0.602</speed><sat>25</sat></trkpt>
  <trkpt lat="-33.99472000" lon="-139.98930505"><ele>53.100</ele><time>2026-08-20T16:37:07Z</time><speed>0.000</speed><sat>25</sat></trkpt>
  <trkpt lat="-33.99472000" lon="-139.98931924"><ele>53.300</ele><time>2026-08-20T16:37:08Z</time><speed>0.000</speed><sat>25</sat></trkpt>
  <trkpt lat="-33.99472333" lon="-139.98933580"><ele>53.400</ele><time>2026-08-20T16:37:09Z</time><speed>0.000</speed><sat>25</sat></trkpt>
  <trkpt lat="-33.99472000" lon="-139.98935591"><ele>53.300</ele><time>2026-08-20T16:37:10Z</time><speed>0.000</speed><sat>25</sat></trkpt>
  <trkpt lat="-33.99471833" lon="-139.98937602"><ele>53.300</ele><time>2026-08-20T16:37:11Z</time><speed>0.640</speed><sat>25</sat></trkpt>
  <trkpt lat="-33.99472000" lon="-139.98939612"><ele>53.400</ele><time>2026-08-20T16:37:12Z</time><speed>0.673</speed><sat>25</sat></trkpt>
  <trkpt lat="-33.99472000" lon="-139.98941268"><ele>53.700</ele><time>2026-08-20T16:37:13Z</time><speed>0.720</speed><sat>24</sat></trkpt>
  <trkpt lat="-33.99471667" lon="-139.98942451"><ele>53.800</ele><time>2026-08-20T16:37:14Z</time><speed>0.000</speed><sat>23</sat></trkpt>
  <trkpt lat="-33.99471167" lon="-139.98943634"><ele>53.700</ele><time>2026-08-20T16:37:15Z</time><speed>0.793</speed><sat>24</sat></trkpt>
  <trkpt lat="-33.99470833" lon="-139.98944462"><ele>53.700</ele><time>2026-08-20T16:37:16Z</time><speed>0.000</speed><sat>25</sat></trkpt>
  <trkpt lat="-33.99470500" lon="-139.98945526"><ele>53.800</ele><time>2026-08-20T16:37:17Z</time><speed>0.000</speed><sat>25</sat></trkpt>
  <trkpt lat="-33.99470667" lon="-139.98946709"><ele>53.700</ele><time>2026-08-20T16:37:18Z</time><speed>0.000</speed><sat>24</sat></trkpt>
  <trkpt lat="-33.99471000" lon="-139.98948129"><ele>53.600</ele><time>2026-08-20T16:37:19Z</time><speed>0.809</speed><sat>23</sat></trkpt>
  <trkpt lat="-33.99471333" lon="-139.98949548"><ele>53.500</ele><time>2026-08-20T16:37:20Z</time><speed>0.000</speed><sat>24</sat></trkpt>
  <trkpt lat="-33.99471667" lon="-139.98950731"><ele>53.500</ele><time>2026-08-20T16:37:21Z</time><speed>0.756</speed><sat>25</sat></trkpt>
  <trkpt lat="-33.99471833" lon="-139.98952505"><ele>53.100</ele><time>2026-08-20T16:37:22Z</time><speed>0.739</speed><sat>25</sat></trkpt>
  <trkpt lat="-33.99472000" lon="-139.98953925"><ele>53.100</ele><time>2026-08-20T16:37:23Z</time><speed>0.730</speed><sat>25</sat></trkpt>
  <trkpt lat="-33.99472167" lon="-139.98955225"><ele>53.100</ele><time>2026-08-20T16:37:24Z</time><speed>0.000</speed><sat>24</sat></trkpt>
  <trkpt lat="-33.99472167" lon="-139.98956526"><ele>53.200</ele><time>2026-08-20T16:37:25Z</time><speed>0.721</speed><sat>25</sat></trkpt>
  <trkpt lat="-33.99472333" lon="-139.98958183"><ele>53.400</ele><time>2026-08-20T16:37:26Z</time><speed>0.764</speed><sat>24</sat></trkpt>
  <trkpt lat="-33.99472500" lon="-139.98959838"><ele>53.500</ele><time>2026-08-20T16:37:27Z</time><speed>0.809</speed><sat>24</sat></trkpt>
  <trkpt lat="-33.99472833" lon="-139.98961494"><ele>53.700</ele><time>2026-08-20T16:37:28Z</time><speed>0.836</speed><sat>25</sat></trkpt>
  <trkpt lat="-33.99473333" lon="-139.98963268"><ele>53.900</ele><time>2026-08-20T16:37:29Z</time><speed>0.884</speed><sat>25</sat></trkpt>
  <trkpt lat="-33.99473333" lon="-139.98964925"><ele>54.000</ele><time>2026-08-20T16:37:30Z</time><speed>0.935</speed><sat>25</sat></trkpt>
  <trkpt lat="-33.99473667" lon="-139.98966462"><ele>54.300</ele><time>2026-08-20T16:37:31Z</time><speed>0.987</speed><sat>25</sat></trkpt>
  <trkpt lat="-33.99474000" lon="-139.98968000"><ele>54.600</ele><time>2026-08-20T16:37:32Z</time><speed>0.000</speed><sat>24</sat></trkpt>
  <trkpt lat="-33.99474333" lon="-139.98969419"><ele>55.000</ele><time>2026-08-20T16:37:33Z</time><speed>1.080</speed><sat>23</sat></trkpt>
  <trkpt lat="-33.99474333" lon="-139.98970957"><ele>55.300</ele><time>2026-08-20T16:37:34Z</time><speed>1.110</speed><sat>24</sat></trkpt>
  <trkpt lat="-33.99474500" lon="-139.98972376"><ele>55.600</ele><time>2026-08-20T16:37:35Z</time><speed>1.144</speed><sat>24</sat></trkpt>
  <trkpt lat="-33.99474167" lon="-139.98973559"><ele>56.000</ele><time>2026-08-20T16:37:36Z</time><speed>1.117</speed><sat>24</sat></trkpt>
  <trkpt lat="-33.99473833" lon="-139.98973914"><ele>56.200</ele><time>2026-08-20T16:37:37Z</time><speed>0.000</speed><sat>23</sat></trkpt>
  <trkpt lat="-33.99473667" lon="-139.98973796"><ele>56.500</ele><time>2026-08-20T16:37:38Z</time><speed>0.000</speed><sat>23</sat></trkpt>
  <trkpt lat="-33.99473667" lon="-139.98973914"><ele>56.600</ele><time>2026-08-20T16:37:39Z</time><speed>0.000</speed><sat>22</sat></trkpt>
  <trkpt lat="-33.99473667" lon="-139.98974387"><ele>56.600</ele><time>2026-08-20T16:37:40Z</time><speed>0.760</speed><sat>23</sat></trkpt>
  <trkpt lat="-33.99473500" lon="-139.98974860"><ele>56.600</ele><time>2026-08-20T16:37:41Z</time><speed>0.000</speed><sat>22</sat></trkpt>
  <trkpt lat="-33.99473500" lon="-139.98975452"><ele>56.600</ele><time>2026-08-20T16:37:42Z</time><speed>0.000</speed><sat>22</sat></trkpt>
  <trkpt lat="-33.99473500" lon="-139.98976161"><ele>56.600</ele><time>2026-08-20T16:37:43Z</time><speed>0.462</speed><sat>21</sat></trkpt>
  <trkpt lat="-33.99473167" lon="-139.98976635"><ele>56.500</ele><time>2026-08-20T16:37:44Z</time><speed>0.000</speed><sat>21</sat></trkpt>
  <trkpt lat="-33.99472333" lon="-139.98976043"><ele>56.300</ele><time>2026-08-20T16:37:45Z</time><speed>0.000</speed><sat>21</sat></trkpt>
  <trkpt lat="-33.99471667" lon="-139.98975925"><ele>56.000</ele><time>2026-08-20T16:37:46Z</time><speed>0.345</speed><sat>20</sat></trkpt>
  <trkpt lat="-33.99471500" lon="-139.98976516"><ele>55.700</ele><time>2026-08-20T16:37:47Z</time><speed>0.000</speed><sat>20</sat></trkpt>
  <trkpt lat="-33.99471833" lon="-139.98977817"><ele>55.600</ele><time>2026-08-20T16:37:48Z</time><speed>0.000</speed><sat>18</sat></trkpt>
  <trkpt lat="-33.99472167" lon="-139.98979355"><ele>55.500</ele><time>2026-08-20T16:37:49Z</time><speed>0.452</speed><sat>19</sat></trkpt>
  <trkpt lat="-33.99472000" lon="-139.98980301"><ele>55.200</ele><time>2026-08-20T16:37:50Z</time><speed>0.459</speed><sat>20</sat></trkpt>
  <trkpt lat="-33.99472000" lon="-139.98980893"><ele>54.900</ele><time>2026-08-20T16:37:51Z</time><speed>0.000</speed><sat>20</sat></trkpt>
  <trkpt lat="-33.99471667" lon="-139.98981010"><ele>54.500</ele><time>2026-08-20T16:37:52Z</time><speed>0.000</speed><sat>20</sat></trkpt>
  <trkpt lat="-33.99471500" lon="-139.98980774"><ele>53.900</ele><time>2026-08-20T16:37:53Z</time><speed>0.503</speed><sat>19</sat></trkpt>
  <trkpt lat="-33.99471833" lon="-139.98981010"><ele>53.100</ele><time>2026-08-20T16:37:54Z</time><speed>0.563</speed><sat>21</sat></trkpt>
  <trkpt lat="-33.99472667" lon="-139.98981720"><ele>52.200</ele><time>2026-08-20T16:37:55Z</time><speed>0.488</speed><sat>21</sat></trkpt>
  <trkpt lat="-33.99472667" lon="-139.98982667"><ele>51.400</ele><time>2026-08-20T16:37:56Z</time><speed>0.488</speed><sat>21</sat></trkpt>
  <trkpt lat="-33.99472833" lon="-139.98983968"><ele>50.800</ele><time>2026-08-20T16:37:57Z</time><speed>0.599</speed><sat>20</sat></trkpt>
  <trkpt lat="-33.99473167" lon="-139.98985151"><ele>50.100</ele><time>2026-08-20T16:37:58Z</time><speed>0.593</speed><sat>21</sat></trkpt>
  <trkpt lat="-33.99473333" lon="-139.98985978"><ele>49.800</ele><time>2026-08-20T16:37:59Z</time><speed>0.619</speed><sat>20</sat></trkpt>
  <trkpt lat="-33.99473833" lon="-139.98987516"><ele>49.200</ele><time>2026-08-20T16:38:00Z</time><speed>0.719</speed><sat>23</sat></trkpt>
  <trkpt lat="-33.99474500" lon="-139.98988699"><ele>48.900</ele><time>2026-08-20T16:38:01Z</time><speed>0.813</speed><sat>21</sat></trkpt>
  <trkpt lat="-33.99475167" lon="-139.98989882"><ele>48.300</ele><time>2026-08-20T16:38:02Z</time><speed>0.888</speed><sat>24</sat></trkpt>
  <trkpt lat="-33.99476333" lon="-139.98991183"><ele>47.900</ele><time>2026-08-20T16:38:03Z</time><speed>0.950</speed><sat>24</sat></trkpt>
  <trkpt lat="-33.99477333" lon="-139.98991893"><ele>47.500</ele><time>2026-08-20T16:38:04Z</time><speed>0.000</speed><sat>23</sat></trkpt>
  <trkpt lat="-33.99477833" lon="-139.98992720"><ele>47.300</ele><time>2026-08-20T16:38:05Z</time><speed>1.030</speed><sat>24</sat></trkpt>
  <trkpt lat="-33.99478500" lon="-139.98993430"><ele>47.200</ele><time>2026-08-20T16:38:06Z</time><speed>1.029</speed><sat>23</sat></trkpt>
  <trkpt lat="-33.99479500" lon="-139.98994494"><ele>47.100</ele><time>2026-08-20T16:38:07Z</time><speed>1.023</speed><sat>24</sat></trkpt>
  <trkpt lat="-33.99479500" lon="-139.98995559"><ele>47.200</ele><time>2026-08-20T16:38:08Z</time><speed>0.988</speed><sat>22</sat></trkpt>
  <trkpt lat="-33.99479833" lon="-139.98997452"><ele>48.200</ele><time>2026-08-20T16:38:09Z</time><speed>0.951</speed><sat>21</sat></trkpt>
  <trkpt lat="-33.99480333" lon="-139.98998043"><ele>49.100</ele><time>2026-08-20T16:38:10Z</time><speed>0.915</speed><sat>22</sat></trkpt>
  <trkpt lat="-33.99481000" lon="-139.98998753"><ele>50.200</ele><time>2026-08-20T16:38:11Z</time><speed>0.000</speed><sat>23</sat></trkpt>
  <trkpt lat="-33.99481500" lon="-139.99000054"><ele>51.300</ele><time>2026-08-20T16:38:12Z</time><speed>0.939</speed><sat>22</sat></trkpt>
  <trkpt lat="-33.99482500" lon="-139.99001119"><ele>51.900</ele><time>2026-08-20T16:38:13Z</time><speed>0.000</speed><sat>20</sat></trkpt>
  <trkpt lat="-33.99483500" lon="-139.99002893"><ele>53.500</ele><time>2026-08-20T16:38:14Z</time><speed>1.098</speed><sat>21</sat></trkpt>
  <trkpt lat="-33.99483667" lon="-139.99004430"><ele>54.100</ele><time>2026-08-20T16:38:15Z</time><speed>1.157</speed><sat>21</sat></trkpt>
  <trkpt lat="-33.99484167" lon="-139.99005613"><ele>54.900</ele><time>2026-08-20T16:38:16Z</time><speed>1.229</speed><sat>21</sat></trkpt>
  <trkpt lat="-33.99484500" lon="-139.99007387"><ele>56.000</ele><time>2026-08-20T16:38:17Z</time><speed>1.255</speed><sat>21</sat></trkpt>
  <trkpt lat="-33.99485167" lon="-139.99008570"><ele>57.200</ele><time>2026-08-20T16:38:18Z</time><speed>1.317</speed><sat>20</sat></trkpt>
  <trkpt lat="-33.99485167" lon="-139.99010226"><ele>58.300</ele><time>2026-08-20T16:38:19Z</time><speed>1.443</speed><sat>21</sat></trkpt>
  <trkpt lat="-33.99485167" lon="-139.99012355"><ele>59.200</ele><time>2026-08-20T16:38:20Z</time><speed>1.520</speed><sat>21</sat></trkpt>
  <trkpt lat="-33.99485167" lon="-139.99013538"><ele>60.000</ele><time>2026-08-20T16:38:21Z</time><speed>1.589</speed><sat>20</sat></trkpt>
  <trkpt lat="-33.99485333" lon="-139.99014011"><ele>60.600</ele><time>2026-08-20T16:38:22Z</time><speed>1.559</speed><sat>19</sat></trkpt>
  <trkpt lat="-33.99485500" lon="-139.99014484"><ele>60.600</ele><time>2026-08-20T16:38:23Z</time><speed>1.469</speed><sat>21</sat></trkpt>
  <trkpt lat="-33.99485833" lon="-139.99015075"><ele>61.000</ele><time>2026-08-20T16:38:24Z</time><speed>1.360</speed><sat>21</sat></trkpt>
  <trkpt lat="-33.99485667" lon="-139.99015312"><ele>61.000</ele><time>2026-08-20T16:38:25Z</time><speed>1.284</speed><sat>20</sat></trkpt>
  <trkpt lat="-33.99485000" lon="-139.99015549"><ele>60.900</ele><time>2026-08-20T16:38:26Z</time><speed>0.000</speed><sat>21</sat></trkpt>
  <trkpt lat="-33.99484167" lon="-139.99015194"><ele>60.700</ele><time>2026-08-20T16:38:27Z</time><speed>0.000</speed><sat>22</sat></trkpt>
  <trkpt lat="-33.99482833" lon="-139.99014484"><ele>60.200</ele><time>2026-08-20T16:38:28Z</time><speed>1.120</speed><sat>21</sat></trkpt>
  <trkpt lat="-33.99480000" lon="-139.99014366"><ele>58.900</ele><time>2026-08-20T16:38:29Z</time><speed>1.083</speed><sat>22</sat></trkpt>
  <trkpt lat="-33.99477667" lon="-139.99013065"><ele>56.700</ele><time>2026-08-20T16:38:30Z</time><speed>1.022</speed><sat>21</sat></trkpt>
  <trkpt lat="-33.99476500" lon="-139.99012237"><ele>54.500</ele><time>2026-08-20T16:38:31Z</time><speed>0.926</speed><sat>21</sat></trkpt>
  <trkpt lat="-33.99475833" lon="-139.99011054"><ele>52.800</ele><time>2026-08-20T16:38:32Z</time><speed>0.879</speed><sat>21</sat></trkpt>
  <trkpt lat="-33.99475000" lon="-139.99011172"><ele>51.400</ele><time>2026-08-20T16:38:33Z</time><speed>0.871</speed><sat>21</sat></trkpt>
  <trkpt lat="-33.99474000" lon="-139.99011527"><ele>50.200</ele><time>2026-08-20T16:38:34Z</time><speed>0.000</speed><sat>20</sat></trkpt>
  <trkpt lat="-33.99473500" lon="-139.99012000"><ele>49.100</ele><time>2026-08-20T16:38:35Z</time><speed>0.823</speed><sat>21</sat></trkpt>
  <trkpt lat="-33.99473500" lon="-139.99013065"><ele>48.500</ele><time>2026-08-20T16:38:36Z</time><speed>0.788</speed><sat>20</sat></trkpt>
  <trkpt lat="-33.99473667" lon="-139.99013538"><ele>47.400</ele><time>2026-08-20T16:38:37Z</time><speed>0.754</speed><sat>21</sat></trkpt>
  <trkpt lat="-33.99474000" lon="-139.99014366"><ele>46.800</ele><time>2026-08-20T16:38:38Z</time><speed>0.000</speed><sat>19</sat></trkpt>
  <trkpt lat="-33.99473833" lon="-139.99015075"><ele>46.200</ele><time>2026-08-20T16:38:39Z</time><speed>0.000</speed><sat>20</sat></trkpt>
  <trkpt lat="-33.99473167" lon="-139.99017559"><ele>46.000</ele><time>2026-08-20T16:38:40Z</time><speed>0.000</speed><sat>20</sat></trkpt>
  <trkpt lat="-33.99474167" lon="-139.99019807"><ele>46.200</ele><time>2026-08-20T16:38:41Z</time><speed>0.000</speed><sat>20</sat></trkpt>
  <trkpt lat="-33.99474833" lon="-139.99021345"><ele>46.200</ele><time>2026-08-20T16:38:42Z</time><speed>0.000</speed><sat>20</sat></trkpt>
  <trkpt lat="-33.99475167" lon="-139.99022291"><ele>46.100</ele><time>2026-08-20T16:38:43Z</time><speed>0.000</speed><sat>22</sat></trkpt>
  <trkpt lat="-33.99475167" lon="-139.99022882"><ele>46.800</ele><time>2026-08-20T16:38:44Z</time><speed>0.000</speed><sat>21</sat></trkpt>
  <trkpt lat="-33.99475667" lon="-139.99023710"><ele>47.200</ele><time>2026-08-20T16:38:45Z</time><speed>0.000</speed><sat>23</sat></trkpt>
  <trkpt lat="-33.99476167" lon="-139.99024065"><ele>47.300</ele><time>2026-08-20T16:38:46Z</time><speed>0.784</speed><sat>23</sat></trkpt>
  <trkpt lat="-33.99476333" lon="-139.99024301"><ele>47.000</ele><time>2026-08-20T16:38:47Z</time><speed>0.795</speed><sat>23</sat></trkpt>
  <trkpt lat="-33.99476333" lon="-139.99024538"><ele>47.100</ele><time>2026-08-20T16:38:48Z</time><speed>0.785</speed><sat>23</sat></trkpt>
  <trkpt lat="-33.99476333" lon="-139.99025011"><ele>47.100</ele><time>2026-08-20T16:38:49Z</time><speed>0.000</speed><sat>23</sat></trkpt>
  <trkpt lat="-33.99477667" lon="-139.99026194"><ele>47.600</ele><time>2026-08-20T16:38:50Z</time><speed>0.586</speed><sat>22</sat></trkpt>
  <trkpt lat="-33.99477667" lon="-139.99026667"><ele>47.400</ele><time>2026-08-20T16:38:51Z</time><speed>0.526</speed><sat>23</sat></trkpt>
  <trkpt lat="-33.99477333" lon="-139.99027377"><ele>47.300</ele><time>2026-08-20T16:38:52Z</time><speed>0.521</speed><sat>24</sat></trkpt>
  <trkpt lat="-33.99477000" lon="-139.99027968"><ele>47.600</ele><time>2026-08-20T16:38:53Z</time><speed>0.000</speed><sat>24</sat></trkpt>
  <trkpt lat="-33.99476167" lon="-139.99028442"><ele>48.100</ele><time>2026-08-20T16:38:54Z</time><speed>0.522</speed><sat>24</sat></trkpt>
  <trkpt lat="-33.99476667" lon="-139.99029742"><ele>48.600</ele><time>2026-08-20T16:38:55Z</time><speed>0.527</speed><sat>23</sat></trkpt>
  <trkpt lat="-33.99476333" lon="-139.99030097"><ele>48.500</ele><time>2026-08-20T16:38:56Z</time><speed>0.000</speed><sat>25</sat></trkpt>
  <trkpt lat="-33.99476833" lon="-139.99031871"><ele>48.800</ele><time>2026-08-20T16:38:57Z</time><speed>0.572</speed><sat>24</sat></trkpt>
  <trkpt lat="-33.99477333" lon="-139.99033764"><ele>49.100</ele><time>2026-08-20T16:38:58Z</time><speed>0.000</speed><sat>24</sat></trkpt>
  <trkpt lat="-33.99477667" lon="-139.99035301"><ele>49.100</ele><time>2026-08-20T16:38:59Z</time><speed>0.000</speed><sat>23</sat></trkpt>
  <trkpt lat="-33.99477167" lon="-139.99036603"><ele>49.200</ele><time>2026-08-20T16:39:00Z</time><speed>0.633</speed><sat>23</sat></trkpt>
  <trkpt lat="-33.99476833" lon="-139.99037667"><ele>49.300</ele><time>2026-08-20T16:39:01Z</time><speed>0.000</speed><sat>23</sat></trkpt>
  <trkpt lat="-33.99476167" lon="-139.99038850"><ele>49.500</ele><time>2026-08-20T16:39:02Z</time><speed>0.000</speed><sat>22</sat></trkpt>
  <trkpt lat="-33.99475833" lon="-139.99039914"><ele>49.500</ele><time>2026-08-20T16:39:03Z</time><speed>0.000</speed><sat>22</sat></trkpt>
  <trkpt lat="-33.99475833" lon="-139.99041216"><ele>49.300</ele><time>2026-08-20T16:39:04Z</time><speed>0.000</speed><sat>24</sat></trkpt>
  <trkpt lat="-33.99475833" lon="-139.99043226"><ele>49.200</ele><time>2026-08-20T16:39:05Z</time><speed>0.000</speed><sat>23</sat></trkpt>
  <trkpt lat="-33.99475333" lon="-139.99044291"><ele>49.200</ele><time>2026-08-20T16:39:06Z</time><speed>0.553</speed><sat>22</sat></trkpt>
  <trkpt lat="-33.99474500" lon="-139.99045119"><ele>49.300</ele><time>2026-08-20T16:39:07Z</time><speed>0.000</speed><sat>23</sat></trkpt>
  <trkpt lat="-33.99473500" lon="-139.99045829"><ele>49.400</ele><time>2026-08-20T16:39:08Z</time><speed>0.000</speed><sat>24</sat></trkpt>
  <trkpt lat="-33.99472500" lon="-139.99047130"><ele>49.100</ele><time>2026-08-20T16:39:09Z</time><speed>0.000</speed><sat>24</sat></trkpt>
  <trkpt lat="-33.99471833" lon="-139.99047485"><ele>49.000</ele><time>2026-08-20T16:39:10Z</time><speed>0.468</speed><sat>24</sat></trkpt>
  <trkpt lat="-33.99471167" lon="-139.99047603"><ele>48.800</ele><time>2026-08-20T16:39:11Z</time><speed>0.000</speed><sat>24</sat></trkpt>
  <trkpt lat="-33.99470167" lon="-139.99047603"><ele>48.900</ele><time>2026-08-20T16:39:12Z</time><speed>0.000</speed><sat>22</sat></trkpt>
  <trkpt lat="-33.99469667" lon="-139.99047839"><ele>49.000</ele><time>2026-08-20T16:39:13Z</time><speed>0.000</speed><sat>23</sat></trkpt>
  <trkpt lat="-33.99469667" lon="-139.99048194"><ele>48.700</ele><time>2026-08-20T16:39:14Z</time><speed>0.000</speed><sat>23</sat></trkpt>
  <trkpt lat="-33.99470333" lon="-139.99048313"><ele>48.500</ele><time>2026-08-20T16:39:15Z</time><speed>0.000</speed><sat>22</sat></trkpt>
  <trkpt lat="-33.99470500" lon="-139.99047721"><ele>48.600</ele><time>2026-08-20T16:39:16Z</time><speed>0.000</speed><sat>21</sat></trkpt>
  <trkpt lat="-33.99471000" lon="-139.99047011"><ele>48.600</ele><time>2026-08-20T16:39:17Z</time><speed>0.000</speed><sat>23</sat></trkpt>
  <trkpt lat="-33.99471500" lon="-139.99045119"><ele>48.400</ele><time>2026-08-20T16:39:18Z</time><speed>0.000</speed><sat>24</sat></trkpt>
  <trkpt lat="-33.99471500" lon="-139.99043463"><ele>48.300</ele><time>2026-08-20T16:39:19Z</time><speed>0.475</speed><sat>23</sat></trkpt>
  <trkpt lat="-33.99472333" lon="-139.99042280"><ele>48.300</ele><time>2026-08-20T16:39:20Z</time><speed>0.000</speed><sat>23</sat></trkpt>
  <trkpt lat="-33.99472833" lon="-139.99041216"><ele>48.100</ele><time>2026-08-20T16:39:21Z</time><speed>0.537</speed><sat>24</sat></trkpt>
  <trkpt lat="-33.99473833" lon="-139.99040269"><ele>48.100</ele><time>2026-08-20T16:39:22Z</time><speed>0.000</speed><sat>24</sat></trkpt>
  <trkpt lat="-33.99474500" lon="-139.99039442"><ele>47.700</ele><time>2026-08-20T16:39:23Z</time><speed>0.630</speed><sat>24</sat></trkpt>
  <trkpt lat="-33.99476167" lon="-139.99038968"><ele>47.800</ele><time>2026-08-20T16:39:24Z</time><speed>0.688</speed><sat>23</sat></trkpt>
  <trkpt lat="-33.99477167" lon="-139.99038495"><ele>48.000</ele><time>2026-08-20T16:39:25Z</time><speed>0.732</speed><sat>24</sat></trkpt>
  <trkpt lat="-33.99478667" lon="-139.99038259"><ele>48.800</ele><time>2026-08-20T16:39:26Z</time><speed>0.771</speed><sat>22</sat></trkpt>
  <trkpt lat="-33.99480333" lon="-139.99038495"><ele>49.600</ele><time>2026-08-20T16:39:27Z</time><speed>0.812</speed><sat>22</sat></trkpt>
  <trkpt lat="-33.99482000" lon="-139.99039087"><ele>50.500</ele><time>2026-08-20T16:39:28Z</time><speed>0.869</speed><sat>23</sat></trkpt>
  <trkpt lat="-33.99483167" lon="-139.99038968"><ele>51.700</ele><time>2026-08-20T16:39:29Z</time><speed>0.892</speed><sat>23</sat></trkpt>
  <trkpt lat="-33.99484000" lon="-139.99038850"><ele>52.700</ele><time>2026-08-20T16:39:30Z</time><speed>0.000</speed><sat>23</sat></trkpt>
  <trkpt lat="-33.99484667" lon="-139.99039796"><ele>53.800</ele><time>2026-08-20T16:39:31Z</time><speed>0.868</speed><sat>23</sat></trkpt>
  <trkpt lat="-33.99485167" lon="-139.99039914"><ele>54.900</ele><time>2026-08-20T16:39:32Z</time><speed>0.000</speed><sat>23</sat></trkpt>
  <trkpt lat="-33.99484833" lon="-139.99039796"><ele>55.600</ele><time>2026-08-20T16:39:33Z</time><speed>0.000</speed><sat>23</sat></trkpt>
  <trkpt lat="-33.99483667" lon="-139.99039914"><ele>56.400</ele><time>2026-08-20T16:39:34Z</time><speed>0.772</speed><sat>23</sat></trkpt>
  <trkpt lat="-33.99482667" lon="-139.99040033"><ele>57.200</ele><time>2026-08-20T16:39:35Z</time><speed>0.799</speed><sat>24</sat></trkpt>
  <trkpt lat="-33.99482500" lon="-139.99040506"><ele>57.500</ele><time>2026-08-20T16:39:36Z</time><speed>0.782</speed><sat>25</sat></trkpt>
  <trkpt lat="-33.99482333" lon="-139.99041452"><ele>57.800</ele><time>2026-08-20T16:39:37Z</time><speed>0.000</speed><sat>24</sat></trkpt>
  <trkpt lat="-33.99482167" lon="-139.99042280"><ele>58.300</ele><time>2026-08-20T16:39:38Z</time><speed>0.000</speed><sat>22</sat></trkpt>
  <trkpt lat="-33.99481167" lon="-139.99044055"><ele>58.800</ele><time>2026-08-20T16:39:39Z</time><speed>0.557</speed><sat>24</sat></trkpt>
  <trkpt lat="-33.99481333" lon="-139.99045947"><ele>58.600</ele><time>2026-08-20T16:39:40Z</time><speed>0.508</speed><sat>23</sat></trkpt>
  <trkpt lat="-33.99481500" lon="-139.99047366"><ele>58.500</ele><time>2026-08-20T16:39:41Z</time><speed>0.000</speed><sat>23</sat></trkpt>
  <trkpt lat="-33.99481500" lon="-139.99048904"><ele>58.700</ele><time>2026-08-20T16:39:42Z</time><speed>0.511</speed><sat>24</sat></trkpt>
  <trkpt lat="-33.99481667" lon="-139.99049732"><ele>58.800</ele><time>2026-08-20T16:39:43Z</time><speed>0.475</speed><sat>25</sat></trkpt>
  <trkpt lat="-33.99481333" lon="-139.99051033"><ele>59.100</ele><time>2026-08-20T16:39:44Z</time><speed>0.433</speed><sat>25</sat></trkpt>
  <trkpt lat="-33.99481833" lon="-139.99051979"><ele>59.200</ele><time>2026-08-20T16:39:45Z</time><speed>0.000</speed><sat>25</sat></trkpt>
  <trkpt lat="-33.99481667" lon="-139.99052926"><ele>59.100</ele><time>2026-08-20T16:39:46Z</time><speed>0.000</speed><sat>25</sat></trkpt>
  <trkpt lat="-33.99481667" lon="-139.99054345"><ele>58.900</ele><time>2026-08-20T16:39:47Z</time><speed>0.000</speed><sat>22</sat></trkpt>
  <trkpt lat="-33.99481667" lon="-139.99054345"><ele>58.900</ele><time>2026-08-20T16:39:48Z</time><speed>0.000</speed><sat>23</sat></trkpt>
  <trkpt lat="-33.99481667" lon="-139.99054345"><ele>58.900</ele><time>2026-08-20T16:39:49Z</time><speed>0.000</speed><sat>24</sat></trkpt>
  <trkpt lat="-33.99480000" lon="-139.99057775"><ele>57.500</ele><time>2026-08-20T16:39:50Z</time><speed>0.414</speed><sat>25</sat></trkpt>
  <trkpt lat="-33.99479500" lon="-139.99058603"><ele>56.600</ele><time>2026-08-20T16:39:51Z</time><speed>0.457</speed><sat>25</sat></trkpt>
  <trkpt lat="-33.99477833" lon="-139.99060259"><ele>56.300</ele><time>2026-08-20T16:39:52Z</time><speed>0.566</speed><sat>24</sat></trkpt>
  <trkpt lat="-33.99476000" lon="-139.99061678"><ele>55.300</ele><time>2026-08-20T16:39:53Z</time><speed>0.744</speed><sat>24</sat></trkpt>
  <trkpt lat="-33.99475667" lon="-139.99062861"><ele>53.500</ele><time>2026-08-20T16:39:54Z</time><speed>0.851</speed><sat>25</sat></trkpt>
  <trkpt lat="-33.99475833" lon="-139.99063452"><ele>51.600</ele><time>2026-08-20T16:39:55Z</time><speed>0.912</speed><sat>23</sat></trkpt>
  <trkpt lat="-33.99475833" lon="-139.99064044"><ele>50.400</ele><time>2026-08-20T16:39:56Z</time><speed>0.000</speed><sat>23</sat></trkpt>
  <trkpt lat="-33.99475833" lon="-139.99064398"><ele>49.300</ele><time>2026-08-20T16:39:57Z</time><speed>0.000</speed><sat>23</sat></trkpt>
  <trkpt lat="-33.99475333" lon="-139.99063926"><ele>47.600</ele><time>2026-08-20T16:39:58Z</time><speed>1.181</speed><sat>23</sat></trkpt>
  <trkpt lat="-33.99474833" lon="-139.99064044"><ele>45.600</ele><time>2026-08-20T16:39:59Z</time><speed>1.249</speed><sat>23</sat></trkpt>
  <trkpt lat="-33.99475333" lon="-139.99063926"><ele>43.100</ele><time>2026-08-20T16:40:00Z</time><speed>1.237</speed><sat>22</sat></trkpt>
  <trkpt lat="-33.99475833" lon="-139.99064044"><ele>41.100</ele><time>2026-08-20T16:40:01Z</time><speed>1.201</speed><sat>23</sat></trkpt>
  <trkpt lat="-33.99476333" lon="-139.99064990"><ele>39.700</ele><time>2026-08-20T16:40:02Z</time><speed>1.081</speed><sat>21</sat></trkpt>
  <trkpt lat="-33.99476500" lon="-139.99065700"><ele>38.500</ele><time>2026-08-20T16:40:03Z</time><speed>0.925</speed><sat>23</sat></trkpt>
  <trkpt lat="-33.99476333" lon="-139.99066527"><ele>37.700</ele><time>2026-08-20T16:40:04Z</time><speed>0.000</speed><sat>24</sat></trkpt>
  <trkpt lat="-33.99476000" lon="-139.99067356"><ele>36.800</ele><time>2026-08-20T16:40:05Z</time><speed>0.764</speed><sat>23</sat></trkpt>
  <trkpt lat="-33.99475167" lon="-139.99068657"><ele>35.700</ele><time>2026-08-20T16:40:06Z</time><speed>0.721</speed><sat>23</sat></trkpt>
  <trkpt lat="-33.99475000" lon="-139.99069840"><ele>34.800</ele><time>2026-08-20T16:40:07Z</time><speed>0.718</speed><sat>25</sat></trkpt>
  <trkpt lat="-33.99475000" lon="-139.99071259"><ele>34.100</ele><time>2026-08-20T16:40:08Z</time><speed>0.649</speed><sat>25</sat></trkpt>
  <trkpt lat="-33.99475333" lon="-139.99073033"><ele>33.600</ele><time>2026-08-20T16:40:09Z</time><speed>0.572</speed><sat>23</sat></trkpt>
  <trkpt lat="-33.99475333" lon="-139.99074216"><ele>32.900</ele><time>2026-08-20T16:40:10Z</time><speed>0.000</speed><sat>24</sat></trkpt>
  <trkpt lat="-33.99475333" lon="-139.99075517"><ele>32.400</ele><time>2026-08-20T16:40:11Z</time><speed>0.630</speed><sat>23</sat></trkpt>
  <trkpt lat="-33.99475667" lon="-139.99076818"><ele>31.100</ele><time>2026-08-20T16:40:12Z</time><speed>0.000</speed><sat>25</sat></trkpt>
  <trkpt lat="-33.99475000" lon="-139.99077646"><ele>30.500</ele><time>2026-08-20T16:40:13Z</time><speed>0.707</speed><sat>26</sat></trkpt>
  <trkpt lat="-33.99475000" lon="-139.99079184"><ele>30.100</ele><time>2026-08-20T16:40:14Z</time><speed>0.724</speed><sat>25</sat></trkpt>
  <trkpt lat="-33.99475333" lon="-139.99079894"><ele>29.600</ele><time>2026-08-20T16:40:15Z</time><speed>0.700</speed><sat>24</sat></trkpt>
  <trkpt lat="-33.99476000" lon="-139.99080840"><ele>29.500</ele><time>2026-08-20T16:40:16Z</time><speed>0.000</speed><sat>25</sat></trkpt>
  <trkpt lat="-33.99476333" lon="-139.99081786"><ele>29.400</ele><time>2026-08-20T16:40:17Z</time><speed>0.628</speed><sat>25</sat></trkpt>
  <trkpt lat="-33.99476667" lon="-139.99083442"><ele>29.500</ele><time>2026-08-20T16:40:18Z</time><speed>0.579</speed><sat>25</sat></trkpt>
  <trkpt lat="-33.99477333" lon="-139.99085571"><ele>29.400</ele><time>2026-08-20T16:40:19Z</time><speed>0.000</speed><sat>25</sat></trkpt>
  <trkpt lat="-33.99477667" lon="-139.99087700"><ele>29.400</ele><time>2026-08-20T16:40:20Z</time><speed>0.524</speed><sat>24</sat></trkpt>
  <trkpt lat="-33.99477500" lon="-139.99089474"><ele>29.400</ele><time>2026-08-20T16:40:21Z</time><speed>0.501</speed><sat>25</sat></trkpt>
  <trkpt lat="-33.99477333" lon="-139.99090894"><ele>29.400</ele><time>2026-08-20T16:40:22Z</time><speed>0.479</speed><sat>24</sat></trkpt>
  <trkpt lat="-33.99477333" lon="-139.99092549"><ele>29.300</ele><time>2026-08-20T16:40:23Z</time><speed>0.000</speed><sat>23</sat></trkpt>
  <trkpt lat="-33.99477333" lon="-139.99093733"><ele>29.100</ele><time>2026-08-20T16:40:24Z</time><speed>0.000</speed><sat>24</sat></trkpt>
  <trkpt lat="-33.99477500" lon="-139.99095033"><ele>29.400</ele><time>2026-08-20T16:40:25Z</time><speed>0.501</speed><sat>24</sat></trkpt>
  <trkpt lat="-33.99477667" lon="-139.99096098"><ele>29.500</ele><time>2026-08-20T16:40:26Z</time><speed>0.535</speed><sat>24</sat></trkpt>
  <trkpt lat="-33.99478000" lon="-139.99097281"><ele>30.000</ele><time>2026-08-20T16:40:27Z</time><speed>0.540</speed><sat>24</sat></trkpt>
  <trkpt lat="-33.99478500" lon="-139.99098345"><ele>30.500</ele><time>2026-08-20T16:40:28Z</time><speed>0.517</speed><sat>23</sat></trkpt>
  <trkpt lat="-33.99478667" lon="-139.99100120"><ele>30.800</ele><time>2026-08-20T16:40:29Z</time><speed>0.536</speed><sat>23</sat></trkpt>
  <trkpt lat="-33.99479333" lon="-139.99101539"><ele>31.100</ele><time>2026-08-20T16:40:30Z</time><speed>0.000</speed><sat>24</sat></trkpt>
  <trkpt lat="-33.99480333" lon="-139.99103313"><ele>31.500</ele><time>2026-08-20T16:40:31Z</time><speed>0.562</speed><sat>24</sat></trkpt>
  <trkpt lat="-33.99481000" lon="-139.99104850"><ele>32.100</ele><time>2026-08-20T16:40:32Z</time><speed>0.553</speed><sat>24</sat></trkpt>
  <trkpt lat="-33.99482000" lon="-139.99106388"><ele>32.600</ele><time>2026-08-20T16:40:33Z</time><speed>0.563</speed><sat>24</sat></trkpt>
  <trkpt lat="-33.99482167" lon="-139.99107571"><ele>33.300</ele><time>2026-08-20T16:40:34Z</time><speed>0.578</speed><sat>23</sat></trkpt>
  <trkpt lat="-33.99482333" lon="-139.99109463"><ele>34.000</ele><time>2026-08-20T16:40:35Z</time><speed>0.000</speed><sat>24</sat></trkpt>
  <trkpt lat="-33.99483000" lon="-139.99111711"><ele>34.800</ele><time>2026-08-20T16:40:36Z</time><speed>0.758</speed><sat>24</sat></trkpt>
  <trkpt lat="-33.99483833" lon="-139.99113722"><ele>35.600</ele><time>2026-08-20T16:40:37Z</time><speed>0.000</speed><sat>22</sat></trkpt>
  <trkpt lat="-33.99484167" lon="-139.99115733"><ele>36.500</ele><time>2026-08-20T16:40:38Z</time><speed>1.035</speed><sat>24</sat></trkpt>
  <trkpt lat="-33.99484667" lon="-139.99117507"><ele>37.400</ele><time>2026-08-20T16:40:39Z</time><speed>1.114</speed><sat>24</sat></trkpt>
  <trkpt lat="-33.99485333" lon="-139.99119281"><ele>38.400</ele><time>2026-08-20T16:40:40Z</time><speed>1.207</speed><sat>23</sat></trkpt>
  <trkpt lat="-33.99486000" lon="-139.99120937"><ele>39.300</ele><time>2026-08-20T16:40:41Z</time><speed>0.000</speed><sat>24</sat></trkpt>
  <trkpt lat="-33.99486167" lon="-139.99122830"><ele>40.400</ele><time>2026-08-20T16:40:42Z</time><speed>1.454</speed><sat>23</sat></trkpt>
  <trkpt lat="-33.99486333" lon="-139.99123421"><ele>41.200</ele><time>2026-08-20T16:40:43Z</time><speed>1.467</speed><sat>24</sat></trkpt>
  <trkpt lat="-33.99486500" lon="-139.99124604"><ele>42.100</ele><time>2026-08-20T16:40:44Z</time><speed>1.475</speed><sat>24</sat></trkpt>
  <trkpt lat="-33.99486333" lon="-139.99125905"><ele>42.900</ele><time>2026-08-20T16:40:45Z</time><speed>1.461</speed><sat>25</sat></trkpt>
  <trkpt lat="-33.99486500" lon="-139.99127324"><ele>43.500</ele><time>2026-08-20T16:40:46Z</time><speed>1.352</speed><sat>25</sat></trkpt>
  <trkpt lat="-33.99486500" lon="-139.99128625"><ele>44.000</ele><time>2026-08-20T16:40:47Z</time><speed>1.276</speed><sat>25</sat></trkpt>
  <trkpt lat="-33.99486500" lon="-139.99130044"><ele>44.700</ele><time>2026-08-20T16:40:48Z</time><speed>1.210</speed><sat>25</sat></trkpt>
  <trkpt lat="-33.99486667" lon="-139.99130991"><ele>45.200</ele><time>2026-08-20T16:40:49Z</time><speed>0.000</speed><sat>24</sat></trkpt>
  <trkpt lat="-33.99486833" lon="-139.99132056"><ele>45.900</ele><time>2026-08-20T16:40:50Z</time><speed>1.039</speed><sat>26</sat></trkpt>
  <trkpt lat="-33.99487167" lon="-139.99132883"><ele>46.700</ele><time>2026-08-20T16:40:51Z</time><speed>0.943</speed><sat>26</sat></trkpt>
  <trkpt lat="-33.99487500" lon="-139.99134302"><ele>47.600</ele><time>2026-08-20T16:40:52Z</time><speed>0.866</speed><sat>26</sat></trkpt>
  <trkpt lat="-33.99487000" lon="-139.99135604"><ele>48.100</ele><time>2026-08-20T16:40:53Z</time><speed>0.900</speed><sat>24</sat></trkpt>
  <trkpt lat="-33.99487167" lon="-139.99137260"><ele>49.000</ele><time>2026-08-20T16:40:54Z</time><speed>0.907</speed><sat>22</sat></trkpt>
  <trkpt lat="-33.99487333" lon="-139.99139034"><ele>49.800</ele><time>2026-08-20T16:40:55Z</time><speed>0.000</speed><sat>21</sat></trkpt>
  <trkpt lat="-33.99487333" lon="-139.99141044"><ele>50.500</ele><time>2026-08-20T16:40:56Z</time><speed>0.945</speed><sat>23</sat></trkpt>
  <trkpt lat="-33.99487333" lon="-139.99142819"><ele>51.200</ele><time>2026-08-20T16:40:57Z</time><speed>0.908</speed><sat>24</sat></trkpt>
  <trkpt lat="-33.99486833" lon="-139.99144120"><ele>51.600</ele><time>2026-08-20T16:40:58Z</time><speed>0.834</speed><sat>24</sat></trkpt>
  <trkpt lat="-33.99486333" lon="-139.99145302"><ele>51.800</ele><time>2026-08-20T16:40:59Z</time><speed>0.785</speed><sat>24</sat></trkpt>
  <trkpt lat="-33.99485500" lon="-139.99145776"><ele>52.000</ele><time>2026-08-20T16:41:00Z</time><speed>0.777</speed><sat>24</sat></trkpt>
  <trkpt lat="-33.99483500" lon="-139.99145302"><ele>52.300</ele><time>2026-08-20T16:41:01Z</time><speed>0.904</speed><sat>24</sat></trkpt>
  <trkpt lat="-33.99482833" lon="-139.99145776"><ele>52.300</ele><time>2026-08-20T16:41:02Z</time><speed>0.941</speed><sat>24</sat></trkpt>
  <trkpt lat="-33.99482667" lon="-139.99146249"><ele>52.500</ele><time>2026-08-20T16:41:03Z</time><speed>0.923</speed><sat>24</sat></trkpt>
  <trkpt lat="-33.99482500" lon="-139.99146604"><ele>52.800</ele><time>2026-08-20T16:41:04Z</time><speed>0.000</speed><sat>22</sat></trkpt>
  <trkpt lat="-33.99482333" lon="-139.99147195"><ele>53.000</ele><time>2026-08-20T16:41:05Z</time><speed>0.898</speed><sat>23</sat></trkpt>
  <trkpt lat="-33.99481667" lon="-139.99148023"><ele>52.600</ele><time>2026-08-20T16:41:06Z</time><speed>0.870</speed><sat>24</sat></trkpt>
  <trkpt lat="-33.99481333" lon="-139.99148378"><ele>52.300</ele><time>2026-08-20T16:41:07Z</time><speed>0.906</speed><sat>25</sat></trkpt>
  <trkpt lat="-33.99480667" lon="-139.99148615"><ele>52.200</ele><time>2026-08-20T16:41:08Z</time><speed>1.175</speed><sat>25</sat></trkpt>
  <trkpt lat="-33.99479000" lon="-139.99150270"><ele>51.800</ele><time>2026-08-20T16:41:09Z</time><speed>1.357</speed><sat>25</sat></trkpt>
  <trkpt lat="-33.99478500" lon="-139.99151217"><ele>50.600</ele><time>2026-08-20T16:41:10Z</time><speed>1.445</speed><sat>25</sat></trkpt>
  <trkpt lat="-33.99479000" lon="-139.99152399"><ele>49.500</ele><time>2026-08-20T16:41:11Z</time><speed>1.361</speed><sat>25</sat></trkpt>
  <trkpt lat="-33.99478833" lon="-139.99152873"><ele>48.300</ele><time>2026-08-20T16:41:12Z</time><speed>1.376</speed><sat>25</sat></trkpt>
  <trkpt lat="-33.99479167" lon="-139.99153228"><ele>47.000</ele><time>2026-08-20T16:41:13Z</time><speed>1.388</speed><sat>25</sat></trkpt>
  <trkpt lat="-33.99479333" lon="-139.99153937"><ele>46.000</ele><time>2026-08-20T16:41:14Z</time><speed>1.326</speed><sat>24</sat></trkpt>
  <trkpt lat="-33.99479667" lon="-139.99154647"><ele>45.900</ele><time>2026-08-20T16:41:15Z</time><speed>1.262</speed><sat>25</sat></trkpt>
  <trkpt lat="-33.99480000" lon="-139.99156540"><ele>45.800</ele><time>2026-08-20T16:41:16Z</time><speed>1.271</speed><sat>24</sat></trkpt>
  <trkpt lat="-33.99480333" lon="-139.99158550"><ele>45.400</ele><time>2026-08-20T16:41:17Z</time><speed>1.273</speed><sat>24</sat></trkpt>
  <trkpt lat="-33.99481000" lon="-139.99160679"><ele>45.100</ele><time>2026-08-20T16:41:18Z</time><speed>1.075</speed><sat>25</sat></trkpt>
  <trkpt lat="-33.99481833" lon="-139.99163163"><ele>44.400</ele><time>2026-08-20T16:41:19Z</time><speed>0.980</speed><sat>25</sat></trkpt>
  <trkpt lat="-33.99482833" lon="-139.99165647"><ele>44.100</ele><time>2026-08-20T16:41:20Z</time><speed>0.949</speed><sat>25</sat></trkpt>
  <trkpt lat="-33.99483500" lon="-139.99168486"><ele>43.600</ele><time>2026-08-20T16:41:21Z</time><speed>0.974</speed><sat>25</sat></trkpt>
  <trkpt lat="-33.99484333" lon="-139.99170733"><ele>43.400</ele><time>2026-08-20T16:41:22Z</time><speed>0.988</speed><sat>25</sat></trkpt>
  <trkpt lat="-33.99485000" lon="-139.99172862"><ele>43.400</ele><time>2026-08-20T16:41:23Z</time><speed>0.000</speed><sat>26</sat></trkpt>
  <trkpt lat="-33.99485833" lon="-139.99175937"><ele>43.700</ele><time>2026-08-20T16:41:24Z</time><speed>1.206</speed><sat>25</sat></trkpt>
  <trkpt lat="-33.99486000" lon="-139.99178421"><ele>44.000</ele><time>2026-08-20T16:41:25Z</time><speed>1.339</speed><sat>26</sat></trkpt>
  <trkpt lat="-33.99486500" lon="-139.99180905"><ele>45.300</ele><time>2026-08-20T16:41:26Z</time><speed>1.357</speed><sat>26</sat></trkpt>
  <trkpt lat="-33.99486833" lon="-139.99182325"><ele>46.500</ele><time>2026-08-20T16:41:27Z</time><speed>1.404</speed><sat>25</sat></trkpt>
  <trkpt lat="-33.99487167" lon="-139.99184099"><ele>47.600</ele><time>2026-08-20T16:41:28Z</time><speed>1.452</speed><sat>24</sat></trkpt>
  <trkpt lat="-33.99487667" lon="-139.99185637"><ele>48.900</ele><time>2026-08-20T16:41:29Z</time><speed>1.437</speed><sat>25</sat></trkpt>
  <trkpt lat="-33.99488167" lon="-139.99187174"><ele>49.900</ele><time>2026-08-20T16:41:30Z</time><speed>1.382</speed><sat>25</sat></trkpt>
  <trkpt lat="-33.99488333" lon="-139.99188475"><ele>50.600</ele><time>2026-08-20T16:41:31Z</time><speed>1.294</speed><sat>25</sat></trkpt>
  <trkpt lat="-33.99488167" lon="-139.99189540"><ele>51.300</ele><time>2026-08-20T16:41:32Z</time><speed>1.199</speed><sat>25</sat></trkpt>
  <trkpt lat="-33.99488000" lon="-139.99190722"><ele>51.500</ele><time>2026-08-20T16:41:33Z</time><speed>1.087</speed><sat>25</sat></trkpt>
  <trkpt lat="-33.99488000" lon="-139.99191787"><ele>52.000</ele><time>2026-08-20T16:41:34Z</time><speed>0.915</speed><sat>25</sat></trkpt>
  <trkpt lat="-33.99488167" lon="-139.99192497"><ele>52.400</ele><time>2026-08-20T16:41:35Z</time><speed>0.778</speed><sat>25</sat></trkpt>
  <trkpt lat="-33.99488000" lon="-139.99193325"><ele>52.700</ele><time>2026-08-20T16:41:36Z</time><speed>0.680</speed><sat>25</sat></trkpt>
  <trkpt lat="-33.99487667" lon="-139.99194153"><ele>52.700</ele><time>2026-08-20T16:41:37Z</time><speed>0.582</speed><sat>25</sat></trkpt>
  <trkpt lat="-33.99487833" lon="-139.99194863"><ele>52.700</ele><time>2026-08-20T16:41:38Z</time><speed>0.000</speed><sat>25</sat></trkpt>
  <trkpt lat="-33.99487667" lon="-139.99195572"><ele>52.500</ele><time>2026-08-20T16:41:39Z</time><speed>0.000</speed><sat>25</sat></trkpt>
  <trkpt lat="-33.99487500" lon="-139.99196518"><ele>52.200</ele><time>2026-08-20T16:41:40Z</time><speed>0.000</speed><sat>25</sat></trkpt>
  <trkpt lat="-33.99487667" lon="-139.99197464"><ele>52.100</ele><time>2026-08-20T16:41:41Z</time><speed>0.000</speed><sat>24</sat></trkpt>
  <trkpt lat="-33.99487667" lon="-139.99198647"><ele>52.000</ele><time>2026-08-20T16:41:42Z</time><speed>0.342</speed><sat>24</sat></trkpt>
  <trkpt lat="-33.99487167" lon="-139.99199593"><ele>51.800</ele><time>2026-08-20T16:41:43Z</time><speed>0.355</speed><sat>25</sat></trkpt>
  <trkpt lat="-33.99487167" lon="-139.99200776"><ele>51.700</ele><time>2026-08-20T16:41:44Z</time><speed>0.000</speed><sat>25</sat></trkpt>
  <trkpt lat="-33.99487167" lon="-139.99201722"><ele>51.800</ele><time>2026-08-20T16:41:45Z</time><speed>0.000</speed><sat>25</sat></trkpt>
  <trkpt lat="-33.99487167" lon="-139.99202669"><ele>51.800</ele><time>2026-08-20T16:41:46Z</time><speed>0.470</speed><sat>25</sat></trkpt>
  <trkpt lat="-33.99487500" lon="-139.99203497"><ele>51.800</ele><time>2026-08-20T16:41:47Z</time><speed>0.485</speed><sat>25</sat></trkpt>
  <trkpt lat="-33.99487667" lon="-139.99204325"><ele>51.900</ele><time>2026-08-20T16:41:48Z</time><speed>0.481</speed><sat>25</sat></trkpt>
  <trkpt lat="-33.99487667" lon="-139.99205153"><ele>52.100</ele><time>2026-08-20T16:41:49Z</time><speed>0.477</speed><sat>25</sat></trkpt>
  <trkpt lat="-33.99487833" lon="-139.99205744"><ele>52.300</ele><time>2026-08-20T16:41:50Z</time><speed>0.474</speed><sat>25</sat></trkpt>
  <trkpt lat="-33.99487833" lon="-139.99206335"><ele>52.400</ele><time>2026-08-20T16:41:51Z</time><speed>0.456</speed><sat>25</sat></trkpt>
  <trkpt lat="-33.99487833" lon="-139.99206809"><ele>52.500</ele><time>2026-08-20T16:41:52Z</time><speed>0.421</speed><sat>25</sat></trkpt>
  <trkpt lat="-33.99488000" lon="-139.99207282"><ele>52.200</ele><time>2026-08-20T16:41:53Z</time><speed>0.000</speed><sat>25</sat></trkpt>
  <trkpt lat="-33.99488167" lon="-139.99207637"><ele>51.900</ele><time>2026-08-20T16:41:54Z</time><speed>0.000</speed><sat>24</sat></trkpt>
  <trkpt lat="-33.99487667" lon="-139.99207637"><ele>51.500</ele><time>2026-08-20T16:41:55Z</time><speed>0.000</speed><sat>25</sat></trkpt>
  <trkpt lat="-33.99487667" lon="-139.99207637"><ele>51.500</ele><time>2026-08-20T16:41:56Z</time><speed>0.000</speed><sat>25</sat></trkpt>
  <trkpt lat="-33.99487667" lon="-139.99207637"><ele>51.500</ele><time>2026-08-20T16:41:57Z</time><speed>0.000</speed><sat>24</sat></trkpt>
  <trkpt lat="-33.99487667" lon="-139.99207637"><ele>51.500</ele><time>2026-08-20T16:41:58Z</time><speed>0.000</speed><sat>24</sat></trkpt>
  <trkpt lat="-33.99485500" lon="-139.99210712"><ele>50.200</ele><time>2026-08-20T16:41:59Z</time><speed>0.270</speed><sat>23</sat></trkpt>
  <trkpt lat="-33.99484667" lon="-139.99211658"><ele>49.800</ele><time>2026-08-20T16:42:00Z</time><speed>0.290</speed><sat>24</sat></trkpt>
  <trkpt lat="-33.99484167" lon="-139.99212605"><ele>49.500</ele><time>2026-08-20T16:42:01Z</time><speed>0.319</speed><sat>23</sat></trkpt>
  <trkpt lat="-33.99484167" lon="-139.99214024"><ele>49.100</ele><time>2026-08-20T16:42:02Z</time><speed>0.355</speed><sat>24</sat></trkpt>
  <trkpt lat="-33.99484333" lon="-139.99215561"><ele>49.000</ele><time>2026-08-20T16:42:03Z</time><speed>0.400</speed><sat>23</sat></trkpt>
  <trkpt lat="-33.99484333" lon="-139.99217099"><ele>48.700</ele><time>2026-08-20T16:42:04Z</time><speed>0.447</speed><sat>24</sat></trkpt>
  <trkpt lat="-33.99484000" lon="-139.99218400"><ele>48.500</ele><time>2026-08-20T16:42:05Z</time><speed>0.487</speed><sat>23</sat></trkpt>
  <trkpt lat="-33.99484000" lon="-139.99220056"><ele>48.300</ele><time>2026-08-20T16:42:06Z</time><speed>0.537</speed><sat>24</sat></trkpt>
  <trkpt lat="-33.99483833" lon="-139.99221476"><ele>48.000</ele><time>2026-08-20T16:42:07Z</time><speed>0.560</speed><sat>24</sat></trkpt>
  <trkpt lat="-33.99483667" lon="-139.99223250"><ele>47.700</ele><time>2026-08-20T16:42:08Z</time><speed>0.586</speed><sat>25</sat></trkpt>
  <trkpt lat="-33.99483667" lon="-139.99224787"><ele>47.500</ele><time>2026-08-20T16:42:09Z</time><speed>0.611</speed><sat>25</sat></trkpt>
  <trkpt lat="-33.99484167" lon="-139.99226561"><ele>47.500</ele><time>2026-08-20T16:42:10Z</time><speed>0.631</speed><sat>24</sat></trkpt>
  <trkpt lat="-33.99484667" lon="-139.99228573"><ele>47.500</ele><time>2026-08-20T16:42:11Z</time><speed>0.624</speed><sat>24</sat></trkpt>
  <trkpt lat="-33.99484833" lon="-139.99230465"><ele>47.500</ele><time>2026-08-20T16:42:12Z</time><speed>0.625</speed><sat>24</sat></trkpt>
  <trkpt lat="-33.99485167" lon="-139.99232476"><ele>47.800</ele><time>2026-08-20T16:42:13Z</time><speed>0.636</speed><sat>24</sat></trkpt>
  <trkpt lat="-33.99485667" lon="-139.99234013"><ele>48.100</ele><time>2026-08-20T16:42:14Z</time><speed>0.657</speed><sat>23</sat></trkpt>
  <trkpt lat="-33.99486000" lon="-139.99235669"><ele>48.200</ele><time>2026-08-20T16:42:15Z</time><speed>0.684</speed><sat>23</sat></trkpt>
  <trkpt lat="-33.99486500" lon="-139.99237444"><ele>48.500</ele><time>2026-08-20T16:42:16Z</time><speed>0.000</speed><sat>24</sat></trkpt>
  <trkpt lat="-33.99487000" lon="-139.99239099"><ele>48.600</ele><time>2026-08-20T16:42:17Z</time><speed>0.712</speed><sat>23</sat></trkpt>
  <trkpt lat="-33.99487500" lon="-139.99240755"><ele>48.800</ele><time>2026-08-20T16:42:18Z</time><speed>0.718</speed><sat>25</sat></trkpt>
  <trkpt lat="-33.99488333" lon="-139.99242057"><ele>48.800</ele><time>2026-08-20T16:42:19Z</time><speed>0.717</speed><sat>25</sat></trkpt>
  <trkpt lat="-33.99488500" lon="-139.99243358"><ele>48.900</ele><time>2026-08-20T16:42:20Z</time><speed>0.722</speed><sat>26</sat></trkpt>
  <trkpt lat="-33.99488667" lon="-139.99244777"><ele>49.000</ele><time>2026-08-20T16:42:21Z</time><speed>0.760</speed><sat>26</sat></trkpt>
  <trkpt lat="-33.99488833" lon="-139.99246196"><ele>49.100</ele><time>2026-08-20T16:42:22Z</time><speed>0.792</speed><sat>25</sat></trkpt>
  <trkpt lat="-33.99488833" lon="-139.99247734"><ele>49.000</ele><time>2026-08-20T16:42:23Z</time><speed>0.850</speed><sat>25</sat></trkpt>
  <trkpt lat="-33.99488833" lon="-139.99249863"><ele>49.000</ele><time>2026-08-20T16:42:24Z</time><speed>0.911</speed><sat>25</sat></trkpt>
  <trkpt lat="-33.99489167" lon="-139.99251992"><ele>48.900</ele><time>2026-08-20T16:42:25Z</time><speed>0.991</speed><sat>25</sat></trkpt>
  <trkpt lat="-33.99489333" lon="-139.99253766"><ele>49.000</ele><time>2026-08-20T16:42:26Z</time><speed>1.079</speed><sat>25</sat></trkpt>
  <trkpt lat="-33.99489000" lon="-139.99255541"><ele>49.200</ele><time>2026-08-20T16:42:27Z</time><speed>1.140</speed><sat>25</sat></trkpt>
  <trkpt lat="-33.99489167" lon="-139.99257906"><ele>49.700</ele><time>2026-08-20T16:42:28Z</time><speed>1.201</speed><sat>24</sat></trkpt>
  <trkpt lat="-33.99489000" lon="-139.99259444"><ele>49.900</ele><time>2026-08-20T16:42:29Z</time><speed>1.273</speed><sat>23</sat></trkpt>
  <trkpt lat="-33.99488833" lon="-139.99260981"><ele>50.100</ele><time>2026-08-20T16:42:30Z</time><speed>0.000</speed><sat>25</sat></trkpt>
  <trkpt lat="-33.99489500" lon="-139.99263229"><ele>50.600</ele><time>2026-08-20T16:42:31Z</time><speed>1.345</speed><sat>25</sat></trkpt>
  <trkpt lat="-33.99490000" lon="-139.99264293"><ele>50.700</ele><time>2026-08-20T16:42:32Z</time><speed>1.349</speed><sat>25</sat></trkpt>
  <trkpt lat="-33.99490500" lon="-139.99265121"><ele>50.800</ele><time>2026-08-20T16:42:33Z</time><speed>1.289</speed><sat>24</sat></trkpt>
  <trkpt lat="-33.99490833" lon="-139.99266186"><ele>51.500</ele><time>2026-08-20T16:42:34Z</time><speed>1.174</speed><sat>27</sat></trkpt>
  <trkpt lat="-33.99491000" lon="-139.99266422"><ele>51.700</ele><time>2026-08-20T16:42:35Z</time><speed>1.036</speed><sat>27</sat></trkpt>
  <trkpt lat="-33.99491000" lon="-139.99266422"><ele>51.900</ele><time>2026-08-20T16:42:36Z</time><speed>0.897</speed><sat>24</sat></trkpt>
  <trkpt lat="-33.99490667" lon="-139.99265594"><ele>52.000</ele><time>2026-08-20T16:42:37Z</time><speed>0.807</speed><sat>23</sat></trkpt>
  <trkpt lat="-33.99490500" lon="-139.99265003"><ele>52.000</ele><time>2026-08-20T16:42:38Z</time><speed>0.705</speed><sat>23</sat></trkpt>
  <trkpt lat="-33.99489833" lon="-139.99264175"><ele>51.700</ele><time>2026-08-20T16:42:39Z</time><speed>0.625</speed><sat>24</sat></trkpt>
  <trkpt lat="-33.99489667" lon="-139.99264057"><ele>51.400</ele><time>2026-08-20T16:42:40Z</time><speed>0.607</speed><sat>24</sat></trkpt>
  <trkpt lat="-33.99489167" lon="-139.99264767"><ele>51.000</ele><time>2026-08-20T16:42:41Z</time><speed>0.590</speed><sat>24</sat></trkpt>
  <trkpt lat="-33.99488000" lon="-139.99265239"><ele>50.300</ele><time>2026-08-20T16:42:42Z</time><speed>0.637</speed><sat>22</sat></trkpt>
  <trkpt lat="-33.99487167" lon="-139.99265949"><ele>49.600</ele><time>2026-08-20T16:42:43Z</time><speed>0.667</speed><sat>21</sat></trkpt>
  <trkpt lat="-33.99486833" lon="-139.99266186"><ele>49.000</ele><time>2026-08-20T16:42:44Z</time><speed>0.715</speed><sat>22</sat></trkpt>
  <trkpt lat="-33.99487167" lon="-139.99265594"><ele>48.700</ele><time>2026-08-20T16:42:45Z</time><speed>0.711</speed><sat>22</sat></trkpt>
  <trkpt lat="-33.99487667" lon="-139.99264884"><ele>48.700</ele><time>2026-08-20T16:42:46Z</time><speed>0.724</speed><sat>22</sat></trkpt>
  <trkpt lat="-33.99487667" lon="-139.99264767"><ele>48.400</ele><time>2026-08-20T16:42:47Z</time><speed>0.706</speed><sat>23</sat></trkpt>
  <trkpt lat="-33.99488167" lon="-139.99264530"><ele>48.500</ele><time>2026-08-20T16:42:48Z</time><speed>0.687</speed><sat>23</sat></trkpt>
  <trkpt lat="-33.99488500" lon="-139.99264412"><ele>48.900</ele><time>2026-08-20T16:42:49Z</time><speed>0.636</speed><sat>23</sat></trkpt>
  <trkpt lat="-33.99489333" lon="-139.99264412"><ele>49.200</ele><time>2026-08-20T16:42:50Z</time><speed>0.000</speed><sat>24</sat></trkpt>
  <trkpt lat="-33.99489500" lon="-139.99264175"><ele>49.100</ele><time>2026-08-20T16:42:51Z</time><speed>0.455</speed><sat>23</sat></trkpt>
  <trkpt lat="-33.99489500" lon="-139.99263702"><ele>49.400</ele><time>2026-08-20T16:42:52Z</time><speed>0.000</speed><sat>24</sat></trkpt>
  <trkpt lat="-33.99489333" lon="-139.99263584"><ele>49.400</ele><time>2026-08-20T16:42:53Z</time><speed>0.000</speed><sat>26</sat></trkpt>
  <trkpt lat="-33.99489500" lon="-139.99263820"><ele>49.600</ele><time>2026-08-20T16:42:54Z</time><speed>0.000</speed><sat>26</sat></trkpt>
  <trkpt lat="-33.99489500" lon="-139.99263820"><ele>49.600</ele><time>2026-08-20T16:42:55Z</time><speed>0.000</speed><sat>26</sat></trkpt>
  <trkpt lat="-33.99489500" lon="-139.99263820"><ele>49.600</ele><time>2026-08-20T16:42:56Z</time><speed>0.000</speed><sat>26</sat></trkpt>
  <trkpt lat="-33.99489500" lon="-139.99263820"><ele>49.600</ele><time>2026-08-20T16:42:57Z</time><speed>0.000</speed><sat>26</sat></trkpt>
  <trkpt lat="-33.99489500" lon="-139.99263820"><ele>49.600</ele><time>2026-08-20T16:42:58Z</time><speed>0.000</speed><sat>26</sat></trkpt>
  <trkpt lat="-33.99488167" lon="-139.99267250"><ele>49.700</ele><time>2026-08-20T16:42:59Z</time><speed>0.225</speed><sat>26</sat></trkpt>
  <trkpt lat="-33.99488000" lon="-139.99268315"><ele>49.500</ele><time>2026-08-20T16:43:00Z</time><speed>0.286</speed><sat>25</sat></trkpt>
  <trkpt lat="-33.99487500" lon="-139.99269025"><ele>49.400</ele><time>2026-08-20T16:43:01Z</time><speed>0.369</speed><sat>25</sat></trkpt>
  <trkpt lat="-33.99487167" lon="-139.99269971"><ele>49.200</ele><time>2026-08-20T16:43:02Z</time><speed>0.435</speed><sat>24</sat></trkpt>
  <trkpt lat="-33.99487000" lon="-139.99270917"><ele>49.400</ele><time>2026-08-20T16:43:03Z</time><speed>0.470</speed><sat>24</sat></trkpt>
  <trkpt lat="-33.99486833" lon="-139.99271745"><ele>49.300</ele><time>2026-08-20T16:43:04Z</time><speed>0.515</speed><sat>24</sat></trkpt>
  <trkpt lat="-33.99486333" lon="-139.99272573"><ele>49.300</ele><time>2026-08-20T16:43:05Z</time><speed>0.000</speed><sat>24</sat></trkpt>
  <trkpt lat="-33.99486333" lon="-139.99273283"><ele>49.100</ele><time>2026-08-20T16:43:06Z</time><speed>0.000</speed><sat>24</sat></trkpt>
  <trkpt lat="-33.99486667" lon="-139.99273874"><ele>48.900</ele><time>2026-08-20T16:43:07Z</time><speed>0.636</speed><sat>23</sat></trkpt>
  <trkpt lat="-33.99487167" lon="-139.99274584"><ele>48.700</ele><time>2026-08-20T16:43:08Z</time><speed>0.660</speed><sat>24</sat></trkpt>
  <trkpt lat="-33.99487500" lon="-139.99275057"><ele>48.400</ele><time>2026-08-20T16:43:09Z</time><speed>0.650</speed><sat>24</sat></trkpt>
  <trkpt lat="-33.99487500" lon="-139.99275884"><ele>47.900</ele><time>2026-08-20T16:43:10Z</time><speed>0.653</speed><sat>24</sat></trkpt>
  <trkpt lat="-33.99487333" lon="-139.99277068"><ele>47.400</ele><time>2026-08-20T16:43:11Z</time><speed>0.607</speed><sat>26</sat></trkpt>
  <trkpt lat="-33.99487500" lon="-139.99278014"><ele>47.000</ele><time>2026-08-20T16:43:12Z</time><speed>0.573</speed><sat>26</sat></trkpt>
  <trkpt lat="-33.99487500" lon="-139.99278842"><ele>46.600</ele><time>2026-08-20T16:43:13Z</time><speed>0.545</speed><sat>26</sat></trkpt>
  <trkpt lat="-33.99488333" lon="-139.99279906"><ele>46.200</ele><time>2026-08-20T16:43:14Z</time><speed>0.526</speed><sat>26</sat></trkpt>
  <trkpt lat="-33.99488667" lon="-139.99281207"><ele>45.800</ele><time>2026-08-20T16:43:15Z</time><speed>0.490</speed><sat>26</sat></trkpt>
  <trkpt lat="-33.99489167" lon="-139.99282627"><ele>45.400</ele><time>2026-08-20T16:43:16Z</time><speed>0.505</speed><sat>24</sat></trkpt>
  <trkpt lat="-33.99489167" lon="-139.99284283"><ele>44.900</ele><time>2026-08-20T16:43:17Z</time><speed>0.509</speed><sat>24</sat></trkpt>
  <trkpt lat="-33.99490000" lon="-139.99286530"><ele>44.700</ele><time>2026-08-20T16:43:18Z</time><speed>0.000</speed><sat>25</sat></trkpt>
  <trkpt lat="-33.99489833" lon="-139.99288068"><ele>44.200</ele><time>2026-08-20T16:43:19Z</time><speed>0.463</speed><sat>24</sat></trkpt>
  <trkpt lat="-33.99489667" lon="-139.99289014"><ele>44.100</ele><time>2026-08-20T16:43:20Z</time><speed>0.407</speed><sat>25</sat></trkpt>
  <trkpt lat="-33.99489667" lon="-139.99290197"><ele>43.800</ele><time>2026-08-20T16:43:21Z</time><speed>0.416</speed><sat>26</sat></trkpt>
  <trkpt lat="-33.99490000" lon="-139.99291498"><ele>43.600</ele><time>2026-08-20T16:43:22Z</time><speed>0.000</speed><sat>26</sat></trkpt>
  <trkpt lat="-33.99490167" lon="-139.99292917"><ele>43.300</ele><time>2026-08-20T16:43:23Z</time><speed>0.000</speed><sat>26</sat></trkpt>
  <trkpt lat="-33.99491000" lon="-139.99294100"><ele>42.800</ele><time>2026-08-20T16:43:24Z</time><speed>0.000</speed><sat>24</sat></trkpt>
  <trkpt lat="-33.99490833" lon="-139.99295638"><ele>42.500</ele><time>2026-08-20T16:43:25Z</time><speed>0.000</speed><sat>26</sat></trkpt>
  <trkpt lat="-33.99490833" lon="-139.99297412"><ele>42.200</ele><time>2026-08-20T16:43:26Z</time><speed>0.514</speed><sat>23</sat></trkpt>
  <trkpt lat="-33.99490500" lon="-139.99299186"><ele>41.900</ele><time>2026-08-20T16:43:27Z</time><speed>0.537</speed><sat>23</sat></trkpt>
  <trkpt lat="-33.99489500" lon="-139.99300606"><ele>41.500</ele><time>2026-08-20T16:43:28Z</time><speed>0.568</speed><sat>23</sat></trkpt>
  <trkpt lat="-33.99488833" lon="-139.99301433"><ele>41.100</ele><time>2026-08-20T16:43:29Z</time><speed>0.618</speed><sat>22</sat></trkpt>
  <trkpt lat="-33.99488667" lon="-139.99302261"><ele>40.800</ele><time>2026-08-20T16:43:30Z</time><speed>0.658</speed><sat>22</sat></trkpt>
  <trkpt lat="-33.99488167" lon="-139.99303444"><ele>40.500</ele><time>2026-08-20T16:43:31Z</time><speed>0.670</speed><sat>21</sat></trkpt>
  <trkpt lat="-33.99488167" lon="-139.99304864"><ele>40.300</ele><time>2026-08-20T16:43:32Z</time><speed>0.678</speed><sat>23</sat></trkpt>
  <trkpt lat="-33.99487667" lon="-139.99306165"><ele>39.900</ele><time>2026-08-20T16:43:33Z</time><speed>0.000</speed><sat>23</sat></trkpt>
  <trkpt lat="-33.99487500" lon="-139.99307703"><ele>39.400</ele><time>2026-08-20T16:43:34Z</time><speed>0.000</speed><sat>23</sat></trkpt>
  <trkpt lat="-33.99487333" lon="-139.99309240"><ele>39.000</ele><time>2026-08-20T16:43:35Z</time><speed>0.667</speed><sat>24</sat></trkpt>
  <trkpt lat="-33.99487500" lon="-139.99311014"><ele>38.700</ele><time>2026-08-20T16:43:36Z</time><speed>0.634</speed><sat>24</sat></trkpt>
  <trkpt lat="-33.99487500" lon="-139.99312433"><ele>38.200</ele><time>2026-08-20T16:43:37Z</time><speed>0.569</speed><sat>22</sat></trkpt>
  <trkpt lat="-33.99487833" lon="-139.99313380"><ele>38.400</ele><time>2026-08-20T16:43:38Z</time><speed>0.489</speed><sat>23</sat></trkpt>
  <trkpt lat="-33.99488167" lon="-139.99314445"><ele>38.600</ele><time>2026-08-20T16:43:39Z</time><speed>0.444</speed><sat>22</sat></trkpt>
  <trkpt lat="-33.99488333" lon="-139.99315509"><ele>38.800</ele><time>2026-08-20T16:43:40Z</time><speed>0.415</speed><sat>22</sat></trkpt>
  <trkpt lat="-33.99489500" lon="-139.99318466"><ele>38.800</ele><time>2026-08-20T16:43:41Z</time><speed>0.000</speed><sat>23</sat></trkpt>
  <trkpt lat="-33.99490500" lon="-139.99321778"><ele>38.800</ele><time>2026-08-20T16:43:42Z</time><speed>0.000</speed><sat>23</sat></trkpt>
  <trkpt lat="-33.99491167" lon="-139.99323316"><ele>39.000</ele><time>2026-08-20T16:43:43Z</time><speed>0.844</speed><sat>23</sat></trkpt>
  <trkpt lat="-33.99491667" lon="-139.99325326"><ele>39.100</ele><time>2026-08-20T16:43:44Z</time><speed>0.840</speed><sat>22</sat></trkpt>
  <trkpt lat="-33.99491500" lon="-139.99326627"><ele>39.600</ele><time>2026-08-20T16:43:45Z</time><speed>0.843</speed><sat>24</sat></trkpt>
  <trkpt lat="-33.99492000" lon="-139.99327574"><ele>40.000</ele><time>2026-08-20T16:43:46Z</time><speed>0.855</speed><sat>23</sat></trkpt>
  <trkpt lat="-33.99491500" lon="-139.99328520"><ele>40.100</ele><time>2026-08-20T16:43:47Z</time><speed>0.886</speed><sat>23</sat></trkpt>
  <trkpt lat="-33.99491333" lon="-139.99329584"><ele>40.400</ele><time>2026-08-20T16:43:48Z</time><speed>0.954</speed><sat>22</sat></trkpt>
  <trkpt lat="-33.99491000" lon="-139.99330767"><ele>40.600</ele><time>2026-08-20T16:43:49Z</time><speed>1.002</speed><sat>22</sat></trkpt>
  <trkpt lat="-33.99491333" lon="-139.99332423"><ele>40.900</ele><time>2026-08-20T16:43:50Z</time><speed>1.027</speed><sat>23</sat></trkpt>
  <trkpt lat="-33.99491500" lon="-139.99334671"><ele>41.500</ele><time>2026-08-20T16:43:51Z</time><speed>0.874</speed><sat>24</sat></trkpt>
  <trkpt lat="-33.99491167" lon="-139.99336917"><ele>42.100</ele><time>2026-08-20T16:43:52Z</time><speed>0.763</speed><sat>24</sat></trkpt>
  <trkpt lat="-33.99491333" lon="-139.99339283"><ele>43.400</ele><time>2026-08-20T16:43:53Z</time><speed>0.798</speed><sat>23</sat></trkpt>
  <trkpt lat="-33.99490667" lon="-139.99341058"><ele>44.100</ele><time>2026-08-20T16:43:54Z</time><speed>0.887</speed><sat>24</sat></trkpt>
  <trkpt lat="-33.99491000" lon="-139.99342713"><ele>45.000</ele><time>2026-08-20T16:43:55Z</time><speed>0.937</speed><sat>24</sat></trkpt>
  <trkpt lat="-33.99491167" lon="-139.99344014"><ele>46.100</ele><time>2026-08-20T16:43:56Z</time><speed>0.953</speed><sat>24</sat></trkpt>
  <trkpt lat="-33.99491000" lon="-139.99345197"><ele>46.900</ele><time>2026-08-20T16:43:57Z</time><speed>0.000</speed><sat>24</sat></trkpt>
  <trkpt lat="-33.99490833" lon="-139.99346143"><ele>47.700</ele><time>2026-08-20T16:43:58Z</time><speed>0.940</speed><sat>23</sat></trkpt>
  <trkpt lat="-33.99490333" lon="-139.99346735"><ele>48.200</ele><time>2026-08-20T16:43:59Z</time><speed>0.907</speed><sat>24</sat></trkpt>
  <trkpt lat="-33.99490000" lon="-139.99347090"><ele>48.800</ele><time>2026-08-20T16:44:00Z</time><speed>0.896</speed><sat>24</sat></trkpt>
  <trkpt lat="-33.99489833" lon="-139.99347445"><ele>49.300</ele><time>2026-08-20T16:44:01Z</time><speed>0.836</speed><sat>23</sat></trkpt>
  <trkpt lat="-33.99489500" lon="-139.99347800"><ele>49.700</ele><time>2026-08-20T16:44:02Z</time><speed>0.760</speed><sat>22</sat></trkpt>
  <trkpt lat="-33.99489667" lon="-139.99348627"><ele>49.900</ele><time>2026-08-20T16:44:03Z</time><speed>0.681</speed><sat>23</sat></trkpt>
  <trkpt lat="-33.99490000" lon="-139.99349574"><ele>50.200</ele><time>2026-08-20T16:44:04Z</time><speed>0.580</speed><sat>24</sat></trkpt>
  <trkpt lat="-33.99490000" lon="-139.99350875"><ele>50.400</ele><time>2026-08-20T16:44:05Z</time><speed>0.545</speed><sat>24</sat></trkpt>
  <trkpt lat="-33.99490667" lon="-139.99352649"><ele>50.900</ele><time>2026-08-20T16:44:06Z</time><speed>0.575</speed><sat>24</sat></trkpt>
  <trkpt lat="-33.99491333" lon="-139.99354542"><ele>51.400</ele><time>2026-08-20T16:44:07Z</time><speed>0.622</speed><sat>24</sat></trkpt>
  <trkpt lat="-33.99491500" lon="-139.99356907"><ele>52.000</ele><time>2026-08-20T16:44:08Z</time><speed>0.726</speed><sat>24</sat></trkpt>
  <trkpt lat="-33.99491333" lon="-139.99359155"><ele>52.800</ele><time>2026-08-20T16:44:09Z</time><speed>0.871</speed><sat>24</sat></trkpt>
  <trkpt lat="-33.99491333" lon="-139.99361165"><ele>53.400</ele><time>2026-08-20T16:44:10Z</time><speed>1.017</speed><sat>24</sat></trkpt>
  <trkpt lat="-33.99491667" lon="-139.99363413"><ele>54.500</ele><time>2026-08-20T16:44:11Z</time><speed>1.161</speed><sat>24</sat></trkpt>
  <trkpt lat="-33.99492000" lon="-139.99365187"><ele>55.200</ele><time>2026-08-20T16:44:12Z</time><speed>0.000</speed><sat>24</sat></trkpt>
  <trkpt lat="-33.99492167" lon="-139.99366961"><ele>56.000</ele><time>2026-08-20T16:44:13Z</time><speed>0.000</speed><sat>23</sat></trkpt>
  <trkpt lat="-33.99492000" lon="-139.99367789"><ele>56.600</ele><time>2026-08-20T16:44:14Z</time><speed>1.331</speed><sat>23</sat></trkpt>
  <trkpt lat="-33.99491833" lon="-139.99368381"><ele>56.900</ele><time>2026-08-20T16:44:15Z</time><speed>1.307</speed><sat>23</sat></trkpt>
  <trkpt lat="-33.99492333" lon="-139.99368972"><ele>57.400</ele><time>2026-08-20T16:44:16Z</time><speed>1.252</speed><sat>23</sat></trkpt>
  <trkpt lat="-33.99492167" lon="-139.99369800"><ele>57.700</ele><time>2026-08-20T16:44:17Z</time><speed>1.154</speed><sat>23</sat></trkpt>
  <trkpt lat="-33.99492000" lon="-139.99370864"><ele>57.400</ele><time>2026-08-20T16:44:18Z</time><speed>1.036</speed><sat>23</sat></trkpt>
  <trkpt lat="-33.99492000" lon="-139.99371574"><ele>57.100</ele><time>2026-08-20T16:44:19Z</time><speed>0.880</speed><sat>23</sat></trkpt>
  <trkpt lat="-33.99492000" lon="-139.99372994"><ele>56.600</ele><time>2026-08-20T16:44:20Z</time><speed>0.723</speed><sat>23</sat></trkpt>
  <trkpt lat="-33.99492333" lon="-139.99373940"><ele>56.500</ele><time>2026-08-20T16:44:21Z</time><speed>0.529</speed><sat>21</sat></trkpt>
  <trkpt lat="-33.99492500" lon="-139.99375477"><ele>55.800</ele><time>2026-08-20T16:44:22Z</time><speed>0.000</speed><sat>22</sat></trkpt>
  <trkpt lat="-33.99491833" lon="-139.99376897"><ele>54.800</ele><time>2026-08-20T16:44:23Z</time><speed>0.000</speed><sat>23</sat></trkpt>
  <trkpt lat="-33.99491500" lon="-139.99378079"><ele>54.100</ele><time>2026-08-20T16:44:24Z</time><speed>0.000</speed><sat>23</sat></trkpt>
  <trkpt lat="-33.99491500" lon="-139.99378079"><ele>54.100</ele><time>2026-08-20T16:44:25Z</time><speed>0.000</speed><sat>23</sat></trkpt>
  <trkpt lat="-33.99491500" lon="-139.99378079"><ele>54.100</ele><time>2026-08-20T16:44:26Z</time><speed>0.000</speed><sat>23</sat></trkpt>
  <trkpt lat="-33.99491500" lon="-139.99378079"><ele>54.100</ele><time>2026-08-20T16:44:27Z</time><speed>0.000</speed><sat>21</sat></trkpt>
  <trkpt lat="-33.99492833" lon="-139.99383165"><ele>52.200</ele><time>2026-08-20T16:44:28Z</time><speed>0.358</speed><sat>23</sat></trkpt>
  <trkpt lat="-33.99493167" lon="-139.99384348"><ele>51.700</ele><time>2026-08-20T16:44:29Z</time><speed>0.000</speed><sat>24</sat></trkpt>
  <trkpt lat="-33.99493667" lon="-139.99385649"><ele>51.100</ele><time>2026-08-20T16:44:30Z</time><speed>0.395</speed><sat>24</sat></trkpt>
  <trkpt lat="-33.99493667" lon="-139.99386950"><ele>50.700</ele><time>2026-08-20T16:44:31Z</time><speed>0.428</speed><sat>24</sat></trkpt>
  <trkpt lat="-33.99493667" lon="-139.99388724"><ele>49.900</ele><time>2026-08-20T16:44:32Z</time><speed>0.487</speed><sat>23</sat></trkpt>
  <trkpt lat="-33.99493667" lon="-139.99391090"><ele>49.500</ele><time>2026-08-20T16:44:33Z</time><speed>0.605</speed><sat>23</sat></trkpt>
  <trkpt lat="-33.99493667" lon="-139.99393456"><ele>49.300</ele><time>2026-08-20T16:44:34Z</time><speed>0.739</speed><sat>23</sat></trkpt>
  <trkpt lat="-33.99493500" lon="-139.99395821"><ele>49.000</ele><time>2026-08-20T16:44:35Z</time><speed>0.936</speed><sat>23</sat></trkpt>
  <trkpt lat="-33.99493833" lon="-139.99398542"><ele>48.900</ele><time>2026-08-20T16:44:36Z</time><speed>1.124</speed><sat>24</sat></trkpt>
  <trkpt lat="-33.99493667" lon="-139.99400553"><ele>48.500</ele><time>2026-08-20T16:44:37Z</time><speed>1.243</speed><sat>23</sat></trkpt>
  <trkpt lat="-33.99493667" lon="-139.99401499"><ele>48.200</ele><time>2026-08-20T16:44:38Z</time><speed>1.262</speed><sat>23</sat></trkpt>
  <trkpt lat="-33.99494000" lon="-139.99402918"><ele>47.900</ele><time>2026-08-20T16:44:39Z</time><speed>1.277</speed><sat>23</sat></trkpt>
  <trkpt lat="-33.99494000" lon="-139.99403628"><ele>48.000</ele><time>2026-08-20T16:44:40Z</time><speed>1.267</speed><sat>24</sat></trkpt>
  <trkpt lat="-33.99493833" lon="-139.99404220"><ele>47.800</ele><time>2026-08-20T16:44:41Z</time><speed>1.248</speed><sat>24</sat></trkpt>
  <trkpt lat="-33.99493833" lon="-139.99404929"><ele>47.600</ele><time>2026-08-20T16:44:42Z</time><speed>1.206</speed><sat>25</sat></trkpt>
  <trkpt lat="-33.99493667" lon="-139.99406940"><ele>47.400</ele><time>2026-08-20T16:44:43Z</time><speed>1.220</speed><sat>25</sat></trkpt>
  <trkpt lat="-33.99493500" lon="-139.99409069"><ele>47.400</ele><time>2026-08-20T16:44:44Z</time><speed>1.186</speed><sat>25</sat></trkpt>
  <trkpt lat="-33.99493333" lon="-139.99410962"><ele>46.900</ele><time>2026-08-20T16:44:45Z</time><speed>1.006</speed><sat>25</sat></trkpt>
  <trkpt lat="-33.99493667" lon="-139.99411553"><ele>46.800</ele><time>2026-08-20T16:44:46Z</time><speed>0.810</speed><sat>26</sat></trkpt>
  <trkpt lat="-33.99493833" lon="-139.99412381"><ele>46.700</ele><time>2026-08-20T16:44:47Z</time><speed>0.671</speed><sat>26</sat></trkpt>
  <trkpt lat="-33.99494000" lon="-139.99413208"><ele>46.500</ele><time>2026-08-20T16:44:48Z</time><speed>0.613</speed><sat>26</sat></trkpt>
  <trkpt lat="-33.99494000" lon="-139.99413563"><ele>46.400</ele><time>2026-08-20T16:44:49Z</time><speed>0.584</speed><sat>25</sat></trkpt>
  <trkpt lat="-33.99494000" lon="-139.99413918"><ele>46.200</ele><time>2026-08-20T16:44:50Z</time><speed>0.573</speed><sat>25</sat></trkpt>
  <trkpt lat="-33.99494000" lon="-139.99413800"><ele>46.000</ele><time>2026-08-20T16:44:51Z</time><speed>0.563</speed><sat>25</sat></trkpt>
  <trkpt lat="-33.99494000" lon="-139.99413682"><ele>45.700</ele><time>2026-08-20T16:44:52Z</time><speed>0.551</speed><sat>25</sat></trkpt>
  <trkpt lat="-33.99493500" lon="-139.99414392"><ele>44.900</ele><time>2026-08-20T16:44:53Z</time><speed>0.406</speed><sat>25</sat></trkpt>
  <trkpt lat="-33.99493167" lon="-139.99414155"><ele>44.600</ele><time>2026-08-20T16:44:54Z</time><speed>0.411</speed><sat>23</sat></trkpt>
  <trkpt lat="-33.99492500" lon="-139.99413563"><ele>44.300</ele><time>2026-08-20T16:44:55Z</time><speed>0.415</speed><sat>22</sat></trkpt>
  <trkpt lat="-33.99491667" lon="-139.99414392"><ele>44.100</ele><time>2026-08-20T16:44:56Z</time><speed>0.435</speed><sat>21</sat></trkpt>
  <trkpt lat="-33.99491500" lon="-139.99416994"><ele>44.400</ele><time>2026-08-20T16:44:57Z</time><speed>0.553</speed><sat>22</sat></trkpt>
  <trkpt lat="-33.99491500" lon="-139.99419359"><ele>44.500</ele><time>2026-08-20T16:44:58Z</time><speed>0.669</speed><sat>21</sat></trkpt>
  <trkpt lat="-33.99492333" lon="-139.99422080"><ele>45.000</ele><time>2026-08-20T16:44:59Z</time><speed>0.821</speed><sat>22</sat></trkpt>
  <trkpt lat="-33.99492500" lon="-139.99425273"><ele>45.400</ele><time>2026-08-20T16:45:00Z</time><speed>1.027</speed><sat>22</sat></trkpt>
  <trkpt lat="-33.99492833" lon="-139.99427047"><ele>45.700</ele><time>2026-08-20T16:45:01Z</time><speed>1.204</speed><sat>22</sat></trkpt>
  <trkpt lat="-33.99493333" lon="-139.99427994"><ele>45.700</ele><time>2026-08-20T16:45:02Z</time><speed>1.317</speed><sat>22</sat></trkpt>
  <trkpt lat="-33.99494167" lon="-139.99429059"><ele>45.900</ele><time>2026-08-20T16:45:03Z</time><speed>1.370</speed><sat>22</sat></trkpt>
  <trkpt lat="-33.99494833" lon="-139.99430005"><ele>46.400</ele><time>2026-08-20T16:45:04Z</time><speed>1.321</speed><sat>22</sat></trkpt>
  <trkpt lat="-33.99494833" lon="-139.99431069"><ele>46.600</ele><time>2026-08-20T16:45:05Z</time><speed>1.362</speed><sat>23</sat></trkpt>
  <trkpt lat="-33.99495000" lon="-139.99431779"><ele>46.700</ele><time>2026-08-20T16:45:06Z</time><speed>1.355</speed><sat>22</sat></trkpt>
  <trkpt lat="-33.99495500" lon="-139.99432370"><ele>47.400</ele><time>2026-08-20T16:45:07Z</time><speed>1.262</speed><sat>21</sat></trkpt>
  <trkpt lat="-33.99496000" lon="-139.99433553"><ele>48.200</ele><time>2026-08-20T16:45:08Z</time><speed>1.188</speed><sat>23</sat></trkpt>
  <trkpt lat="-33.99496333" lon="-139.99434499"><ele>49.200</ele><time>2026-08-20T16:45:09Z</time><speed>1.040</speed><sat>22</sat></trkpt>
  <trkpt lat="-33.99496667" lon="-139.99435091"><ele>49.900</ele><time>2026-08-20T16:45:10Z</time><speed>0.830</speed><sat>23</sat></trkpt>
  <trkpt lat="-33.99496667" lon="-139.99435801"><ele>50.100</ele><time>2026-08-20T16:45:11Z</time><speed>0.698</speed><sat>21</sat></trkpt>
  <trkpt lat="-33.99496833" lon="-139.99436273"><ele>50.200</ele><time>2026-08-20T16:45:12Z</time><speed>0.649</speed><sat>23</sat></trkpt>
  <trkpt lat="-33.99497667" lon="-139.99436510"><ele>49.700</ele><time>2026-08-20T16:45:13Z</time><speed>0.634</speed><sat>23</sat></trkpt>
  <trkpt lat="-33.99497667" lon="-139.99437338"><ele>48.800</ele><time>2026-08-20T16:45:14Z</time><speed>0.726</speed><sat>23</sat></trkpt>
  <trkpt lat="-33.99497500" lon="-139.99438639"><ele>47.600</ele><time>2026-08-20T16:45:15Z</time><speed>0.700</speed><sat>23</sat></trkpt>
  <trkpt lat="-33.99497167" lon="-139.99439112"><ele>46.900</ele><time>2026-08-20T16:45:16Z</time><speed>0.742</speed><sat>23</sat></trkpt>
  <trkpt lat="-33.99497167" lon="-139.99439940"><ele>46.400</ele><time>2026-08-20T16:45:17Z</time><speed>0.761</speed><sat>23</sat></trkpt>
  <trkpt lat="-33.99497000" lon="-139.99440650"><ele>45.600</ele><time>2026-08-20T16:45:18Z</time><speed>0.764</speed><sat>22</sat></trkpt>
  <trkpt lat="-33.99497000" lon="-139.99441241"><ele>43.900</ele><time>2026-08-20T16:45:19Z</time><speed>0.860</speed><sat>23</sat></trkpt>
  <trkpt lat="-33.99497000" lon="-139.99443489"><ele>43.600</ele><time>2026-08-20T16:45:20Z</time><speed>0.942</speed><sat>21</sat></trkpt>
  <trkpt lat="-33.99496667" lon="-139.99445027"><ele>43.200</ele><time>2026-08-20T16:45:21Z</time><speed>0.972</speed><sat>22</sat></trkpt>
  <trkpt lat="-33.99496333" lon="-139.99446327"><ele>42.200</ele><time>2026-08-20T16:45:22Z</time><speed>0.963</speed><sat>23</sat></trkpt>
  <trkpt lat="-33.99496000" lon="-139.99447037"><ele>41.100</ele><time>2026-08-20T16:45:23Z</time><speed>0.953</speed><sat>23</sat></trkpt>
  <trkpt lat="-33.99495333" lon="-139.99447510"><ele>40.100</ele><time>2026-08-20T16:45:24Z</time><speed>0.873</speed><sat>22</sat></trkpt>
  <trkpt lat="-33.99495167" lon="-139.99447865"><ele>38.500</ele><time>2026-08-20T16:45:25Z</time><speed>0.879</speed><sat>22</sat></trkpt>
  <trkpt lat="-33.99494667" lon="-139.99448456"><ele>37.400</ele><time>2026-08-20T16:45:26Z</time><speed>0.879</speed><sat>23</sat></trkpt>
  <trkpt lat="-33.99494333" lon="-139.99449402"><ele>36.500</ele><time>2026-08-20T16:45:27Z</time><speed>0.864</speed><sat>23</sat></trkpt>
  <trkpt lat="-33.99494500" lon="-139.99450231"><ele>35.400</ele><time>2026-08-20T16:45:28Z</time><speed>0.000</speed><sat>23</sat></trkpt>
  <trkpt lat="-33.99494667" lon="-139.99450940"><ele>34.800</ele><time>2026-08-20T16:45:29Z</time><speed>0.698</speed><sat>23</sat></trkpt>
  <trkpt lat="-33.99494500" lon="-139.99451414"><ele>34.000</ele><time>2026-08-20T16:45:30Z</time><speed>0.626</speed><sat>22</sat></trkpt>
  <trkpt lat="-33.99495000" lon="-139.99451886"><ele>33.100</ele><time>2026-08-20T16:45:31Z</time><speed>0.558</speed><sat>22</sat></trkpt>
  <trkpt lat="-33.99494833" lon="-139.99452833"><ele>32.600</ele><time>2026-08-20T16:45:32Z</time><speed>0.537</speed><sat>23</sat></trkpt>
  <trkpt lat="-33.99494833" lon="-139.99454134"><ele>31.900</ele><time>2026-08-20T16:45:33Z</time><speed>0.534</speed><sat>23</sat></trkpt>
  <trkpt lat="-33.99494667" lon="-139.99454607"><ele>31.300</ele><time>2026-08-20T16:45:34Z</time><speed>0.490</speed><sat>23</sat></trkpt>
  <trkpt lat="-33.99494667" lon="-139.99455080"><ele>30.600</ele><time>2026-08-20T16:45:35Z</time><speed>0.465</speed><sat>22</sat></trkpt>
  <trkpt lat="-33.99495000" lon="-139.99456144"><ele>29.400</ele><time>2026-08-20T16:45:36Z</time><speed>0.430</speed><sat>23</sat></trkpt>
  <trkpt lat="-33.99494833" lon="-139.99456618"><ele>28.500</ele><time>2026-08-20T16:45:37Z</time><speed>0.426</speed><sat>23</sat></trkpt>
  <trkpt lat="-33.99494667" lon="-139.99457327"><ele>27.800</ele><time>2026-08-20T16:45:38Z</time><speed>0.454</speed><sat>22</sat></trkpt>
  <trkpt lat="-33.99493833" lon="-139.99458037"><ele>26.900</ele><time>2026-08-20T16:45:39Z</time><speed>0.487</speed><sat>22</sat></trkpt>
  <trkpt lat="-33.99493667" lon="-139.99459102"><ele>26.200</ele><time>2026-08-20T16:45:40Z</time><speed>0.506</speed><sat>24</sat></trkpt>
  <trkpt lat="-33.99494167" lon="-139.99460994"><ele>25.400</ele><time>2026-08-20T16:45:41Z</time><speed>0.546</speed><sat>24</sat></trkpt>
  <trkpt lat="-33.99494667" lon="-139.99462650"><ele>24.900</ele><time>2026-08-20T16:45:42Z</time><speed>0.547</speed><sat>24</sat></trkpt>
  <trkpt lat="-33.99495667" lon="-139.99463951"><ele>24.700</ele><time>2026-08-20T16:45:43Z</time><speed>0.564</speed><sat>24</sat></trkpt>
  <trkpt lat="-33.99496667" lon="-139.99465370"><ele>24.500</ele><time>2026-08-20T16:45:44Z</time><speed>0.000</speed><sat>24</sat></trkpt>
  <trkpt lat="-33.99497167" lon="-139.99466553"><ele>24.200</ele><time>2026-08-20T16:45:45Z</time><speed>0.000</speed><sat>24</sat></trkpt>
  <trkpt lat="-33.99497667" lon="-139.99467973"><ele>24.100</ele><time>2026-08-20T16:45:46Z</time><speed>0.560</speed><sat>25</sat></trkpt>
  <trkpt lat="-33.99498000" lon="-139.99469156"><ele>25.100</ele><time>2026-08-20T16:45:47Z</time><speed>0.530</speed><sat>26</sat></trkpt>
  <trkpt lat="-33.99498000" lon="-139.99470457"><ele>24.900</ele><time>2026-08-20T16:45:48Z</time><speed>0.512</speed><sat>26</sat></trkpt>
  <trkpt lat="-33.99498333" lon="-139.99471640"><ele>25.000</ele><time>2026-08-20T16:45:49Z</time><speed>0.000</speed><sat>25</sat></trkpt>
  <trkpt lat="-33.99498333" lon="-139.99472822"><ele>24.800</ele><time>2026-08-20T16:45:50Z</time><speed>0.000</speed><sat>26</sat></trkpt>
  <trkpt lat="-33.99500000" lon="-139.99476016"><ele>25.500</ele><time>2026-08-20T16:45:51Z</time><speed>0.662</speed><sat>26</sat></trkpt>
  <trkpt lat="-33.99500500" lon="-139.99478145"><ele>26.400</ele><time>2026-08-20T16:45:52Z</time><speed>0.690</speed><sat>26</sat></trkpt>
  <trkpt lat="-33.99501000" lon="-139.99479446"><ele>27.300</ele><time>2026-08-20T16:45:53Z</time><speed>0.683</speed><sat>25</sat></trkpt>
  <trkpt lat="-33.99501500" lon="-139.99480511"><ele>28.100</ele><time>2026-08-20T16:45:54Z</time><speed>0.669</speed><sat>26</sat></trkpt>
  <trkpt lat="-33.99501500" lon="-139.99481693"><ele>28.500</ele><time>2026-08-20T16:45:55Z</time><speed>0.666</speed><sat>26</sat></trkpt>
  <trkpt lat="-33.99501833" lon="-139.99482876"><ele>29.200</ele><time>2026-08-20T16:45:56Z</time><speed>0.722</speed><sat>26</sat></trkpt>
  <trkpt lat="-33.99501833" lon="-139.99484177"><ele>29.900</ele><time>2026-08-20T16:45:57Z</time><speed>0.757</speed><sat>26</sat></trkpt>
  <trkpt lat="-33.99502167" lon="-139.99486188"><ele>31.000</ele><time>2026-08-20T16:45:58Z</time><speed>0.897</speed><sat>24</sat></trkpt>
  <trkpt lat="-33.99503167" lon="-139.99488080"><ele>31.800</ele><time>2026-08-20T16:45:59Z</time><speed>1.019</speed><sat>25</sat></trkpt>
  <trkpt lat="-33.99504167" lon="-139.99490683"><ele>33.200</ele><time>2026-08-20T16:46:00Z</time><speed>0.000</speed><sat>25</sat></trkpt>
  <trkpt lat="-33.99505000" lon="-139.99493285"><ele>34.700</ele><time>2026-08-20T16:46:01Z</time><speed>1.063</speed><sat>26</sat></trkpt>
  <trkpt lat="-33.99505000" lon="-139.99495177"><ele>35.800</ele><time>2026-08-20T16:46:02Z</time><speed>0.000</speed><sat>26</sat></trkpt>
  <trkpt lat="-33.99505500" lon="-139.99496833"><ele>36.600</ele><time>2026-08-20T16:46:03Z</time><speed>1.100</speed><sat>26</sat></trkpt>
  <trkpt lat="-33.99504833" lon="-139.99498489"><ele>36.500</ele><time>2026-08-20T16:46:04Z</time><speed>1.121</speed><sat>26</sat></trkpt>
  <trkpt lat="-33.99504833" lon="-139.99500027"><ele>37.500</ele><time>2026-08-20T16:46:05Z</time><speed>1.137</speed><sat>26</sat></trkpt>
  <trkpt lat="-33.99504500" lon="-139.99501328"><ele>38.300</ele><time>2026-08-20T16:46:06Z</time><speed>1.106</speed><sat>24</sat></trkpt>
  <trkpt lat="-33.99504167" lon="-139.99502866"><ele>38.900</ele><time>2026-08-20T16:46:07Z</time><speed>1.119</speed><sat>26</sat></trkpt>
  <trkpt lat="-33.99504667" lon="-139.99504285"><ele>39.400</ele><time>2026-08-20T16:46:08Z</time><speed>1.040</speed><sat>26</sat></trkpt>
  <trkpt lat="-33.99505167" lon="-139.99505705"><ele>39.900</ele><time>2026-08-20T16:46:09Z</time><speed>0.954</speed><sat>26</sat></trkpt>
  <trkpt lat="-33.99504500" lon="-139.99508070"><ele>40.100</ele><time>2026-08-20T16:46:10Z</time><speed>0.905</speed><sat>26</sat></trkpt>
  <trkpt lat="-33.99504833" lon="-139.99509489"><ele>39.900</ele><time>2026-08-20T16:46:11Z</time><speed>0.882</speed><sat>26</sat></trkpt>
  <trkpt lat="-33.99504833" lon="-139.99511382"><ele>40.900</ele><time>2026-08-20T16:46:12Z</time><speed>0.915</speed><sat>24</sat></trkpt>
  <trkpt lat="-33.99504833" lon="-139.99512801"><ele>41.600</ele><time>2026-08-20T16:46:13Z</time><speed>0.920</speed><sat>25</sat></trkpt>
  <trkpt lat="-33.99504833" lon="-139.99513984"><ele>42.100</ele><time>2026-08-20T16:46:14Z</time><speed>0.906</speed><sat>26</sat></trkpt>
  <trkpt lat="-33.99504667" lon="-139.99514930"><ele>42.500</ele><time>2026-08-20T16:46:15Z</time><speed>0.881</speed><sat>26</sat></trkpt>
  <trkpt lat="-33.99505000" lon="-139.99515285"><ele>43.100</ele><time>2026-08-20T16:46:16Z</time><speed>0.875</speed><sat>26</sat></trkpt>
  <trkpt lat="-33.99504833" lon="-139.99515995"><ele>43.300</ele><time>2026-08-20T16:46:17Z</time><speed>0.829</speed><sat>26</sat></trkpt>
  <trkpt lat="-33.99504500" lon="-139.99516586"><ele>43.200</ele><time>2026-08-20T16:46:18Z</time><speed>0.773</speed><sat>26</sat></trkpt>
  <trkpt lat="-33.99504667" lon="-139.99517177"><ele>43.500</ele><time>2026-08-20T16:46:19Z</time><speed>0.722</speed><sat>27</sat></trkpt>
  <trkpt lat="-33.99504667" lon="-139.99518006"><ele>43.800</ele><time>2026-08-20T16:46:20Z</time><speed>0.648</speed><sat>27</sat></trkpt>
  <trkpt lat="-33.99504667" lon="-139.99518834"><ele>43.900</ele><time>2026-08-20T16:46:21Z</time><speed>0.567</speed><sat>27</sat></trkpt>
  <trkpt lat="-33.99503667" lon="-139.99520135"><ele>43.400</ele><time>2026-08-20T16:46:22Z</time><speed>0.510</speed><sat>27</sat></trkpt>
  <trkpt lat="-33.99503000" lon="-139.99521554"><ele>43.300</ele><time>2026-08-20T16:46:23Z</time><speed>0.480</speed><sat>27</sat></trkpt>
  <trkpt lat="-33.99502500" lon="-139.99523092"><ele>43.900</ele><time>2026-08-20T16:46:24Z</time><speed>0.481</speed><sat>27</sat></trkpt>
  <trkpt lat="-33.99502500" lon="-139.99524629"><ele>43.700</ele><time>2026-08-20T16:46:25Z</time><speed>0.000</speed><sat>25</sat></trkpt>
  <trkpt lat="-33.99502000" lon="-139.99526167"><ele>43.800</ele><time>2026-08-20T16:46:26Z</time><speed>0.598</speed><sat>27</sat></trkpt>
  <trkpt lat="-33.99502000" lon="-139.99528060"><ele>43.800</ele><time>2026-08-20T16:46:27Z</time><speed>0.698</speed><sat>27</sat></trkpt>
  <trkpt lat="-33.99501667" lon="-139.99530306"><ele>44.200</ele><time>2026-08-20T16:46:28Z</time><speed>0.819</speed><sat>27</sat></trkpt>
  <trkpt lat="-33.99501833" lon="-139.99532673"><ele>44.500</ele><time>2026-08-20T16:46:29Z</time><speed>0.992</speed><sat>27</sat></trkpt>
  <trkpt lat="-33.99502333" lon="-139.99535038"><ele>44.700</ele><time>2026-08-20T16:46:30Z</time><speed>1.157</speed><sat>27</sat></trkpt>
  <trkpt lat="-33.99503000" lon="-139.99537403"><ele>45.100</ele><time>2026-08-20T16:46:31Z</time><speed>1.326</speed><sat>27</sat></trkpt>
  <trkpt lat="-33.99503167" lon="-139.99539651"><ele>45.400</ele><time>2026-08-20T16:46:32Z</time><speed>0.000</speed><sat>27</sat></trkpt>
  <trkpt lat="-33.99503000" lon="-139.99541307"><ele>45.800</ele><time>2026-08-20T16:46:33Z</time><speed>1.630</speed><sat>26</sat></trkpt>
  <trkpt lat="-33.99503667" lon="-139.99543554"><ele>46.400</ele><time>2026-08-20T16:46:34Z</time><speed>1.806</speed><sat>26</sat></trkpt>
  <trkpt lat="-33.99503667" lon="-139.99545328"><ele>46.900</ele><time>2026-08-20T16:46:35Z</time><speed>1.945</speed><sat>25</sat></trkpt>
  <trkpt lat="-33.99503167" lon="-139.99546748"><ele>47.000</ele><time>2026-08-20T16:46:36Z</time><speed>2.016</speed><sat>25</sat></trkpt>
  <trkpt lat="-33.99502833" lon="-139.99547103"><ele>47.100</ele><time>2026-08-20T16:46:37Z</time><speed>1.962</speed><sat>25</sat></trkpt>
  <trkpt lat="-33.99502667" lon="-139.99547694"><ele>47.200</ele><time>2026-08-20T16:46:38Z</time><speed>1.856</speed><sat>25</sat></trkpt>
  <trkpt lat="-33.99502333" lon="-139.99548167"><ele>47.500</ele><time>2026-08-20T16:46:39Z</time><speed>1.699</speed><sat>24</sat></trkpt>
  <trkpt lat="-33.99502167" lon="-139.99548640"><ele>47.600</ele><time>2026-08-20T16:46:40Z</time><speed>1.545</speed><sat>24</sat></trkpt>
  <trkpt lat="-33.99501333" lon="-139.99550178"><ele>47.600</ele><time>2026-08-20T16:46:41Z</time><speed>1.369</speed><sat>24</sat></trkpt>
  <trkpt lat="-33.99500333" lon="-139.99550178"><ele>46.400</ele><time>2026-08-20T16:46:42Z</time><speed>1.190</speed><sat>24</sat></trkpt>
  <trkpt lat="-33.99499667" lon="-139.99550770"><ele>45.400</ele><time>2026-08-20T16:46:43Z</time><speed>1.002</speed><sat>24</sat></trkpt>
  <trkpt lat="-33.99499667" lon="-139.99551124"><ele>44.800</ele><time>2026-08-20T16:46:44Z</time><speed>0.775</speed><sat>23</sat></trkpt>
  <trkpt lat="-33.99499167" lon="-139.99551834"><ele>44.400</ele><time>2026-08-20T16:46:45Z</time><speed>0.590</speed><sat>24</sat></trkpt>
  <trkpt lat="-33.99498833" lon="-139.99552307"><ele>43.700</ele><time>2026-08-20T16:46:46Z</time><speed>0.494</speed><sat>24</sat></trkpt>
  <trkpt lat="-33.99498333" lon="-139.99553016"><ele>42.900</ele><time>2026-08-20T16:46:47Z</time><speed>0.485</speed><sat>24</sat></trkpt>
  <trkpt lat="-33.99498333" lon="-139.99554436"><ele>41.900</ele><time>2026-08-20T16:46:48Z</time><speed>0.493</speed><sat>24</sat></trkpt>
  <trkpt lat="-33.99498000" lon="-139.99555264"><ele>40.900</ele><time>2026-08-20T16:46:49Z</time><speed>0.492</speed><sat>24</sat></trkpt>
  <trkpt lat="-33.99498167" lon="-139.99557393"><ele>39.800</ele><time>2026-08-20T16:46:50Z</time><speed>0.526</speed><sat>24</sat></trkpt>
  <trkpt lat="-33.99498333" lon="-139.99559286"><ele>39.400</ele><time>2026-08-20T16:46:51Z</time><speed>0.625</speed><sat>24</sat></trkpt>
  <trkpt lat="-33.99498333" lon="-139.99561887"><ele>39.200</ele><time>2026-08-20T16:46:52Z</time><speed>0.749</speed><sat>24</sat></trkpt>
  <trkpt lat="-33.99498333" lon="-139.99564135"><ele>38.700</ele><time>2026-08-20T16:46:53Z</time><speed>0.846</speed><sat>24</sat></trkpt>
  <trkpt lat="-33.99498500" lon="-139.99565909"><ele>38.200</ele><time>2026-08-20T16:46:54Z</time><speed>0.899</speed><sat>25</sat></trkpt>
  <trkpt lat="-33.99499333" lon="-139.99567210"><ele>37.800</ele><time>2026-08-20T16:46:55Z</time><speed>0.920</speed><sat>24</sat></trkpt>
  <trkpt lat="-33.99500000" lon="-139.99568629"><ele>37.100</ele><time>2026-08-20T16:46:56Z</time><speed>0.914</speed><sat>25</sat></trkpt>
  <trkpt lat="-33.99500667" lon="-139.99569694"><ele>36.800</ele><time>2026-08-20T16:46:57Z</time><speed>0.884</speed><sat>26</sat></trkpt>
  <trkpt lat="-33.99501000" lon="-139.99570286"><ele>36.400</ele><time>2026-08-20T16:46:58Z</time><speed>0.869</speed><sat>25</sat></trkpt>
  <trkpt lat="-33.99501000" lon="-139.99570877"><ele>35.700</ele><time>2026-08-20T16:46:59Z</time><speed>0.823</speed><sat>26</sat></trkpt>
  <trkpt lat="-33.99501167" lon="-139.99571705"><ele>35.400</ele><time>2026-08-20T16:47:00Z</time><speed>0.788</speed><sat>25</sat></trkpt>
  <trkpt lat="-33.99501167" lon="-139.99572533"><ele>35.000</ele><time>2026-08-20T16:47:01Z</time><speed>0.669</speed><sat>26</sat></trkpt>
  <trkpt lat="-33.99501000" lon="-139.99573479"><ele>34.500</ele><time>2026-08-20T16:47:02Z</time><speed>0.533</speed><sat>26</sat></trkpt>
  <trkpt lat="-33.99501500" lon="-139.99574425"><ele>34.100</ele><time>2026-08-20T16:47:03Z</time><speed>0.440</speed><sat>25</sat></trkpt>
  <trkpt lat="-33.99501667" lon="-139.99575254"><ele>33.800</ele><time>2026-08-20T16:47:04Z</time><speed>0.000</speed><sat>27</sat></trkpt>
  <trkpt lat="-33.99501833" lon="-139.99576081"><ele>33.700</ele><time>2026-08-20T16:47:05Z</time><speed>0.000</speed><sat>26</sat></trkpt>
  <trkpt lat="-33.99502833" lon="-139.99578447"><ele>33.800</ele><time>2026-08-20T16:47:06Z</time><speed>0.477</speed><sat>26</sat></trkpt>
  <trkpt lat="-33.99503833" lon="-139.99581404"><ele>34.000</ele><time>2026-08-20T16:47:07Z</time><speed>0.640</speed><sat>26</sat></trkpt>
  <trkpt lat="-33.99505000" lon="-139.99585307"><ele>34.500</ele><time>2026-08-20T16:47:08Z</time><speed>0.869</speed><sat>25</sat></trkpt>
  <trkpt lat="-33.99505833" lon="-139.99586845"><ele>35.100</ele><time>2026-08-20T16:47:09Z</time><speed>1.072</speed><sat>25</sat></trkpt>
  <trkpt lat="-33.99506667" lon="-139.99588974"><ele>35.900</ele><time>2026-08-20T16:47:10Z</time><speed>1.185</speed><sat>25</sat></trkpt>
  <trkpt lat="-33.99507333" lon="-139.99590748"><ele>36.700</ele><time>2026-08-20T16:47:11Z</time><speed>1.354</speed><sat>24</sat></trkpt>
  <trkpt lat="-33.99507667" lon="-139.99591813"><ele>37.100</ele><time>2026-08-20T16:47:12Z</time><speed>0.000</speed><sat>25</sat></trkpt>
  <trkpt lat="-33.99507333" lon="-139.99592286"><ele>37.000</ele><time>2026-08-20T16:47:13Z</time><speed>1.411</speed><sat>26</sat></trkpt>
  <trkpt lat="-33.99507000" lon="-139.99592759"><ele>37.100</ele><time>2026-08-20T16:47:14Z</time><speed>1.405</speed><sat>26</sat></trkpt>
  <trkpt lat="-33.99506333" lon="-139.99592877"><ele>37.000</ele><time>2026-08-20T16:47:15Z</time><speed>1.403</speed><sat>25</sat></trkpt>
  <trkpt lat="-33.99505500" lon="-139.99592168"><ele>37.000</ele><time>2026-08-20T16:47:16Z</time><speed>1.300</speed><sat>26</sat></trkpt>
  <trkpt lat="-33.99505833" lon="-139.99592404"><ele>37.000</ele><time>2026-08-20T16:47:17Z</time><speed>1.172</speed><sat>23</sat></trkpt>
  <trkpt lat="-33.99505667" lon="-139.99592759"><ele>37.100</ele><time>2026-08-20T16:47:18Z</time><speed>0.980</speed><sat>23</sat></trkpt>
  <trkpt lat="-33.99505167" lon="-139.99593468"><ele>37.200</ele><time>2026-08-20T16:47:19Z</time><speed>0.854</speed><sat>24</sat></trkpt>
  <trkpt lat="-33.99504167" lon="-139.99593823"><ele>37.000</ele><time>2026-08-20T16:47:20Z</time><speed>0.805</speed><sat>24</sat></trkpt>
  <trkpt lat="-33.99503667" lon="-139.99593942"><ele>37.200</ele><time>2026-08-20T16:47:21Z</time><speed>0.692</speed><sat>25</sat></trkpt>
  <trkpt lat="-33.99503167" lon="-139.99593823"><ele>37.200</ele><time>2026-08-20T16:47:22Z</time><speed>0.688</speed><sat>26</sat></trkpt>
  <trkpt lat="-33.99502000" lon="-139.99593942"><ele>36.800</ele><time>2026-08-20T16:47:23Z</time><speed>0.747</speed><sat>26</sat></trkpt>
  <trkpt lat="-33.99501500" lon="-139.99594178"><ele>36.700</ele><time>2026-08-20T16:47:24Z</time><speed>0.790</speed><sat>26</sat></trkpt>
  <trkpt lat="-33.99501000" lon="-139.99595006"><ele>36.400</ele><time>2026-08-20T16:47:25Z</time><speed>0.000</speed><sat>26</sat></trkpt>
  <trkpt lat="-33.99500500" lon="-139.99596544"><ele>36.100</ele><time>2026-08-20T16:47:26Z</time><speed>0.000</speed><sat>26</sat></trkpt>
  <trkpt lat="-33.99499833" lon="-139.99597845"><ele>35.700</ele><time>2026-08-20T16:47:27Z</time><speed>0.803</speed><sat>27</sat></trkpt>
  <trkpt lat="-33.99499333" lon="-139.99598673"><ele>35.400</ele><time>2026-08-20T16:47:28Z</time><speed>0.000</speed><sat>26</sat></trkpt>
  <trkpt lat="-33.99498667" lon="-139.99599383"><ele>35.000</ele><time>2026-08-20T16:47:29Z</time><speed>0.790</speed><sat>26</sat></trkpt>
  <trkpt lat="-33.99498333" lon="-139.99600565"><ele>35.200</ele><time>2026-08-20T16:47:30Z</time><speed>0.737</speed><sat>25</sat></trkpt>
  <trkpt lat="-33.99498000" lon="-139.99601985"><ele>35.200</ele><time>2026-08-20T16:47:31Z</time><speed>0.729</speed><sat>25</sat></trkpt>
  <trkpt lat="-33.99498000" lon="-139.99603996"><ele>35.600</ele><time>2026-08-20T16:47:32Z</time><speed>0.749</speed><sat>26</sat></trkpt>
  <trkpt lat="-33.99498500" lon="-139.99605297"><ele>36.500</ele><time>2026-08-20T16:47:33Z</time><speed>0.799</speed><sat>26</sat></trkpt>
  <trkpt lat="-33.99499000" lon="-139.99606716"><ele>37.700</ele><time>2026-08-20T16:47:34Z</time><speed>0.914</speed><sat>26</sat></trkpt>
  <trkpt lat="-33.99500000" lon="-139.99608135"><ele>39.100</ele><time>2026-08-20T16:47:35Z</time><speed>0.000</speed><sat>26</sat></trkpt>
  <trkpt lat="-33.99501167" lon="-139.99608964"><ele>40.500</ele><time>2026-08-20T16:47:36Z</time><speed>0.000</speed><sat>26</sat></trkpt>
  <trkpt lat="-33.99501833" lon="-139.99609555"><ele>41.500</ele><time>2026-08-20T16:47:37Z</time><speed>1.123</speed><sat>26</sat></trkpt>
  <trkpt lat="-33.99502833" lon="-139.99609555"><ele>41.800</ele><time>2026-08-20T16:47:38Z</time><speed>1.117</speed><sat>27</sat></trkpt>
  <trkpt lat="-33.99503667" lon="-139.99609791"><ele>42.400</ele><time>2026-08-20T16:47:39Z</time><speed>1.087</speed><sat>27</sat></trkpt>
  <trkpt lat="-33.99504833" lon="-139.99609910"><ele>42.900</ele><time>2026-08-20T16:47:40Z</time><speed>1.071</speed><sat>27</sat></trkpt>
  <trkpt lat="-33.99506167" lon="-139.99610146"><ele>43.200</ele><time>2026-08-20T16:47:41Z</time><speed>1.245</speed><sat>27</sat></trkpt>
  <trkpt lat="-33.99506333" lon="-139.99612157"><ele>42.700</ele><time>2026-08-20T16:47:42Z</time><speed>1.314</speed><sat>27</sat></trkpt>
  <trkpt lat="-33.99506167" lon="-139.99613222"><ele>42.100</ele><time>2026-08-20T16:47:43Z</time><speed>1.289</speed><sat>28</sat></trkpt>
  <trkpt lat="-33.99505833" lon="-139.99613222"><ele>41.500</ele><time>2026-08-20T16:47:44Z</time><speed>1.150</speed><sat>27</sat></trkpt>
  <trkpt lat="-33.99505667" lon="-139.99614168"><ele>40.500</ele><time>2026-08-20T16:47:45Z</time><speed>1.063</speed><sat>27</sat></trkpt>
  <trkpt lat="-33.99505833" lon="-139.99615232"><ele>39.700</ele><time>2026-08-20T16:47:46Z</time><speed>1.063</speed><sat>26</sat></trkpt>
  <trkpt lat="-33.99505667" lon="-139.99616652"><ele>38.900</ele><time>2026-08-20T16:47:47Z</time><speed>1.081</speed><sat>26</sat></trkpt>
  <trkpt lat="-33.99505833" lon="-139.99618307"><ele>38.500</ele><time>2026-08-20T16:47:48Z</time><speed>1.156</speed><sat>26</sat></trkpt>
  <trkpt lat="-33.99506333" lon="-139.99620555"><ele>38.500</ele><time>2026-08-20T16:47:49Z</time><speed>1.303</speed><sat>26</sat></trkpt>
  <trkpt lat="-33.99507000" lon="-139.99621974"><ele>37.900</ele><time>2026-08-20T16:47:50Z</time><speed>1.446</speed><sat>26</sat></trkpt>
  <trkpt lat="-33.99507667" lon="-139.99623394"><ele>37.600</ele><time>2026-08-20T16:47:51Z</time><speed>1.382</speed><sat>26</sat></trkpt>
  <trkpt lat="-33.99507667" lon="-139.99624577"><ele>37.200</ele><time>2026-08-20T16:47:52Z</time><speed>1.341</speed><sat>26</sat></trkpt>
  <trkpt lat="-33.99507833" lon="-139.99625404"><ele>36.800</ele><time>2026-08-20T16:47:53Z</time><speed>1.344</speed><sat>26</sat></trkpt>
  <trkpt lat="-33.99507833" lon="-139.99626469"><ele>36.600</ele><time>2026-08-20T16:47:54Z</time><speed>1.411</speed><sat>24</sat></trkpt>
  <trkpt lat="-33.99508000" lon="-139.99627770"><ele>36.200</ele><time>2026-08-20T16:47:55Z</time><speed>1.459</speed><sat>24</sat></trkpt>
  <trkpt lat="-33.99508667" lon="-139.99629545"><ele>35.700</ele><time>2026-08-20T16:47:56Z</time><speed>1.516</speed><sat>24</sat></trkpt>
  <trkpt lat="-33.99509000" lon="-139.99631319"><ele>35.500</ele><time>2026-08-20T16:47:57Z</time><speed>1.611</speed><sat>25</sat></trkpt>
  <trkpt lat="-33.99509500" lon="-139.99633566"><ele>35.600</ele><time>2026-08-20T16:47:58Z</time><speed>1.661</speed><sat>26</sat></trkpt>
  <trkpt lat="-33.99509667" lon="-139.99635340"><ele>35.500</ele><time>2026-08-20T16:47:59Z</time><speed>1.561</speed><sat>25</sat></trkpt>
  <trkpt lat="-33.99509000" lon="-139.99636287"><ele>35.200</ele><time>2026-08-20T16:48:00Z</time><speed>1.430</speed><sat>24</sat></trkpt>
  <trkpt lat="-33.99508667" lon="-139.99637114"><ele>34.900</ele><time>2026-08-20T16:48:01Z</time><speed>1.332</speed><sat>24</sat></trkpt>
  <trkpt lat="-33.99507667" lon="-139.99637942"><ele>34.500</ele><time>2026-08-20T16:48:02Z</time><speed>1.285</speed><sat>26</sat></trkpt>
  <trkpt lat="-33.99505833" lon="-139.99637942"><ele>34.200</ele><time>2026-08-20T16:48:03Z</time><speed>1.335</speed><sat>27</sat></trkpt>
  <trkpt lat="-33.99504667" lon="-139.99638061"><ele>33.800</ele><time>2026-08-20T16:48:04Z</time><speed>1.378</speed><sat>27</sat></trkpt>
  <trkpt lat="-33.99504167" lon="-139.99638533"><ele>33.600</ele><time>2026-08-20T16:48:05Z</time><speed>1.384</speed><sat>27</sat></trkpt>
  <trkpt lat="-33.99503833" lon="-139.99639125"><ele>33.000</ele><time>2026-08-20T16:48:06Z</time><speed>1.286</speed><sat>27</sat></trkpt>
  <trkpt lat="-33.99503333" lon="-139.99639953"><ele>32.400</ele><time>2026-08-20T16:48:07Z</time><speed>1.156</speed><sat>26</sat></trkpt>
  <trkpt lat="-33.99503500" lon="-139.99641727"><ele>31.800</ele><time>2026-08-20T16:48:08Z</time><speed>1.048</speed><sat>26</sat></trkpt>
  <trkpt lat="-33.99503833" lon="-139.99643738"><ele>31.100</ele><time>2026-08-20T16:48:09Z</time><speed>1.039</speed><sat>26</sat></trkpt>
  <trkpt lat="-33.99504000" lon="-139.99645158"><ele>30.400</ele><time>2026-08-20T16:48:10Z</time><speed>1.056</speed><sat>26</sat></trkpt>
  <trkpt lat="-33.99503500" lon="-139.99646340"><ele>29.700</ele><time>2026-08-20T16:48:11Z</time><speed>1.076</speed><sat>25</sat></trkpt>
  <trkpt lat="-33.99503333" lon="-139.99647168"><ele>28.900</ele><time>2026-08-20T16:48:12Z</time><speed>1.064</speed><sat>24</sat></trkpt>
  <trkpt lat="-33.99503000" lon="-139.99647878"><ele>28.000</ele><time>2026-08-20T16:48:13Z</time><speed>0.985</speed><sat>26</sat></trkpt>
  <trkpt lat="-33.99502167" lon="-139.99647996"><ele>27.300</ele><time>2026-08-20T16:48:14Z</time><speed>0.954</speed><sat>26</sat></trkpt>
  <trkpt lat="-33.99501333" lon="-139.99647996"><ele>26.400</ele><time>2026-08-20T16:48:15Z</time><speed>0.980</speed><sat>26</sat></trkpt>
  <trkpt lat="-33.99501000" lon="-139.99649652"><ele>25.500</ele><time>2026-08-20T16:48:16Z</time><speed>1.060</speed><sat>26</sat></trkpt>
  <trkpt lat="-33.99500167" lon="-139.99649416"><ele>24.300</ele><time>2026-08-20T16:48:17Z</time><speed>1.179</speed><sat>26</sat></trkpt>
  <trkpt lat="-33.99499833" lon="-139.99650362"><ele>23.300</ele><time>2026-08-20T16:48:18Z</time><speed>1.300</speed><sat>25</sat></trkpt>
  <trkpt lat="-33.99500500" lon="-139.99652254"><ele>22.400</ele><time>2026-08-20T16:48:19Z</time><speed>1.325</speed><sat>25</sat></trkpt>
  <trkpt lat="-33.99501833" lon="-139.99655330"><ele>21.600</ele><time>2026-08-20T16:48:20Z</time><speed>1.278</speed><sat>24</sat></trkpt>
  <trkpt lat="-33.99502167" lon="-139.99657104"><ele>21.400</ele><time>2026-08-20T16:48:21Z</time><speed>1.202</speed><sat>24</sat></trkpt>
  <trkpt lat="-33.99502500" lon="-139.99658878"><ele>21.100</ele><time>2026-08-20T16:48:22Z</time><speed>1.163</speed><sat>25</sat></trkpt>
  <trkpt lat="-33.99503000" lon="-139.99661835"><ele>20.900</ele><time>2026-08-20T16:48:23Z</time><speed>1.157</speed><sat>25</sat></trkpt>
  <trkpt lat="-33.99503500" lon="-139.99664555"><ele>20.500</ele><time>2026-08-20T16:48:24Z</time><speed>1.110</speed><sat>25</sat></trkpt>
  <trkpt lat="-33.99504000" lon="-139.99666921"><ele>20.400</ele><time>2026-08-20T16:48:25Z</time><speed>1.082</speed><sat>25</sat></trkpt>
  <trkpt lat="-33.99504833" lon="-139.99668695"><ele>20.100</ele><time>2026-08-20T16:48:26Z</time><speed>1.024</speed><sat>26</sat></trkpt>
  <trkpt lat="-33.99506500" lon="-139.99669760"><ele>19.900</ele><time>2026-08-20T16:48:27Z</time><speed>0.934</speed><sat>26</sat></trkpt>
  <trkpt lat="-33.99508000" lon="-139.99670114"><ele>19.800</ele><time>2026-08-20T16:48:28Z</time><speed>0.830</speed><sat>25</sat></trkpt>
  <trkpt lat="-33.99509333" lon="-139.99670351"><ele>19.700</ele><time>2026-08-20T16:48:29Z</time><speed>0.794</speed><sat>25</sat></trkpt>
  <trkpt lat="-33.99510500" lon="-139.99670469"><ele>19.700</ele><time>2026-08-20T16:48:30Z</time><speed>0.893</speed><sat>25</sat></trkpt>
  <trkpt lat="-33.99511500" lon="-139.99669642"><ele>20.100</ele><time>2026-08-20T16:48:31Z</time><speed>1.011</speed><sat>25</sat></trkpt>
  <trkpt lat="-33.99512833" lon="-139.99669287"><ele>20.300</ele><time>2026-08-20T16:48:32Z</time><speed>1.079</speed><sat>25</sat></trkpt>
  <trkpt lat="-33.99514833" lon="-139.99668814"><ele>21.500</ele><time>2026-08-20T16:48:33Z</time><speed>1.129</speed><sat>26</sat></trkpt>
  <trkpt lat="-33.99515833" lon="-139.99668577"><ele>22.300</ele><time>2026-08-20T16:48:34Z</time><speed>1.073</speed><sat>27</sat></trkpt>
  <trkpt lat="-33.99515833" lon="-139.99668459"><ele>23.100</ele><time>2026-08-20T16:48:35Z</time><speed>0.968</speed><sat>27</sat></trkpt>
  <trkpt lat="-33.99515833" lon="-139.99668695"><ele>24.000</ele><time>2026-08-20T16:48:36Z</time><speed>0.881</speed><sat>27</sat></trkpt>
  <trkpt lat="-33.99515833" lon="-139.99668814"><ele>25.200</ele><time>2026-08-20T16:48:37Z</time><speed>0.781</speed><sat>28</sat></trkpt>
  <trkpt lat="-33.99515667" lon="-139.99669050"><ele>26.100</ele><time>2026-08-20T16:48:38Z</time><speed>0.701</speed><sat>28</sat></trkpt>
  <trkpt lat="-33.99515333" lon="-139.99669050"><ele>26.800</ele><time>2026-08-20T16:48:39Z</time><speed>0.641</speed><sat>27</sat></trkpt>
  <trkpt lat="-33.99515167" lon="-139.99669050"><ele>27.300</ele><time>2026-08-20T16:48:40Z</time><speed>0.531</speed><sat>27</sat></trkpt>
  <trkpt lat="-33.99515000" lon="-139.99669168"><ele>27.500</ele><time>2026-08-20T16:48:41Z</time><speed>0.406</speed><sat>27</sat></trkpt>
  <trkpt lat="-33.99513667" lon="-139.99668222"><ele>27.500</ele><time>2026-08-20T16:48:42Z</time><speed>0.000</speed><sat>25</sat></trkpt>
  <trkpt lat="-33.99513333" lon="-139.99668104"><ele>27.400</ele><time>2026-08-20T16:48:43Z</time><speed>0.267</speed><sat>25</sat></trkpt>
  <trkpt lat="-33.99513500" lon="-139.99668459"><ele>27.200</ele><time>2026-08-20T16:48:44Z</time><speed>0.000</speed><sat>25</sat></trkpt>
  <trkpt lat="-33.99513833" lon="-139.99668932"><ele>26.900</ele><time>2026-08-20T16:48:45Z</time><speed>0.000</speed><sat>26</sat></trkpt>
  <trkpt lat="-33.99514333" lon="-139.99669523"><ele>26.500</ele><time>2026-08-20T16:48:46Z</time><speed>0.396</speed><sat>27</sat></trkpt>
  <trkpt lat="-33.99515000" lon="-139.99669760"><ele>26.100</ele><time>2026-08-20T16:48:47Z</time><speed>0.000</speed><sat>26</sat></trkpt>
  <trkpt lat="-33.99516167" lon="-139.99669523"><ele>25.600</ele><time>2026-08-20T16:48:48Z</time><speed>0.443</speed><sat>27</sat></trkpt>
  <trkpt lat="-33.99517000" lon="-139.99669405"><ele>24.800</ele><time>2026-08-20T16:48:49Z</time><speed>0.448</speed><sat>26</sat></trkpt>
  <trkpt lat="-33.99517333" lon="-139.99669168"><ele>24.200</ele><time>2026-08-20T16:48:50Z</time><speed>0.442</speed><sat>27</sat></trkpt>
  <trkpt lat="-33.99518167" lon="-139.99669405"><ele>23.400</ele><time>2026-08-20T16:48:51Z</time><speed>0.445</speed><sat>28</sat></trkpt>
  <trkpt lat="-33.99519667" lon="-139.99669168"><ele>23.000</ele><time>2026-08-20T16:48:52Z</time><speed>0.461</speed><sat>27</sat></trkpt>
  <trkpt lat="-33.99520833" lon="-139.99668104"><ele>22.700</ele><time>2026-08-20T16:48:53Z</time><speed>0.500</speed><sat>27</sat></trkpt>
  <trkpt lat="-33.99522000" lon="-139.99667394"><ele>22.200</ele><time>2026-08-20T16:48:54Z</time><speed>0.527</speed><sat>27</sat></trkpt>
  <trkpt lat="-33.99523000" lon="-139.99666566"><ele>22.100</ele><time>2026-08-20T16:48:55Z</time><speed>0.503</speed><sat>28</sat></trkpt>
  <trkpt lat="-33.99524500" lon="-139.99665856"><ele>22.000</ele><time>2026-08-20T16:48:56Z</time><speed>0.556</speed><sat>28</sat></trkpt>
  <trkpt lat="-33.99525833" lon="-139.99663964"><ele>22.100</ele><time>2026-08-20T16:48:57Z</time><speed>0.672</speed><sat>28</sat></trkpt>
  <trkpt lat="-33.99527500" lon="-139.99662663"><ele>21.700</ele><time>2026-08-20T16:48:58Z</time><speed>0.797</speed><sat>28</sat></trkpt>
  <trkpt lat="-33.99529167" lon="-139.99660297"><ele>22.000</ele><time>2026-08-20T16:48:59Z</time><speed>0.961</speed><sat>27</sat></trkpt>
  <trkpt lat="-33.99530500" lon="-139.99658287"><ele>22.500</ele><time>2026-08-20T16:49:00Z</time><speed>1.165</speed><sat>27</sat></trkpt>
  <trkpt lat="-33.99531333" lon="-139.99656749"><ele>23.300</ele><time>2026-08-20T16:49:01Z</time><speed>1.390</speed><sat>27</sat></trkpt>
  <trkpt lat="-33.99533000" lon="-139.99654384"><ele>24.800</ele><time>2026-08-20T16:49:02Z</time><speed>1.560</speed><sat>25</sat></trkpt>
  <trkpt lat="-33.99534167" lon="-139.99652136"><ele>26.200</ele><time>2026-08-20T16:49:03Z</time><speed>1.709</speed><sat>25</sat></trkpt>
  <trkpt lat="-33.99535333" lon="-139.99649888"><ele>27.300</ele><time>2026-08-20T16:49:04Z</time><speed>1.909</speed><sat>24</sat></trkpt>
  <trkpt lat="-33.99537000" lon="-139.99649061"><ele>29.400</ele><time>2026-08-20T16:49:05Z</time><speed>2.104</speed><sat>25</sat></trkpt>
  <trkpt lat="-33.99539167" lon="-139.99647287"><ele>31.400</ele><time>2026-08-20T16:49:06Z</time><speed>2.251</speed><sat>26</sat></trkpt>
  <trkpt lat="-33.99541167" lon="-139.99645749"><ele>33.000</ele><time>2026-08-20T16:49:07Z</time><speed>2.296</speed><sat>26</sat></trkpt>
  <trkpt lat="-33.99542500" lon="-139.99644684"><ele>34.900</ele><time>2026-08-20T16:49:08Z</time><speed>2.387</speed><sat>26</sat></trkpt>
  <trkpt lat="-33.99543833" lon="-139.99643265"><ele>36.500</ele><time>2026-08-20T16:49:09Z</time><speed>2.439</speed><sat>26</sat></trkpt>
  <trkpt lat="-33.99545167" lon="-139.99640900"><ele>38.400</ele><time>2026-08-20T16:49:10Z</time><speed>2.464</speed><sat>24</sat></trkpt>
  <trkpt lat="-33.99546667" lon="-139.99638652"><ele>40.100</ele><time>2026-08-20T16:49:11Z</time><speed>2.468</speed><sat>25</sat></trkpt>
  <trkpt lat="-33.99548333" lon="-139.99636996"><ele>40.700</ele><time>2026-08-20T16:49:12Z</time><speed>2.420</speed><sat>25</sat></trkpt>
  <trkpt lat="-33.99549500" lon="-139.99636287"><ele>40.800</ele><time>2026-08-20T16:49:13Z</time><speed>2.314</speed><sat>26</sat></trkpt>
  <trkpt lat="-33.99550167" lon="-139.99636641"><ele>41.400</ele><time>2026-08-20T16:49:14Z</time><speed>2.102</speed><sat>25</sat></trkpt>
  <trkpt lat="-33.99551000" lon="-139.99637114"><ele>41.500</ele><time>2026-08-20T16:49:15Z</time><speed>1.894</speed><sat>25</sat></trkpt>
  <trkpt lat="-33.99551833" lon="-139.99638888"><ele>39.700</ele><time>2026-08-20T16:49:16Z</time><speed>1.692</speed><sat>25</sat></trkpt>
  <trkpt lat="-33.99553167" lon="-139.99640071"><ele>39.300</ele><time>2026-08-20T16:49:17Z</time><speed>1.581</speed><sat>25</sat></trkpt>
  <trkpt lat="-33.99554333" lon="-139.99641017"><ele>39.100</ele><time>2026-08-20T16:49:18Z</time><speed>1.431</speed><sat>26</sat></trkpt>
  <trkpt lat="-33.99555000" lon="-139.99641727"><ele>39.100</ele><time>2026-08-20T16:49:19Z</time><speed>1.289</speed><sat>27</sat></trkpt>
  <trkpt lat="-33.99555833" lon="-139.99642082"><ele>39.300</ele><time>2026-08-20T16:49:20Z</time><speed>1.106</speed><sat>26</sat></trkpt>
  <trkpt lat="-33.99556500" lon="-139.99642319"><ele>39.300</ele><time>2026-08-20T16:49:21Z</time><speed>0.916</speed><sat>26</sat></trkpt>
  <trkpt lat="-33.99557167" lon="-139.99642792"><ele>39.400</ele><time>2026-08-20T16:49:22Z</time><speed>0.761</speed><sat>26</sat></trkpt>
  <trkpt lat="-33.99558000" lon="-139.99643146"><ele>39.400</ele><time>2026-08-20T16:49:23Z</time><speed>0.713</speed><sat>26</sat></trkpt>
  <trkpt lat="-33.99559167" lon="-139.99643975"><ele>39.300</ele><time>2026-08-20T16:49:24Z</time><speed>0.786</speed><sat>26</sat></trkpt>
  <trkpt lat="-33.99560500" lon="-139.99644684"><ele>39.200</ele><time>2026-08-20T16:49:25Z</time><speed>0.870</speed><sat>27</sat></trkpt>
  <trkpt lat="-33.99561833" lon="-139.99645275"><ele>39.200</ele><time>2026-08-20T16:49:26Z</time><speed>0.933</speed><sat>27</sat></trkpt>
  <trkpt lat="-33.99563000" lon="-139.99646458"><ele>39.000</ele><time>2026-08-20T16:49:27Z</time><speed>1.006</speed><sat>28</sat></trkpt>
  <trkpt lat="-33.99563833" lon="-139.99647523"><ele>38.800</ele><time>2026-08-20T16:49:28Z</time><speed>1.042</speed><sat>27</sat></trkpt>
  <trkpt lat="-33.99564667" lon="-139.99647878"><ele>38.100</ele><time>2026-08-20T16:49:29Z</time><speed>1.054</speed><sat>29</sat></trkpt>
  <trkpt lat="-33.99565833" lon="-139.99648114"><ele>37.500</ele><time>2026-08-20T16:49:30Z</time><speed>1.134</speed><sat>29</sat></trkpt>
  <trkpt lat="-33.99567000" lon="-139.99648588"><ele>37.300</ele><time>2026-08-20T16:49:31Z</time><speed>1.204</speed><sat>29</sat></trkpt>
  <trkpt lat="-33.99567833" lon="-139.99648588"><ele>37.200</ele><time>2026-08-20T16:49:32Z</time><speed>1.306</speed><sat>28</sat></trkpt>
  <trkpt lat="-33.99568500" lon="-139.99648588"><ele>36.900</ele><time>2026-08-20T16:49:33Z</time><speed>1.354</speed><sat>28</sat></trkpt>
  <trkpt lat="-33.99569167" lon="-139.99648588"><ele>36.800</ele><time>2026-08-20T16:49:34Z</time><speed>1.340</speed><sat>28</sat></trkpt>
  <trkpt lat="-33.99569500" lon="-139.99649297"><ele>36.500</ele><time>2026-08-20T16:49:35Z</time><speed>1.256</speed><sat>28</sat></trkpt>
  <trkpt lat="-33.99570000" lon="-139.99649771"><ele>36.500</ele><time>2026-08-20T16:49:36Z</time><speed>1.174</speed><sat>27</sat></trkpt>
  <trkpt lat="-33.99570500" lon="-139.99649771"><ele>36.600</ele><time>2026-08-20T16:49:37Z</time><speed>1.062</speed><sat>27</sat></trkpt>
  <trkpt lat="-33.99571167" lon="-139.99650243"><ele>36.800</ele><time>2026-08-20T16:49:38Z</time><speed>0.967</speed><sat>27</sat></trkpt>
  <trkpt lat="-33.99571833" lon="-139.99650125"><ele>36.700</ele><time>2026-08-20T16:49:39Z</time><speed>0.972</speed><sat>27</sat></trkpt>
  <trkpt lat="-33.99573667" lon="-139.99650480"><ele>36.900</ele><time>2026-08-20T16:49:40Z</time><speed>0.963</speed><sat>27</sat></trkpt>
  <trkpt lat="-33.99574667" lon="-139.99650953"><ele>36.700</ele><time>2026-08-20T16:49:41Z</time><speed>0.951</speed><sat>27</sat></trkpt>
  <trkpt lat="-33.99575333" lon="-139.99651663"><ele>36.500</ele><time>2026-08-20T16:49:42Z</time><speed>0.903</speed><sat>27</sat></trkpt>
  <trkpt lat="-33.99576000" lon="-139.99652017"><ele>36.200</ele><time>2026-08-20T16:49:43Z</time><speed>0.841</speed><sat>27</sat></trkpt>
  <trkpt lat="-33.99576500" lon="-139.99652491"><ele>35.900</ele><time>2026-08-20T16:49:44Z</time><speed>0.785</speed><sat>27</sat></trkpt>
  <trkpt lat="-33.99576667" lon="-139.99652964"><ele>35.600</ele><time>2026-08-20T16:49:45Z</time><speed>0.751</speed><sat>25</sat></trkpt>
  <trkpt lat="-33.99576500" lon="-139.99653437"><ele>35.500</ele><time>2026-08-20T16:49:46Z</time><speed>0.000</speed><sat>25</sat></trkpt>
  <trkpt lat="-33.99577000" lon="-139.99654620"><ele>35.300</ele><time>2026-08-20T16:49:47Z</time><speed>0.719</speed><sat>25</sat></trkpt>
  <trkpt lat="-33.99577667" lon="-139.99655803"><ele>34.500</ele><time>2026-08-20T16:49:48Z</time><speed>0.740</speed><sat>25</sat></trkpt>
  <trkpt lat="-33.99578667" lon="-139.99657222"><ele>33.300</ele><time>2026-08-20T16:49:49Z</time><speed>0.741</speed><sat>25</sat></trkpt>
  <trkpt lat="-33.99579167" lon="-139.99658168"><ele>32.700</ele><time>2026-08-20T16:49:50Z</time><speed>0.692</speed><sat>25</sat></trkpt>
  <trkpt lat="-33.99580500" lon="-139.99658168"><ele>32.500</ele><time>2026-08-20T16:49:51Z</time><speed>0.691</speed><sat>25</sat></trkpt>
  <trkpt lat="-33.99582000" lon="-139.99659114"><ele>31.400</ele><time>2026-08-20T16:49:52Z</time><speed>0.000</speed><sat>24</sat></trkpt>
  <trkpt lat="-33.99583333" lon="-139.99659824"><ele>30.200</ele><time>2026-08-20T16:49:53Z</time><speed>0.761</speed><sat>24</sat></trkpt>
  <trkpt lat="-33.99583500" lon="-139.99660416"><ele>28.900</ele><time>2026-08-20T16:49:54Z</time><speed>0.739</speed><sat>24</sat></trkpt>
  <trkpt lat="-33.99583667" lon="-139.99661007"><ele>27.100</ele><time>2026-08-20T16:49:55Z</time><speed>0.827</speed><sat>24</sat></trkpt>
  <trkpt lat="-33.99585333" lon="-139.99660652"><ele>26.600</ele><time>2026-08-20T16:49:56Z</time><speed>0.000</speed><sat>23</sat></trkpt>
  <trkpt lat="-33.99586500" lon="-139.99661362"><ele>25.700</ele><time>2026-08-20T16:49:57Z</time><speed>0.000</speed><sat>23</sat></trkpt>
  <trkpt lat="-33.99587333" lon="-139.99662190"><ele>24.700</ele><time>2026-08-20T16:49:58Z</time><speed>0.963</speed><sat>23</sat></trkpt>
  <trkpt lat="-33.99588000" lon="-139.99662426"><ele>23.100</ele><time>2026-08-20T16:49:59Z</time><speed>0.914</speed><sat>23</sat></trkpt>
  <trkpt lat="-33.99588167" lon="-139.99663136"><ele>22.500</ele><time>2026-08-20T16:50:00Z</time><speed>0.919</speed><sat>21</sat></trkpt>
  <trkpt lat="-33.99589667" lon="-139.99663846"><ele>22.000</ele><time>2026-08-20T16:50:01Z</time><speed>0.923</speed><sat>20</sat></trkpt>
  <trkpt lat="-33.99590667" lon="-139.99664319"><ele>21.700</ele><time>2026-08-20T16:50:02Z</time><speed>0.000</speed><sat>22</sat></trkpt>
  <trkpt lat="-33.99591500" lon="-139.99664910"><ele>21.700</ele><time>2026-08-20T16:50:03Z</time><speed>0.000</speed><sat>22</sat></trkpt>
  <trkpt lat="-33.99591833" lon="-139.99665384"><ele>21.300</ele><time>2026-08-20T16:50:04Z</time><speed>0.913</speed><sat>23</sat></trkpt>
  <trkpt lat="-33.99593167" lon="-139.99665620"><ele>20.800</ele><time>2026-08-20T16:50:05Z</time><speed>0.887</speed><sat>23</sat></trkpt>
  <trkpt lat="-33.99594000" lon="-139.99666448"><ele>21.000</ele><time>2026-08-20T16:50:06Z</time><speed>0.862</speed><sat>24</sat></trkpt>
  <trkpt lat="-33.99595333" lon="-139.99667276"><ele>20.900</ele><time>2026-08-20T16:50:07Z</time><speed>0.895</speed><sat>24</sat></trkpt>
  <trkpt lat="-33.99596333" lon="-139.99668222"><ele>21.000</ele><time>2026-08-20T16:50:08Z</time><speed>0.000</speed><sat>24</sat></trkpt>
  <trkpt lat="-33.99597833" lon="-139.99669050"><ele>20.900</ele><time>2026-08-20T16:50:09Z</time><speed>0.968</speed><sat>23</sat></trkpt>
  <trkpt lat="-33.99598667" lon="-139.99670114"><ele>20.700</ele><time>2026-08-20T16:50:10Z</time><speed>0.995</speed><sat>23</sat></trkpt>
  <trkpt lat="-33.99599333" lon="-139.99670943"><ele>20.700</ele><time>2026-08-20T16:50:11Z</time><speed>0.978</speed><sat>24</sat></trkpt>
  <trkpt lat="-33.99600667" lon="-139.99671652"><ele>20.300</ele><time>2026-08-20T16:50:12Z</time><speed>0.969</speed><sat>24</sat></trkpt>
  <trkpt lat="-33.99601167" lon="-139.99672126"><ele>20.400</ele><time>2026-08-20T16:50:13Z</time><speed>0.000</speed><sat>24</sat></trkpt>
  <trkpt lat="-33.99602167" lon="-139.99672243"><ele>20.300</ele><time>2026-08-20T16:50:14Z</time><speed>0.000</speed><sat>24</sat></trkpt>
  <trkpt lat="-33.99603000" lon="-139.99672007"><ele>20.500</ele><time>2026-08-20T16:50:15Z</time><speed>0.906</speed><sat>24</sat></trkpt>
  <trkpt lat="-33.99603167" lon="-139.99671771"><ele>20.800</ele><time>2026-08-20T16:50:16Z</time><speed>0.841</speed><sat>24</sat></trkpt>
  <trkpt lat="-33.99603000" lon="-139.99671771"><ele>21.000</ele><time>2026-08-20T16:50:17Z</time><speed>0.738</speed><sat>24</sat></trkpt>
  <trkpt lat="-33.99603500" lon="-139.99671771"><ele>21.300</ele><time>2026-08-20T16:50:18Z</time><speed>0.656</speed><sat>24</sat></trkpt>
  <trkpt lat="-33.99604333" lon="-139.99671534"><ele>21.300</ele><time>2026-08-20T16:50:19Z</time><speed>0.583</speed><sat>24</sat></trkpt>
  <trkpt lat="-33.99605167" lon="-139.99671652"><ele>21.200</ele><time>2026-08-20T16:50:20Z</time><speed>0.505</speed><sat>24</sat></trkpt>
  <trkpt lat="-33.99606500" lon="-139.99671771"><ele>20.900</ele><time>2026-08-20T16:50:21Z</time><speed>0.435</speed><sat>25</sat></trkpt>
  <trkpt lat="-33.99608000" lon="-139.99671652"><ele>21.100</ele><time>2026-08-20T16:50:22Z</time><speed>0.000</speed><sat>25</sat></trkpt>
  <trkpt lat="-33.99609500" lon="-139.99671771"><ele>21.100</ele><time>2026-08-20T16:50:23Z</time><speed>0.000</speed><sat>25</sat></trkpt>
  <trkpt lat="-33.99610333" lon="-139.99672717"><ele>21.400</ele><time>2026-08-20T16:50:24Z</time><speed>0.413</speed><sat>26</sat></trkpt>
  <trkpt lat="-33.99611500" lon="-139.99673426"><ele>22.200</ele><time>2026-08-20T16:50:25Z</time><speed>0.488</speed><sat>24</sat></trkpt>
  <trkpt lat="-33.99612333" lon="-139.99674136"><ele>22.900</ele><time>2026-08-20T16:50:26Z</time><speed>0.556</speed><sat>25</sat></trkpt>
  <trkpt lat="-33.99613333" lon="-139.99674372"><ele>23.500</ele><time>2026-08-20T16:50:27Z</time><speed>0.587</speed><sat>27</sat></trkpt>
  <trkpt lat="-33.99614333" lon="-139.99675082"><ele>24.200</ele><time>2026-08-20T16:50:28Z</time><speed>0.000</speed><sat>25</sat></trkpt>
  <trkpt lat="-33.99615000" lon="-139.99676029"><ele>25.000</ele><time>2026-08-20T16:50:29Z</time><speed>0.705</speed><sat>26</sat></trkpt>
  <trkpt lat="-33.99615833" lon="-139.99677093"><ele>25.700</ele><time>2026-08-20T16:50:30Z</time><speed>0.750</speed><sat>27</sat></trkpt>
  <trkpt lat="-33.99617333" lon="-139.99678276"><ele>26.500</ele><time>2026-08-20T16:50:31Z</time><speed>0.787</speed><sat>28</sat></trkpt>
  <trkpt lat="-33.99617500" lon="-139.99678749"><ele>27.300</ele><time>2026-08-20T16:50:32Z</time><speed>0.750</speed><sat>28</sat></trkpt>
  <trkpt lat="-33.99617833" lon="-139.99678513"><ele>27.500</ele><time>2026-08-20T16:50:33Z</time><speed>0.697</speed><sat>28</sat></trkpt>
  <trkpt lat="-33.99618000" lon="-139.99678158"><ele>27.600</ele><time>2026-08-20T16:50:34Z</time><speed>0.000</speed><sat>27</sat></trkpt>
  <trkpt lat="-33.99618667" lon="-139.99678039"><ele>28.100</ele><time>2026-08-20T16:50:35Z</time><speed>0.000</speed><sat>27</sat></trkpt>
  <trkpt lat="-33.99619500" lon="-139.99678158"><ele>28.600</ele><time>2026-08-20T16:50:36Z</time><speed>0.525</speed><sat>27</sat></trkpt>
  <trkpt lat="-33.99620167" lon="-139.99678631"><ele>29.000</ele><time>2026-08-20T16:50:37Z</time><speed>0.519</speed><sat>28</sat></trkpt>
  <trkpt lat="-33.99621000" lon="-139.99679104"><ele>29.400</ele><time>2026-08-20T16:50:38Z</time><speed>0.495</speed><sat>29</sat></trkpt>
  <trkpt lat="-33.99622167" lon="-139.99679577"><ele>30.100</ele><time>2026-08-20T16:50:39Z</time><speed>0.000</speed><sat>29</sat></trkpt>
  <trkpt lat="-33.99623000" lon="-139.99680287"><ele>30.700</ele><time>2026-08-20T16:50:40Z</time><speed>0.000</speed><sat>28</sat></trkpt>
  <trkpt lat="-33.99624333" lon="-139.99680523"><ele>31.400</ele><time>2026-08-20T16:50:41Z</time><speed>0.433</speed><sat>26</sat></trkpt>
  <trkpt lat="-33.99625500" lon="-139.99680523"><ele>32.300</ele><time>2026-08-20T16:50:42Z</time><speed>0.000</speed><sat>27</sat></trkpt>
  <trkpt lat="-33.99626667" lon="-139.99680642"><ele>33.200</ele><time>2026-08-20T16:50:43Z</time><speed>0.000</speed><sat>28</sat></trkpt>
  <trkpt lat="-33.99627500" lon="-139.99680523"><ele>34.400</ele><time>2026-08-20T16:50:44Z</time><speed>0.504</speed><sat>27</sat></trkpt>
  <trkpt lat="-33.99628667" lon="-139.99680168"><ele>35.500</ele><time>2026-08-20T16:50:45Z</time><speed>0.000</speed><sat>26</sat></trkpt>
  <trkpt lat="-33.99629167" lon="-139.99679695"><ele>36.700</ele><time>2026-08-20T16:50:46Z</time><speed>0.000</speed><sat>26</sat></trkpt>
  <trkpt lat="-33.99629500" lon="-139.99680287"><ele>38.300</ele><time>2026-08-20T16:50:47Z</time><speed>0.498</speed><sat>26</sat></trkpt>
  <trkpt lat="-33.99630333" lon="-139.99680642"><ele>39.000</ele><time>2026-08-20T16:50:48Z</time><speed>0.444</speed><sat>25</sat></trkpt>
  <trkpt lat="-33.99631000" lon="-139.99681469"><ele>39.500</ele><time>2026-08-20T16:50:49Z</time><speed>0.458</speed><sat>27</sat></trkpt>
  <trkpt lat="-33.99632000" lon="-139.99682416"><ele>40.200</ele><time>2026-08-20T16:50:50Z</time><speed>0.454</speed><sat>27</sat></trkpt>
  <trkpt lat="-33.99632833" lon="-139.99683126"><ele>41.200</ele><time>2026-08-20T16:50:51Z</time><speed>0.403</speed><sat>26</sat></trkpt>
  <trkpt lat="-33.99633167" lon="-139.99683835"><ele>40.900</ele><time>2026-08-20T16:50:52Z</time><speed>0.000</speed><sat>26</sat></trkpt>
  <trkpt lat="-33.99633833" lon="-139.99684072"><ele>40.900</ele><time>2026-08-20T16:50:53Z</time><speed>0.000</speed><sat>27</sat></trkpt>
  <trkpt lat="-33.99634667" lon="-139.99684308"><ele>41.000</ele><time>2026-08-20T16:50:54Z</time><speed>0.000</speed><sat>27</sat></trkpt>
  <trkpt lat="-33.99634667" lon="-139.99684308"><ele>41.000</ele><time>2026-08-20T16:50:55Z</time><speed>0.000</speed><sat>27</sat></trkpt>
  <trkpt lat="-33.99634667" lon="-139.99684308"><ele>41.000</ele><time>2026-08-20T16:50:56Z</time><speed>0.000</speed><sat>26</sat></trkpt>
  <trkpt lat="-33.99637167" lon="-139.99686319"><ele>41.200</ele><time>2026-08-20T16:50:57Z</time><speed>0.380</speed><sat>26</sat></trkpt>
  <trkpt lat="-33.99637667" lon="-139.99687147"><ele>41.200</ele><time>2026-08-20T16:50:58Z</time><speed>0.434</speed><sat>27</sat></trkpt>
  <trkpt lat="-33.99638667" lon="-139.99688094"><ele>41.200</ele><time>2026-08-20T16:50:59Z</time><speed>0.430</speed><sat>27</sat></trkpt>
  <trkpt lat="-33.99639333" lon="-139.99688921"><ele>41.500</ele><time>2026-08-20T16:51:00Z</time><speed>0.437</speed><sat>26</sat></trkpt>
  <trkpt lat="-33.99639833" lon="-139.99689276"><ele>41.900</ele><time>2026-08-20T16:51:01Z</time><speed>0.472</speed><sat>26</sat></trkpt>
  <trkpt lat="-33.99640000" lon="-139.99689986"><ele>42.100</ele><time>2026-08-20T16:51:02Z</time><speed>0.518</speed><sat>26</sat></trkpt>
  <trkpt lat="-33.99640667" lon="-139.99691760"><ele>42.500</ele><time>2026-08-20T16:51:03Z</time><speed>0.563</speed><sat>28</sat></trkpt>
  <trkpt lat="-33.99641500" lon="-139.99693298"><ele>43.100</ele><time>2026-08-20T16:51:04Z</time><speed>0.614</speed><sat>28</sat></trkpt>
  <trkpt lat="-33.99643000" lon="-139.99694244"><ele>42.700</ele><time>2026-08-20T16:51:05Z</time><speed>0.660</speed><sat>28</sat></trkpt>
  <trkpt lat="-33.99643667" lon="-139.99694836"><ele>43.000</ele><time>2026-08-20T16:51:06Z</time><speed>0.674</speed><sat>28</sat></trkpt>
  <trkpt lat="-33.99644500" lon="-139.99695545"><ele>43.100</ele><time>2026-08-20T16:51:07Z</time><speed>0.000</speed><sat>27</sat></trkpt>
  <trkpt lat="-33.99645333" lon="-139.99695900"><ele>43.000</ele><time>2026-08-20T16:51:08Z</time><speed>0.000</speed><sat>27</sat></trkpt>
  <trkpt lat="-33.99646333" lon="-139.99696728"><ele>43.300</ele><time>2026-08-20T16:51:09Z</time><speed>0.000</speed><sat>27</sat></trkpt>
  <trkpt lat="-33.99647167" lon="-139.99698029"><ele>43.400</ele><time>2026-08-20T16:51:10Z</time><speed>0.748</speed><sat>27</sat></trkpt>
  <trkpt lat="-33.99647833" lon="-139.99698739"><ele>43.700</ele><time>2026-08-20T16:51:11Z</time><speed>0.814</speed><sat>28</sat></trkpt>
  <trkpt lat="-33.99649000" lon="-139.99699803"><ele>44.200</ele><time>2026-08-20T16:51:12Z</time><speed>0.865</speed><sat>28</sat></trkpt>
  <trkpt lat="-33.99649500" lon="-139.99700395"><ele>44.900</ele><time>2026-08-20T16:51:13Z</time><speed>0.851</speed><sat>27</sat></trkpt>
  <trkpt lat="-33.99649500" lon="-139.99700749"><ele>45.600</ele><time>2026-08-20T16:51:14Z</time><speed>0.823</speed><sat>27</sat></trkpt>
  <trkpt lat="-33.99649833" lon="-139.99701459"><ele>45.800</ele><time>2026-08-20T16:51:15Z</time><speed>0.781</speed><sat>27</sat></trkpt>
  <trkpt lat="-33.99650333" lon="-139.99702050"><ele>45.700</ele><time>2026-08-20T16:51:16Z</time><speed>0.750</speed><sat>28</sat></trkpt>
  <trkpt lat="-33.99650500" lon="-139.99702760"><ele>45.500</ele><time>2026-08-20T16:51:17Z</time><speed>0.715</speed><sat>27</sat></trkpt>
  <trkpt lat="-33.99650833" lon="-139.99703115"><ele>45.400</ele><time>2026-08-20T16:51:18Z</time><speed>0.000</speed><sat>28</sat></trkpt>
  <trkpt lat="-33.99651500" lon="-139.99703707"><ele>45.400</ele><time>2026-08-20T16:51:19Z</time><speed>0.000</speed><sat>28</sat></trkpt>
  <trkpt lat="-33.99652000" lon="-139.99703824"><ele>45.300</ele><time>2026-08-20T16:51:20Z</time><speed>0.574</speed><sat>29</sat></trkpt>
  <trkpt lat="-33.99653167" lon="-139.99704298"><ele>45.200</ele><time>2026-08-20T16:51:21Z</time><speed>0.498</speed><sat>26</sat></trkpt>
  <trkpt lat="-33.99654167" lon="-139.99704653"><ele>45.100</ele><time>2026-08-20T16:51:22Z</time><speed>0.431</speed><sat>26</sat></trkpt>
  <trkpt lat="-33.99655167" lon="-139.99704771"><ele>45.300</ele><time>2026-08-20T16:51:23Z</time><speed>0.421</speed><sat>26</sat></trkpt>
  <trkpt lat="-33.99656333" lon="-139.99704653"><ele>45.600</ele><time>2026-08-20T16:51:24Z</time><speed>0.000</speed><sat>27</sat></trkpt>
  <trkpt lat="-33.99657167" lon="-139.99704653"><ele>45.700</ele><time>2026-08-20T16:51:25Z</time><speed>0.444</speed><sat>27</sat></trkpt>
  <trkpt lat="-33.99658000" lon="-139.99705007"><ele>45.600</ele><time>2026-08-20T16:51:26Z</time><speed>0.460</speed><sat>25</sat></trkpt>
  <trkpt lat="-33.99658833" lon="-139.99704771"><ele>45.500</ele><time>2026-08-20T16:51:27Z</time><speed>0.477</speed><sat>25</sat></trkpt>
  <trkpt lat="-33.99659667" lon="-139.99704653"><ele>45.500</ele><time>2026-08-20T16:51:28Z</time><speed>0.499</speed><sat>27</sat></trkpt>
  <trkpt lat="-33.99660500" lon="-139.99704179"><ele>45.400</ele><time>2026-08-20T16:51:29Z</time><speed>0.513</speed><sat>28</sat></trkpt>
  <trkpt lat="-33.99661167" lon="-139.99703943"><ele>45.300</ele><time>2026-08-20T16:51:30Z</time><speed>0.000</speed><sat>28</sat></trkpt>
  <trkpt lat="-33.99661667" lon="-139.99703588"><ele>45.100</ele><time>2026-08-20T16:51:31Z</time><speed>0.000</speed><sat>26</sat></trkpt>
  <trkpt lat="-33.99662500" lon="-139.99703470"><ele>44.800</ele><time>2026-08-20T16:51:32Z</time><speed>0.000</speed><sat>26</sat></trkpt>
  <trkpt lat="-33.99663333" lon="-139.99703233"><ele>44.200</ele><time>2026-08-20T16:51:33Z</time><speed>0.499</speed><sat>28</sat></trkpt>
  <trkpt lat="-33.99664167" lon="-139.99703588"><ele>43.600</ele><time>2026-08-20T16:51:34Z</time><speed>0.488</speed><sat>27</sat></trkpt>
  <trkpt lat="-33.99664833" lon="-139.99703707"><ele>43.200</ele><time>2026-08-20T16:51:35Z</time><speed>0.479</speed><sat>28</sat></trkpt>
  <trkpt lat="-33.99666333" lon="-139.99704061"><ele>43.300</ele><time>2026-08-20T16:51:36Z</time><speed>0.000</speed><sat>27</sat></trkpt>
  <trkpt lat="-33.99667167" lon="-139.99704534"><ele>43.500</ele><time>2026-08-20T16:51:37Z</time><speed>0.000</speed><sat>26</sat></trkpt>
  <trkpt lat="-33.99668000" lon="-139.99704889"><ele>43.800</ele><time>2026-08-20T16:51:38Z</time><speed>0.548</speed><sat>27</sat></trkpt>
  <trkpt lat="-33.99668667" lon="-139.99705007"><ele>44.000</ele><time>2026-08-20T16:51:39Z</time><speed>0.550</speed><sat>26</sat></trkpt>
  <trkpt lat="-33.99669667" lon="-139.99706072"><ele>44.100</ele><time>2026-08-20T16:51:40Z</time><speed>0.561</speed><sat>27</sat></trkpt>
  <trkpt lat="-33.99671000" lon="-139.99706782"><ele>44.500</ele><time>2026-08-20T16:51:41Z</time><speed>0.584</speed><sat>27</sat></trkpt>
  <trkpt lat="-33.99672167" lon="-139.99707137"><ele>44.900</ele><time>2026-08-20T16:51:42Z</time><speed>0.610</speed><sat>26</sat></trkpt>
  <trkpt lat="-33.99673667" lon="-139.99707965"><ele>45.000</ele><time>2026-08-20T16:51:43Z</time><speed>0.000</speed><sat>26</sat></trkpt>
  <trkpt lat="-33.99675500" lon="-139.99709029"><ele>45.300</ele><time>2026-08-20T16:51:44Z</time><speed>0.788</speed><sat>26</sat></trkpt>
  <trkpt lat="-33.99677000" lon="-139.99709739"><ele>45.600</ele><time>2026-08-20T16:51:45Z</time><speed>0.831</speed><sat>26</sat></trkpt>
  <trkpt lat="-33.99678500" lon="-139.99710330"><ele>46.100</ele><time>2026-08-20T16:51:46Z</time><speed>0.849</speed><sat>26</sat></trkpt>
  <trkpt lat="-33.99679333" lon="-139.99711040"><ele>46.300</ele><time>2026-08-20T16:51:47Z</time><speed>0.869</speed><sat>25</sat></trkpt>
  <trkpt lat="-33.99680333" lon="-139.99711631"><ele>46.600</ele><time>2026-08-20T16:51:48Z</time><speed>0.882</speed><sat>25</sat></trkpt>
  <trkpt lat="-33.99681500" lon="-139.99712341"><ele>47.100</ele><time>2026-08-20T16:51:49Z</time><speed>0.938</speed><sat>25</sat></trkpt>
  <trkpt lat="-33.99683000" lon="-139.99712814"><ele>47.400</ele><time>2026-08-20T16:51:50Z</time><speed>0.986</speed><sat>26</sat></trkpt>
  <trkpt lat="-33.99684333" lon="-139.99713642"><ele>47.500</ele><time>2026-08-20T16:51:51Z</time><speed>1.051</speed><sat>25</sat></trkpt>
  <trkpt lat="-33.99685000" lon="-139.99713997"><ele>47.400</ele><time>2026-08-20T16:51:52Z</time><speed>1.088</speed><sat>25</sat></trkpt>
  <trkpt lat="-33.99685167" lon="-139.99714115"><ele>47.100</ele><time>2026-08-20T16:51:53Z</time><speed>1.014</speed><sat>24</sat></trkpt>
  <trkpt lat="-33.99685667" lon="-139.99714352"><ele>47.100</ele><time>2026-08-20T16:51:54Z</time><speed>0.920</speed><sat>24</sat></trkpt>
  <trkpt lat="-33.99686000" lon="-139.99714352"><ele>46.900</ele><time>2026-08-20T16:51:55Z</time><speed>0.860</speed><sat>24</sat></trkpt>
  <trkpt lat="-33.99686500" lon="-139.99714470"><ele>47.000</ele><time>2026-08-20T16:51:56Z</time><speed>0.811</speed><sat>26</sat></trkpt>
  <trkpt lat="-33.99687000" lon="-139.99714707"><ele>47.100</ele><time>2026-08-20T16:51:57Z</time><speed>0.731</speed><sat>25</sat></trkpt>
  <trkpt lat="-33.99687333" lon="-139.99714588"><ele>46.700</ele><time>2026-08-20T16:51:58Z</time><speed>0.659</speed><sat>25</sat></trkpt>
  <trkpt lat="-33.99688333" lon="-139.99714233"><ele>46.400</ele><time>2026-08-20T16:51:59Z</time><speed>0.559</speed><sat>24</sat></trkpt>
  <trkpt lat="-33.99689167" lon="-139.99714233"><ele>46.000</ele><time>2026-08-20T16:52:00Z</time><speed>0.481</speed><sat>27</sat></trkpt>
  <trkpt lat="-33.99689500" lon="-139.99713879"><ele>45.700</ele><time>2026-08-20T16:52:01Z</time><speed>0.000</speed><sat>27</sat></trkpt>
  <trkpt lat="-33.99690000" lon="-139.99713997"><ele>45.600</ele><time>2026-08-20T16:52:02Z</time><speed>0.000</speed><sat>27</sat></trkpt>
  <trkpt lat="-33.99691000" lon="-139.99714470"><ele>45.300</ele><time>2026-08-20T16:52:03Z</time><speed>0.000</speed><sat>26</sat></trkpt>
  <trkpt lat="-33.99691000" lon="-139.99714470"><ele>45.300</ele><time>2026-08-20T16:52:04Z</time><speed>0.000</speed><sat>27</sat></trkpt>
  <trkpt lat="-33.99694167" lon="-139.99717900"><ele>45.000</ele><time>2026-08-20T16:52:05Z</time><speed>0.405</speed><sat>27</sat></trkpt>
  <trkpt lat="-33.99695167" lon="-139.99719792"><ele>45.200</ele><time>2026-08-20T16:52:06Z</time><speed>0.490</speed><sat>26</sat></trkpt>
  <trkpt lat="-33.99696500" lon="-139.99722040"><ele>45.200</ele><time>2026-08-20T16:52:07Z</time><speed>0.705</speed><sat>26</sat></trkpt>
  <trkpt lat="-33.99697500" lon="-139.99723933"><ele>45.400</ele><time>2026-08-20T16:52:08Z</time><speed>0.901</speed><sat>26</sat></trkpt>
  <trkpt lat="-33.99698667" lon="-139.99725707"><ele>45.500</ele><time>2026-08-20T16:52:09Z</time><speed>1.114</speed><sat>26</sat></trkpt>
  <trkpt lat="-33.99699000" lon="-139.99727363"><ele>45.100</ele><time>2026-08-20T16:52:10Z</time><speed>1.199</speed><sat>26</sat></trkpt>
  <trkpt lat="-33.99699167" lon="-139.99728427"><ele>44.600</ele><time>2026-08-20T16:52:11Z</time><speed>1.255</speed><sat>26</sat></trkpt>
  <trkpt lat="-33.99699833" lon="-139.99728663"><ele>44.300</ele><time>2026-08-20T16:52:12Z</time><speed>1.339</speed><sat>25</sat></trkpt>
  <trkpt lat="-33.99700333" lon="-139.99729492"><ele>44.200</ele><time>2026-08-20T16:52:13Z</time><speed>1.442</speed><sat>25</sat></trkpt>
  <trkpt lat="-33.99700667" lon="-139.99730201"><ele>44.300</ele><time>2026-08-20T16:52:14Z</time><speed>1.449</speed><sat>24</sat></trkpt>
  <trkpt lat="-33.99700667" lon="-139.99730911"><ele>44.500</ele><time>2026-08-20T16:52:15Z</time><speed>1.462</speed><sat>24</sat></trkpt>
  <trkpt lat="-33.99701000" lon="-139.99731502"><ele>44.400</ele><time>2026-08-20T16:52:16Z</time><speed>1.501</speed><sat>24</sat></trkpt>
  <trkpt lat="-33.99702167" lon="-139.99732330"><ele>44.400</ele><time>2026-08-20T16:52:17Z</time><speed>1.475</speed><sat>24</sat></trkpt>
  <trkpt lat="-33.99703500" lon="-139.99733631"><ele>44.700</ele><time>2026-08-20T16:52:18Z</time><speed>1.502</speed><sat>24</sat></trkpt>
  <trkpt lat="-33.99704500" lon="-139.99734341"><ele>44.900</ele><time>2026-08-20T16:52:19Z</time><speed>1.461</speed><sat>25</sat></trkpt>
  <trkpt lat="-33.99705333" lon="-139.99734933"><ele>45.100</ele><time>2026-08-20T16:52:20Z</time><speed>1.469</speed><sat>24</sat></trkpt>
  <trkpt lat="-33.99706667" lon="-139.99735405"><ele>45.300</ele><time>2026-08-20T16:52:21Z</time><speed>1.502</speed><sat>24</sat></trkpt>
  <trkpt lat="-33.99707333" lon="-139.99735051"><ele>45.300</ele><time>2026-08-20T16:52:22Z</time><speed>1.506</speed><sat>24</sat></trkpt>
  <trkpt lat="-33.99708000" lon="-139.99735405"><ele>45.300</ele><time>2026-08-20T16:52:23Z</time><speed>1.419</speed><sat>23</sat></trkpt>
  <trkpt lat="-33.99707667" lon="-139.99735524"><ele>45.100</ele><time>2026-08-20T16:52:24Z</time><speed>1.359</speed><sat>24</sat></trkpt>
  <trkpt lat="-33.99708500" lon="-139.99736234"><ele>44.500</ele><time>2026-08-20T16:52:25Z</time><speed>1.289</speed><sat>24</sat></trkpt>
  <trkpt lat="-33.99709333" lon="-139.99736588"><ele>43.300</ele><time>2026-08-20T16:52:26Z</time><speed>1.192</speed><sat>25</sat></trkpt>
  <trkpt lat="-33.99709833" lon="-139.99736588"><ele>43.000</ele><time>2026-08-20T16:52:27Z</time><speed>1.019</speed><sat>25</sat></trkpt>
  <trkpt lat="-33.99710000" lon="-139.99736470"><ele>42.100</ele><time>2026-08-20T16:52:28Z</time><speed>0.819</speed><sat>24</sat></trkpt>
  <trkpt lat="-33.99710833" lon="-139.99736352"><ele>41.500</ele><time>2026-08-20T16:52:29Z</time><speed>0.677</speed><sat>24</sat></trkpt>
  <trkpt lat="-33.99712167" lon="-139.99736470"><ele>40.500</ele><time>2026-08-20T16:52:30Z</time><speed>0.609</speed><sat>26</sat></trkpt>
  <trkpt lat="-33.99713000" lon="-139.99735642"><ele>39.600</ele><time>2026-08-20T16:52:31Z</time><speed>0.568</speed><sat>26</sat></trkpt>
  <trkpt lat="-33.99713167" lon="-139.99735405"><ele>38.500</ele><time>2026-08-20T16:52:32Z</time><speed>0.557</speed><sat>25</sat></trkpt>
  <trkpt lat="-33.99713333" lon="-139.99734814"><ele>37.600</ele><time>2026-08-20T16:52:33Z</time><speed>0.585</speed><sat>26</sat></trkpt>
  <trkpt lat="-33.99713833" lon="-139.99734223"><ele>36.900</ele><time>2026-08-20T16:52:34Z</time><speed>0.607</speed><sat>26</sat></trkpt>
  <trkpt lat="-33.99714500" lon="-139.99734223"><ele>36.400</ele><time>2026-08-20T16:52:35Z</time><speed>0.611</speed><sat>25</sat></trkpt>
  <trkpt lat="-33.99715333" lon="-139.99734814"><ele>36.000</ele><time>2026-08-20T16:52:36Z</time><speed>0.611</speed><sat>26</sat></trkpt>
  <trkpt lat="-33.99715667" lon="-139.99735997"><ele>35.500</ele><time>2026-08-20T16:52:37Z</time><speed>0.616</speed><sat>27</sat></trkpt>
  <trkpt lat="-33.99716333" lon="-139.99736707"><ele>35.100</ele><time>2026-08-20T16:52:38Z</time><speed>0.629</speed><sat>27</sat></trkpt>
  <trkpt lat="-33.99716667" lon="-139.99737534"><ele>34.600</ele><time>2026-08-20T16:52:39Z</time><speed>0.631</speed><sat>26</sat></trkpt>
  <trkpt lat="-33.99717333" lon="-139.99737889"><ele>34.200</ele><time>2026-08-20T16:52:40Z</time><speed>0.625</speed><sat>26</sat></trkpt>
  <trkpt lat="-33.99718167" lon="-139.99738481"><ele>33.700</ele><time>2026-08-20T16:52:41Z</time><speed>0.600</speed><sat>26</sat></trkpt>
  <trkpt lat="-33.99718667" lon="-139.99739072"><ele>33.000</ele><time>2026-08-20T16:52:42Z</time><speed>0.563</speed><sat>26</sat></trkpt>
  <trkpt lat="-33.99719333" lon="-139.99738954"><ele>32.300</ele><time>2026-08-20T16:52:43Z</time><speed>0.551</speed><sat>27</sat></trkpt>
  <trkpt lat="-33.99720167" lon="-139.99739072"><ele>31.800</ele><time>2026-08-20T16:52:44Z</time><speed>0.547</speed><sat>27</sat></trkpt>
  <trkpt lat="-33.99720667" lon="-139.99738717"><ele>31.300</ele><time>2026-08-20T16:52:45Z</time><speed>0.541</speed><sat>26</sat></trkpt>
  <trkpt lat="-33.99721333" lon="-139.99738599"><ele>30.700</ele><time>2026-08-20T16:52:46Z</time><speed>0.533</speed><sat>25</sat></trkpt>
  <trkpt lat="-33.99722333" lon="-139.99740018"><ele>30.000</ele><time>2026-08-20T16:52:47Z</time><speed>0.513</speed><sat>23</sat></trkpt>
  <trkpt lat="-33.99722667" lon="-139.99740847"><ele>29.500</ele><time>2026-08-20T16:52:48Z</time><speed>0.515</speed><sat>25</sat></trkpt>
  <trkpt lat="-33.99723667" lon="-139.99741201"><ele>28.700</ele><time>2026-08-20T16:52:49Z</time><speed>0.528</speed><sat>24</sat></trkpt>
  <trkpt lat="-33.99724833" lon="-139.99742147"><ele>28.000</ele><time>2026-08-20T16:52:50Z</time><speed>0.544</speed><sat>23</sat></trkpt>
  <trkpt lat="-33.99726167" lon="-139.99742739"><ele>27.400</ele><time>2026-08-20T16:52:51Z</time><speed>0.585</speed><sat>24</sat></trkpt>
  <trkpt lat="-33.99727000" lon="-139.99743804"><ele>26.800</ele><time>2026-08-20T16:52:52Z</time><speed>0.595</speed><sat>22</sat></trkpt>
  <trkpt lat="-33.99728667" lon="-139.99745105"><ele>26.000</ele><time>2026-08-20T16:52:53Z</time><speed>0.609</speed><sat>25</sat></trkpt>
  <trkpt lat="-33.99729833" lon="-139.99746524"><ele>25.300</ele><time>2026-08-20T16:52:54Z</time><speed>0.619</speed><sat>25</sat></trkpt>
  <trkpt lat="-33.99730667" lon="-139.99746997"><ele>24.400</ele><time>2026-08-20T16:52:55Z</time><speed>0.597</speed><sat>25</sat></trkpt>
  <trkpt lat="-33.99731500" lon="-139.99747470"><ele>23.400</ele><time>2026-08-20T16:52:56Z</time><speed>0.564</speed><sat>24</sat></trkpt>
  <trkpt lat="-33.99732333" lon="-139.99748062"><ele>22.700</ele><time>2026-08-20T16:52:57Z</time><speed>0.592</speed><sat>24</sat></trkpt>
  <trkpt lat="-33.99733000" lon="-139.99749126"><ele>22.200</ele><time>2026-08-20T16:52:58Z</time><speed>0.592</speed><sat>25</sat></trkpt>
  <trkpt lat="-33.99733500" lon="-139.99750072"><ele>22.300</ele><time>2026-08-20T16:52:59Z</time><speed>0.576</speed><sat>25</sat></trkpt>
  <trkpt lat="-33.99734333" lon="-139.99751018"><ele>21.700</ele><time>2026-08-20T16:53:00Z</time><speed>0.557</speed><sat>24</sat></trkpt>
  <trkpt lat="-33.99735167" lon="-139.99751847"><ele>21.200</ele><time>2026-08-20T16:53:01Z</time><speed>0.518</speed><sat>25</sat></trkpt>
  <trkpt lat="-33.99735500" lon="-139.99752556"><ele>20.900</ele><time>2026-08-20T16:53:02Z</time><speed>0.516</speed><sat>24</sat></trkpt>
  <trkpt lat="-33.99736000" lon="-139.99753266"><ele>20.600</ele><time>2026-08-20T16:53:03Z</time><speed>0.000</speed><sat>25</sat></trkpt>
  <trkpt lat="-33.99736667" lon="-139.99753976"><ele>20.500</ele><time>2026-08-20T16:53:04Z</time><speed>0.464</speed><sat>25</sat></trkpt>
  <trkpt lat="-33.99737667" lon="-139.99754567"><ele>20.500</ele><time>2026-08-20T16:53:05Z</time><speed>0.470</speed><sat>25</sat></trkpt>
  <trkpt lat="-33.99738833" lon="-139.99755750"><ele>20.500</ele><time>2026-08-20T16:53:06Z</time><speed>0.510</speed><sat>26</sat></trkpt>
  <trkpt lat="-33.99739833" lon="-139.99757524"><ele>20.700</ele><time>2026-08-20T16:53:07Z</time><speed>0.580</speed><sat>26</sat></trkpt>
  <trkpt lat="-33.99740833" lon="-139.99758825"><ele>20.800</ele><time>2026-08-20T16:53:08Z</time><speed>0.632</speed><sat>26</sat></trkpt>
  <trkpt lat="-33.99741833" lon="-139.99759535"><ele>20.900</ele><time>2026-08-20T16:53:09Z</time><speed>0.646</speed><sat>26</sat></trkpt>
  <trkpt lat="-33.99742667" lon="-139.99760481"><ele>22.200</ele><time>2026-08-20T16:53:10Z</time><speed>0.638</speed><sat>25</sat></trkpt>
  <trkpt lat="-33.99743167" lon="-139.99760599"><ele>23.500</ele><time>2026-08-20T16:53:11Z</time><speed>0.614</speed><sat>25</sat></trkpt>
  <trkpt lat="-33.99743333" lon="-139.99761546"><ele>24.300</ele><time>2026-08-20T16:53:12Z</time><speed>0.582</speed><sat>26</sat></trkpt>
  <trkpt lat="-33.99743667" lon="-139.99762492"><ele>25.100</ele><time>2026-08-20T16:53:13Z</time><speed>0.533</speed><sat>26</sat></trkpt>
  <trkpt lat="-33.99744167" lon="-139.99762847"><ele>25.600</ele><time>2026-08-20T16:53:14Z</time><speed>0.512</speed><sat>26</sat></trkpt>
  <trkpt lat="-33.99744667" lon="-139.99762256"><ele>25.900</ele><time>2026-08-20T16:53:15Z</time><speed>0.000</speed><sat>25</sat></trkpt>
  <trkpt lat="-33.99745000" lon="-139.99761546"><ele>26.300</ele><time>2026-08-20T16:53:16Z</time><speed>0.548</speed><sat>25</sat></trkpt>
  <trkpt lat="-33.99745333" lon="-139.99761073"><ele>26.400</ele><time>2026-08-20T16:53:17Z</time><speed>0.536</speed><sat>23</sat></trkpt>
  <trkpt lat="-33.99745667" lon="-139.99761427"><ele>26.500</ele><time>2026-08-20T16:53:18Z</time><speed>0.549</speed><sat>25</sat></trkpt>
  <trkpt lat="-33.99745500" lon="-139.99760954"><ele>26.800</ele><time>2026-08-20T16:53:19Z</time><speed>0.584</speed><sat>25</sat></trkpt>
  <trkpt lat="-33.99745667" lon="-139.99762492"><ele>26.700</ele><time>2026-08-20T16:53:20Z</time><speed>0.585</speed><sat>25</sat></trkpt>
  <trkpt lat="-33.99746667" lon="-139.99763911"><ele>26.500</ele><time>2026-08-20T16:53:21Z</time><speed>0.614</speed><sat>25</sat></trkpt>
  <trkpt lat="-33.99747833" lon="-139.99765686"><ele>26.300</ele><time>2026-08-20T16:53:22Z</time><speed>0.642</speed><sat>25</sat></trkpt>
  <trkpt lat="-33.99748667" lon="-139.99766869"><ele>26.100</ele><time>2026-08-20T16:53:23Z</time><speed>0.656</speed><sat>25</sat></trkpt>
  <trkpt lat="-33.99749500" lon="-139.99767341"><ele>26.400</ele><time>2026-08-20T16:53:24Z</time><speed>0.667</speed><sat>25</sat></trkpt>
  <trkpt lat="-33.99750167" lon="-139.99767933"><ele>26.400</ele><time>2026-08-20T16:53:25Z</time><speed>0.000</speed><sat>25</sat></trkpt>
  <trkpt lat="-33.99750667" lon="-139.99768761"><ele>26.500</ele><time>2026-08-20T16:53:26Z</time><speed>0.532</speed><sat>23</sat></trkpt>
  <trkpt lat="-33.99751333" lon="-139.99769944"><ele>26.500</ele><time>2026-08-20T16:53:27Z</time><speed>0.460</speed><sat>24</sat></trkpt>
  <trkpt lat="-33.99752167" lon="-139.99771482"><ele>26.400</ele><time>2026-08-20T16:53:28Z</time><speed>0.000</speed><sat>25</sat></trkpt>
  <trkpt lat="-33.99753333" lon="-139.99773492"><ele>26.600</ele><time>2026-08-20T16:53:29Z</time><speed>0.389</speed><sat>25</sat></trkpt>
  <trkpt lat="-33.99754500" lon="-139.99775740"><ele>27.200</ele><time>2026-08-20T16:53:30Z</time><speed>0.443</speed><sat>25</sat></trkpt>
  <trkpt lat="-33.99755333" lon="-139.99777159"><ele>28.100</ele><time>2026-08-20T16:53:31Z</time><speed>0.489</speed><sat>24</sat></trkpt>
  <trkpt lat="-33.99756333" lon="-139.99779524"><ele>28.800</ele><time>2026-08-20T16:53:32Z</time><speed>0.531</speed><sat>24</sat></trkpt>
  <trkpt lat="-33.99757333" lon="-139.99781535"><ele>29.500</ele><time>2026-08-20T16:53:33Z</time><speed>0.556</speed><sat>24</sat></trkpt>
  <trkpt lat="-33.99758500" lon="-139.99783073"><ele>30.100</ele><time>2026-08-20T16:53:34Z</time><speed>0.640</speed><sat>25</sat></trkpt>
  <trkpt lat="-33.99759833" lon="-139.99784728"><ele>30.900</ele><time>2026-08-20T16:53:35Z</time><speed>0.712</speed><sat>25</sat></trkpt>
  <trkpt lat="-33.99761000" lon="-139.99786385"><ele>32.000</ele><time>2026-08-20T16:53:36Z</time><speed>0.806</speed><sat>25</sat></trkpt>
  <trkpt lat="-33.99762500" lon="-139.99788159"><ele>33.400</ele><time>2026-08-20T16:53:37Z</time><speed>0.883</speed><sat>25</sat></trkpt>
  <trkpt lat="-33.99763167" lon="-139.99789105"><ele>34.100</ele><time>2026-08-20T16:53:38Z</time><speed>0.901</speed><sat>25</sat></trkpt>
  <trkpt lat="-33.99764333" lon="-139.99789578"><ele>35.100</ele><time>2026-08-20T16:53:39Z</time><speed>0.916</speed><sat>25</sat></trkpt>
  <trkpt lat="-33.99764833" lon="-139.99790288"><ele>36.400</ele><time>2026-08-20T16:53:40Z</time><speed>0.875</speed><sat>25</sat></trkpt>
  <trkpt lat="-33.99765500" lon="-139.99791116"><ele>37.300</ele><time>2026-08-20T16:53:41Z</time><speed>0.815</speed><sat>25</sat></trkpt>
  <trkpt lat="-33.99766000" lon="-139.99791708"><ele>38.000</ele><time>2026-08-20T16:53:42Z</time><speed>0.000</speed><sat>25</sat></trkpt>
  <trkpt lat="-33.99766667" lon="-139.99792654"><ele>38.400</ele><time>2026-08-20T16:53:43Z</time><speed>0.705</speed><sat>25</sat></trkpt>
  <trkpt lat="-33.99767333" lon="-139.99793127"><ele>38.900</ele><time>2026-08-20T16:53:44Z</time><speed>0.647</speed><sat>25</sat></trkpt>
  <trkpt lat="-33.99767833" lon="-139.99793482"><ele>39.100</ele><time>2026-08-20T16:53:45Z</time><speed>0.593</speed><sat>24</sat></trkpt>
  <trkpt lat="-33.99768167" lon="-139.99793954"><ele>39.200</ele><time>2026-08-20T16:53:46Z</time><speed>0.528</speed><sat>24</sat></trkpt>
  <trkpt lat="-33.99768833" lon="-139.99794428"><ele>39.200</ele><time>2026-08-20T16:53:47Z</time><speed>0.430</speed><sat>26</sat></trkpt>
  <trkpt lat="-33.99769667" lon="-139.99795137"><ele>39.400</ele><time>2026-08-20T16:53:48Z</time><speed>0.000</speed><sat>26</sat></trkpt>
  <trkpt lat="-33.99770667" lon="-139.99796438"><ele>39.600</ele><time>2026-08-20T16:53:49Z</time><speed>0.000</speed><sat>26</sat></trkpt>
  <trkpt lat="-33.99771500" lon="-139.99797621"><ele>39.600</ele><time>2026-08-20T16:53:50Z</time><speed>0.000</speed><sat>26</sat></trkpt>
  <trkpt lat="-33.99771500" lon="-139.99797621"><ele>39.600</ele><time>2026-08-20T16:53:51Z</time><speed>0.000</speed><sat>26</sat></trkpt>
  <trkpt lat="-33.99771500" lon="-139.99797621"><ele>39.600</ele><time>2026-08-20T16:53:52Z</time><speed>0.000</speed><sat>26</sat></trkpt>
  <trkpt lat="-33.99771500" lon="-139.99797621"><ele>39.600</ele><time>2026-08-20T16:53:53Z</time><speed>0.000</speed><sat>26</sat></trkpt>
  <trkpt lat="-33.99771500" lon="-139.99797621"><ele>39.600</ele><time>2026-08-20T16:53:54Z</time><speed>0.000</speed><sat>25</sat></trkpt>
  <trkpt lat="-33.99771500" lon="-139.99797621"><ele>39.600</ele><time>2026-08-20T16:53:55Z</time><speed>0.000</speed><sat>23</sat></trkpt>
  <trkpt lat="-33.99775500" lon="-139.99802353"><ele>38.700</ele><time>2026-08-20T16:53:56Z</time><speed>0.365</speed><sat>25</sat></trkpt>
  <trkpt lat="-33.99776500" lon="-139.99803417"><ele>38.600</ele><time>2026-08-20T16:53:57Z</time><speed>0.411</speed><sat>26</sat></trkpt>
  <trkpt lat="-33.99777500" lon="-139.99804245"><ele>38.000</ele><time>2026-08-20T16:53:58Z</time><speed>0.428</speed><sat>26</sat></trkpt>
  <trkpt lat="-33.99778667" lon="-139.99805073"><ele>37.800</ele><time>2026-08-20T16:53:59Z</time><speed>0.456</speed><sat>26</sat></trkpt>
  <trkpt lat="-33.99779333" lon="-139.99805901"><ele>37.500</ele><time>2026-08-20T16:54:00Z</time><speed>0.487</speed><sat>26</sat></trkpt>
  <trkpt lat="-33.99780000" lon="-139.99806966"><ele>37.500</ele><time>2026-08-20T16:54:01Z</time><speed>0.528</speed><sat>26</sat></trkpt>
  <trkpt lat="-33.99780833" lon="-139.99807675"><ele>37.500</ele><time>2026-08-20T16:54:02Z</time><speed>0.561</speed><sat>26</sat></trkpt>
  <trkpt lat="-33.99781500" lon="-139.99808267"><ele>37.600</ele><time>2026-08-20T16:54:03Z</time><speed>0.000</speed><sat>26</sat></trkpt>
  <trkpt lat="-33.99782167" lon="-139.99808740"><ele>37.500</ele><time>2026-08-20T16:54:04Z</time><speed>0.618</speed><sat>26</sat></trkpt>
  <trkpt lat="-33.99783167" lon="-139.99809567"><ele>37.600</ele><time>2026-08-20T16:54:05Z</time><speed>0.627</speed><sat>26</sat></trkpt>
  <trkpt lat="-33.99784167" lon="-139.99810277"><ele>37.600</ele><time>2026-08-20T16:54:06Z</time><speed>0.612</speed><sat>26</sat></trkpt>
  <trkpt lat="-33.99785333" lon="-139.99810869"><ele>37.800</ele><time>2026-08-20T16:54:07Z</time><speed>0.630</speed><sat>26</sat></trkpt>
  <trkpt lat="-33.99786333" lon="-139.99811579"><ele>37.700</ele><time>2026-08-20T16:54:08Z</time><speed>0.662</speed><sat>27</sat></trkpt>
  <trkpt lat="-33.99787333" lon="-139.99811934"><ele>37.900</ele><time>2026-08-20T16:54:09Z</time><speed>0.679</speed><sat>28</sat></trkpt>
  <trkpt lat="-33.99788333" lon="-139.99812406"><ele>38.100</ele><time>2026-08-20T16:54:10Z</time><speed>0.000</speed><sat>28</sat></trkpt>
  <trkpt lat="-33.99789167" lon="-139.99813234"><ele>38.100</ele><time>2026-08-20T16:54:11Z</time><speed>0.696</speed><sat>28</sat></trkpt>
  <trkpt lat="-33.99789833" lon="-139.99814063"><ele>38.200</ele><time>2026-08-20T16:54:12Z</time><speed>0.669</speed><sat>29</sat></trkpt>
  <trkpt lat="-33.99790333" lon="-139.99814535"><ele>38.200</ele><time>2026-08-20T16:54:13Z</time><speed>0.639</speed><sat>28</sat></trkpt>
  <trkpt lat="-33.99790667" lon="-139.99814772"><ele>38.600</ele><time>2026-08-20T16:54:14Z</time><speed>0.635</speed><sat>28</sat></trkpt>
  <trkpt lat="-33.99791000" lon="-139.99815363"><ele>38.500</ele><time>2026-08-20T16:54:15Z</time><speed>0.000</speed><sat>28</sat></trkpt>
  <trkpt lat="-33.99791500" lon="-139.99816309"><ele>38.500</ele><time>2026-08-20T16:54:16Z</time><speed>0.000</speed><sat>28</sat></trkpt>
  <trkpt lat="-33.99791833" lon="-139.99816546"><ele>38.500</ele><time>2026-08-20T16:54:17Z</time><speed>0.000</speed><sat>28</sat></trkpt>
  <trkpt lat="-33.99791667" lon="-139.99817138"><ele>37.900</ele><time>2026-08-20T16:54:18Z</time><speed>0.534</speed><sat>27</sat></trkpt>
  <trkpt lat="-33.99792167" lon="-139.99817611"><ele>37.600</ele><time>2026-08-20T16:54:19Z</time><speed>0.518</speed><sat>27</sat></trkpt>
  <trkpt lat="-33.99792167" lon="-139.99818321"><ele>37.300</ele><time>2026-08-20T16:54:20Z</time><speed>0.000</speed><sat>25</sat></trkpt>
  <trkpt lat="-33.99793167" lon="-139.99818912"><ele>37.100</ele><time>2026-08-20T16:54:21Z</time><speed>0.000</speed><sat>25</sat></trkpt>
  <trkpt lat="-33.99794333" lon="-139.99819740"><ele>36.700</ele><time>2026-08-20T16:54:22Z</time><speed>0.000</speed><sat>26</sat></trkpt>
  <trkpt lat="-33.99794833" lon="-139.99819976"><ele>36.200</ele><time>2026-08-20T16:54:23Z</time><speed>0.657</speed><sat>26</sat></trkpt>
  <trkpt lat="-33.99795000" lon="-139.99820095"><ele>35.700</ele><time>2026-08-20T16:54:24Z</time><speed>0.625</speed><sat>25</sat></trkpt>
  <trkpt lat="-33.99794667" lon="-139.99820568"><ele>35.100</ele><time>2026-08-20T16:54:25Z</time><speed>0.622</speed><sat>26</sat></trkpt>
  <trkpt lat="-33.99794833" lon="-139.99821159"><ele>34.500</ele><time>2026-08-20T16:54:26Z</time><speed>0.000</speed><sat>25</sat></trkpt>
  <trkpt lat="-33.99795167" lon="-139.99822342"><ele>33.800</ele><time>2026-08-20T16:54:27Z</time><speed>0.000</speed><sat>25</sat></trkpt>
  <trkpt lat="-33.99795333" lon="-139.99823170"><ele>33.100</ele><time>2026-08-20T16:54:28Z</time><speed>0.000</speed><sat>24</sat></trkpt>
  <trkpt lat="-33.99796000" lon="-139.99824353"><ele>32.600</ele><time>2026-08-20T16:54:29Z</time><speed>0.000</speed><sat>26</sat></trkpt>
  <trkpt lat="-33.99796167" lon="-139.99825418"><ele>32.200</ele><time>2026-08-20T16:54:30Z</time><speed>0.000</speed><sat>25</sat></trkpt>
  <trkpt lat="-33.99796167" lon="-139.99826600"><ele>31.900</ele><time>2026-08-20T16:54:31Z</time><speed>0.000</speed><sat>25</sat></trkpt>
  <trkpt lat="-33.99796000" lon="-139.99827428"><ele>31.500</ele><time>2026-08-20T16:54:32Z</time><speed>0.000</speed><sat>26</sat></trkpt>
  <trkpt lat="-33.99796333" lon="-139.99828256"><ele>31.300</ele><time>2026-08-20T16:54:33Z</time><speed>0.551</speed><sat>26</sat></trkpt>
  <trkpt lat="-33.99796500" lon="-139.99828966"><ele>31.000</ele><time>2026-08-20T16:54:34Z</time><speed>0.000</speed><sat>26</sat></trkpt>
  <trkpt lat="-33.99797000" lon="-139.99829557"><ele>31.000</ele><time>2026-08-20T16:54:35Z</time><speed>0.000</speed><sat>26</sat></trkpt>
  <trkpt lat="-33.99797667" lon="-139.99830622"><ele>30.500</ele><time>2026-08-20T16:54:36Z</time><speed>0.000</speed><sat>25</sat></trkpt>
  <trkpt lat="-33.99799333" lon="-139.99831686"><ele>29.800</ele><time>2026-08-20T16:54:37Z</time><speed>0.000</speed><sat>25</sat></trkpt>
  <trkpt lat="-33.99800500" lon="-139.99832751"><ele>29.900</ele><time>2026-08-20T16:54:38Z</time><speed>0.577</speed><sat>24</sat></trkpt>
  <trkpt lat="-33.99801500" lon="-139.99833460"><ele>29.600</ele><time>2026-08-20T16:54:39Z</time><speed>0.000</speed><sat>25</sat></trkpt>
  <trkpt lat="-33.99802500" lon="-139.99834525"><ele>29.200</ele><time>2026-08-20T16:54:40Z</time><speed>0.601</speed><sat>25</sat></trkpt>
  <trkpt lat="-33.99803667" lon="-139.99835708"><ele>28.700</ele><time>2026-08-20T16:54:41Z</time><speed>0.627</speed><sat>26</sat></trkpt>
  <trkpt lat="-33.99804500" lon="-139.99836535"><ele>28.400</ele><time>2026-08-20T16:54:42Z</time><speed>0.650</speed><sat>24</sat></trkpt>
  <trkpt lat="-33.99805500" lon="-139.99837364"><ele>28.100</ele><time>2026-08-20T16:54:43Z</time><speed>0.626</speed><sat>25</sat></trkpt>
  <trkpt lat="-33.99806667" lon="-139.99838192"><ele>28.000</ele><time>2026-08-20T16:54:44Z</time><speed>0.617</speed><sat>25</sat></trkpt>
  <trkpt lat="-33.99807667" lon="-139.99839138"><ele>28.200</ele><time>2026-08-20T16:54:45Z</time><speed>0.636</speed><sat>27</sat></trkpt>
  <trkpt lat="-33.99808667" lon="-139.99840084"><ele>28.200</ele><time>2026-08-20T16:54:46Z</time><speed>0.000</speed><sat>26</sat></trkpt>
  <trkpt lat="-33.99809333" lon="-139.99840676"><ele>28.000</ele><time>2026-08-20T16:54:47Z</time><speed>0.647</speed><sat>26</sat></trkpt>
  <trkpt lat="-33.99810167" lon="-139.99841977"><ele>28.000</ele><time>2026-08-20T16:54:48Z</time><speed>0.000</speed><sat>26</sat></trkpt>
  <trkpt lat="-33.99811833" lon="-139.99843751"><ele>28.300</ele><time>2026-08-20T16:54:49Z</time><speed>0.000</speed><sat>26</sat></trkpt>
  <trkpt lat="-33.99813000" lon="-139.99845052"><ele>28.400</ele><time>2026-08-20T16:54:50Z</time><speed>0.000</speed><sat>26</sat></trkpt>
  <trkpt lat="-33.99813833" lon="-139.99845880"><ele>28.400</ele><time>2026-08-20T16:54:51Z</time><speed>0.611</speed><sat>24</sat></trkpt>
  <trkpt lat="-33.99814833" lon="-139.99847063"><ele>28.500</ele><time>2026-08-20T16:54:52Z</time><speed>0.582</speed><sat>24</sat></trkpt>
  <trkpt lat="-33.99815500" lon="-139.99848364"><ele>28.800</ele><time>2026-08-20T16:54:53Z</time><speed>0.606</speed><sat>24</sat></trkpt>
  <trkpt lat="-33.99816167" lon="-139.99849547"><ele>29.200</ele><time>2026-08-20T16:54:54Z</time><speed>0.619</speed><sat>26</sat></trkpt>
  <trkpt lat="-33.99817000" lon="-139.99850493"><ele>29.700</ele><time>2026-08-20T16:54:55Z</time><speed>0.611</speed><sat>25</sat></trkpt>
  <trkpt lat="-33.99817500" lon="-139.99851557"><ele>29.900</ele><time>2026-08-20T16:54:56Z</time><speed>0.000</speed><sat>26</sat></trkpt>
  <trkpt lat="-33.99818167" lon="-139.99852622"><ele>30.400</ele><time>2026-08-20T16:54:57Z</time><speed>0.000</speed><sat>27</sat></trkpt>
  <trkpt lat="-33.99818667" lon="-139.99853568"><ele>31.000</ele><time>2026-08-20T16:54:58Z</time><speed>0.000</speed><sat>26</sat></trkpt>
  <trkpt lat="-33.99819333" lon="-139.99854396"><ele>31.600</ele><time>2026-08-20T16:54:59Z</time><speed>0.000</speed><sat>26</sat></trkpt>
  <trkpt lat="-33.99820333" lon="-139.99855697"><ele>32.500</ele><time>2026-08-20T16:55:00Z</time><speed>0.568</speed><sat>27</sat></trkpt>
  <trkpt lat="-33.99821500" lon="-139.99856525"><ele>33.600</ele><time>2026-08-20T16:55:01Z</time><speed>0.603</speed><sat>26</sat></trkpt>
  <trkpt lat="-33.99822333" lon="-139.99857471"><ele>34.300</ele><time>2026-08-20T16:55:02Z</time><speed>0.000</speed><sat>25</sat></trkpt>
  <trkpt lat="-33.99822833" lon="-139.99858418"><ele>34.600</ele><time>2026-08-20T16:55:03Z</time><speed>0.000</speed><sat>25</sat></trkpt>
  <trkpt lat="-33.99823333" lon="-139.99859009"><ele>34.800</ele><time>2026-08-20T16:55:04Z</time><speed>0.000</speed><sat>25</sat></trkpt>
  <trkpt lat="-33.99823500" lon="-139.99859128"><ele>34.900</ele><time>2026-08-20T16:55:05Z</time><speed>0.000</speed><sat>25</sat></trkpt>
  <trkpt lat="-33.99824000" lon="-139.99859600"><ele>35.000</ele><time>2026-08-20T16:55:06Z</time><speed>0.000</speed><sat>25</sat></trkpt>
  <trkpt lat="-33.99824500" lon="-139.99859837"><ele>35.100</ele><time>2026-08-20T16:55:07Z</time><speed>0.475</speed><sat>25</sat></trkpt>
  <trkpt lat="-33.99825000" lon="-139.99860192"><ele>34.900</ele><time>2026-08-20T16:55:08Z</time><speed>0.451</speed><sat>25</sat></trkpt>
  <trkpt lat="-33.99825167" lon="-139.99860547"><ele>34.600</ele><time>2026-08-20T16:55:09Z</time><speed>0.000</speed><sat>25</sat></trkpt>
  <trkpt lat="-33.99825667" lon="-139.99861020"><ele>34.600</ele><time>2026-08-20T16:55:10Z</time><speed>0.000</speed><sat>25</sat></trkpt>
  <trkpt lat="-33.99826167" lon="-139.99861729"><ele>34.400</ele><time>2026-08-20T16:55:11Z</time><speed>0.000</speed><sat>24</sat></trkpt>
  <trkpt lat="-33.99827333" lon="-139.99862557"><ele>34.200</ele><time>2026-08-20T16:55:12Z</time><speed>0.000</speed><sat>26</sat></trkpt>
  <trkpt lat="-33.99827333" lon="-139.99862557"><ele>34.200</ele><time>2026-08-20T16:55:13Z</time><speed>0.000</speed><sat>25</sat></trkpt>
  <trkpt lat="-33.99829500" lon="-139.99865041"><ele>33.900</ele><time>2026-08-20T16:55:14Z</time><speed>0.333</speed><sat>25</sat></trkpt>
  <trkpt lat="-33.99830667" lon="-139.99865987"><ele>33.800</ele><time>2026-08-20T16:55:15Z</time><speed>0.343</speed><sat>26</sat></trkpt>
  <trkpt lat="-33.99831667" lon="-139.99866816"><ele>33.800</ele><time>2026-08-20T16:55:16Z</time><speed>0.352</speed><sat>26</sat></trkpt>
  <trkpt lat="-33.99832500" lon="-139.99867762"><ele>33.700</ele><time>2026-08-20T16:55:17Z</time><speed>0.396</speed><sat>26</sat></trkpt>
  <trkpt lat="-33.99833500" lon="-139.99868590"><ele>33.500</ele><time>2026-08-20T16:55:18Z</time><speed>0.000</speed><sat>26</sat></trkpt>
  <trkpt lat="-33.99834500" lon="-139.99869418"><ele>33.300</ele><time>2026-08-20T16:55:19Z</time><speed>0.000</speed><sat>25</sat></trkpt>
  <trkpt lat="-33.99835833" lon="-139.99870128"><ele>32.900</ele><time>2026-08-20T16:55:20Z</time><speed>0.000</speed><sat>24</sat></trkpt>
  <trkpt lat="-33.99836833" lon="-139.99870837"><ele>32.600</ele><time>2026-08-20T16:55:21Z</time><speed>0.000</speed><sat>27</sat></trkpt>
  <trkpt lat="-33.99837667" lon="-139.99871665"><ele>32.200</ele><time>2026-08-20T16:55:22Z</time><speed>0.430</speed><sat>27</sat></trkpt>
  <trkpt lat="-33.99838333" lon="-139.99872138"><ele>32.400</ele><time>2026-08-20T16:55:23Z</time><speed>0.000</speed><sat>25</sat></trkpt>
  <trkpt lat="-33.99838833" lon="-139.99872612"><ele>32.500</ele><time>2026-08-20T16:55:24Z</time><speed>0.000</speed><sat>26</sat></trkpt>
  <trkpt lat="-33.99840000" lon="-139.99873321"><ele>32.800</ele><time>2026-08-20T16:55:25Z</time><speed>0.000</speed><sat>27</sat></trkpt>
  <trkpt lat="-33.99841000" lon="-139.99873912"><ele>33.100</ele><time>2026-08-20T16:55:26Z</time><speed>0.000</speed><sat>27</sat></trkpt>
  <trkpt lat="-33.99842667" lon="-139.99874622"><ele>33.500</ele><time>2026-08-20T16:55:27Z</time><speed>0.000</speed><sat>26</sat></trkpt>
  <trkpt lat="-33.99844000" lon="-139.99874977"><ele>34.200</ele><time>2026-08-20T16:55:28Z</time><speed>0.603</speed><sat>27</sat></trkpt>
  <trkpt lat="-33.99845500" lon="-139.99874386"><ele>34.800</ele><time>2026-08-20T16:55:29Z</time><speed>0.676</speed><sat>27</sat></trkpt>
  <trkpt lat="-33.99847000" lon="-139.99874267"><ele>35.300</ele><time>2026-08-20T16:55:30Z</time><speed>0.777</speed><sat>27</sat></trkpt>
  <trkpt lat="-33.99848167" lon="-139.99873676"><ele>35.700</ele><time>2026-08-20T16:55:31Z</time><speed>0.830</speed><sat>28</sat></trkpt>
  <trkpt lat="-33.99849167" lon="-139.99873439"><ele>36.000</ele><time>2026-08-20T16:55:32Z</time><speed>0.000</speed><sat>28</sat></trkpt>
  <trkpt lat="-33.99849833" lon="-139.99873321"><ele>36.200</ele><time>2026-08-20T16:55:33Z</time><speed>0.000</speed><sat>28</sat></trkpt>
  <trkpt lat="-33.99850500" lon="-139.99873321"><ele>36.300</ele><time>2026-08-20T16:55:34Z</time><speed>0.000</speed><sat>27</sat></trkpt>
  <trkpt lat="-33.99851333" lon="-139.99873084"><ele>36.300</ele><time>2026-08-20T16:55:35Z</time><speed>0.000</speed><sat>27</sat></trkpt>
  <trkpt lat="-33.99852333" lon="-139.99873203"><ele>36.300</ele><time>2026-08-20T16:55:36Z</time><speed>0.679</speed><sat>28</sat></trkpt>
  <trkpt lat="-33.99853167" lon="-139.99872966"><ele>36.500</ele><time>2026-08-20T16:55:37Z</time><speed>0.590</speed><sat>28</sat></trkpt>
  <trkpt lat="-33.99854167" lon="-139.99872493"><ele>36.700</ele><time>2026-08-20T16:55:38Z</time><speed>0.518</speed><sat>28</sat></trkpt>
  <trkpt lat="-33.99855333" lon="-139.99872020"><ele>37.000</ele><time>2026-08-20T16:55:39Z</time><speed>0.452</speed><sat>28</sat></trkpt>
  <trkpt lat="-33.99856167" lon="-139.99871665"><ele>37.300</ele><time>2026-08-20T16:55:40Z</time><speed>0.000</speed><sat>29</sat></trkpt>
  <trkpt lat="-33.99857167" lon="-139.99871310"><ele>37.600</ele><time>2026-08-20T16:55:41Z</time><speed>0.000</speed><sat>28</sat></trkpt>
  <trkpt lat="-33.99858333" lon="-139.99870483"><ele>37.900</ele><time>2026-08-20T16:55:42Z</time><speed>0.368</speed><sat>29</sat></trkpt>
  <trkpt lat="-33.99859333" lon="-139.99869891"><ele>38.100</ele><time>2026-08-20T16:55:43Z</time><speed>0.400</speed><sat>27</sat></trkpt>
  <trkpt lat="-33.99860333" lon="-139.99869299"><ele>38.300</ele><time>2026-08-20T16:55:44Z</time><speed>0.000</speed><sat>26</sat></trkpt>
  <trkpt lat="-33.99861333" lon="-139.99868708"><ele>38.500</ele><time>2026-08-20T16:55:45Z</time><speed>0.000</speed><sat>27</sat></trkpt>
  <trkpt lat="-33.99862167" lon="-139.99868235"><ele>38.400</ele><time>2026-08-20T16:55:46Z</time><speed>0.000</speed><sat>27</sat></trkpt>
  <trkpt lat="-33.99862833" lon="-139.99867880"><ele>38.400</ele><time>2026-08-20T16:55:47Z</time><speed>0.000</speed><sat>29</sat></trkpt>
  <trkpt lat="-33.99863833" lon="-139.99867407"><ele>38.100</ele><time>2026-08-20T16:55:48Z</time><speed>0.000</speed><sat>29</sat></trkpt>
  <trkpt lat="-33.99864333" lon="-139.99867170"><ele>37.500</ele><time>2026-08-20T16:55:49Z</time><speed>0.000</speed><sat>29</sat></trkpt>
  <trkpt lat="-33.99865167" lon="-139.99866579"><ele>37.200</ele><time>2026-08-20T16:55:50Z</time><speed>0.596</speed><sat>28</sat></trkpt>
  <trkpt lat="-33.99866167" lon="-139.99866106"><ele>36.900</ele><time>2026-08-20T16:55:51Z</time><speed>0.590</speed><sat>28</sat></trkpt>
  <trkpt lat="-33.99866667" lon="-139.99865278"><ele>36.700</ele><time>2026-08-20T16:55:52Z</time><speed>0.574</speed><sat>28</sat></trkpt>
  <trkpt lat="-33.99867667" lon="-139.99864213"><ele>36.500</ele><time>2026-08-20T16:55:53Z</time><speed>0.565</speed><sat>28</sat></trkpt>
  <trkpt lat="-33.99868500" lon="-139.99862912"><ele>36.000</ele><time>2026-08-20T16:55:54Z</time><speed>0.569</speed><sat>27</sat></trkpt>
  <trkpt lat="-33.99869500" lon="-139.99862084"><ele>35.800</ele><time>2026-08-20T16:55:55Z</time><speed>0.582</speed><sat>27</sat></trkpt>
  <trkpt lat="-33.99870833" lon="-139.99861138"><ele>35.400</ele><time>2026-08-20T16:55:56Z</time><speed>0.605</speed><sat>28</sat></trkpt>
  <trkpt lat="-33.99871833" lon="-139.99859719"><ele>35.100</ele><time>2026-08-20T16:55:57Z</time><speed>0.640</speed><sat>27</sat></trkpt>
  <trkpt lat="-33.99872667" lon="-139.99858654"><ele>35.000</ele><time>2026-08-20T16:55:58Z</time><speed>0.669</speed><sat>25</sat></trkpt>
  <trkpt lat="-33.99873167" lon="-139.99857590"><ele>34.800</ele><time>2026-08-20T16:55:59Z</time><speed>0.704</speed><sat>25</sat></trkpt>
  <trkpt lat="-33.99873500" lon="-139.99857235"><ele>34.700</ele><time>2026-08-20T16:56:00Z</time><speed>0.722</speed><sat>24</sat></trkpt>
  <trkpt lat="-33.99873333" lon="-139.99856407"><ele>34.600</ele><time>2026-08-20T16:56:01Z</time><speed>0.732</speed><sat>22</sat></trkpt>
  <trkpt lat="-33.99873333" lon="-139.99855579"><ele>34.600</ele><time>2026-08-20T16:56:02Z</time><speed>0.736</speed><sat>24</sat></trkpt>
  <trkpt lat="-33.99873167" lon="-139.99854987"><ele>34.600</ele><time>2026-08-20T16:56:03Z</time><speed>0.717</speed><sat>23</sat></trkpt>
  <trkpt lat="-33.99873000" lon="-139.99854515"><ele>34.500</ele><time>2026-08-20T16:56:04Z</time><speed>0.680</speed><sat>22</sat></trkpt>
  <trkpt lat="-33.99872667" lon="-139.99854160"><ele>34.500</ele><time>2026-08-20T16:56:05Z</time><speed>0.631</speed><sat>23</sat></trkpt>
  <trkpt lat="-33.99872667" lon="-139.99853805"><ele>34.600</ele><time>2026-08-20T16:56:06Z</time><speed>0.000</speed><sat>21</sat></trkpt>
  <trkpt lat="-33.99872333" lon="-139.99853332"><ele>34.700</ele><time>2026-08-20T16:56:07Z</time><speed>0.000</speed><sat>21</sat></trkpt>
  <trkpt lat="-33.99871833" lon="-139.99852740"><ele>34.900</ele><time>2026-08-20T16:56:08Z</time><speed>0.000</speed><sat>21</sat></trkpt>
  <trkpt lat="-33.99871333" lon="-139.99851912"><ele>35.100</ele><time>2026-08-20T16:56:09Z</time><speed>0.407</speed><sat>21</sat></trkpt>
  <trkpt lat="-33.99871500" lon="-139.99851439"><ele>35.000</ele><time>2026-08-20T16:56:10Z</time><speed>0.000</speed><sat>24</sat></trkpt>
  <trkpt lat="-33.99871500" lon="-139.99851203"><ele>35.100</ele><time>2026-08-20T16:56:11Z</time><speed>0.000</speed><sat>24</sat></trkpt>
  <trkpt lat="-33.99871167" lon="-139.99850374"><ele>35.200</ele><time>2026-08-20T16:56:12Z</time><speed>0.000</speed><sat>24</sat></trkpt>
  <trkpt lat="-33.99871167" lon="-139.99850374"><ele>35.200</ele><time>2026-08-20T16:56:13Z</time><speed>0.000</speed><sat>25</sat></trkpt>
  <trkpt lat="-33.99871167" lon="-139.99850374"><ele>35.200</ele><time>2026-08-20T16:56:14Z</time><speed>0.000</speed><sat>23</sat></trkpt>
  <trkpt lat="-33.99871167" lon="-139.99850374"><ele>35.200</ele><time>2026-08-20T16:56:15Z</time><speed>0.000</speed><sat>23</sat></trkpt>
  <trkpt lat="-33.99870167" lon="-139.99846826"><ele>35.700</ele><time>2026-08-20T16:56:16Z</time><speed>0.371</speed><sat>24</sat></trkpt>
  <trkpt lat="-33.99870000" lon="-139.99845407"><ele>35.900</ele><time>2026-08-20T16:56:17Z</time><speed>0.433</speed><sat>24</sat></trkpt>
  <trkpt lat="-33.99869667" lon="-139.99844461"><ele>36.000</ele><time>2026-08-20T16:56:18Z</time><speed>0.475</speed><sat>24</sat></trkpt>
  <trkpt lat="-33.99869833" lon="-139.99843751"><ele>35.800</ele><time>2026-08-20T16:56:19Z</time><speed>0.503</speed><sat>26</sat></trkpt>
  <trkpt lat="-33.99870000" lon="-139.99843160"><ele>35.700</ele><time>2026-08-20T16:56:20Z</time><speed>0.532</speed><sat>25</sat></trkpt>
  <trkpt lat="-33.99870167" lon="-139.99842805"><ele>35.500</ele><time>2026-08-20T16:56:21Z</time><speed>0.566</speed><sat>26</sat></trkpt>
  <trkpt lat="-33.99870500" lon="-139.99842213"><ele>35.200</ele><time>2026-08-20T16:56:22Z</time><speed>0.000</speed><sat>25</sat></trkpt>
  <trkpt lat="-33.99870667" lon="-139.99841622"><ele>35.000</ele><time>2026-08-20T16:56:23Z</time><speed>0.000</speed><sat>25</sat></trkpt>
  <trkpt lat="-33.99870500" lon="-139.99840912"><ele>34.600</ele><time>2026-08-20T16:56:24Z</time><speed>0.596</speed><sat>26</sat></trkpt>
  <trkpt lat="-33.99870167" lon="-139.99840084"><ele>34.000</ele><time>2026-08-20T16:56:25Z</time><speed>0.583</speed><sat>25</sat></trkpt>
  <trkpt lat="-33.99870167" lon="-139.99838902"><ele>33.400</ele><time>2026-08-20T16:56:26Z</time><speed>0.568</speed><sat>25</sat></trkpt>
  <trkpt lat="-33.99869833" lon="-139.99837719"><ele>33.000</ele><time>2026-08-20T16:56:27Z</time><speed>0.553</speed><sat>26</sat></trkpt>
  <trkpt lat="-33.99869500" lon="-139.99836418"><ele>32.700</ele><time>2026-08-20T16:56:28Z</time><speed>0.562</speed><sat>25</sat></trkpt>
  <trkpt lat="-33.99869167" lon="-139.99835235"><ele>32.400</ele><time>2026-08-20T16:56:29Z</time><speed>0.600</speed><sat>25</sat></trkpt>
  <trkpt lat="-33.99868833" lon="-139.99833579"><ele>32.200</ele><time>2026-08-20T16:56:30Z</time><speed>0.662</speed><sat>24</sat></trkpt>
  <trkpt lat="-33.99868667" lon="-139.99831805"><ele>31.800</ele><time>2026-08-20T16:56:31Z</time><speed>0.685</speed><sat>24</sat></trkpt>
  <trkpt lat="-33.99868833" lon="-139.99830148"><ele>31.500</ele><time>2026-08-20T16:56:32Z</time><speed>0.735</speed><sat>26</sat></trkpt>
  <trkpt lat="-33.99868833" lon="-139.99828729"><ele>31.500</ele><time>2026-08-20T16:56:33Z</time><speed>0.812</speed><sat>27</sat></trkpt>
  <trkpt lat="-33.99869167" lon="-139.99827310"><ele>31.500</ele><time>2026-08-20T16:56:34Z</time><speed>0.891</speed><sat>26</sat></trkpt>
  <trkpt lat="-33.99869667" lon="-139.99826127"><ele>31.500</ele><time>2026-08-20T16:56:35Z</time><speed>0.981</speed><sat>24</sat></trkpt>
  <trkpt lat="-33.99870500" lon="-139.99824708"><ele>31.500</ele><time>2026-08-20T16:56:36Z</time><speed>1.068</speed><sat>25</sat></trkpt>
  <trkpt lat="-33.99871833" lon="-139.99822815"><ele>31.500</ele><time>2026-08-20T16:56:37Z</time><speed>1.169</speed><sat>27</sat></trkpt>
  <trkpt lat="-33.99872167" lon="-139.99821396"><ele>31.600</ele><time>2026-08-20T16:56:38Z</time><speed>1.215</speed><sat>28</sat></trkpt>
  <trkpt lat="-33.99872333" lon="-139.99819740"><ele>32.500</ele><time>2026-08-20T16:56:39Z</time><speed>1.277</speed><sat>25</sat></trkpt>
  <trkpt lat="-33.99872833" lon="-139.99817966"><ele>33.200</ele><time>2026-08-20T16:56:40Z</time><speed>1.323</speed><sat>26</sat></trkpt>
  <trkpt lat="-33.99873833" lon="-139.99816546"><ele>33.900</ele><time>2026-08-20T16:56:41Z</time><speed>1.428</speed><sat>25</sat></trkpt>
  <trkpt lat="-33.99875000" lon="-139.99815127"><ele>34.300</ele><time>2026-08-20T16:56:42Z</time><speed>1.494</speed><sat>25</sat></trkpt>
  <trkpt lat="-33.99876333" lon="-139.99814180"><ele>34.400</ele><time>2026-08-20T16:56:43Z</time><speed>1.545</speed><sat>25</sat></trkpt>
  <trkpt lat="-33.99877500" lon="-139.99813826"><ele>34.700</ele><time>2026-08-20T16:56:44Z</time><speed>1.568</speed><sat>25</sat></trkpt>
  <trkpt lat="-33.99879333" lon="-139.99813353"><ele>35.500</ele><time>2026-08-20T16:56:45Z</time><speed>1.534</speed><sat>24</sat></trkpt>
  <trkpt lat="-33.99880500" lon="-139.99813116"><ele>36.100</ele><time>2026-08-20T16:56:46Z</time><speed>1.488</speed><sat>24</sat></trkpt>
  <trkpt lat="-33.99880833" lon="-139.99813353"><ele>36.700</ele><time>2026-08-20T16:56:47Z</time><speed>1.422</speed><sat>25</sat></trkpt>
  <trkpt lat="-33.99882000" lon="-139.99813589"><ele>37.400</ele><time>2026-08-20T16:56:48Z</time><speed>1.396</speed><sat>25</sat></trkpt>
  <trkpt lat="-33.99883500" lon="-139.99813471"><ele>38.000</ele><time>2026-08-20T16:56:49Z</time><speed>1.458</speed><sat>24</sat></trkpt>
  <trkpt lat="-33.99885333" lon="-139.99812998"><ele>38.700</ele><time>2026-08-20T16:56:50Z</time><speed>1.524</speed><sat>24</sat></trkpt>
  <trkpt lat="-33.99886333" lon="-139.99813116"><ele>39.100</ele><time>2026-08-20T16:56:51Z</time><speed>1.459</speed><sat>24</sat></trkpt>
  <trkpt lat="-33.99887333" lon="-139.99812998"><ele>38.700</ele><time>2026-08-20T16:56:52Z</time><speed>1.408</speed><sat>24</sat></trkpt>
  <trkpt lat="-33.99888000" lon="-139.99813353"><ele>38.300</ele><time>2026-08-20T16:56:53Z</time><speed>1.368</speed><sat>24</sat></trkpt>
  <trkpt lat="-33.99889000" lon="-139.99813471"><ele>37.900</ele><time>2026-08-20T16:56:54Z</time><speed>1.343</speed><sat>24</sat></trkpt>
  <trkpt lat="-33.99890000" lon="-139.99813353"><ele>37.500</ele><time>2026-08-20T16:56:55Z</time><speed>1.374</speed><sat>24</sat></trkpt>
  <trkpt lat="-33.99890833" lon="-139.99813234"><ele>36.900</ele><time>2026-08-20T16:56:56Z</time><speed>1.422</speed><sat>23</sat></trkpt>
  <trkpt lat="-33.99892333" lon="-139.99812998"><ele>36.700</ele><time>2026-08-20T16:56:57Z</time><speed>1.511</speed><sat>23</sat></trkpt>
  <trkpt lat="-33.99893667" lon="-139.99812880"><ele>36.500</ele><time>2026-08-20T16:56:58Z</time><speed>1.561</speed><sat>23</sat></trkpt>
  <trkpt lat="-33.99894333" lon="-139.99812998"><ele>36.100</ele><time>2026-08-20T16:56:59Z</time><speed>1.463</speed><sat>25</sat></trkpt>
  <trkpt lat="-33.99895833" lon="-139.99812998"><ele>36.200</ele><time>2026-08-20T16:57:00Z</time><speed>1.369</speed><sat>26</sat></trkpt>
  <trkpt lat="-33.99897167" lon="-139.99812998"><ele>36.100</ele><time>2026-08-20T16:57:01Z</time><speed>1.367</speed><sat>25</sat></trkpt>
  <trkpt lat="-33.99898000" lon="-139.99812761"><ele>36.300</ele><time>2026-08-20T16:57:02Z</time><speed>1.360</speed><sat>25</sat></trkpt>
  <trkpt lat="-33.99899667" lon="-139.99812288"><ele>36.400</ele><time>2026-08-20T16:57:03Z</time><speed>1.385</speed><sat>25</sat></trkpt>
  <trkpt lat="-33.99901333" lon="-139.99811815"><ele>36.300</ele><time>2026-08-20T16:57:04Z</time><speed>1.497</speed><sat>26</sat></trkpt>
  <trkpt lat="-33.99903167" lon="-139.99811460"><ele>36.400</ele><time>2026-08-20T16:57:05Z</time><speed>1.579</speed><sat>25</sat></trkpt>
  <trkpt lat="-33.99904500" lon="-139.99811815"><ele>36.400</ele><time>2026-08-20T16:57:06Z</time><speed>1.598</speed><sat>25</sat></trkpt>
  <trkpt lat="-33.99905833" lon="-139.99812406"><ele>36.500</ele><time>2026-08-20T16:57:07Z</time><speed>1.534</speed><sat>24</sat></trkpt>
  <trkpt lat="-33.99906500" lon="-139.99812170"><ele>36.400</ele><time>2026-08-20T16:57:08Z</time><speed>1.504</speed><sat>24</sat></trkpt>
  <trkpt lat="-33.99907000" lon="-139.99812051"><ele>36.300</ele><time>2026-08-20T16:57:09Z</time><speed>1.475</speed><sat>26</sat></trkpt>
  <trkpt lat="-33.99907833" lon="-139.99812170"><ele>36.000</ele><time>2026-08-20T16:57:10Z</time><speed>1.461</speed><sat>26</sat></trkpt>
  <trkpt lat="-33.99908833" lon="-139.99812051"><ele>35.900</ele><time>2026-08-20T16:57:11Z</time><speed>1.436</speed><sat>26</sat></trkpt>
  <trkpt lat="-33.99909833" lon="-139.99811815"><ele>35.800</ele><time>2026-08-20T16:57:12Z</time><speed>1.452</speed><sat>26</sat></trkpt>
  <trkpt lat="-33.99910833" lon="-139.99812051"><ele>35.800</ele><time>2026-08-20T16:57:13Z</time><speed>1.452</speed><sat>26</sat></trkpt>
  <trkpt lat="-33.99912333" lon="-139.99812406"><ele>35.900</ele><time>2026-08-20T16:57:14Z</time><speed>1.400</speed><sat>26</sat></trkpt>
  <trkpt lat="-33.99913667" lon="-139.99812643"><ele>35.800</ele><time>2026-08-20T16:57:15Z</time><speed>1.326</speed><sat>25</sat></trkpt>
  <trkpt lat="-33.99914667" lon="-139.99812761"><ele>35.700</ele><time>2026-08-20T16:57:16Z</time><speed>1.261</speed><sat>28</sat></trkpt>
  <trkpt lat="-33.99914833" lon="-139.99812643"><ele>35.400</ele><time>2026-08-20T16:57:17Z</time><speed>1.154</speed><sat>27</sat></trkpt>
  <trkpt lat="-33.99914500" lon="-139.99812880"><ele>34.900</ele><time>2026-08-20T16:57:18Z</time><speed>1.063</speed><sat>28</sat></trkpt>
  <trkpt lat="-33.99914667" lon="-139.99813116"><ele>34.700</ele><time>2026-08-20T16:57:19Z</time><speed>1.003</speed><sat>28</sat></trkpt>
  <trkpt lat="-33.99915500" lon="-139.99813116"><ele>34.500</ele><time>2026-08-20T16:57:20Z</time><speed>0.891</speed><sat>28</sat></trkpt>
  <trkpt lat="-33.99916333" lon="-139.99813353"><ele>34.000</ele><time>2026-08-20T16:57:21Z</time><speed>0.831</speed><sat>27</sat></trkpt>
  <trkpt lat="-33.99917000" lon="-139.99813471"><ele>33.800</ele><time>2026-08-20T16:57:22Z</time><speed>0.743</speed><sat>27</sat></trkpt>
  <trkpt lat="-33.99918000" lon="-139.99813589"><ele>33.500</ele><time>2026-08-20T16:57:23Z</time><speed>0.701</speed><sat>27</sat></trkpt>
  <trkpt lat="-33.99919500" lon="-139.99813589"><ele>33.300</ele><time>2026-08-20T16:57:24Z</time><speed>0.621</speed><sat>28</sat></trkpt>
  <trkpt lat="-33.99920667" lon="-139.99813589"><ele>33.000</ele><time>2026-08-20T16:57:25Z</time><speed>0.555</speed><sat>28</sat></trkpt>
  <trkpt lat="-33.99921667" lon="-139.99812998"><ele>32.800</ele><time>2026-08-20T16:57:26Z</time><speed>0.512</speed><sat>28</sat></trkpt>
  <trkpt lat="-33.99922500" lon="-139.99812998"><ele>32.800</ele><time>2026-08-20T16:57:27Z</time><speed>0.536</speed><sat>27</sat></trkpt>
  <trkpt lat="-33.99923167" lon="-139.99813471"><ele>32.700</ele><time>2026-08-20T16:57:28Z</time><speed>0.576</speed><sat>27</sat></trkpt>
  <trkpt lat="-33.99923833" lon="-139.99813471"><ele>32.600</ele><time>2026-08-20T16:57:29Z</time><speed>0.630</speed><sat>27</sat></trkpt>
  <trkpt lat="-33.99924667" lon="-139.99813353"><ele>32.500</ele><time>2026-08-20T16:57:30Z</time><speed>0.718</speed><sat>27</sat></trkpt>
  <trkpt lat="-33.99925333" lon="-139.99813234"><ele>32.600</ele><time>2026-08-20T16:57:31Z</time><speed>0.744</speed><sat>27</sat></trkpt>
  <trkpt lat="-33.99926167" lon="-139.99812880"><ele>32.600</ele><time>2026-08-20T16:57:32Z</time><speed>0.766</speed><sat>26</sat></trkpt>
  <trkpt lat="-33.99926833" lon="-139.99812525"><ele>32.500</ele><time>2026-08-20T16:57:33Z</time><speed>0.732</speed><sat>27</sat></trkpt>
  <trkpt lat="-33.99928000" lon="-139.99812051"><ele>32.400</ele><time>2026-08-20T16:57:34Z</time><speed>0.718</speed><sat>26</sat></trkpt>
  <trkpt lat="-33.99929500" lon="-139.99811697"><ele>32.200</ele><time>2026-08-20T16:57:35Z</time><speed>0.768</speed><sat>28</sat></trkpt>
  <trkpt lat="-33.99931000" lon="-139.99811224"><ele>31.800</ele><time>2026-08-20T16:57:36Z</time><speed>0.848</speed><sat>28</sat></trkpt>
  <trkpt lat="-33.99932333" lon="-139.99811342"><ele>31.500</ele><time>2026-08-20T16:57:37Z</time><speed>0.913</speed><sat>28</sat></trkpt>
  <trkpt lat="-33.99933000" lon="-139.99811342"><ele>31.300</ele><time>2026-08-20T16:57:38Z</time><speed>0.898</speed><sat>28</sat></trkpt>
  <trkpt lat="-33.99933667" lon="-139.99811342"><ele>31.000</ele><time>2026-08-20T16:57:39Z</time><speed>0.853</speed><sat>28</sat></trkpt>
  <trkpt lat="-33.99934667" lon="-139.99811460"><ele>31.300</ele><time>2026-08-20T16:57:40Z</time><speed>0.840</speed><sat>28</sat></trkpt>
  <trkpt lat="-33.99935667" lon="-139.99811105"><ele>31.400</ele><time>2026-08-20T16:57:41Z</time><speed>0.842</speed><sat>28</sat></trkpt>
  <trkpt lat="-33.99936667" lon="-139.99810869"><ele>31.400</ele><time>2026-08-20T16:57:42Z</time><speed>0.851</speed><sat>28</sat></trkpt>
  <trkpt lat="-33.99937500" lon="-139.99810632"><ele>31.500</ele><time>2026-08-20T16:57:43Z</time><speed>0.845</speed><sat>28</sat></trkpt>
  <trkpt lat="-33.99938333" lon="-139.99809922"><ele>31.700</ele><time>2026-08-20T16:57:44Z</time><speed>0.900</speed><sat>28</sat></trkpt>
  <trkpt lat="-33.99940000" lon="-139.99808858"><ele>31.800</ele><time>2026-08-20T16:57:45Z</time><speed>0.941</speed><sat>28</sat></trkpt>
  <trkpt lat="-33.99941333" lon="-139.99807912"><ele>32.000</ele><time>2026-08-20T16:57:46Z</time><speed>0.971</speed><sat>28</sat></trkpt>
  <trkpt lat="-33.99942333" lon="-139.99806966"><ele>32.000</ele><time>2026-08-20T16:57:47Z</time><speed>0.985</speed><sat>28</sat></trkpt>
  <trkpt lat="-33.99943333" lon="-139.99806138"><ele>32.000</ele><time>2026-08-20T16:57:48Z</time><speed>1.033</speed><sat>27</sat></trkpt>
  <trkpt lat="-33.99943667" lon="-139.99806019"><ele>32.100</ele><time>2026-08-20T16:57:49Z</time><speed>1.029</speed><sat>27</sat></trkpt>
  <trkpt lat="-33.99944500" lon="-139.99806256"><ele>32.000</ele><time>2026-08-20T16:57:50Z</time><speed>1.001</speed><sat>27</sat></trkpt>
  <trkpt lat="-33.99945667" lon="-139.99806256"><ele>31.900</ele><time>2026-08-20T16:57:51Z</time><speed>1.071</speed><sat>27</sat></trkpt>
  <trkpt lat="-33.99947333" lon="-139.99805664"><ele>31.700</ele><time>2026-08-20T16:57:52Z</time><speed>1.139</speed><sat>26</sat></trkpt>
  <trkpt lat="-33.99949000" lon="-139.99805073"><ele>31.600</ele><time>2026-08-20T16:57:53Z</time><speed>1.213</speed><sat>26</sat></trkpt>
  <trkpt lat="-33.99951167" lon="-139.99804245"><ele>31.500</ele><time>2026-08-20T16:57:54Z</time><speed>1.305</speed><sat>26</sat></trkpt>
  <trkpt lat="-33.99952667" lon="-139.99803180"><ele>31.500</ele><time>2026-08-20T16:57:55Z</time><speed>1.339</speed><sat>26</sat></trkpt>
  <trkpt lat="-33.99953667" lon="-139.99802708"><ele>31.600</ele><time>2026-08-20T16:57:56Z</time><speed>1.343</speed><sat>26</sat></trkpt>
  <trkpt lat="-33.99954833" lon="-139.99802234"><ele>32.000</ele><time>2026-08-20T16:57:57Z</time><speed>1.353</speed><sat>26</sat></trkpt>
  <trkpt lat="-33.99956000" lon="-139.99802234"><ele>32.200</ele><time>2026-08-20T16:57:58Z</time><speed>1.360</speed><sat>27</sat></trkpt>
  <trkpt lat="-33.99956833" lon="-139.99801998"><ele>32.500</ele><time>2026-08-20T16:57:59Z</time><speed>1.414</speed><sat>27</sat></trkpt>
  <trkpt lat="-33.99957667" lon="-139.99801525"><ele>32.800</ele><time>2026-08-20T16:58:00Z</time><speed>1.461</speed><sat>26</sat></trkpt>
  <trkpt lat="-33.99958667" lon="-139.99801525"><ele>32.700</ele><time>2026-08-20T16:58:01Z</time><speed>1.444</speed><sat>27</sat></trkpt>
  <trkpt lat="-33.99959333" lon="-139.99801288"><ele>32.700</ele><time>2026-08-20T16:58:02Z</time><speed>1.387</speed><sat>27</sat></trkpt>
  <trkpt lat="-33.99960333" lon="-139.99801525"><ele>32.500</ele><time>2026-08-20T16:58:03Z</time><speed>1.325</speed><sat>26</sat></trkpt>
  <trkpt lat="-33.99961500" lon="-139.99800815"><ele>32.500</ele><time>2026-08-20T16:58:04Z</time><speed>1.172</speed><sat>26</sat></trkpt>
  <trkpt lat="-33.99961833" lon="-139.99800342"><ele>32.700</ele><time>2026-08-20T16:58:05Z</time><speed>1.065</speed><sat>27</sat></trkpt>
  <trkpt lat="-33.99961667" lon="-139.99799750"><ele>32.600</ele><time>2026-08-20T16:58:06Z</time><speed>0.987</speed><sat>27</sat></trkpt>
  <trkpt lat="-33.99961833" lon="-139.99798804"><ele>32.900</ele><time>2026-08-20T16:58:07Z</time><speed>0.957</speed><sat>27</sat></trkpt>
  <trkpt lat="-33.99962833" lon="-139.99798095"><ele>33.000</ele><time>2026-08-20T16:58:08Z</time><speed>0.941</speed><sat>27</sat></trkpt>
  <trkpt lat="-33.99963667" lon="-139.99797621"><ele>33.100</ele><time>2026-08-20T16:58:09Z</time><speed>0.955</speed><sat>27</sat></trkpt>
  <trkpt lat="-33.99964667" lon="-139.99797385"><ele>33.100</ele><time>2026-08-20T16:58:10Z</time><speed>0.955</speed><sat>27</sat></trkpt>
  <trkpt lat="-33.99965333" lon="-139.99797030"><ele>33.200</ele><time>2026-08-20T16:58:11Z</time><speed>0.947</speed><sat>27</sat></trkpt>
  <trkpt lat="-33.99966167" lon="-139.99796438"><ele>33.300</ele><time>2026-08-20T16:58:12Z</time><speed>0.935</speed><sat>27</sat></trkpt>
  <trkpt lat="-33.99966500" lon="-139.99796438"><ele>33.100</ele><time>2026-08-20T16:58:13Z</time><speed>0.899</speed><sat>27</sat></trkpt>
  <trkpt lat="-33.99967333" lon="-139.99796202"><ele>33.200</ele><time>2026-08-20T16:58:14Z</time><speed>0.866</speed><sat>27</sat></trkpt>
  <trkpt lat="-33.99968667" lon="-139.99796202"><ele>33.100</ele><time>2026-08-20T16:58:15Z</time><speed>0.892</speed><sat>27</sat></trkpt>
  <trkpt lat="-33.99969833" lon="-139.99795966"><ele>33.500</ele><time>2026-08-20T16:58:16Z</time><speed>0.908</speed><sat>27</sat></trkpt>
  <trkpt lat="-33.99971167" lon="-139.99795374"><ele>33.700</ele><time>2026-08-20T16:58:17Z</time><speed>0.973</speed><sat>27</sat></trkpt>
  <trkpt lat="-33.99973000" lon="-139.99794901"><ele>33.800</ele><time>2026-08-20T16:58:18Z</time><speed>1.009</speed><sat>27</sat></trkpt>
  <trkpt lat="-33.99973667" lon="-139.99794901"><ele>33.900</ele><time>2026-08-20T16:58:19Z</time><speed>0.974</speed><sat>27</sat></trkpt>
  <trkpt lat="-33.99974167" lon="-139.99794901"><ele>34.100</ele><time>2026-08-20T16:58:20Z</time><speed>0.933</speed><sat>27</sat></trkpt>
  <trkpt lat="-33.99974000" lon="-139.99795137"><ele>33.800</ele><time>2026-08-20T16:58:21Z</time><speed>0.869</speed><sat>27</sat></trkpt>
  <trkpt lat="-33.99974167" lon="-139.99795137"><ele>33.600</ele><time>2026-08-20T16:58:22Z</time><speed>0.843</speed><sat>27</sat></trkpt>
  <trkpt lat="-33.99974667" lon="-139.99795137"><ele>33.300</ele><time>2026-08-20T16:58:23Z</time><speed>0.851</speed><sat>26</sat></trkpt>
  <trkpt lat="-33.99975000" lon="-139.99795137"><ele>33.300</ele><time>2026-08-20T16:58:24Z</time><speed>0.883</speed><sat>27</sat></trkpt>
  <trkpt lat="-33.99975500" lon="-139.99794664"><ele>33.300</ele><time>2026-08-20T16:58:25Z</time><speed>0.855</speed><sat>27</sat></trkpt>
  <trkpt lat="-33.99976500" lon="-139.99794073"><ele>33.100</ele><time>2026-08-20T16:58:26Z</time><speed>0.844</speed><sat>27</sat></trkpt>
  <trkpt lat="-33.99978000" lon="-139.99794073"><ele>33.100</ele><time>2026-08-20T16:58:27Z</time><speed>0.777</speed><sat>28</sat></trkpt>
  <trkpt lat="-33.99979500" lon="-139.99793837"><ele>33.200</ele><time>2026-08-20T16:58:28Z</time><speed>0.767</speed><sat>29</sat></trkpt>
  <trkpt lat="-33.99980500" lon="-139.99793718"><ele>33.300</ele><time>2026-08-20T16:58:29Z</time><speed>0.852</speed><sat>29</sat></trkpt>
  <trkpt lat="-33.99981333" lon="-139.99793363"><ele>33.700</ele><time>2026-08-20T16:58:30Z</time><speed>0.877</speed><sat>29</sat></trkpt>
  <trkpt lat="-33.99981833" lon="-139.99793008"><ele>33.900</ele><time>2026-08-20T16:58:31Z</time><speed>0.942</speed><sat>28</sat></trkpt>
  <trkpt lat="-33.99982333" lon="-139.99792772"><ele>34.200</ele><time>2026-08-20T16:58:32Z</time><speed>0.951</speed><sat>28</sat></trkpt>
  <trkpt lat="-33.99982000" lon="-139.99792654"><ele>34.400</ele><time>2026-08-20T16:58:33Z</time><speed>0.919</speed><sat>28</sat></trkpt>
  <trkpt lat="-33.99982167" lon="-139.99792535"><ele>34.300</ele><time>2026-08-20T16:58:34Z</time><speed>0.853</speed><sat>29</sat></trkpt>
  <trkpt lat="-33.99982167" lon="-139.99792890"><ele>34.000</ele><time>2026-08-20T16:58:35Z</time><speed>0.770</speed><sat>29</sat></trkpt>
  <trkpt lat="-33.99983000" lon="-139.99793363"><ele>33.600</ele><time>2026-08-20T16:58:36Z</time><speed>0.794</speed><sat>29</sat></trkpt>
  <trkpt lat="-33.99984333" lon="-139.99793718"><ele>32.900</ele><time>2026-08-20T16:58:37Z</time><speed>0.791</speed><sat>30</sat></trkpt>
  <trkpt lat="-33.99984167" lon="-139.99794309"><ele>32.100</ele><time>2026-08-20T16:58:38Z</time><speed>0.704</speed><sat>29</sat></trkpt>
  <trkpt lat="-33.99983833" lon="-139.99794901"><ele>31.500</ele><time>2026-08-20T16:58:39Z</time><speed>0.621</speed><sat>29</sat></trkpt>
  <trkpt lat="-33.99983500" lon="-139.99795492"><ele>30.900</ele><time>2026-08-20T16:58:40Z</time><speed>0.615</speed><sat>29</sat></trkpt>
  <trkpt lat="-33.99983833" lon="-139.99795966"><ele>30.200</ele><time>2026-08-20T16:58:41Z</time><speed>0.575</speed><sat>28</sat></trkpt>
  <trkpt lat="-33.99984333" lon="-139.99795847"><ele>29.800</ele><time>2026-08-20T16:58:42Z</time><speed>0.574</speed><sat>29</sat></trkpt>
  <trkpt lat="-33.99985167" lon="-139.99795019"><ele>29.100</ele><time>2026-08-20T16:58:43Z</time><speed>0.650</speed><sat>28</sat></trkpt>
  <trkpt lat="-33.99986333" lon="-139.99794309"><ele>28.400</ele><time>2026-08-20T16:58:44Z</time><speed>0.720</speed><sat>28</sat></trkpt>
  <trkpt lat="-33.99987333" lon="-139.99793127"><ele>27.600</ele><time>2026-08-20T16:58:45Z</time><speed>0.738</speed><sat>28</sat></trkpt>
  <trkpt lat="-33.99988167" lon="-139.99792417"><ele>27.300</ele><time>2026-08-20T16:58:46Z</time><speed>0.641</speed><sat>28</sat></trkpt>
  <trkpt lat="-33.99988667" lon="-139.99791944"><ele>27.000</ele><time>2026-08-20T16:58:47Z</time><speed>0.542</speed><sat>28</sat></trkpt>
  <trkpt lat="-33.99989167" lon="-139.99791470"><ele>27.100</ele><time>2026-08-20T16:58:48Z</time><speed>0.522</speed><sat>28</sat></trkpt>
  <trkpt lat="-33.99989667" lon="-139.99791234"><ele>27.000</ele><time>2026-08-20T16:58:49Z</time><speed>0.463</speed><sat>28</sat></trkpt>
  <trkpt lat="-33.99990000" lon="-139.99791116"><ele>26.900</ele><time>2026-08-20T16:58:50Z</time><speed>0.000</speed><sat>28</sat></trkpt>
  <trkpt lat="-33.99990500" lon="-139.99790643"><ele>26.800</ele><time>2026-08-20T16:58:51Z</time><speed>0.000</speed><sat>28</sat></trkpt>
  <trkpt lat="-33.99991333" lon="-139.99790524"><ele>26.800</ele><time>2026-08-20T16:58:52Z</time><speed>0.000</speed><sat>28</sat></trkpt>
  <trkpt lat="-33.99991333" lon="-139.99790524"><ele>26.800</ele><time>2026-08-20T16:58:53Z</time><speed>0.000</speed><sat>28</sat></trkpt>
  <trkpt lat="-33.99991333" lon="-139.99790524"><ele>26.800</ele><time>2026-08-20T16:58:54Z</time><speed>0.000</speed><sat>28</sat></trkpt>
  <trkpt lat="-33.99993833" lon="-139.99789815"><ele>26.600</ele><time>2026-08-20T16:58:55Z</time><speed>0.261</speed><sat>29</sat></trkpt>
  <trkpt lat="-33.99995000" lon="-139.99789224"><ele>26.400</ele><time>2026-08-20T16:58:56Z</time><speed>0.318</speed><sat>29</sat></trkpt>
  <trkpt lat="-33.99996167" lon="-139.99788632"><ele>26.300</ele><time>2026-08-20T16:58:57Z</time><speed>0.375</speed><sat>29</sat></trkpt>
  <trkpt lat="-33.99997500" lon="-139.99787804"><ele>26.200</ele><time>2026-08-20T16:58:58Z</time><speed>0.472</speed><sat>29</sat></trkpt>
  <trkpt lat="-33.99999000" lon="-139.99786976"><ele>26.200</ele><time>2026-08-20T16:58:59Z</time><speed>0.590</speed><sat>29</sat></trkpt>
  <trkpt lat="-34.00000500" lon="-139.99786148"><ele>26.100</ele><time>2026-08-20T16:59:00Z</time><speed>0.742</speed><sat>29</sat></trkpt>
  <trkpt lat="-34.00001667" lon="-139.99785557"><ele>26.300</ele><time>2026-08-20T16:59:01Z</time><speed>0.893</speed><sat>29</sat></trkpt>
  <trkpt lat="-34.00002667" lon="-139.99784611"><ele>26.500</ele><time>2026-08-20T16:59:02Z</time><speed>1.014</speed><sat>30</sat></trkpt>
  <trkpt lat="-34.00003833" lon="-139.99783664"><ele>26.500</ele><time>2026-08-20T16:59:03Z</time><speed>1.137</speed><sat>30</sat></trkpt>
  <trkpt lat="-34.00005167" lon="-139.99783191"><ele>26.700</ele><time>2026-08-20T16:59:04Z</time><speed>1.229</speed><sat>30</sat></trkpt>
  <trkpt lat="-34.00006333" lon="-139.99782599"><ele>26.800</ele><time>2026-08-20T16:59:05Z</time><speed>1.267</speed><sat>30</sat></trkpt>
  <trkpt lat="-34.00007000" lon="-139.99782008"><ele>26.700</ele><time>2026-08-20T16:59:06Z</time><speed>1.283</speed><sat>30</sat></trkpt>
  <trkpt lat="-34.00008167" lon="-139.99781299"><ele>26.800</ele><time>2026-08-20T16:59:07Z</time><speed>1.346</speed><sat>30</sat></trkpt>
  <trkpt lat="-34.00009000" lon="-139.99780707"><ele>26.800</ele><time>2026-08-20T16:59:08Z</time><speed>1.362</speed><sat>30</sat></trkpt>
  <trkpt lat="-34.00010333" lon="-139.99780234"><ele>26.900</ele><time>2026-08-20T16:59:09Z</time><speed>1.363</speed><sat>30</sat></trkpt>
  <trkpt lat="-34.00011667" lon="-139.99780234"><ele>27.200</ele><time>2026-08-20T16:59:10Z</time><speed>1.360</speed><sat>30</sat></trkpt>
  <trkpt lat="-34.00013167" lon="-139.99779761"><ele>27.400</ele><time>2026-08-20T16:59:11Z</time><speed>1.360</speed><sat>30</sat></trkpt>
  <trkpt lat="-34.00014833" lon="-139.99779288"><ele>27.800</ele><time>2026-08-20T16:59:12Z</time><speed>1.386</speed><sat>30</sat></trkpt>
  <trkpt lat="-34.00016167" lon="-139.99779406"><ele>28.200</ele><time>2026-08-20T16:59:13Z</time><speed>1.363</speed><sat>30</sat></trkpt>
  <trkpt lat="-34.00017000" lon="-139.99779406"><ele>28.600</ele><time>2026-08-20T16:59:14Z</time><speed>1.340</speed><sat>30</sat></trkpt>
  <trkpt lat="-34.00018000" lon="-139.99778933"><ele>29.100</ele><time>2026-08-20T16:59:15Z</time><speed>1.333</speed><sat>30</sat></trkpt>
  <trkpt lat="-34.00019000" lon="-139.99778224"><ele>29.400</ele><time>2026-08-20T16:59:16Z</time><speed>1.392</speed><sat>30</sat></trkpt>
  <trkpt lat="-34.00020000" lon="-139.99777750"><ele>29.600</ele><time>2026-08-20T16:59:17Z</time><speed>1.389</speed><sat>30</sat></trkpt>
  <trkpt lat="-34.00021500" lon="-139.99777750"><ele>30.100</ele><time>2026-08-20T16:59:18Z</time><speed>1.423</speed><sat>30</sat></trkpt>
  <trkpt lat="-34.00022667" lon="-139.99777986"><ele>30.300</ele><time>2026-08-20T16:59:19Z</time><speed>1.402</speed><sat>29</sat></trkpt>
  <trkpt lat="-34.00023833" lon="-139.99777750"><ele>30.300</ele><time>2026-08-20T16:59:20Z</time><speed>1.332</speed><sat>30</sat></trkpt>
  <trkpt lat="-34.00024667" lon="-139.99777277"><ele>30.300</ele><time>2026-08-20T16:59:21Z</time><speed>1.243</speed><sat>30</sat></trkpt>
  <trkpt lat="-34.00025167" lon="-139.99777750"><ele>30.000</ele><time>2026-08-20T16:59:22Z</time><speed>1.106</speed><sat>30</sat></trkpt>
  <trkpt lat="-34.00025500" lon="-139.99778578"><ele>29.800</ele><time>2026-08-20T16:59:23Z</time><speed>0.997</speed><sat>30</sat></trkpt>
  <trkpt lat="-34.00025833" lon="-139.99779643"><ele>29.900</ele><time>2026-08-20T16:59:24Z</time><speed>0.901</speed><sat>29</sat></trkpt>
  <trkpt lat="-34.00026167" lon="-139.99780707"><ele>30.100</ele><time>2026-08-20T16:59:25Z</time><speed>0.829</speed><sat>30</sat></trkpt>
  <trkpt lat="-34.00026333" lon="-139.99781653"><ele>30.100</ele><time>2026-08-20T16:59:26Z</time><speed>0.726</speed><sat>30</sat></trkpt>
  <trkpt lat="-34.00026667" lon="-139.99783073"><ele>29.800</ele><time>2026-08-20T16:59:27Z</time><speed>0.760</speed><sat>30</sat></trkpt>
  <trkpt lat="-34.00027167" lon="-139.99784611"><ele>29.500</ele><time>2026-08-20T16:59:28Z</time><speed>0.776</speed><sat>29</sat></trkpt>
  <trkpt lat="-34.00028000" lon="-139.99785912"><ele>29.200</ele><time>2026-08-20T16:59:29Z</time><speed>0.819</speed><sat>29</sat></trkpt>
  <trkpt lat="-34.00028500" lon="-139.99787095"><ele>29.200</ele><time>2026-08-20T16:59:30Z</time><speed>0.830</speed><sat>28</sat></trkpt>
  <trkpt lat="-34.00028833" lon="-139.99787686"><ele>29.600</ele><time>2026-08-20T16:59:31Z</time><speed>0.831</speed><sat>28</sat></trkpt>
  <trkpt lat="-34.00029333" lon="-139.99789815"><ele>29.400</ele><time>2026-08-20T16:59:32Z</time><speed>1.043</speed><sat>28</sat></trkpt>
  <trkpt lat="-34.00030333" lon="-139.99791708"><ele>29.700</ele><time>2026-08-20T16:59:33Z</time><speed>1.216</speed><sat>29</sat></trkpt>
  <trkpt lat="-34.00030833" lon="-139.99793245"><ele>29.800</ele><time>2026-08-20T16:59:34Z</time><speed>1.409</speed><sat>29</sat></trkpt>
  <trkpt lat="-34.00031167" lon="-139.99795492"><ele>29.900</ele><time>2026-08-20T16:59:35Z</time><speed>1.668</speed><sat>29</sat></trkpt>
  <trkpt lat="-34.00032167" lon="-139.99798212"><ele>30.000</ele><time>2026-08-20T16:59:36Z</time><speed>1.969</speed><sat>29</sat></trkpt>
  <trkpt lat="-34.00033000" lon="-139.99801051"><ele>30.200</ele><time>2026-08-20T16:59:37Z</time><speed>2.072</speed><sat>29</sat></trkpt>
  <trkpt lat="-34.00033167" lon="-139.99802116"><ele>30.500</ele><time>2026-08-20T16:59:38Z</time><speed>2.034</speed><sat>29</sat></trkpt>
  <trkpt lat="-34.00032833" lon="-139.99801998"><ele>30.400</ele><time>2026-08-20T16:59:39Z</time><speed>1.980</speed><sat>29</sat></trkpt>
  <trkpt lat="-34.00032667" lon="-139.99802234"><ele>30.200</ele><time>2026-08-20T16:59:40Z</time><speed>1.954</speed><sat>29</sat></trkpt>
  <trkpt lat="-34.00032333" lon="-139.99801879"><ele>29.900</ele><time>2026-08-20T16:59:41Z</time><speed>1.912</speed><sat>29</sat></trkpt>
  <trkpt lat="-34.00031833" lon="-139.99802116"><ele>29.300</ele><time>2026-08-20T16:59:42Z</time><speed>1.748</speed><sat>29</sat></trkpt>
  <trkpt lat="-34.00031167" lon="-139.99802825"><ele>28.800</ele><time>2026-08-20T16:59:43Z</time><speed>1.609</speed><sat>28</sat></trkpt>
  <trkpt lat="-34.00030667" lon="-139.99803535"><ele>28.200</ele><time>2026-08-20T16:59:44Z</time><speed>1.457</speed><sat>28</sat></trkpt>
  <trkpt lat="-34.00030667" lon="-139.99804482"><ele>27.900</ele><time>2026-08-20T16:59:45Z</time><speed>1.197</speed><sat>27</sat></trkpt>
  <trkpt lat="-34.00030833" lon="-139.99805783"><ele>27.800</ele><time>2026-08-20T16:59:46Z</time><speed>0.893</speed><sat>27</sat></trkpt>
  <trkpt lat="-34.00031333" lon="-139.99807793"><ele>27.500</ele><time>2026-08-20T16:59:47Z</time><speed>0.859</speed><sat>28</sat></trkpt>
  <trkpt lat="-34.00031667" lon="-139.99810159"><ele>27.600</ele><time>2026-08-20T16:59:48Z</time><speed>0.957</speed><sat>27</sat></trkpt>
  <trkpt lat="-34.00032500" lon="-139.99812288"><ele>28.000</ele><time>2026-08-20T16:59:49Z</time><speed>1.065</speed><sat>27</sat></trkpt>
  <trkpt lat="-34.00033000" lon="-139.99813944"><ele>28.100</ele><time>2026-08-20T16:59:50Z</time><speed>1.156</speed><sat>28</sat></trkpt>
  <trkpt lat="-34.00033000" lon="-139.99814417"><ele>28.400</ele><time>2026-08-20T16:59:51Z</time><speed>1.176</speed><sat>28</sat></trkpt>
  <trkpt lat="-34.00033333" lon="-139.99815009"><ele>28.300</ele><time>2026-08-20T16:59:52Z</time><speed>1.108</speed><sat>28</sat></trkpt>
  <trkpt lat="-34.00033667" lon="-139.99815600"><ele>28.600</ele><time>2026-08-20T16:59:53Z</time><speed>1.058</speed><sat>28</sat></trkpt>
  <trkpt lat="-34.00033333" lon="-139.99816309"><ele>28.600</ele><time>2026-08-20T16:59:54Z</time><speed>1.016</speed><sat>29</sat></trkpt>
  <trkpt lat="-34.00033500" lon="-139.99817729"><ele>28.300</ele><time>2026-08-20T16:59:55Z</time><speed>1.038</speed><sat>29</sat></trkpt>
  <trkpt lat="-34.00033500" lon="-139.99819622"><ele>28.100</ele><time>2026-08-20T16:59:56Z</time><speed>1.051</speed><sat>29</sat></trkpt>
  <trkpt lat="-34.00033833" lon="-139.99821514"><ele>28.000</ele><time>2026-08-20T16:59:57Z</time><speed>0.907</speed><sat>27</sat></trkpt>
  <trkpt lat="-34.00035000" lon="-139.99823288"><ele>28.100</ele><time>2026-08-20T16:59:58Z</time><speed>0.835</speed><sat>27</sat></trkpt>
  <trkpt lat="-34.00036667" lon="-139.99825299"><ele>28.300</ele><time>2026-08-20T16:59:59Z</time><speed>0.884</speed><sat>27</sat></trkpt>
  <trkpt lat="-34.00038500" lon="-139.99827664"><ele>28.700</ele><time>2026-08-20T17:00:00Z</time><speed>1.002</speed><sat>26</sat></trkpt>
  <trkpt lat="-34.00040333" lon="-139.99830030"><ele>29.000</ele><time>2026-08-20T17:00:01Z</time><speed>1.218</speed><sat>27</sat></trkpt>
  <trkpt lat="-34.00041667" lon="-139.99831923"><ele>29.100</ele><time>2026-08-20T17:00:02Z</time><speed>1.472</speed><sat>27</sat></trkpt>
  <trkpt lat="-34.00042167" lon="-139.99832987"><ele>29.500</ele><time>2026-08-20T17:00:03Z</time><speed>1.638</speed><sat>27</sat></trkpt>
  <trkpt lat="-34.00042000" lon="-139.99833342"><ele>29.800</ele><time>2026-08-20T17:00:04Z</time><speed>1.673</speed><sat>26</sat></trkpt>
  <trkpt lat="-34.00041333" lon="-139.99833934"><ele>30.100</ele><time>2026-08-20T17:00:05Z</time><speed>1.684</speed><sat>25</sat></trkpt>
  <trkpt lat="-34.00040667" lon="-139.99834406"><ele>30.400</ele><time>2026-08-20T17:00:06Z</time><speed>1.693</speed><sat>25</sat></trkpt>
  <trkpt lat="-34.00040000" lon="-139.99834880"><ele>30.500</ele><time>2026-08-20T17:00:07Z</time><speed>1.683</speed><sat>24</sat></trkpt>
  <trkpt lat="-34.00039667" lon="-139.99834998"><ele>30.100</ele><time>2026-08-20T17:00:08Z</time><speed>1.600</speed><sat>24</sat></trkpt>
  <trkpt lat="-34.00038833" lon="-139.99835235"><ele>29.700</ele><time>2026-08-20T17:00:09Z</time><speed>1.469</speed><sat>22</sat></trkpt>
  <trkpt lat="-34.00037667" lon="-139.99835235"><ele>29.000</ele><time>2026-08-20T17:00:10Z</time><speed>1.338</speed><sat>21</sat></trkpt>
  <trkpt lat="-34.00036667" lon="-139.99835471"><ele>28.000</ele><time>2026-08-20T17:00:11Z</time><speed>1.209</speed><sat>21</sat></trkpt>
  <trkpt lat="-34.00036000" lon="-139.99836299"><ele>27.600</ele><time>2026-08-20T17:00:12Z</time><speed>1.047</speed><sat>21</sat></trkpt>
  <trkpt lat="-34.00035333" lon="-139.99837600"><ele>26.700</ele><time>2026-08-20T17:00:13Z</time><speed>1.011</speed><sat>20</sat></trkpt>
  <trkpt lat="-34.00036333" lon="-139.99838665"><ele>26.100</ele><time>2026-08-20T17:00:14Z</time><speed>1.030</speed><sat>22</sat></trkpt>
  <trkpt lat="-34.00037500" lon="-139.99840084"><ele>25.100</ele><time>2026-08-20T17:00:15Z</time><speed>1.028</speed><sat>22</sat></trkpt>
  <trkpt lat="-34.00037500" lon="-139.99841148"><ele>24.400</ele><time>2026-08-20T17:00:16Z</time><speed>1.052</speed><sat>22</sat></trkpt>
  <trkpt lat="-34.00037833" lon="-139.99841503"><ele>23.400</ele><time>2026-08-20T17:00:17Z</time><speed>1.076</speed><sat>22</sat></trkpt>
  <trkpt lat="-34.00038167" lon="-139.99842450"><ele>22.500</ele><time>2026-08-20T17:00:18Z</time><speed>1.063</speed><sat>22</sat></trkpt>
  <trkpt lat="-34.00038167" lon="-139.99843751"><ele>22.000</ele><time>2026-08-20T17:00:19Z</time><speed>1.055</speed><sat>22</sat></trkpt>
  <trkpt lat="-34.00038333" lon="-139.99844697"><ele>21.300</ele><time>2026-08-20T17:00:20Z</time><speed>1.001</speed><sat>22</sat></trkpt>
  <trkpt lat="-34.00038500" lon="-139.99845880"><ele>20.800</ele><time>2026-08-20T17:00:21Z</time><speed>0.958</speed><sat>21</sat></trkpt>
  <trkpt lat="-34.00038333" lon="-139.99847418"><ele>20.100</ele><time>2026-08-20T17:00:22Z</time><speed>0.964</speed><sat>21</sat></trkpt>
  <trkpt lat="-34.00039000" lon="-139.99848719"><ele>19.700</ele><time>2026-08-20T17:00:23Z</time><speed>0.913</speed><sat>21</sat></trkpt>
  <trkpt lat="-34.00039667" lon="-139.99849783"><ele>19.300</ele><time>2026-08-20T17:00:24Z</time><speed>0.900</speed><sat>21</sat></trkpt>
  <trkpt lat="-34.00040167" lon="-139.99850374"><ele>19.000</ele><time>2026-08-20T17:00:25Z</time><speed>0.858</speed><sat>21</sat></trkpt>
  <trkpt lat="-34.00040833" lon="-139.99851676"><ele>18.600</ele><time>2026-08-20T17:00:26Z</time><speed>0.799</speed><sat>21</sat></trkpt>
  <trkpt lat="-34.00041500" lon="-139.99853213"><ele>18.400</ele><time>2026-08-20T17:00:27Z</time><speed>0.778</speed><sat>21</sat></trkpt>
  <trkpt lat="-34.00041833" lon="-139.99855106"><ele>18.100</ele><time>2026-08-20T17:00:28Z</time><speed>0.811</speed><sat>21</sat></trkpt>
  <trkpt lat="-34.00042500" lon="-139.99857471"><ele>17.800</ele><time>2026-08-20T17:00:29Z</time><speed>0.793</speed><sat>21</sat></trkpt>
  <trkpt lat="-34.00043333" lon="-139.99859600"><ele>17.800</ele><time>2026-08-20T17:00:30Z</time><speed>0.822</speed><sat>21</sat></trkpt>
  <trkpt lat="-34.00045167" lon="-139.99861020"><ele>18.100</ele><time>2026-08-20T17:00:31Z</time><speed>0.835</speed><sat>21</sat></trkpt>
  <trkpt lat="-34.00046000" lon="-139.99862084"><ele>17.900</ele><time>2026-08-20T17:00:32Z</time><speed>0.824</speed><sat>21</sat></trkpt>
  <trkpt lat="-34.00047000" lon="-139.99863149"><ele>18.000</ele><time>2026-08-20T17:00:33Z</time><speed>0.825</speed><sat>21</sat></trkpt>
  <trkpt lat="-34.00047833" lon="-139.99864213"><ele>17.900</ele><time>2026-08-20T17:00:34Z</time><speed>0.844</speed><sat>20</sat></trkpt>
  <trkpt lat="-34.00048167" lon="-139.99865278"><ele>17.800</ele><time>2026-08-20T17:00:35Z</time><speed>0.000</speed><sat>20</sat></trkpt>
  <trkpt lat="-34.00048667" lon="-139.99866224"><ele>17.900</ele><time>2026-08-20T17:00:36Z</time><speed>0.915</speed><sat>21</sat></trkpt>
  <trkpt lat="-34.00049333" lon="-139.99867880"><ele>18.400</ele><time>2026-08-20T17:00:37Z</time><speed>0.957</speed><sat>22</sat></trkpt>
  <trkpt lat="-34.00050000" lon="-139.99868826"><ele>18.800</ele><time>2026-08-20T17:00:38Z</time><speed>0.945</speed><sat>22</sat></trkpt>
  <trkpt lat="-34.00050833" lon="-139.99870245"><ele>19.200</ele><time>2026-08-20T17:00:39Z</time><speed>0.923</speed><sat>22</sat></trkpt>
  <trkpt lat="-34.00051333" lon="-139.99871902"><ele>19.500</ele><time>2026-08-20T17:00:40Z</time><speed>0.911</speed><sat>20</sat></trkpt>
  <trkpt lat="-34.00052000" lon="-139.99873439"><ele>19.700</ele><time>2026-08-20T17:00:41Z</time><speed>0.914</speed><sat>21</sat></trkpt>
  <trkpt lat="-34.00052833" lon="-139.99875095"><ele>19.800</ele><time>2026-08-20T17:00:42Z</time><speed>0.000</speed><sat>20</sat></trkpt>
  <trkpt lat="-34.00053667" lon="-139.99876870"><ele>19.900</ele><time>2026-08-20T17:00:43Z</time><speed>0.000</speed><sat>21</sat></trkpt>
  <trkpt lat="-34.00054500" lon="-139.99878762"><ele>20.100</ele><time>2026-08-20T17:00:44Z</time><speed>1.030</speed><sat>21</sat></trkpt>
  <trkpt lat="-34.00055167" lon="-139.99880063"><ele>20.100</ele><time>2026-08-20T17:00:45Z</time><speed>1.045</speed><sat>21</sat></trkpt>
  <trkpt lat="-34.00055333" lon="-139.99881600"><ele>20.200</ele><time>2026-08-20T17:00:46Z</time><speed>1.082</speed><sat>21</sat></trkpt>
  <trkpt lat="-34.00055500" lon="-139.99882902"><ele>20.300</ele><time>2026-08-20T17:00:47Z</time><speed>1.045</speed><sat>21</sat></trkpt>
  <trkpt lat="-34.00055667" lon="-139.99884203"><ele>20.400</ele><time>2026-08-20T17:00:48Z</time><speed>0.000</speed><sat>21</sat></trkpt>
  <trkpt lat="-34.00056167" lon="-139.99886096"><ele>20.600</ele><time>2026-08-20T17:00:49Z</time><speed>1.103</speed><sat>21</sat></trkpt>
  <trkpt lat="-34.00056833" lon="-139.99887515"><ele>20.700</ele><time>2026-08-20T17:00:50Z</time><speed>1.104</speed><sat>21</sat></trkpt>
  <trkpt lat="-34.00057333" lon="-139.99888461"><ele>20.700</ele><time>2026-08-20T17:00:51Z</time><speed>1.082</speed><sat>20</sat></trkpt>
  <trkpt lat="-34.00058000" lon="-139.99889526"><ele>20.700</ele><time>2026-08-20T17:00:52Z</time><speed>1.053</speed><sat>21</sat></trkpt>
  <trkpt lat="-34.00058667" lon="-139.99890590"><ele>20.800</ele><time>2026-08-20T17:00:53Z</time><speed>0.983</speed><sat>21</sat></trkpt>
  <trkpt lat="-34.00059167" lon="-139.99891655"><ele>20.900</ele><time>2026-08-20T17:00:54Z</time><speed>0.904</speed><sat>21</sat></trkpt>
  <trkpt lat="-34.00059500" lon="-139.99892601"><ele>21.000</ele><time>2026-08-20T17:00:55Z</time><speed>0.920</speed><sat>21</sat></trkpt>
  <trkpt lat="-34.00060167" lon="-139.99894493"><ele>21.200</ele><time>2026-08-20T17:00:56Z</time><speed>0.953</speed><sat>19</sat></trkpt>
  <trkpt lat="-34.00061500" lon="-139.99897096"><ele>21.800</ele><time>2026-08-20T17:00:57Z</time><speed>1.024</speed><sat>21</sat></trkpt>
  <trkpt lat="-34.00062000" lon="-139.99899816"><ele>22.200</ele><time>2026-08-20T17:00:58Z</time><speed>1.111</speed><sat>19</sat></trkpt>
  <trkpt lat="-34.00062167" lon="-139.99901709"><ele>22.600</ele><time>2026-08-20T17:00:59Z</time><speed>1.135</speed><sat>18</sat></trkpt>
  <trkpt lat="-34.00062833" lon="-139.99904193"><ele>23.000</ele><time>2026-08-20T17:01:00Z</time><speed>1.301</speed><sat>20</sat></trkpt>
  <trkpt lat="-34.00063167" lon="-139.99907622"><ele>24.100</ele><time>2026-08-20T17:01:01Z</time><speed>1.506</speed><sat>21</sat></trkpt>
  <trkpt lat="-34.00063333" lon="-139.99909397"><ele>25.500</ele><time>2026-08-20T17:01:02Z</time><speed>1.670</speed><sat>21</sat></trkpt>
  <trkpt lat="-34.00063667" lon="-139.99911052"><ele>26.600</ele><time>2026-08-20T17:01:03Z</time><speed>1.755</speed><sat>21</sat></trkpt>
  <trkpt lat="-34.00063500" lon="-139.99911526"><ele>27.600</ele><time>2026-08-20T17:01:04Z</time><speed>1.735</speed><sat>21</sat></trkpt>
  <trkpt lat="-34.00063333" lon="-139.99911171"><ele>28.100</ele><time>2026-08-20T17:01:05Z</time><speed>1.662</speed><sat>21</sat></trkpt>
  <trkpt lat="-34.00063000" lon="-139.99911052"><ele>29.400</ele><time>2026-08-20T17:01:06Z</time><speed>1.537</speed><sat>21</sat></trkpt>
  <trkpt lat="-34.00062667" lon="-139.99911289"><ele>30.100</ele><time>2026-08-20T17:01:07Z</time><speed>1.406</speed><sat>21</sat></trkpt>
  <trkpt lat="-34.00062667" lon="-139.99911762"><ele>30.600</ele><time>2026-08-20T17:01:08Z</time><speed>1.280</speed><sat>20</sat></trkpt>
  <trkpt lat="-34.00062667" lon="-139.99912472"><ele>31.100</ele><time>2026-08-20T17:01:09Z</time><speed>1.160</speed><sat>20</sat></trkpt>
  <trkpt lat="-34.00062500" lon="-139.99912945"><ele>31.600</ele><time>2026-08-20T17:01:10Z</time><speed>0.933</speed><sat>20</sat></trkpt>
  <trkpt lat="-34.00062333" lon="-139.99913418"><ele>32.000</ele><time>2026-08-20T17:01:11Z</time><speed>0.692</speed><sat>21</sat></trkpt>
  <trkpt lat="-34.00062333" lon="-139.99914010"><ele>32.600</ele><time>2026-08-20T17:01:12Z</time><speed>0.497</speed><sat>21</sat></trkpt>
  <trkpt lat="-34.00062667" lon="-139.99915074"><ele>32.900</ele><time>2026-08-20T17:01:13Z</time><speed>0.412</speed><sat>20</sat></trkpt>
  <trkpt lat="-34.00062833" lon="-139.99915665"><ele>33.100</ele><time>2026-08-20T17:01:14Z</time><speed>0.413</speed><sat>21</sat></trkpt>
  <trkpt lat="-34.00062667" lon="-139.99916730"><ele>33.200</ele><time>2026-08-20T17:01:15Z</time><speed>0.501</speed><sat>21</sat></trkpt>
  <trkpt lat="-34.00062833" lon="-139.99917913"><ele>33.300</ele><time>2026-08-20T17:01:16Z</time><speed>0.567</speed><sat>21</sat></trkpt>
  <trkpt lat="-34.00062833" lon="-139.99918504"><ele>33.300</ele><time>2026-08-20T17:01:17Z</time><speed>0.562</speed><sat>21</sat></trkpt>
  <trkpt lat="-34.00062167" lon="-139.99918977"><ele>33.000</ele><time>2026-08-20T17:01:18Z</time><speed>0.566</speed><sat>21</sat></trkpt>
  <trkpt lat="-34.00062167" lon="-139.99919687"><ele>32.900</ele><time>2026-08-20T17:01:19Z</time><speed>0.588</speed><sat>21</sat></trkpt>
  <trkpt lat="-34.00062167" lon="-139.99920752"><ele>32.900</ele><time>2026-08-20T17:01:20Z</time><speed>0.586</speed><sat>21</sat></trkpt>
  <trkpt lat="-34.00061833" lon="-139.99921816"><ele>32.900</ele><time>2026-08-20T17:01:21Z</time><speed>0.642</speed><sat>21</sat></trkpt>
  <trkpt lat="-34.00061833" lon="-139.99923117"><ele>32.700</ele><time>2026-08-20T17:01:22Z</time><speed>0.713</speed><sat>20</sat></trkpt>
  <trkpt lat="-34.00061667" lon="-139.99924655"><ele>32.400</ele><time>2026-08-20T17:01:23Z</time><speed>0.738</speed><sat>21</sat></trkpt>
  <trkpt lat="-34.00061167" lon="-139.99925601"><ele>32.000</ele><time>2026-08-20T17:01:24Z</time><speed>0.775</speed><sat>21</sat></trkpt>
  <trkpt lat="-34.00061667" lon="-139.99926548"><ele>31.800</ele><time>2026-08-20T17:01:25Z</time><speed>0.730</speed><sat>21</sat></trkpt>
  <trkpt lat="-34.00061833" lon="-139.99927730"><ele>31.700</ele><time>2026-08-20T17:01:26Z</time><speed>0.704</speed><sat>21</sat></trkpt>
  <trkpt lat="-34.00063000" lon="-139.99928913"><ele>31.300</ele><time>2026-08-20T17:01:27Z</time><speed>0.851</speed><sat>19</sat></trkpt>
  <trkpt lat="-34.00064333" lon="-139.99930332"><ele>31.200</ele><time>2026-08-20T17:01:28Z</time><speed>0.000</speed><sat>21</sat></trkpt>
  <trkpt lat="-34.00065167" lon="-139.99931397"><ele>31.000</ele><time>2026-08-20T17:01:29Z</time><speed>0.929</speed><sat>21</sat></trkpt>
  <trkpt lat="-34.00065167" lon="-139.99932816"><ele>30.600</ele><time>2026-08-20T17:01:30Z</time><speed>0.976</speed><sat>20</sat></trkpt>
  <trkpt lat="-34.00065667" lon="-139.99934354"><ele>30.600</ele><time>2026-08-20T17:01:31Z</time><speed>0.957</speed><sat>21</sat></trkpt>
  <trkpt lat="-34.00066333" lon="-139.99936838"><ele>30.200</ele><time>2026-08-20T17:01:32Z</time><speed>1.025</speed><sat>21</sat></trkpt>
  <trkpt lat="-34.00067000" lon="-139.99939440"><ele>30.400</ele><time>2026-08-20T17:01:33Z</time><speed>1.130</speed><sat>21</sat></trkpt>
  <trkpt lat="-34.00068000" lon="-139.99941451"><ele>30.400</ele><time>2026-08-20T17:01:34Z</time><speed>1.275</speed><sat>21</sat></trkpt>
  <trkpt lat="-34.00068167" lon="-139.99943580"><ele>30.200</ele><time>2026-08-20T17:01:35Z</time><speed>1.321</speed><sat>21</sat></trkpt>
  <trkpt lat="-34.00068333" lon="-139.99944881"><ele>30.500</ele><time>2026-08-20T17:01:36Z</time><speed>1.390</speed><sat>21</sat></trkpt>
  <trkpt lat="-34.00068833" lon="-139.99946537"><ele>31.000</ele><time>2026-08-20T17:01:37Z</time><speed>1.376</speed><sat>21</sat></trkpt>
  <trkpt lat="-34.00069167" lon="-139.99948311"><ele>31.500</ele><time>2026-08-20T17:01:38Z</time><speed>1.393</speed><sat>21</sat></trkpt>
  <trkpt lat="-34.00069000" lon="-139.99949849"><ele>31.600</ele><time>2026-08-20T17:01:39Z</time><speed>1.494</speed><sat>21</sat></trkpt>
  <trkpt lat="-34.00069667" lon="-139.99951978"><ele>32.100</ele><time>2026-08-20T17:01:40Z</time><speed>1.598</speed><sat>21</sat></trkpt>
  <trkpt lat="-34.00070500" lon="-139.99953397"><ele>32.900</ele><time>2026-08-20T17:01:41Z</time><speed>1.609</speed><sat>20</sat></trkpt>
  <trkpt lat="-34.00071000" lon="-139.99954462"><ele>34.000</ele><time>2026-08-20T17:01:42Z</time><speed>1.482</speed><sat>21</sat></trkpt>
  <trkpt lat="-34.00071333" lon="-139.99955408"><ele>34.600</ele><time>2026-08-20T17:01:43Z</time><speed>1.389</speed><sat>20</sat></trkpt>
  <trkpt lat="-34.00071333" lon="-139.99956117"><ele>35.100</ele><time>2026-08-20T17:01:44Z</time><speed>1.250</speed><sat>21</sat></trkpt>
  <trkpt lat="-34.00071833" lon="-139.99956827"><ele>35.600</ele><time>2026-08-20T17:01:45Z</time><speed>1.193</speed><sat>20</sat></trkpt>
  <trkpt lat="-34.00072000" lon="-139.99957774"><ele>35.900</ele><time>2026-08-20T17:01:46Z</time><speed>1.159</speed><sat>20</sat></trkpt>
  <trkpt lat="-34.00070833" lon="-139.99958956"><ele>34.900</ele><time>2026-08-20T17:01:47Z</time><speed>1.035</speed><sat>21</sat></trkpt>
  <trkpt lat="-34.00071167" lon="-139.99958365"><ele>34.600</ele><time>2026-08-20T17:01:48Z</time><speed>0.912</speed><sat>21</sat></trkpt>
  <trkpt lat="-34.00071833" lon="-139.99959429"><ele>34.400</ele><time>2026-08-20T17:01:49Z</time><speed>0.899</speed><sat>21</sat></trkpt>
  <trkpt lat="-34.00071667" lon="-139.99960967"><ele>34.200</ele><time>2026-08-20T17:01:50Z</time><speed>0.827</speed><sat>21</sat></trkpt>
  <trkpt lat="-34.00072500" lon="-139.99961559"><ele>34.200</ele><time>2026-08-20T17:01:51Z</time><speed>0.852</speed><sat>21</sat></trkpt>
  <trkpt lat="-34.00072833" lon="-139.99961913"><ele>34.100</ele><time>2026-08-20T17:01:52Z</time><speed>0.835</speed><sat>21</sat></trkpt>
  <trkpt lat="-34.00072833" lon="-139.99962387"><ele>34.200</ele><time>2026-08-20T17:01:53Z</time><speed>0.753</speed><sat>21</sat></trkpt>
  <trkpt lat="-34.00073000" lon="-139.99962978"><ele>34.400</ele><time>2026-08-20T17:01:54Z</time><speed>0.720</speed><sat>21</sat></trkpt>
  <trkpt lat="-34.00073167" lon="-139.99962387"><ele>35.200</ele><time>2026-08-20T17:01:55Z</time><speed>0.744</speed><sat>21</sat></trkpt>
  <trkpt lat="-34.00072167" lon="-139.99961677"><ele>35.000</ele><time>2026-08-20T17:01:56Z</time><speed>0.728</speed><sat>21</sat></trkpt>
  <trkpt lat="-34.00071333" lon="-139.99961677"><ele>34.700</ele><time>2026-08-20T17:01:57Z</time><speed>0.840</speed><sat>20</sat></trkpt>
  <trkpt lat="-34.00070333" lon="-139.99961440"><ele>34.400</ele><time>2026-08-20T17:01:58Z</time><speed>0.924</speed><sat>21</sat></trkpt>
  <trkpt lat="-34.00069667" lon="-139.99961085"><ele>33.500</ele><time>2026-08-20T17:01:59Z</time><speed>0.921</speed><sat>20</sat></trkpt>
  <trkpt lat="-34.00069167" lon="-139.99960967"><ele>32.500</ele><time>2026-08-20T17:02:00Z</time><speed>0.933</speed><sat>19</sat></trkpt>
  <trkpt lat="-34.00069000" lon="-139.99961204"><ele>31.100</ele><time>2026-08-20T17:02:01Z</time><speed>0.938</speed><sat>20</sat></trkpt>
  <trkpt lat="-34.00068000" lon="-139.99962032"><ele>30.100</ele><time>2026-08-20T17:02:02Z</time><speed>0.917</speed><sat>20</sat></trkpt>
  <trkpt lat="-34.00068667" lon="-139.99963806"><ele>29.000</ele><time>2026-08-20T17:02:03Z</time><speed>0.975</speed><sat>20</sat></trkpt>
  <trkpt lat="-34.00068667" lon="-139.99964752"><ele>27.400</ele><time>2026-08-20T17:02:04Z</time><speed>1.017</speed><sat>19</sat></trkpt>
  <trkpt lat="-34.00068500" lon="-139.99965107"><ele>25.800</ele><time>2026-08-20T17:02:05Z</time><speed>0.987</speed><sat>19</sat></trkpt>
  <trkpt lat="-34.00068000" lon="-139.99965580"><ele>24.400</ele><time>2026-08-20T17:02:06Z</time><speed>0.946</speed><sat>19</sat></trkpt>
  <trkpt lat="-34.00067167" lon="-139.99965580"><ele>23.200</ele><time>2026-08-20T17:02:07Z</time><speed>0.000</speed><sat>19</sat></trkpt>
  <trkpt lat="-34.00066500" lon="-139.99966526"><ele>21.800</ele><time>2026-08-20T17:02:08Z</time><speed>0.791</speed><sat>19</sat></trkpt>
  <trkpt lat="-34.00066333" lon="-139.99967472"><ele>20.700</ele><time>2026-08-20T17:02:09Z</time><speed>0.674</speed><sat>20</sat></trkpt>
  <trkpt lat="-34.00065167" lon="-139.99967709"><ele>19.900</ele><time>2026-08-20T17:02:10Z</time><speed>0.613</speed><sat>20</sat></trkpt>
  <trkpt lat="-34.00063833" lon="-139.99968064"><ele>19.100</ele><time>2026-08-20T17:02:11Z</time><speed>0.628</speed><sat>18</sat></trkpt>
  <trkpt lat="-34.00063500" lon="-139.99967827"><ele>17.600</ele><time>2026-08-20T17:02:12Z</time><speed>0.740</speed><sat>20</sat></trkpt>
  <trkpt lat="-34.00062000" lon="-139.99968419"><ele>16.900</ele><time>2026-08-20T17:02:13Z</time><speed>0.759</speed><sat>20</sat></trkpt>
  <trkpt lat="-34.00061167" lon="-139.99968655"><ele>15.500</ele><time>2026-08-20T17:02:14Z</time><speed>0.755</speed><sat>20</sat></trkpt>
  <trkpt lat="-34.00059667" lon="-139.99970193"><ele>15.500</ele><time>2026-08-20T17:02:15Z</time><speed>0.757</speed><sat>20</sat></trkpt>
  <trkpt lat="-34.00058333" lon="-139.99971021"><ele>15.600</ele><time>2026-08-20T17:02:16Z</time><speed>0.788</speed><sat>21</sat></trkpt>
  <trkpt lat="-34.00056667" lon="-139.99971613"><ele>15.900</ele><time>2026-08-20T17:02:17Z</time><speed>0.833</speed><sat>21</sat></trkpt>
  <trkpt lat="-34.00054833" lon="-139.99972322"><ele>15.900</ele><time>2026-08-20T17:02:18Z</time><speed>0.958</speed><sat>21</sat></trkpt>
  <trkpt lat="-34.00053167" lon="-139.99972913"><ele>15.800</ele><time>2026-08-20T17:02:19Z</time><speed>1.065</speed><sat>21</sat></trkpt>
  <trkpt lat="-34.00052167" lon="-139.99973387"><ele>15.600</ele><time>2026-08-20T17:02:20Z</time><speed>1.111</speed><sat>21</sat></trkpt>
  <trkpt lat="-34.00050667" lon="-139.99974333"><ele>15.900</ele><time>2026-08-20T17:02:21Z</time><speed>1.083</speed><sat>21</sat></trkpt>
  <trkpt lat="-34.00049500" lon="-139.99975043"><ele>15.800</ele><time>2026-08-20T17:02:22Z</time><speed>1.049</speed><sat>21</sat></trkpt>
  <trkpt lat="-34.00048000" lon="-139.99975161"><ele>15.700</ele><time>2026-08-20T17:02:23Z</time><speed>1.069</speed><sat>21</sat></trkpt>
  <trkpt lat="-34.00046833" lon="-139.99975161"><ele>15.600</ele><time>2026-08-20T17:02:24Z</time><speed>1.125</speed><sat>21</sat></trkpt>
  <trkpt lat="-34.00045833" lon="-139.99975397"><ele>15.300</ele><time>2026-08-20T17:02:25Z</time><speed>1.165</speed><sat>21</sat></trkpt>
  <trkpt lat="-34.00044667" lon="-139.99975634"><ele>15.000</ele><time>2026-08-20T17:02:26Z</time><speed>1.180</speed><sat>21</sat></trkpt>
  <trkpt lat="-34.00043500" lon="-139.99976226"><ele>14.800</ele><time>2026-08-20T17:02:27Z</time><speed>1.156</speed><sat>21</sat></trkpt>
  <trkpt lat="-34.00042333" lon="-139.99976462"><ele>14.800</ele><time>2026-08-20T17:02:28Z</time><speed>1.082</speed><sat>21</sat></trkpt>
  <trkpt lat="-34.00042000" lon="-139.99976226"><ele>14.100</ele><time>2026-08-20T17:02:29Z</time><speed>1.021</speed><sat>21</sat></trkpt>
  <trkpt lat="-34.00042000" lon="-139.99976462"><ele>13.500</ele><time>2026-08-20T17:02:30Z</time><speed>0.963</speed><sat>21</sat></trkpt>
  <trkpt lat="-34.00041833" lon="-139.99976343"><ele>12.700</ele><time>2026-08-20T17:02:31Z</time><speed>0.904</speed><sat>20</sat></trkpt>
  <trkpt lat="-34.00041333" lon="-139.99976935"><ele>12.100</ele><time>2026-08-20T17:02:32Z</time><speed>0.854</speed><sat>20</sat></trkpt>
  <trkpt lat="-34.00040333" lon="-139.99977645"><ele>11.700</ele><time>2026-08-20T17:02:33Z</time><speed>0.796</speed><sat>21</sat></trkpt>
  <trkpt lat="-34.00039333" lon="-139.99978591"><ele>11.500</ele><time>2026-08-20T17:02:34Z</time><speed>0.753</speed><sat>21</sat></trkpt>
  <trkpt lat="-34.00038833" lon="-139.99979064"><ele>11.600</ele><time>2026-08-20T17:02:35Z</time><speed>0.741</speed><sat>20</sat></trkpt>
  <trkpt lat="-34.00038333" lon="-139.99979419"><ele>11.400</ele><time>2026-08-20T17:02:36Z</time><speed>0.727</speed><sat>21</sat></trkpt>
  <trkpt lat="-34.00038000" lon="-139.99980247"><ele>11.500</ele><time>2026-08-20T17:02:37Z</time><speed>0.709</speed><sat>20</sat></trkpt>
  <trkpt lat="-34.00037167" lon="-139.99980720"><ele>11.600</ele><time>2026-08-20T17:02:38Z</time><speed>0.676</speed><sat>21</sat></trkpt>
  <trkpt lat="-34.00035667" lon="-139.99981311"><ele>11.700</ele><time>2026-08-20T17:02:39Z</time><speed>0.669</speed><sat>21</sat></trkpt>
  <trkpt lat="-34.00034333" lon="-139.99982376"><ele>11.700</ele><time>2026-08-20T17:02:40Z</time><speed>0.723</speed><sat>21</sat></trkpt>
  <trkpt lat="-34.00033667" lon="-139.99982968"><ele>11.800</ele><time>2026-08-20T17:02:41Z</time><speed>0.787</speed><sat>21</sat></trkpt>
  <trkpt lat="-34.00032333" lon="-139.99983559"><ele>12.100</ele><time>2026-08-20T17:02:42Z</time><speed>0.837</speed><sat>20</sat></trkpt>
  <trkpt lat="-34.00031167" lon="-139.99984387"><ele>12.500</ele><time>2026-08-20T17:02:43Z</time><speed>0.866</speed><sat>21</sat></trkpt>
  <trkpt lat="-34.00030167" lon="-139.99985688"><ele>12.700</ele><time>2026-08-20T17:02:44Z</time><speed>0.893</speed><sat>21</sat></trkpt>
  <trkpt lat="-34.00029167" lon="-139.99987343"><ele>12.900</ele><time>2026-08-20T17:02:45Z</time><speed>0.972</speed><sat>20</sat></trkpt>
  <trkpt lat="-34.00028000" lon="-139.99988053"><ele>13.000</ele><time>2026-08-20T17:02:46Z</time><speed>0.000</speed><sat>21</sat></trkpt>
  <trkpt lat="-34.00026500" lon="-139.99987935"><ele>13.600</ele><time>2026-08-20T17:02:47Z</time><speed>1.048</speed><sat>21</sat></trkpt>
  <trkpt lat="-34.00025000" lon="-139.99988053"><ele>14.500</ele><time>2026-08-20T17:02:48Z</time><speed>1.091</speed><sat>21</sat></trkpt>
  <trkpt lat="-34.00023667" lon="-139.99988290"><ele>15.200</ele><time>2026-08-20T17:02:49Z</time><speed>1.110</speed><sat>21</sat></trkpt>
  <trkpt lat="-34.00022167" lon="-139.99988645"><ele>15.300</ele><time>2026-08-20T17:02:50Z</time><speed>1.102</speed><sat>21</sat></trkpt>
  <trkpt lat="-34.00020667" lon="-139.99988881"><ele>15.600</ele><time>2026-08-20T17:02:51Z</time><speed>1.113</speed><sat>21</sat></trkpt>
  <trkpt lat="-34.00019500" lon="-139.99989000"><ele>16.100</ele><time>2026-08-20T17:02:52Z</time><speed>1.122</speed><sat>21</sat></trkpt>
  <trkpt lat="-34.00018333" lon="-139.99989000"><ele>16.100</ele><time>2026-08-20T17:02:53Z</time><speed>1.135</speed><sat>20</sat></trkpt>
  <trkpt lat="-34.00017333" lon="-139.99989473"><ele>16.100</ele><time>2026-08-20T17:02:54Z</time><speed>1.148</speed><sat>20</sat></trkpt>
  <trkpt lat="-34.00016167" lon="-139.99989710"><ele>16.100</ele><time>2026-08-20T17:02:55Z</time><speed>1.097</speed><sat>20</sat></trkpt>
  <trkpt lat="-34.00015000" lon="-139.99990182"><ele>16.200</ele><time>2026-08-20T17:02:56Z</time><speed>1.102</speed><sat>21</sat></trkpt>
  <trkpt lat="-34.00013833" lon="-139.99990419"><ele>16.000</ele><time>2026-08-20T17:02:57Z</time><speed>1.126</speed><sat>21</sat></trkpt>
  <trkpt lat="-34.00012833" lon="-139.99990774"><ele>15.800</ele><time>2026-08-20T17:02:58Z</time><speed>1.144</speed><sat>21</sat></trkpt>
  <trkpt lat="-34.00011833" lon="-139.99991365"><ele>15.900</ele><time>2026-08-20T17:02:59Z</time><speed>1.156</speed><sat>20</sat></trkpt>
  <trkpt lat="-34.00011000" lon="-139.99992075"><ele>15.900</ele><time>2026-08-20T17:03:00Z</time><speed>1.153</speed><sat>20</sat></trkpt>
  <trkpt lat="-34.00010000" lon="-139.99992193"><ele>16.000</ele><time>2026-08-20T17:03:01Z</time><speed>1.113</speed><sat>20</sat></trkpt>
  <trkpt lat="-34.00008500" lon="-139.99991839"><ele>16.400</ele><time>2026-08-20T17:03:02Z</time><speed>1.076</speed><sat>21</sat></trkpt>
  <trkpt lat="-34.00007167" lon="-139.99992193"><ele>16.700</ele><time>2026-08-20T17:03:03Z</time><speed>1.060</speed><sat>21</sat></trkpt>
  <trkpt lat="-34.00006000" lon="-139.99992075"><ele>16.700</ele><time>2026-08-20T17:03:04Z</time><speed>1.061</speed><sat>22</sat></trkpt>
  <trkpt lat="-34.00004500" lon="-139.99991484"><ele>16.200</ele><time>2026-08-20T17:03:05Z</time><speed>1.061</speed><sat>22</sat></trkpt>
  <trkpt lat="-34.00004167" lon="-139.99991484"><ele>16.600</ele><time>2026-08-20T17:03:06Z</time><speed>1.021</speed><sat>21</sat></trkpt>
  <trkpt lat="-34.00004000" lon="-139.99991484"><ele>17.200</ele><time>2026-08-20T17:03:07Z</time><speed>0.938</speed><sat>21</sat></trkpt>
  <trkpt lat="-34.00003833" lon="-139.99991365"><ele>18.200</ele><time>2026-08-20T17:03:08Z</time><speed>0.837</speed><sat>20</sat></trkpt>
  <trkpt lat="-34.00003333" lon="-139.99992075"><ele>19.200</ele><time>2026-08-20T17:03:09Z</time><speed>0.768</speed><sat>20</sat></trkpt>
  <trkpt lat="-34.00003000" lon="-139.99992548"><ele>20.200</ele><time>2026-08-20T17:03:10Z</time><speed>0.706</speed><sat>21</sat></trkpt>
  <trkpt lat="-34.00002500" lon="-139.99993139"><ele>20.700</ele><time>2026-08-20T17:03:11Z</time><speed>0.669</speed><sat>20</sat></trkpt>
  <trkpt lat="-34.00001667" lon="-139.99993376"><ele>21.100</ele><time>2026-08-20T17:03:12Z</time><speed>0.648</speed><sat>20</sat></trkpt>
  <trkpt lat="-34.00001000" lon="-139.99993613"><ele>21.300</ele><time>2026-08-20T17:03:13Z</time><speed>0.641</speed><sat>20</sat></trkpt>
  <trkpt lat="-34.00000000" lon="-139.99993968"><ele>21.400</ele><time>2026-08-20T17:03:14Z</time><speed>0.639</speed><sat>20</sat></trkpt>
  <trkpt lat="-33.99999000" lon="-139.99994323"><ele>21.500</ele><time>2026-08-20T17:03:15Z</time><speed>0.686</speed><sat>20</sat></trkpt>
  <trkpt lat="-33.99998167" lon="-139.99994914"><ele>21.700</ele><time>2026-08-20T17:03:16Z</time><speed>0.720</speed><sat>20</sat></trkpt>
  <trkpt lat="-33.99997333" lon="-139.99995387"><ele>21.800</ele><time>2026-08-20T17:03:17Z</time><speed>0.844</speed><sat>20</sat></trkpt>
  <trkpt lat="-33.99996167" lon="-139.99995623"><ele>21.700</ele><time>2026-08-20T17:03:18Z</time><speed>0.983</speed><sat>20</sat></trkpt>
  <trkpt lat="-33.99995500" lon="-139.99996452"><ele>21.900</ele><time>2026-08-20T17:03:19Z</time><speed>1.052</speed><sat>20</sat></trkpt>
  <trkpt lat="-33.99994667" lon="-139.99997516"><ele>22.100</ele><time>2026-08-20T17:03:20Z</time><speed>1.101</speed><sat>21</sat></trkpt>
  <trkpt lat="-33.99994500" lon="-139.99998935"><ele>22.100</ele><time>2026-08-20T17:03:21Z</time><speed>1.165</speed><sat>20</sat></trkpt>
  <trkpt lat="-33.99994167" lon="-140.00000000"><ele>22.100</ele><time>2026-08-20T17:03:22Z</time><speed>1.203</speed><sat>20</sat></trkpt>
  <trkpt lat="-33.99993333" lon="-140.00001065"><ele>22.200</ele><time>2026-08-20T17:03:23Z</time><speed>1.225</speed><sat>20</sat></trkpt>
  <trkpt lat="-33.99992167" lon="-140.00002129"><ele>22.200</ele><time>2026-08-20T17:03:24Z</time><speed>1.216</speed><sat>20</sat></trkpt>
  <trkpt lat="-33.99991000" lon="-140.00003194"><ele>22.700</ele><time>2026-08-20T17:03:25Z</time><speed>1.154</speed><sat>20</sat></trkpt>
  <trkpt lat="-33.99990167" lon="-140.00003903"><ele>23.000</ele><time>2026-08-20T17:03:26Z</time><speed>1.191</speed><sat>19</sat></trkpt>
  <trkpt lat="-33.99989667" lon="-140.00005323"><ele>23.100</ele><time>2026-08-20T17:03:27Z</time><speed>1.124</speed><sat>18</sat></trkpt>
  <trkpt lat="-33.99989167" lon="-140.00006623"><ele>23.100</ele><time>2026-08-20T17:03:28Z</time><speed>1.088</speed><sat>20</sat></trkpt>
  <trkpt lat="-33.99989000" lon="-140.00007688"><ele>23.000</ele><time>2026-08-20T17:03:29Z</time><speed>1.061</speed><sat>20</sat></trkpt>
  <trkpt lat="-33.99989000" lon="-140.00008634"><ele>23.000</ele><time>2026-08-20T17:03:30Z</time><speed>1.019</speed><sat>18</sat></trkpt>
  <trkpt lat="-33.99989000" lon="-140.00008634"><ele>23.500</ele><time>2026-08-20T17:03:31Z</time><speed>0.951</speed><sat>18</sat></trkpt>
  <trkpt lat="-33.99989000" lon="-140.00008279"><ele>24.100</ele><time>2026-08-20T17:03:32Z</time><speed>0.936</speed><sat>18</sat></trkpt>
  <trkpt lat="-33.99989500" lon="-140.00008398"><ele>24.700</ele><time>2026-08-20T17:03:33Z</time><speed>0.903</speed><sat>17</sat></trkpt>
  <trkpt lat="-33.99990333" lon="-140.00008161"><ele>25.100</ele><time>2026-08-20T17:03:34Z</time><speed>0.910</speed><sat>17</sat></trkpt>
  <trkpt lat="-33.99990500" lon="-140.00007688"><ele>25.700</ele><time>2026-08-20T17:03:35Z</time><speed>0.887</speed><sat>17</sat></trkpt>
  <trkpt lat="-33.99990833" lon="-140.00006860"><ele>26.400</ele><time>2026-08-20T17:03:36Z</time><speed>0.884</speed><sat>17</sat></trkpt>
  <trkpt lat="-33.99990667" lon="-140.00006978"><ele>27.000</ele><time>2026-08-20T17:03:37Z</time><speed>0.923</speed><sat>15</sat></trkpt>
  <trkpt lat="-33.99990833" lon="-140.00006742"><ele>27.600</ele><time>2026-08-20T17:03:38Z</time><speed>0.997</speed><sat>17</sat></trkpt>
  <trkpt lat="-33.99991167" lon="-140.00006505"><ele>28.300</ele><time>2026-08-20T17:03:39Z</time><speed>1.098</speed><sat>17</sat></trkpt>
  <trkpt lat="-33.99991333" lon="-140.00006150"><ele>28.900</ele><time>2026-08-20T17:03:40Z</time><speed>1.142</speed><sat>16</sat></trkpt>
  <trkpt lat="-33.99992000" lon="-140.00006387"><ele>29.800</ele><time>2026-08-20T17:03:41Z</time><speed>1.137</speed><sat>17</sat></trkpt>
  <trkpt lat="-33.99992167" lon="-140.00006505"><ele>30.800</ele><time>2026-08-20T17:03:42Z</time><speed>1.105</speed><sat>17</sat></trkpt>
  <trkpt lat="-33.99992333" lon="-140.00006742"><ele>31.500</ele><time>2026-08-20T17:03:43Z</time><speed>1.060</speed><sat>17</sat></trkpt>
  <trkpt lat="-33.99992500" lon="-140.00006978"><ele>32.200</ele><time>2026-08-20T17:03:44Z</time><speed>0.970</speed><sat>17</sat></trkpt>
  <trkpt lat="-33.99992667" lon="-140.00006978"><ele>32.900</ele><time>2026-08-20T17:03:45Z</time><speed>0.921</speed><sat>17</sat></trkpt>
  <trkpt lat="-33.99992667" lon="-140.00007333"><ele>32.800</ele><time>2026-08-20T17:03:46Z</time><speed>0.804</speed><sat>16</sat></trkpt>
  <trkpt lat="-33.99991833" lon="-140.00007924"><ele>33.000</ele><time>2026-08-20T17:03:47Z</time><speed>0.723</speed><sat>16</sat></trkpt>
  <trkpt lat="-33.99991500" lon="-140.00008043"><ele>32.900</ele><time>2026-08-20T17:03:48Z</time><speed>0.572</speed><sat>16</sat></trkpt>
  <trkpt lat="-33.99991000" lon="-140.00008279"><ele>32.700</ele><time>2026-08-20T17:03:49Z</time><speed>0.426</speed><sat>18</sat></trkpt>
  <trkpt lat="-33.99991000" lon="-140.00008516"><ele>32.700</ele><time>2026-08-20T17:03:50Z</time><speed>0.000</speed><sat>19</sat></trkpt>
  <trkpt lat="-33.99990333" lon="-140.00009107"><ele>32.900</ele><time>2026-08-20T17:03:51Z</time><speed>0.000</speed><sat>18</sat></trkpt>
  <trkpt lat="-33.99990333" lon="-140.00009107"><ele>33.000</ele><time>2026-08-20T17:03:52Z</time><speed>0.000</speed><sat>18</sat></trkpt>
  <trkpt lat="-33.99990333" lon="-140.00009107"><ele>33.000</ele><time>2026-08-20T17:03:53Z</time><speed>0.000</speed><sat>19</sat></trkpt>
  <trkpt lat="-33.99989833" lon="-140.00009344"><ele>32.900</ele><time>2026-08-20T17:03:54Z</time><speed>0.000</speed><sat>19</sat></trkpt>
  <trkpt lat="-33.99990000" lon="-140.00009226"><ele>33.200</ele><time>2026-08-20T17:03:55Z</time><speed>0.358</speed><sat>18</sat></trkpt>
  <trkpt lat="-33.99989167" lon="-140.00008871"><ele>33.300</ele><time>2026-08-20T17:03:56Z</time><speed>0.386</speed><sat>18</sat></trkpt>
  <trkpt lat="-33.99989000" lon="-140.00008279"><ele>33.500</ele><time>2026-08-20T17:03:57Z</time><speed>0.392</speed><sat>17</sat></trkpt>
  <trkpt lat="-33.99988833" lon="-140.00008043"><ele>33.500</ele><time>2026-08-20T17:03:58Z</time><speed>0.000</speed><sat>16</sat></trkpt>
  <trkpt lat="-33.99987500" lon="-140.00008161"><ele>33.500</ele><time>2026-08-20T17:03:59Z</time><speed>0.422</speed><sat>18</sat></trkpt>
  <trkpt lat="-33.99987167" lon="-140.00008398"><ele>33.200</ele><time>2026-08-20T17:04:00Z</time><speed>0.434</speed><sat>18</sat></trkpt>
  <trkpt lat="-33.99987000" lon="-140.00008989"><ele>33.200</ele><time>2026-08-20T17:04:01Z</time><speed>0.446</speed><sat>18</sat></trkpt>
  <trkpt lat="-33.99986167" lon="-140.00009107"><ele>33.200</ele><time>2026-08-20T17:04:02Z</time><speed>0.465</speed><sat>18</sat></trkpt>
  <trkpt lat="-33.99986000" lon="-140.00008989"><ele>32.900</ele><time>2026-08-20T17:04:03Z</time><speed>0.463</speed><sat>18</sat></trkpt>
  <trkpt lat="-33.99985667" lon="-140.00009462"><ele>32.700</ele><time>2026-08-20T17:04:04Z</time><speed>0.443</speed><sat>18</sat></trkpt>
  <trkpt lat="-33.99984833" lon="-140.00009581"><ele>32.800</ele><time>2026-08-20T17:04:05Z</time><speed>0.430</speed><sat>18</sat></trkpt>
  <trkpt lat="-33.99984500" lon="-140.00009581"><ele>32.800</ele><time>2026-08-20T17:04:06Z</time><speed>0.410</speed><sat>18</sat></trkpt>
  <trkpt lat="-33.99984000" lon="-140.00009462"><ele>32.900</ele><time>2026-08-20T17:04:07Z</time><speed>0.000</speed><sat>17</sat></trkpt>
  <trkpt lat="-33.99983833" lon="-140.00009817"><ele>32.900</ele><time>2026-08-20T17:04:08Z</time><speed>0.000</speed><sat>18</sat></trkpt>
  <trkpt lat="-33.99984333" lon="-140.00010172"><ele>33.000</ele><time>2026-08-20T17:04:09Z</time><speed>0.000</speed><sat>18</sat></trkpt>
  <trkpt lat="-33.99984333" lon="-140.00010172"><ele>33.000</ele><time>2026-08-20T17:04:10Z</time><speed>0.000</speed><sat>18</sat></trkpt>
  <trkpt lat="-33.99984333" lon="-140.00010172"><ele>33.000</ele><time>2026-08-20T17:04:11Z</time><speed>0.000</speed><sat>18</sat></trkpt>
  <trkpt lat="-33.99984333" lon="-140.00010172"><ele>33.000</ele><time>2026-08-20T17:04:12Z</time><speed>0.000</speed><sat>16</sat></trkpt>
  <trkpt lat="-33.99984333" lon="-140.00010172"><ele>33.000</ele><time>2026-08-20T17:04:13Z</time><speed>0.000</speed><sat>15</sat></trkpt>
  <trkpt lat="-33.99984333" lon="-140.00010172"><ele>33.000</ele><time>2026-08-20T17:04:14Z</time><speed>0.000</speed><sat>15</sat></trkpt>
  <trkpt lat="-33.99984333" lon="-140.00010172"><ele>33.000</ele><time>2026-08-20T17:04:15Z</time><speed>0.000</speed><sat>15</sat></trkpt>
  <trkpt lat="-33.99984333" lon="-140.00010172"><ele>33.000</ele><time>2026-08-20T17:04:16Z</time><speed>0.000</speed><sat>16</sat></trkpt>
  <trkpt lat="-33.99984333" lon="-140.00010172"><ele>33.000</ele><time>2026-08-20T17:04:17Z</time><speed>0.000</speed><sat>17</sat></trkpt>
  <trkpt lat="-33.99984333" lon="-140.00010172"><ele>33.000</ele><time>2026-08-20T17:04:18Z</time><speed>0.000</speed><sat>16</sat></trkpt>
  <trkpt lat="-33.99984333" lon="-140.00010172"><ele>33.000</ele><time>2026-08-20T17:04:19Z</time><speed>0.000</speed><sat>17</sat></trkpt>
  <trkpt lat="-33.99984333" lon="-140.00010172"><ele>33.000</ele><time>2026-08-20T17:04:20Z</time><speed>0.000</speed><sat>17</sat></trkpt>
  <trkpt lat="-33.99984333" lon="-140.00010172"><ele>33.000</ele><time>2026-08-20T17:04:21Z</time><speed>0.000</speed><sat>16</sat></trkpt>
  <trkpt lat="-33.99984333" lon="-140.00010172"><ele>33.000</ele><time>2026-08-20T17:04:22Z</time><speed>0.000</speed><sat>16</sat></trkpt>
  <trkpt lat="-33.99984333" lon="-140.00010172"><ele>33.000</ele><time>2026-08-20T17:04:23Z</time><speed>0.000</speed><sat>16</sat></trkpt>
  <trkpt lat="-33.99984333" lon="-140.00010172"><ele>33.000</ele><time>2026-08-20T17:04:24Z</time><speed>0.000</speed><sat>18</sat></trkpt>
  <trkpt lat="-33.99984333" lon="-140.00010172"><ele>33.000</ele><time>2026-08-20T17:04:25Z</time><speed>0.000</speed><sat>17</sat></trkpt>
  <trkpt lat="-33.99988333" lon="-140.00010053"><ele>33.500</ele><time>2026-08-20T17:04:26Z</time><speed>0.222</speed><sat>18</sat></trkpt>
  <trkpt lat="-33.99988167" lon="-140.00009107"><ele>33.800</ele><time>2026-08-20T17:04:27Z</time><speed>0.287</speed><sat>17</sat></trkpt>
  <trkpt lat="-33.99987167" lon="-140.00009581"><ele>34.000</ele><time>2026-08-20T17:04:28Z</time><speed>0.330</speed><sat>16</sat></trkpt>
  <trkpt lat="-33.99987000" lon="-140.00009344"><ele>34.200</ele><time>2026-08-20T17:04:29Z</time><speed>0.000</speed><sat>17</sat></trkpt>
  <trkpt lat="-33.99987000" lon="-140.00008753"><ele>34.400</ele><time>2026-08-20T17:04:30Z</time><speed>0.000</speed><sat>17</sat></trkpt>
  <trkpt lat="-33.99986333" lon="-140.00008398"><ele>34.500</ele><time>2026-08-20T17:04:31Z</time><speed>0.000</speed><sat>17</sat></trkpt>
  <trkpt lat="-33.99986333" lon="-140.00007807"><ele>34.500</ele><time>2026-08-20T17:04:32Z</time><speed>0.000</speed><sat>16</sat></trkpt>
  <trkpt lat="-33.99986000" lon="-140.00007333"><ele>34.700</ele><time>2026-08-20T17:04:33Z</time><speed>0.000</speed><sat>16</sat></trkpt>
  <trkpt lat="-33.99985667" lon="-140.00007569"><ele>35.000</ele><time>2026-08-20T17:04:34Z</time><speed>0.000</speed><sat>15</sat></trkpt>
  <trkpt lat="-33.99984833" lon="-140.00007807"><ele>35.400</ele><time>2026-08-20T17:04:35Z</time><speed>0.000</speed><sat>14</sat></trkpt>
  <trkpt lat="-33.99984667" lon="-140.00007097"><ele>35.400</ele><time>2026-08-20T17:04:36Z</time><speed>0.000</speed><sat>15</sat></trkpt>
  <trkpt lat="-33.99984833" lon="-140.00007215"><ele>35.800</ele><time>2026-08-20T17:04:37Z</time><speed>0.000</speed><sat>15</sat></trkpt>
  <trkpt lat="-33.99984500" lon="-140.00007569"><ele>36.300</ele><time>2026-08-20T17:04:38Z</time><speed>0.000</speed><sat>16</sat></trkpt>
  <trkpt lat="-33.99985500" lon="-140.00007924"><ele>37.100</ele><time>2026-08-20T17:04:39Z</time><speed>0.000</speed><sat>16</sat></trkpt>
  <trkpt lat="-33.99986167" lon="-140.00008398"><ele>37.600</ele><time>2026-08-20T17:04:40Z</time><speed>0.000</speed><sat>17</sat></trkpt>
  <trkpt lat="-33.99987000" lon="-140.00008989"><ele>38.000</ele><time>2026-08-20T17:04:41Z</time><speed>0.000</speed><sat>18</sat></trkpt>
  <trkpt lat="-33.99987667" lon="-140.00009344"><ele>38.300</ele><time>2026-08-20T17:04:42Z</time><speed>0.000</speed><sat>17</sat></trkpt>
  <trkpt lat="-33.99987667" lon="-140.00009344"><ele>38.300</ele><time>2026-08-20T17:04:43Z</time><speed>0.000</speed><sat>18</sat></trkpt>
  <trkpt lat="-33.99987667" lon="-140.00009344"><ele>38.300</ele><time>2026-08-20T17:04:44Z</time><speed>0.000</speed><sat>18</sat></trkpt>
  <trkpt lat="-33.99990500" lon="-140.00009462"><ele>38.700</ele><time>2026-08-20T17:04:45Z</time><speed>0.000</speed><sat>18</sat></trkpt>
  <trkpt lat="-33.99992500" lon="-140.00007807"><ele>38.700</ele><time>2026-08-20T17:04:46Z</time><speed>0.000</speed><sat>17</sat></trkpt>
  <trkpt lat="-33.99993333" lon="-140.00007452"><ele>38.900</ele><time>2026-08-20T17:04:47Z</time><speed>0.000</speed><sat>17</sat></trkpt>
  <trkpt lat="-33.99993167" lon="-140.00008161"><ele>38.700</ele><time>2026-08-20T17:04:48Z</time><speed>0.000</speed><sat>17</sat></trkpt>
  <trkpt lat="-33.99992667" lon="-140.00008398"><ele>38.700</ele><time>2026-08-20T17:04:49Z</time><speed>0.000</speed><sat>17</sat></trkpt>
  <trkpt lat="-33.99992833" lon="-140.00008634"><ele>38.700</ele><time>2026-08-20T17:04:50Z</time><speed>0.000</speed><sat>16</sat></trkpt>
  <trkpt lat="-33.99993500" lon="-140.00008989"><ele>38.700</ele><time>2026-08-20T17:04:51Z</time><speed>0.000</speed><sat>16</sat></trkpt>
  <trkpt lat="-33.99993000" lon="-140.00009699"><ele>38.900</ele><time>2026-08-20T17:04:52Z</time><speed>0.000</speed><sat>15</sat></trkpt>
  <trkpt lat="-33.99993000" lon="-140.00010053"><ele>39.600</ele><time>2026-08-20T17:04:53Z</time><speed>0.000</speed><sat>16</sat></trkpt>
  <trkpt lat="-33.99993833" lon="-140.00010053"><ele>40.200</ele><time>2026-08-20T17:04:54Z</time><speed>0.000</speed><sat>16</sat></trkpt>
  <trkpt lat="-33.99993167" lon="-140.00010527"><ele>40.400</ele><time>2026-08-20T17:04:55Z</time><speed>0.000</speed><sat>15</sat></trkpt>
  <trkpt lat="-33.99992667" lon="-140.00009817"><ele>40.900</ele><time>2026-08-20T17:04:56Z</time><speed>1.380</speed><sat>15</sat></trkpt>
  <trkpt lat="-33.99991500" lon="-140.00010290"><ele>40.900</ele><time>2026-08-20T17:04:57Z</time><speed>0.000</speed><sat>15</sat></trkpt>
  <trkpt lat="-33.99991500" lon="-140.00010053"><ele>41.000</ele><time>2026-08-20T17:04:58Z</time><speed>0.000</speed><sat>15</sat></trkpt>
  <trkpt lat="-33.99990500" lon="-140.00009817"><ele>41.300</ele><time>2026-08-20T17:04:59Z</time><speed>0.000</speed><sat>15</sat></trkpt>
  <trkpt lat="-33.99989833" lon="-140.00010172"><ele>41.400</ele><time>2026-08-20T17:05:00Z</time><speed>0.000</speed><sat>16</sat></trkpt>
  <trkpt lat="-33.99990833" lon="-140.00010172"><ele>41.400</ele><time>2026-08-20T17:05:01Z</time><speed>1.201</speed><sat>15</sat></trkpt>
  <trkpt lat="-33.99991333" lon="-140.00010290"><ele>41.400</ele><time>2026-08-20T17:05:02Z</time><speed>1.129</speed><sat>16</sat></trkpt>
  <trkpt lat="-33.99992000" lon="-140.00010527"><ele>41.500</ele><time>2026-08-20T17:05:03Z</time><speed>1.080</speed><sat>17</sat></trkpt>
  <trkpt lat="-33.99991167" lon="-140.00012537"><ele>40.200</ele><time>2026-08-20T17:05:04Z</time><speed>1.006</speed><sat>18</sat></trkpt>
  <trkpt lat="-33.99989500" lon="-140.00012065"><ele>40.500</ele><time>2026-08-20T17:05:05Z</time><speed>0.916</speed><sat>18</sat></trkpt>
  <trkpt lat="-33.99988333" lon="-140.00010882"><ele>40.300</ele><time>2026-08-20T17:05:06Z</time><speed>0.845</speed><sat>18</sat></trkpt>
  <trkpt lat="-33.99987667" lon="-140.00009699"><ele>40.000</ele><time>2026-08-20T17:05:07Z</time><speed>0.749</speed><sat>19</sat></trkpt>
  <trkpt lat="-33.99986833" lon="-140.00008871"><ele>39.400</ele><time>2026-08-20T17:05:08Z</time><speed>0.000</speed><sat>18</sat></trkpt>
  <trkpt lat="-33.99986333" lon="-140.00008634"><ele>39.400</ele><time>2026-08-20T17:05:09Z</time><speed>0.000</speed><sat>18</sat></trkpt>
  <trkpt lat="-33.99985333" lon="-140.00008398"><ele>39.000</ele><time>2026-08-20T17:05:10Z</time><speed>0.000</speed><sat>19</sat></trkpt>
  <trkpt lat="-33.99985000" lon="-140.00008516"><ele>38.800</ele><time>2026-08-20T17:05:11Z</time><speed>0.438</speed><sat>17</sat></trkpt>
  <trkpt lat="-33.99984333" lon="-140.00008753"><ele>38.600</ele><time>2026-08-20T17:05:12Z</time><speed>0.000</speed><sat>17</sat></trkpt>
  <trkpt lat="-33.99983500" lon="-140.00008989"><ele>38.400</ele><time>2026-08-20T17:05:13Z</time><speed>0.000</speed><sat>18</sat></trkpt>
  <trkpt lat="-33.99983000" lon="-140.00009226"><ele>38.200</ele><time>2026-08-20T17:05:14Z</time><speed>0.000</speed><sat>16</sat></trkpt>
  <trkpt lat="-33.99983000" lon="-140.00009226"><ele>38.200</ele><time>2026-08-20T17:05:15Z</time><speed>0.000</speed><sat>17</sat></trkpt>
  <trkpt lat="-33.99983000" lon="-140.00009226"><ele>38.200</ele><time>2026-08-20T17:05:16Z</time><speed>0.000</speed><sat>17</sat></trkpt>
  <trkpt lat="-33.99983000" lon="-140.00009226"><ele>38.200</ele><time>2026-08-20T17:05:17Z</time><speed>0.000</speed><sat>17</sat></trkpt>
  <trkpt lat="-33.99983000" lon="-140.00009226"><ele>38.200</ele><time>2026-08-20T17:05:18Z</time><speed>0.000</speed><sat>18</sat></trkpt>
  <trkpt lat="-33.99983000" lon="-140.00009226"><ele>38.200</ele><time>2026-08-20T17:05:19Z</time><speed>0.000</speed><sat>18</sat></trkpt>
  <trkpt lat="-33.99983000" lon="-140.00009226"><ele>38.200</ele><time>2026-08-20T17:05:20Z</time><speed>0.000</speed><sat>18</sat></trkpt>
  <trkpt lat="-33.99983000" lon="-140.00009226"><ele>38.200</ele><time>2026-08-20T17:05:21Z</time><speed>0.000</speed><sat>18</sat></trkpt>
  <trkpt lat="-33.99983000" lon="-140.00009226"><ele>38.200</ele><time>2026-08-20T17:05:22Z</time><speed>0.000</speed><sat>19</sat></trkpt>
  <trkpt lat="-33.99983000" lon="-140.00009226"><ele>38.200</ele><time>2026-08-20T17:05:23Z</time><speed>0.000</speed><sat>19</sat></trkpt>
  <trkpt lat="-33.99983000" lon="-140.00009226"><ele>38.200</ele><time>2026-08-20T17:05:24Z</time><speed>0.000</speed><sat>18</sat></trkpt>
  <trkpt lat="-33.99983000" lon="-140.00009226"><ele>38.200</ele><time>2026-08-20T17:05:25Z</time><speed>0.000</speed><sat>19</sat></trkpt>
  <trkpt lat="-33.99983000" lon="-140.00009226"><ele>38.200</ele><time>2026-08-20T17:05:26Z</time><speed>0.000</speed><sat>19</sat></trkpt>
  <trkpt lat="-33.99983000" lon="-140.00009226"><ele>38.200</ele><time>2026-08-20T17:05:27Z</time><speed>0.000</speed><sat>18</sat></trkpt>
  <trkpt lat="-33.99983000" lon="-140.00009226"><ele>38.200</ele><time>2026-08-20T17:05:28Z</time><speed>0.000</speed><sat>19</sat></trkpt>
  <trkpt lat="-33.99983000" lon="-140.00009226"><ele>38.200</ele><time>2026-08-20T17:05:29Z</time><speed>0.000</speed><sat>19</sat></trkpt>
  <trkpt lat="-33.99983000" lon="-140.00009226"><ele>38.200</ele><time>2026-08-20T17:05:30Z</time><speed>0.000</speed><sat>19</sat></trkpt>
  <trkpt lat="-33.99983000" lon="-140.00009226"><ele>38.200</ele><time>2026-08-20T17:05:31Z</time><speed>0.000</speed><sat>20</sat></trkpt>
  <trkpt lat="-33.99978167" lon="-140.00011828"><ele>35.600</ele><time>2026-08-20T17:05:32Z</time><speed>0.322</speed><sat>20</sat></trkpt>
  <trkpt lat="-33.99979333" lon="-140.00012892"><ele>35.800</ele><time>2026-08-20T17:05:33Z</time><speed>0.368</speed><sat>20</sat></trkpt>
  <trkpt lat="-33.99980500" lon="-140.00013720"><ele>36.100</ele><time>2026-08-20T17:05:34Z</time><speed>0.432</speed><sat>20</sat></trkpt>
  <trkpt lat="-33.99981333" lon="-140.00014194"><ele>36.200</ele><time>2026-08-20T17:05:35Z</time><speed>0.478</speed><sat>20</sat></trkpt>
  <trkpt lat="-33.99982000" lon="-140.00014549"><ele>36.300</ele><time>2026-08-20T17:05:36Z</time><speed>0.506</speed><sat>20</sat></trkpt>
  <trkpt lat="-33.99982667" lon="-140.00014430"><ele>36.500</ele><time>2026-08-20T17:05:37Z</time><speed>0.499</speed><sat>20</sat></trkpt>
  <trkpt lat="-33.99983167" lon="-140.00014666"><ele>36.700</ele><time>2026-08-20T17:05:38Z</time><speed>0.486</speed><sat>20</sat></trkpt>
  <trkpt lat="-33.99983500" lon="-140.00014549"><ele>36.700</ele><time>2026-08-20T17:05:39Z</time><speed>0.494</speed><sat>20</sat></trkpt>
  <trkpt lat="-33.99984000" lon="-140.00014785"><ele>36.700</ele><time>2026-08-20T17:05:40Z</time><speed>0.500</speed><sat>19</sat></trkpt>
  <trkpt lat="-33.99984167" lon="-140.00014903"><ele>36.800</ele><time>2026-08-20T17:05:41Z</time><speed>0.484</speed><sat>19</sat></trkpt>
  <trkpt lat="-33.99984167" lon="-140.00014549"><ele>36.700</ele><time>2026-08-20T17:05:42Z</time><speed>0.433</speed><sat>20</sat></trkpt>
  <trkpt lat="-33.99984333" lon="-140.00014903"><ele>36.600</ele><time>2026-08-20T17:05:43Z</time><speed>0.000</speed><sat>18</sat></trkpt>
  <trkpt lat="-33.99984667" lon="-140.00014903"><ele>36.700</ele><time>2026-08-20T17:05:44Z</time><speed>0.000</speed><sat>19</sat></trkpt>
  <trkpt lat="-33.99985000" lon="-140.00014075"><ele>36.600</ele><time>2026-08-20T17:05:45Z</time><speed>0.000</speed><sat>19</sat></trkpt>
  <trkpt lat="-33.99985000" lon="-140.00014075"><ele>36.600</ele><time>2026-08-20T17:05:46Z</time><speed>0.000</speed><sat>19</sat></trkpt>
  <trkpt lat="-33.99985000" lon="-140.00014075"><ele>36.600</ele><time>2026-08-20T17:05:47Z</time><speed>0.000</speed><sat>21</sat></trkpt>
  <trkpt lat="-33.99985000" lon="-140.00014075"><ele>36.600</ele><time>2026-08-20T17:05:48Z</time><speed>0.000</speed><sat>20</sat></trkpt>
  <trkpt lat="-33.99985000" lon="-140.00014075"><ele>36.600</ele><time>2026-08-20T17:05:49Z</time><speed>0.000</speed><sat>20</sat></trkpt>
  <trkpt lat="-33.99985000" lon="-140.00014075"><ele>36.600</ele><time>2026-08-20T17:05:50Z</time><speed>0.000</speed><sat>20</sat></trkpt>
  <trkpt lat="-33.99985000" lon="-140.00014075"><ele>36.600</ele><time>2026-08-20T17:05:51Z</time><speed>0.000</speed><sat>20</sat></trkpt>
  <trkpt lat="-33.99985000" lon="-140.00014075"><ele>36.600</ele><time>2026-08-20T17:05:52Z</time><speed>0.000</speed><sat>21</sat></trkpt>
  <trkpt lat="-33.99985000" lon="-140.00014075"><ele>36.600</ele><time>2026-08-20T17:05:53Z</time><speed>0.000</speed><sat>21</sat></trkpt>
  <trkpt lat="-33.99985000" lon="-140.00014075"><ele>36.600</ele><time>2026-08-20T17:05:54Z</time><speed>0.000</speed><sat>21</sat></trkpt>
  <trkpt lat="-33.99985000" lon="-140.00014075"><ele>36.600</ele><time>2026-08-20T17:05:55Z</time><speed>0.000</speed><sat>21</sat></trkpt>
  <trkpt lat="-33.99985000" lon="-140.00014075"><ele>36.600</ele><time>2026-08-20T17:05:56Z</time><speed>0.000</speed><sat>21</sat></trkpt>
  <trkpt lat="-33.99985000" lon="-140.00014075"><ele>36.600</ele><time>2026-08-20T17:05:57Z</time><speed>0.000</speed><sat>20</sat></trkpt>
  <trkpt lat="-33.99987167" lon="-140.00011946"><ele>34.900</ele><time>2026-08-20T17:05:58Z</time><speed>0.321</speed><sat>20</sat></trkpt>
  <trkpt lat="-33.99986500" lon="-140.00012892"><ele>34.800</ele><time>2026-08-20T17:05:59Z</time><speed>0.360</speed><sat>21</sat></trkpt>
  <trkpt lat="-33.99986167" lon="-140.00013957"><ele>34.800</ele><time>2026-08-20T17:06:00Z</time><speed>0.417</speed><sat>20</sat></trkpt>
  <trkpt lat="-33.99985833" lon="-140.00015258"><ele>34.800</ele><time>2026-08-20T17:06:01Z</time><speed>0.480</speed><sat>21</sat></trkpt>
  <trkpt lat="-33.99985500" lon="-140.00016795"><ele>35.100</ele><time>2026-08-20T17:06:02Z</time><speed>0.601</speed><sat>21</sat></trkpt>
  <trkpt lat="-33.99984833" lon="-140.00018570"><ele>35.300</ele><time>2026-08-20T17:06:03Z</time><speed>0.732</speed><sat>21</sat></trkpt>
  <trkpt lat="-33.99984667" lon="-140.00019634"><ele>35.200</ele><time>2026-08-20T17:06:04Z</time><speed>0.846</speed><sat>21</sat></trkpt>
  <trkpt lat="-33.99984333" lon="-140.00020699"><ele>35.300</ele><time>2026-08-20T17:06:05Z</time><speed>0.928</speed><sat>21</sat></trkpt>
  <trkpt lat="-33.99984000" lon="-140.00021763"><ele>35.300</ele><time>2026-08-20T17:06:06Z</time><speed>1.030</speed><sat>22</sat></trkpt>
  <trkpt lat="-33.99983833" lon="-140.00023183"><ele>35.400</ele><time>2026-08-20T17:06:07Z</time><speed>1.130</speed><sat>20</sat></trkpt>
  <trkpt lat="-33.99983667" lon="-140.00024129"><ele>35.500</ele><time>2026-08-20T17:06:08Z</time><speed>1.200</speed><sat>20</sat></trkpt>
  <trkpt lat="-33.99984167" lon="-140.00025312"><ele>35.900</ele><time>2026-08-20T17:06:09Z</time><speed>1.268</speed><sat>21</sat></trkpt>
  <trkpt lat="-33.99984167" lon="-140.00025666"><ele>36.100</ele><time>2026-08-20T17:06:10Z</time><speed>1.281</speed><sat>21</sat></trkpt>
  <trkpt lat="-33.99984667" lon="-140.00026376"><ele>36.400</ele><time>2026-08-20T17:06:11Z</time><speed>1.296</speed><sat>21</sat></trkpt>
  <trkpt lat="-33.99984167" lon="-140.00026613"><ele>36.600</ele><time>2026-08-20T17:06:12Z</time><speed>1.203</speed><sat>21</sat></trkpt>
  <trkpt lat="-33.99983833" lon="-140.00026850"><ele>36.800</ele><time>2026-08-20T17:06:13Z</time><speed>1.084</speed><sat>21</sat></trkpt>
  <trkpt lat="-33.99983667" lon="-140.00027204"><ele>37.200</ele><time>2026-08-20T17:06:14Z</time><speed>0.975</speed><sat>21</sat></trkpt>
  <trkpt lat="-33.99983667" lon="-140.00027796"><ele>37.400</ele><time>2026-08-20T17:06:15Z</time><speed>0.909</speed><sat>21</sat></trkpt>
  <trkpt lat="-33.99983667" lon="-140.00027914"><ele>37.700</ele><time>2026-08-20T17:06:16Z</time><speed>0.000</speed><sat>19</sat></trkpt>
  <trkpt lat="-33.99984000" lon="-140.00028033"><ele>37.800</ele><time>2026-08-20T17:06:17Z</time><speed>0.000</speed><sat>16</sat></trkpt>
  <trkpt lat="-33.99984000" lon="-140.00027914"><ele>37.900</ele><time>2026-08-20T17:06:18Z</time><speed>0.000</speed><sat>15</sat></trkpt>
  <trkpt lat="-33.99984333" lon="-140.00027796"><ele>38.000</ele><time>2026-08-20T17:06:19Z</time><speed>0.000</speed><sat>17</sat></trkpt>
  <trkpt lat="-33.99984833" lon="-140.00025903"><ele>38.000</ele><time>2026-08-20T17:06:20Z</time><speed>0.000</speed><sat>16</sat></trkpt>
  <trkpt lat="-33.99987000" lon="-140.00023537"><ele>38.100</ele><time>2026-08-20T17:06:21Z</time><speed>0.000</speed><sat>16</sat></trkpt>
  <trkpt lat="-33.99989500" lon="-140.00021054"><ele>38.100</ele><time>2026-08-20T17:06:22Z</time><speed>0.000</speed><sat>16</sat></trkpt>
  <trkpt lat="-33.99992667" lon="-140.00019043"><ele>38.200</ele><time>2026-08-20T17:06:23Z</time><speed>0.000</speed><sat>14</sat></trkpt>
  <trkpt lat="-33.99994167" lon="-140.00017032"><ele>38.200</ele><time>2026-08-20T17:06:24Z</time><speed>0.000</speed><sat>15</sat></trkpt>
  <trkpt lat="-33.99995500" lon="-140.00014903"><ele>38.300</ele><time>2026-08-20T17:06:25Z</time><speed>0.000</speed><sat>15</sat></trkpt>
  <trkpt lat="-33.99996000" lon="-140.00013484"><ele>38.300</ele><time>2026-08-20T17:06:26Z</time><speed>0.000</speed><sat>14</sat></trkpt>
  <trkpt lat="-33.99996000" lon="-140.00012656"><ele>38.200</ele><time>2026-08-20T17:06:27Z</time><speed>0.000</speed><sat>16</sat></trkpt>
  <trkpt lat="-33.99995833" lon="-140.00012065"><ele>38.200</ele><time>2026-08-20T17:06:28Z</time><speed>0.000</speed><sat>17</sat></trkpt>
  <trkpt lat="-33.99995667" lon="-140.00011236"><ele>38.300</ele><time>2026-08-20T17:06:29Z</time><speed>0.000</speed><sat>15</sat></trkpt>
  <trkpt lat="-33.99995167" lon="-140.00010290"><ele>38.500</ele><time>2026-08-20T17:06:30Z</time><speed>0.000</speed><sat>14</sat></trkpt>
  <trkpt lat="-33.99995333" lon="-140.00008989"><ele>38.700</ele><time>2026-08-20T17:06:31Z</time><speed>1.829</speed><sat>12</sat></trkpt>
  <trkpt lat="-33.99995500" lon="-140.00006032"><ele>38.900</ele><time>2026-08-20T17:06:32Z</time><speed>0.000</speed><sat>12</sat></trkpt>
  <trkpt lat="-33.99995500" lon="-140.00003666"><ele>39.100</ele><time>2026-08-20T17:06:33Z</time><speed>0.000</speed><sat>9</sat></trkpt>
  <trkpt lat="-33.99996000" lon="-140.00000355"><ele>39.300</ele><time>2026-08-20T17:06:34Z</time><speed>0.000</speed><sat>8</sat></trkpt>
  <trkpt lat="-33.99996500" lon="-139.99996215"><ele>39.600</ele><time>2026-08-20T17:06:35Z</time><speed>0.000</speed><sat>7</sat></trkpt>
  <trkpt lat="-33.99997000" lon="-139.99991365"><ele>39.900</ele><time>2026-08-20T17:06:36Z</time><speed>0.000</speed><sat>4</sat></trkpt>
  <trkpt lat="-33.99997333" lon="-139.99986043"><ele>40.200</ele><time>2026-08-20T17:06:37Z</time><speed>0.000</speed><sat>5</sat></trkpt>
  <trkpt lat="-33.99997333" lon="-139.99979892"><ele>40.500</ele><time>2026-08-20T17:06:38Z</time><speed>0.000</speed><sat>3</sat></trkpt>
  <trkpt lat="-33.99997833" lon="-139.99973623"><ele>40.700</ele><time>2026-08-20T17:06:39Z</time><speed>0.000</speed><sat>3</sat></trkpt>
  <trkpt lat="-33.99998500" lon="-139.99966645"><ele>41.000</ele><time>2026-08-20T17:06:40Z</time><speed>0.000</speed><sat>3</sat></trkpt>
  <trkpt lat="-33.99999000" lon="-139.99959429"><ele>41.200</ele><time>2026-08-20T17:06:41Z</time><speed>0.000</speed><sat>3</sat></trkpt>
  <trkpt lat="-34.00000333" lon="-139.99951859"><ele>41.400</ele><time>2026-08-20T17:06:42Z</time><speed>0.000</speed><sat>3</sat></trkpt>
  <trkpt lat="-34.00000833" lon="-139.99943343"><ele>41.600</ele><time>2026-08-20T17:06:43Z</time><speed>0.000</speed><sat>3</sat></trkpt>
  <trkpt lat="-34.00001667" lon="-139.99934709"><ele>41.700</ele><time>2026-08-20T17:06:44Z</time><speed>0.000</speed><sat>3</sat></trkpt>
  <trkpt lat="-34.00002667" lon="-139.99926074"><ele>41.900</ele><time>2026-08-20T17:06:45Z</time><speed>0.000</speed><sat>3</sat></trkpt>
  <trkpt lat="-34.00002667" lon="-139.99916730"><ele>42.100</ele><time>2026-08-20T17:06:46Z</time><speed>0.000</speed><sat>3</sat></trkpt>
  <trkpt lat="-34.00002167" lon="-139.99906676"><ele>42.300</ele><time>2026-08-20T17:06:47Z</time><speed>0.000</speed><sat>3</sat></trkpt>
  <trkpt lat="-34.00003667" lon="-139.99896504"><ele>42.400</ele><time>2026-08-20T17:06:48Z</time><speed>0.000</speed><sat>3</sat></trkpt>
  <trkpt lat="-34.00006000" lon="-139.99885741"><ele>42.600</ele><time>2026-08-20T17:06:49Z</time><speed>0.000</speed><sat>3</sat></trkpt>
  <trkpt lat="-34.00009833" lon="-139.99874149"><ele>42.700</ele><time>2026-08-20T17:06:50Z</time><speed>0.000</speed><sat>3</sat></trkpt>
  <trkpt lat="-34.00014000" lon="-139.99861966"><ele>42.900</ele><time>2026-08-20T17:06:51Z</time><speed>9.018</speed><sat>3</sat></trkpt>
  <trkpt lat="-34.00018333" lon="-139.99848600"><ele>43.000</ele><time>2026-08-20T17:06:52Z</time><speed>9.464</speed><sat>3</sat></trkpt>
  <trkpt lat="-34.00025500" lon="-139.99833934"><ele>43.100</ele><time>2026-08-20T17:06:53Z</time><speed>9.971</speed><sat>3</sat></trkpt>
  <trkpt lat="-34.00032000" lon="-139.99819976"><ele>43.300</ele><time>2026-08-20T17:06:54Z</time><speed>10.495</speed><sat>3</sat></trkpt>
  <trkpt lat="-34.00038667" lon="-139.99806492"><ele>43.400</ele><time>2026-08-20T17:06:55Z</time><speed>11.025</speed><sat>3</sat></trkpt>
  <trkpt lat="-34.00045333" lon="-139.99793245"><ele>43.500</ele><time>2026-08-20T17:06:56Z</time><speed>11.530</speed><sat>3</sat></trkpt>
  <trkpt lat="-34.00052667" lon="-139.99780470"><ele>43.600</ele><time>2026-08-20T17:06:57Z</time><speed>11.977</speed><sat>3</sat></trkpt>
  <trkpt lat="-34.00063000" lon="-139.99769589"><ele>43.800</ele><time>2026-08-20T17:06:58Z</time><speed>12.379</speed><sat>3</sat></trkpt>
  <trkpt lat="-34.00073167" lon="-139.99758707"><ele>43.900</ele><time>2026-08-20T17:06:59Z</time><speed>12.767</speed><sat>3</sat></trkpt>
  <trkpt lat="-34.00085833" lon="-139.99748653"><ele>44.000</ele><time>2026-08-20T17:07:00Z</time><speed>13.182</speed><sat>3</sat></trkpt>
  <trkpt lat="-34.00091833" lon="-139.99853450"><ele>45.200</ele><time>2026-08-20T17:07:12Z</time><speed>7.486</speed><sat>5</sat></trkpt>
  <trkpt lat="-34.00070333" lon="-139.99890472"><ele>45.300</ele><time>2026-08-20T17:07:13Z</time><speed>4.993</speed><sat>5</sat></trkpt>
  <trkpt lat="-34.00053167" lon="-139.99922171"><ele>45.300</ele><time>2026-08-20T17:07:14Z</time><speed>2.868</speed><sat>5</sat></trkpt>
  <trkpt lat="-34.00041167" lon="-139.99943343"><ele>45.200</ele><time>2026-08-20T17:07:15Z</time><speed>1.178</speed><sat>5</sat></trkpt>
  <trkpt lat="-34.00038500" lon="-139.99954107"><ele>45.200</ele><time>2026-08-20T17:07:16Z</time><speed>0.000</speed><sat>6</sat></trkpt>
  <trkpt lat="-34.00038000" lon="-139.99956709"><ele>45.100</ele><time>2026-08-20T17:07:17Z</time><speed>0.000</speed><sat>7</sat></trkpt>
  <trkpt lat="-34.00033167" lon="-139.99962387"><ele>45.000</ele><time>2026-08-20T17:07:18Z</time><speed>2.549</speed><sat>8</sat></trkpt>
  <trkpt lat="-34.00030167" lon="-139.99962505"><ele>45.400</ele><time>2026-08-20T17:07:19Z</time><speed>2.387</speed><sat>9</sat></trkpt>
  <trkpt lat="-34.00019167" lon="-139.99976935"><ele>53.700</ele><time>2026-08-20T17:07:20Z</time><speed>2.842</speed><sat>9</sat></trkpt>
  <trkpt lat="-34.00015333" lon="-139.99984742"><ele>57.000</ele><time>2026-08-20T17:07:21Z</time><speed>2.169</speed><sat>9</sat></trkpt>
  <trkpt lat="-34.00008333" lon="-139.99991010"><ele>59.200</ele><time>2026-08-20T17:07:22Z</time><speed>2.646</speed><sat>9</sat></trkpt>
  <trkpt lat="-34.00002667" lon="-139.99997279"><ele>59.200</ele><time>2026-08-20T17:07:23Z</time><speed>3.508</speed><sat>9</sat></trkpt>
  <trkpt lat="-33.99998000" lon="-140.00001656"><ele>59.400</ele><time>2026-08-20T17:07:24Z</time><speed>3.945</speed><sat>10</sat></trkpt>
  <trkpt lat="-33.99995667" lon="-140.00003430"><ele>57.400</ele><time>2026-08-20T17:07:25Z</time><speed>4.099</speed><sat>10</sat></trkpt>
  <trkpt lat="-33.99994000" lon="-140.00005204"><ele>55.700</ele><time>2026-08-20T17:07:26Z</time><speed>4.005</speed><sat>9</sat></trkpt>
  <trkpt lat="-33.99992500" lon="-140.00009107"><ele>55.700</ele><time>2026-08-20T17:07:27Z</time><speed>3.683</speed><sat>10</sat></trkpt>
  <trkpt lat="-33.99989833" lon="-140.00009817"><ele>54.400</ele><time>2026-08-20T17:07:28Z</time><speed>4.167</speed><sat>10</sat></trkpt>
  <trkpt lat="-33.99988333" lon="-140.00010408"><ele>53.000</ele><time>2026-08-20T17:07:29Z</time><speed>3.022</speed><sat>9</sat></trkpt>
  <trkpt lat="-33.99988000" lon="-140.00009699"><ele>52.300</ele><time>2026-08-20T17:07:30Z</time><speed>1.853</speed><sat>9</sat></trkpt>
 </trkseg>
</trk>

</gpx>
 