<?xml version="1.0" encoding="UTF-8"?>
<!-- Anonymised. Every point is translated by a single constant offset into
     the South Pacific, and every elevation is rebased so that the lowest
     point of the walk reads zero. Shape, distances, climb and timing are
     unchanged; neither the place nor the height above sea level can be
     recovered from this file. -->
<!-- Created with BasicAirData GPS Logger for Android - ver. 3.3.0 -->
<!-- Track 2 = 4788 TrackPoints + 0 Placemarks -->

<!-- Track Statistics (based on Total Time | Time in Movement): -->
<!--  Distance = 6,14 км -->
<!--  Duration = 01:19:47 | 55:03 -->
<!--  Altitude Gap = 17 м -->
<!--  Max Speed = 22 км/ч -->
<!--  Avg Speed = 4,6 | 6,7 км/ч -->
<!--  Direction = СВ -->
<!--  Activity = walking -->
<!--  Altitudes = Raw -->

<gpx version="1.0"
     creator="BasicAirData GPS Logger 3.3.0"
     xmlns="http://www.topografix.com/GPX/1/0"
     xmlns:xsi="http://www.w3.org/2001/XMLSchema-instance"
     xsi:schemaLocation="http://www.topografix.com/GPX/1/0 http://www.topografix.com/GPX/1/0/gpx.xsd">
<name>GPS Logger 20260820-184647</name>
<desc>Зум прогулка лесная</desc>
<time>2026-08-20T17:08:25Z</time>
<keywords>walking</keywords>
<bounds minlat="-34.00076333" minlon="-140.00036430" maxlat="-33.99434500" maxlon="-139.98336144" />

<trk>
 <name>Трек 20260820-184647</name>
 <trkseg>
  <trkpt lat="-34.00000000" lon="-140.00000000"><ele>29.500</ele><time>2026-08-20T15:46:47.787Z</time><speed>0.000</speed><sat>5</sat></trkpt>
  <trkpt lat="-33.99999667" lon="-140.00000591"><ele>29.300</ele><time>2026-08-20T15:46:48.789Z</time><speed>0.000</speed><sat>6</sat></trkpt>
  <trkpt lat="-33.99999500" lon="-140.00001065"><ele>29.200</ele><time>2026-08-20T15:46:49.793Z</time><speed>0.000</speed><sat>6</sat></trkpt>
  <trkpt lat="-33.99997833" lon="-140.00001892"><ele>29.200</ele><time>2026-08-20T15:46:50.795Z</time><speed>0.000</speed><sat>6</sat></trkpt>
  <trkpt lat="-33.99996000" lon="-140.00003075"><ele>29.300</ele><time>2026-08-20T15:46:51.798Z</time><speed>0.000</speed><sat>6</sat></trkpt>
  <trkpt lat="-33.99995833" lon="-140.00003785"><ele>29.400</ele><time>2026-08-20T15:46:52.798Z</time><speed>0.000</speed><sat>6</sat></trkpt>
  <trkpt lat="-33.99994667" lon="-140.00006032"><ele>29.400</ele><time>2026-08-20T15:46:53.798Z</time><speed>0.000</speed><sat>6</sat></trkpt>
  <trkpt lat="-33.99993667" lon="-140.00018570"><ele>29.400</ele><time>2026-08-20T15:46:54.796Z</time><speed>0.000</speed><sat>6</sat></trkpt>
  <trkpt lat="-33.99974500" lon="-140.00028742"><ele>29.800</ele><time>2026-08-20T15:46:55.811Z</time><speed>0.000</speed><sat>8</sat></trkpt>
  <trkpt lat="-33.99976333" lon="-140.00028387"><ele>29.700</ele><time>2026-08-20T15:46:56.811Z</time><speed>0.000</speed><sat>12</sat></trkpt>
  <trkpt lat="-33.99980167" lon="-140.00027323"><ele>29.600</ele><time>2026-08-20T15:46:57.808Z</time><speed>0.000</speed><sat>12</sat></trkpt>
  <trkpt lat="-33.99980833" lon="-140.00028860"><ele>29.400</ele><time>2026-08-20T15:46:58.808Z</time><speed>0.000</speed><sat>16</sat></trkpt>
  <trkpt lat="-33.99983500" lon="-140.00030398"><ele>29.700</ele><time>2026-08-20T15:46:59.814Z</time><speed>0.212</speed><sat>16</sat></trkpt>
  <trkpt lat="-33.99983500" lon="-140.00030753"><ele>29.800</ele><time>2026-08-20T15:47:00.814Z</time><speed>0.137</speed><sat>16</sat></trkpt>
  <trkpt lat="-33.99983000" lon="-140.00030043"><ele>29.900</ele><time>2026-08-20T15:47:01.813Z</time><speed>0.000</speed><sat>17</sat></trkpt>
  <trkpt lat="-33.99983000" lon="-140.00029925"><ele>29.900</ele><time>2026-08-20T15:47:03Z</time><speed>0.000</speed><sat>17</sat></trkpt>
  <trkpt lat="-33.99983167" lon="-140.00030634"><ele>29.900</ele><time>2026-08-20T15:47:04Z</time><speed>0.000</speed><sat>18</sat></trkpt>
  <trkpt lat="-33.99983333" lon="-140.00029333"><ele>29.900</ele><time>2026-08-20T15:47:05Z</time><speed>0.000</speed><sat>18</sat></trkpt>
  <trkpt lat="-33.99984333" lon="-140.00028979"><ele>29.800</ele><time>2026-08-20T15:47:06Z</time><speed>0.000</speed><sat>16</sat></trkpt>
  <trkpt lat="-33.99984500" lon="-140.00028387"><ele>29.700</ele><time>2026-08-20T15:47:07Z</time><speed>0.000</speed><sat>17</sat></trkpt>
  <trkpt lat="-33.99984667" lon="-140.00028269"><ele>29.700</ele><time>2026-08-20T15:47:08Z</time><speed>0.000</speed><sat>20</sat></trkpt>
  <trkpt lat="-33.99984500" lon="-140.00027678"><ele>29.600</ele><time>2026-08-20T15:47:09Z</time><speed>0.000</speed><sat>21</sat></trkpt>
  <trkpt lat="-33.99984500" lon="-140.00027204"><ele>29.500</ele><time>2026-08-20T15:47:10Z</time><speed>0.000</speed><sat>21</sat></trkpt>
  <trkpt lat="-33.99984000" lon="-140.00026613"><ele>29.400</ele><time>2026-08-20T15:47:11Z</time><speed>0.000</speed><sat>23</sat></trkpt>
  <trkpt lat="-33.99983667" lon="-140.00026731"><ele>29.300</ele><time>2026-08-20T15:47:12Z</time><speed>0.000</speed><sat>22</sat></trkpt>
  <trkpt lat="-33.99982833" lon="-140.00027796"><ele>29.400</ele><time>2026-08-20T15:47:13Z</time><speed>0.000</speed><sat>23</sat></trkpt>
  <trkpt lat="-33.99982500" lon="-140.00027914"><ele>29.400</ele><time>2026-08-20T15:47:14Z</time><speed>0.000</speed><sat>24</sat></trkpt>
  <trkpt lat="-33.99982333" lon="-140.00028387"><ele>29.400</ele><time>2026-08-20T15:47:15Z</time><speed>0.000</speed><sat>24</sat></trkpt>
  <trkpt lat="-33.99982167" lon="-140.00028624"><ele>29.400</ele><time>2026-08-20T15:47:16Z</time><speed>0.000</speed><sat>25</sat></trkpt>
  <trkpt lat="-33.99981833" lon="-140.00028979"><ele>29.400</ele><time>2026-08-20T15:47:17Z</time><speed>0.000</speed><sat>24</sat></trkpt>
  <trkpt lat="-33.99981833" lon="-140.00029688"><ele>29.500</ele><time>2026-08-20T15:47:18Z</time><speed>0.000</speed><sat>22</sat></trkpt>
  <trkpt lat="-33.99981833" lon="-140.00029688"><ele>29.500</ele><time>2026-08-20T15:47:19Z</time><speed>0.000</speed><sat>23</sat></trkpt>
  <trkpt lat="-33.99981833" lon="-140.00029688"><ele>29.500</ele><time>2026-08-20T15:47:20Z</time><speed>0.000</speed><sat>25</sat></trkpt>
  <trkpt lat="-33.99981833" lon="-140.00029688"><ele>29.500</ele><time>2026-08-20T15:47:21Z</time><speed>0.000</speed><sat>25</sat></trkpt>
  <trkpt lat="-33.99981833" lon="-140.00029688"><ele>29.500</ele><time>2026-08-20T15:47:22Z</time><speed>0.000</speed><sat>25</sat></trkpt>
  <trkpt lat="-33.99981833" lon="-140.00029688"><ele>29.500</ele><time>2026-08-20T15:47:23Z</time><speed>0.000</speed><sat>24</sat></trkpt>
  <trkpt lat="-33.99981833" lon="-140.00029688"><ele>29.500</ele><time>2026-08-20T15:47:24Z</time><speed>0.000</speed><sat>23</sat></trkpt>
  <trkpt lat="-33.99981833" lon="-140.00029688"><ele>29.500</ele><time>2026-08-20T15:47:25Z</time><speed>0.000</speed><sat>26</sat></trkpt>
  <trkpt lat="-33.99981833" lon="-140.00029688"><ele>29.500</ele><time>2026-08-20T15:47:26Z</time><speed>0.000</speed><sat>26</sat></trkpt>
  <trkpt lat="-33.99981833" lon="-140.00029688"><ele>29.500</ele><time>2026-08-20T15:47:27Z</time><speed>0.000</speed><sat>25</sat></trkpt>
  <trkpt lat="-33.99981833" lon="-140.00029688"><ele>29.500</ele><time>2026-08-20T15:47:28Z</time><speed>0.000</speed><sat>25</sat></trkpt>
  <trkpt lat="-33.99981833" lon="-140.00029688"><ele>29.500</ele><time>2026-08-20T15:47:29Z</time><speed>0.000</speed><sat>25</sat></trkpt>
  <trkpt lat="-33.99981833" lon="-140.00029688"><ele>29.500</ele><time>2026-08-20T15:47:30Z</time><speed>0.000</speed><sat>25</sat></trkpt>
  <trkpt lat="-33.99981833" lon="-140.00029688"><ele>29.500</ele><time>2026-08-20T15:47:31Z</time><speed>0.000</speed><sat>26</sat></trkpt>
  <trkpt lat="-33.99981833" lon="-140.00029688"><ele>29.500</ele><time>2026-08-20T15:47:32Z</time><speed>0.000</speed><sat>26</sat></trkpt>
  <trkpt lat="-33.99981833" lon="-140.00029688"><ele>29.500</ele><time>2026-08-20T15:47:33Z</time><speed>0.000</speed><sat>24</sat></trkpt>
  <trkpt lat="-33.99981833" lon="-140.00029688"><ele>29.500</ele><time>2026-08-20T15:47:34Z</time><speed>0.000</speed><sat>24</sat></trkpt>
  <trkpt lat="-33.99981833" lon="-140.00029688"><ele>29.500</ele><time>2026-08-20T15:47:35Z</time><speed>0.000</speed><sat>25</sat></trkpt>
  <trkpt lat="-33.99981833" lon="-140.00029688"><ele>29.500</ele><time>2026-08-20T15:47:36Z</time><speed>0.000</speed><sat>24</sat></trkpt>
  <trkpt lat="-33.99981833" lon="-140.00029688"><ele>29.500</ele><time>2026-08-20T15:47:37Z</time><speed>0.000</speed><sat>24</sat></trkpt>
  <trkpt lat="-33.99981833" lon="-140.00029688"><ele>29.500</ele><time>2026-08-20T15:47:38Z</time><speed>0.000</speed><sat>23</sat></trkpt>
  <trkpt lat="-33.99981833" lon="-140.00029688"><ele>29.500</ele><time>2026-08-20T15:47:39Z</time><speed>0.000</speed><sat>24</sat></trkpt>
  <trkpt lat="-33.99981833" lon="-140.00029688"><ele>29.500</ele><time>2026-08-20T15:47:40Z</time><speed>0.000</speed><sat>24</sat></trkpt>
  <trkpt lat="-33.99981833" lon="-140.00029688"><ele>29.500</ele><time>2026-08-20T15:47:41Z</time><speed>0.000</speed><sat>24</sat></trkpt>
  <trkpt lat="-33.99981833" lon="-140.00029688"><ele>29.500</ele><time>2026-08-20T15:47:42Z</time><speed>0.000</speed><sat>24</sat></trkpt>
  <trkpt lat="-33.99981833" lon="-140.00029688"><ele>29.500</ele><time>2026-08-20T15:47:43Z</time><speed>0.000</speed><sat>24</sat></trkpt>
  <trkpt lat="-33.99981833" lon="-140.00029688"><ele>29.500</ele><time>2026-08-20T15:47:44Z</time><speed>0.000</speed><sat>25</sat></trkpt>
  <trkpt lat="-33.99981833" lon="-140.00029688"><ele>29.500</ele><time>2026-08-20T15:47:45Z</time><speed>0.000</speed><sat>25</sat></trkpt>
  <trkpt lat="-33.99981833" lon="-140.00029688"><ele>29.500</ele><time>2026-08-20T15:47:46Z</time><speed>0.000</speed><sat>25</sat></trkpt>
  <trkpt lat="-33.99981833" lon="-140.00029688"><ele>29.500</ele><time>2026-08-20T15:47:47Z</time><speed>0.000</speed><sat>24</sat></trkpt>
  <trkpt lat="-33.99981833" lon="-140.00029688"><ele>29.500</ele><time>2026-08-20T15:47:48Z</time><speed>0.000</speed><sat>23</sat></trkpt>
  <trkpt lat="-33.99981833" lon="-140.00029688"><ele>29.500</ele><time>2026-08-20T15:47:49Z</time><speed>0.000</speed><sat>25</sat></trkpt>
  <trkpt lat="-33.99981833" lon="-140.00029688"><ele>29.500</ele><time>2026-08-20T15:47:50Z</time><speed>0.000</speed><sat>25</sat></trkpt>
  <trkpt lat="-33.99982833" lon="-140.00032645"><ele>31.600</ele><time>2026-08-20T15:47:51Z</time><speed>0.000</speed><sat>25</sat></trkpt>
  <trkpt lat="-33.99983500" lon="-140.00033118"><ele>32.400</ele><time>2026-08-20T15:47:52Z</time><speed>0.450</speed><sat>25</sat></trkpt>
  <trkpt lat="-33.99983167" lon="-140.00033000"><ele>33.200</ele><time>2026-08-20T15:47:53Z</time><speed>0.614</speed><sat>24</sat></trkpt>
  <trkpt lat="-33.99983333" lon="-140.00028387"><ele>33.200</ele><time>2026-08-20T15:47:54Z</time><speed>0.711</speed><sat>25</sat></trkpt>
  <trkpt lat="-33.99983167" lon="-140.00026495"><ele>33.500</ele><time>2026-08-20T15:47:55Z</time><speed>0.818</speed><sat>25</sat></trkpt>
  <trkpt lat="-33.99983333" lon="-140.00024957"><ele>33.200</ele><time>2026-08-20T15:47:56Z</time><speed>0.805</speed><sat>24</sat></trkpt>
  <trkpt lat="-33.99983167" lon="-140.00025194"><ele>33.300</ele><time>2026-08-20T15:47:57Z</time><speed>0.818</speed><sat>25</sat></trkpt>
  <trkpt lat="-33.99982833" lon="-140.00025549"><ele>33.200</ele><time>2026-08-20T15:47:58Z</time><speed>0.000</speed><sat>24</sat></trkpt>
  <trkpt lat="-33.99982833" lon="-140.00025549"><ele>33.100</ele><time>2026-08-20T15:47:59Z</time><speed>0.000</speed><sat>24</sat></trkpt>
  <trkpt lat="-33.99982667" lon="-140.00025903"><ele>33.100</ele><time>2026-08-20T15:48:00Z</time><speed>0.000</speed><sat>25</sat></trkpt>
  <trkpt lat="-33.99982667" lon="-140.00026495"><ele>32.800</ele><time>2026-08-20T15:48:01Z</time><speed>0.000</speed><sat>25</sat></trkpt>
  <trkpt lat="-33.99982667" lon="-140.00026968"><ele>32.900</ele><time>2026-08-20T15:48:02Z</time><speed>0.000</speed><sat>24</sat></trkpt>
  <trkpt lat="-33.99983000" lon="-140.00028033"><ele>33.000</ele><time>2026-08-20T15:48:03Z</time><speed>0.000</speed><sat>23</sat></trkpt>
  <trkpt lat="-33.99983000" lon="-140.00028624"><ele>32.800</ele><time>2026-08-20T15:48:04Z</time><speed>0.000</speed><sat>24</sat></trkpt>
  <trkpt lat="-33.99983000" lon="-140.00028742"><ele>32.700</ele><time>2026-08-20T15:48:05Z</time><speed>0.000</speed><sat>25</sat></trkpt>
  <trkpt lat="-33.99984000" lon="-140.00029097"><ele>32.600</ele><time>2026-08-20T15:48:06Z</time><speed>0.000</speed><sat>25</sat></trkpt>
  <trkpt lat="-33.99983833" lon="-140.00029925"><ele>31.800</ele><time>2026-08-20T15:48:07Z</time><speed>0.000</speed><sat>25</sat></trkpt>
  <trkpt lat="-33.99983833" lon="-140.00029925"><ele>31.800</ele><time>2026-08-20T15:48:08Z</time><speed>0.000</speed><sat>25</sat></trkpt>
  <trkpt lat="-33.99983833" lon="-140.00029925"><ele>31.800</ele><time>2026-08-20T15:48:09Z</time><speed>0.000</speed><sat>25</sat></trkpt>
  <trkpt lat="-33.99983833" lon="-140.00029925"><ele>31.800</ele><time>2026-08-20T15:48:10Z</time><speed>0.000</speed><sat>24</sat></trkpt>
  <trkpt lat="-33.99983833" lon="-140.00029925"><ele>31.800</ele><time>2026-08-20T15:48:11Z</time><speed>0.000</speed><sat>26</sat></trkpt>
  <trkpt lat="-33.99983833" lon="-140.00029925"><ele>31.800</ele><time>2026-08-20T15:48:12Z</time><speed>0.000</speed><sat>26</sat></trkpt>
  <trkpt lat="-33.99983833" lon="-140.00029925"><ele>31.800</ele><time>2026-08-20T15:48:13Z</time><speed>0.000</speed><sat>26</sat></trkpt>
  <trkpt lat="-33.99983833" lon="-140.00029925"><ele>31.800</ele><time>2026-08-20T15:48:14Z</time><speed>0.000</speed><sat>27</sat></trkpt>
  <trkpt lat="-33.99983833" lon="-140.00029925"><ele>31.800</ele><time>2026-08-20T15:48:15Z</time><speed>0.000</speed><sat>27</sat></trkpt>
  <trkpt lat="-33.99983833" lon="-140.00029925"><ele>31.800</ele><time>2026-08-20T15:48:16Z</time><speed>0.000</speed><sat>27</sat></trkpt>
  <trkpt lat="-33.99983833" lon="-140.00029925"><ele>31.800</ele><time>2026-08-20T15:48:17Z</time><speed>0.000</speed><sat>26</sat></trkpt>
  <trkpt lat="-33.99983833" lon="-140.00029925"><ele>31.800</ele><time>2026-08-20T15:48:18Z</time><speed>0.000</speed><sat>27</sat></trkpt>
  <trkpt lat="-33.99983833" lon="-140.00029925"><ele>31.800</ele><time>2026-08-20T15:48:19Z</time><speed>0.000</speed><sat>27</sat></trkpt>
  <trkpt lat="-33.99983833" lon="-140.00029925"><ele>31.800</ele><time>2026-08-20T15:48:20Z</time><speed>0.000</speed><sat>27</sat></trkpt>
  <trkpt lat="-33.99983833" lon="-140.00029925"><ele>31.800</ele><time>2026-08-20T15:48:21Z</time><speed>0.000</speed><sat>27</sat></trkpt>
  <trkpt lat="-33.99983833" lon="-140.00029925"><ele>31.800</ele><time>2026-08-20T15:48:22Z</time><speed>0.000</speed><sat>27</sat></trkpt>
  <trkpt lat="-33.99983833" lon="-140.00029925"><ele>31.800</ele><time>2026-08-20T15:48:23Z</time><speed>0.000</speed><sat>26</sat></trkpt>
  <trkpt lat="-33.99983833" lon="-140.00029925"><ele>31.800</ele><time>2026-08-20T15:48:24Z</time><speed>0.000</speed><sat>28</sat></trkpt>
  <trkpt lat="-33.99983833" lon="-140.00029925"><ele>31.800</ele><time>2026-08-20T15:48:25Z</time><speed>0.000</speed><sat>28</sat></trkpt>
  <trkpt lat="-33.99983833" lon="-140.00029925"><ele>31.800</ele><time>2026-08-20T15:48:26Z</time><speed>0.000</speed><sat>26</sat></trkpt>
  <trkpt lat="-33.99983833" lon="-140.00029925"><ele>31.800</ele><time>2026-08-20T15:48:27Z</time><speed>0.000</speed><sat>27</sat></trkpt>
  <trkpt lat="-33.99983833" lon="-140.00029925"><ele>31.800</ele><time>2026-08-20T15:48:28Z</time><speed>0.000</speed><sat>28</sat></trkpt>
  <trkpt lat="-33.99983833" lon="-140.00029925"><ele>31.800</ele><time>2026-08-20T15:48:29Z</time><speed>0.000</speed><sat>28</sat></trkpt>
  <trkpt lat="-33.99983833" lon="-140.00029925"><ele>31.800</ele><time>2026-08-20T15:48:30Z</time><speed>0.000</speed><sat>29</sat></trkpt>
  <trkpt lat="-33.99983833" lon="-140.00029925"><ele>31.800</ele><time>2026-08-20T15:48:31Z</time><speed>0.000</speed><sat>28</sat></trkpt>
  <trkpt lat="-33.99983833" lon="-140.00029925"><ele>31.800</ele><time>2026-08-20T15:48:32Z</time><speed>0.000</speed><sat>26</sat></trkpt>
  <trkpt lat="-33.99983833" lon="-140.00029925"><ele>31.800</ele><time>2026-08-20T15:48:33Z</time><speed>0.000</speed><sat>27</sat></trkpt>
  <trkpt lat="-33.99983833" lon="-140.00029925"><ele>31.800</ele><time>2026-08-20T15:48:34Z</time><speed>0.000</speed><sat>27</sat></trkpt>
  <trkpt lat="-33.99983833" lon="-140.00035366"><ele>35.100</ele><time>2026-08-20T15:48:35Z</time><speed>0.000</speed><sat>26</sat></trkpt>
  <trkpt lat="-33.99983500" lon="-140.00036430"><ele>35.200</ele><time>2026-08-20T15:48:36Z</time><speed>0.000</speed><sat>26</sat></trkpt>
  <trkpt lat="-33.99982167" lon="-140.00035011"><ele>37.100</ele><time>2026-08-20T15:48:37Z</time><speed>0.000</speed><sat>25</sat></trkpt>
  <trkpt lat="-33.99981167" lon="-140.00034892"><ele>39.000</ele><time>2026-08-20T15:48:38Z</time><speed>0.518</speed><sat>22</sat></trkpt>
  <trkpt lat="-33.99980833" lon="-140.00034301"><ele>39.800</ele><time>2026-08-20T15:48:39Z</time><speed>0.550</speed><sat>21</sat></trkpt>
  <trkpt lat="-33.99982500" lon="-140.00033118"><ele>41.400</ele><time>2026-08-20T15:48:40Z</time><speed>0.585</speed><sat>21</sat></trkpt>
  <trkpt lat="-33.99984167" lon="-140.00033710"><ele>42.600</ele><time>2026-08-20T15:48:41Z</time><speed>0.630</speed><sat>22</sat></trkpt>
  <trkpt lat="-33.99984000" lon="-140.00032408"><ele>42.400</ele><time>2026-08-20T15:48:42Z</time><speed>0.638</speed><sat>23</sat></trkpt>
  <trkpt lat="-33.99984333" lon="-140.00031581"><ele>43.100</ele><time>2026-08-20T15:48:43Z</time><speed>0.653</speed><sat>23</sat></trkpt>
  <trkpt lat="-33.99983833" lon="-140.00031108"><ele>43.400</ele><time>2026-08-20T15:48:44Z</time><speed>0.626</speed><sat>21</sat></trkpt>
  <trkpt lat="-33.99984000" lon="-140.00030516"><ele>43.600</ele><time>2026-08-20T15:48:45Z</time><speed>0.000</speed><sat>23</sat></trkpt>
  <trkpt lat="-33.99985000" lon="-140.00030162"><ele>44.400</ele><time>2026-08-20T15:48:46Z</time><speed>0.649</speed><sat>26</sat></trkpt>
  <trkpt lat="-33.99985000" lon="-140.00029807"><ele>44.400</ele><time>2026-08-20T15:48:47Z</time><speed>0.000</speed><sat>25</sat></trkpt>
  <trkpt lat="-33.99984833" lon="-140.00029333"><ele>44.100</ele><time>2026-08-20T15:48:48Z</time><speed>0.000</speed><sat>24</sat></trkpt>
  <trkpt lat="-33.99984833" lon="-140.00029333"><ele>44.000</ele><time>2026-08-20T15:48:49Z</time><speed>0.682</speed><sat>23</sat></trkpt>
  <trkpt lat="-33.99985167" lon="-140.00029452"><ele>44.300</ele><time>2026-08-20T15:48:50Z</time><speed>0.703</speed><sat>25</sat></trkpt>
  <trkpt lat="-33.99985500" lon="-140.00029688"><ele>44.600</ele><time>2026-08-20T15:48:51Z</time><speed>0.677</speed><sat>25</sat></trkpt>
  <trkpt lat="-33.99985333" lon="-140.00029333"><ele>44.400</ele><time>2026-08-20T15:48:52Z</time><speed>0.616</speed><sat>25</sat></trkpt>
  <trkpt lat="-33.99985667" lon="-140.00029570"><ele>44.200</ele><time>2026-08-20T15:48:53Z</time><speed>0.600</speed><sat>25</sat></trkpt>
  <trkpt lat="-33.99985833" lon="-140.00029215"><ele>44.000</ele><time>2026-08-20T15:48:54Z</time><speed>0.000</speed><sat>25</sat></trkpt>
  <trkpt lat="-33.99985667" lon="-140.00029097"><ele>44.000</ele><time>2026-08-20T15:48:55Z</time><speed>0.000</speed><sat>25</sat></trkpt>
  <trkpt lat="-33.99985500" lon="-140.00028860"><ele>43.900</ele><time>2026-08-20T15:48:56Z</time><speed>0.000</speed><sat>25</sat></trkpt>
  <trkpt lat="-33.99984833" lon="-140.00028860"><ele>43.600</ele><time>2026-08-20T15:48:57Z</time><speed>0.434</speed><sat>25</sat></trkpt>
  <trkpt lat="-33.99984500" lon="-140.00028979"><ele>43.500</ele><time>2026-08-20T15:48:58Z</time><speed>0.000</speed><sat>25</sat></trkpt>
  <trkpt lat="-33.99984167" lon="-140.00028979"><ele>43.300</ele><time>2026-08-20T15:48:59Z</time><speed>0.000</speed><sat>25</sat></trkpt>
  <trkpt lat="-33.99984000" lon="-140.00028742"><ele>43.200</ele><time>2026-08-20T15:49:00Z</time><speed>0.000</speed><sat>25</sat></trkpt>
  <trkpt lat="-33.99984000" lon="-140.00028742"><ele>43.200</ele><time>2026-08-20T15:49:01Z</time><speed>0.000</speed><sat>26</sat></trkpt>
  <trkpt lat="-33.99984000" lon="-140.00028742"><ele>43.200</ele><time>2026-08-20T15:49:02Z</time><speed>0.000</speed><sat>25</sat></trkpt>
  <trkpt lat="-33.99984000" lon="-140.00028742"><ele>43.200</ele><time>2026-08-20T15:49:03Z</time><speed>0.000</speed><sat>25</sat></trkpt>
  <trkpt lat="-33.99984000" lon="-140.00028742"><ele>43.200</ele><time>2026-08-20T15:49:04Z</time><speed>0.000</speed><sat>27</sat></trkpt>
  <trkpt lat="-33.99984000" lon="-140.00028742"><ele>43.200</ele><time>2026-08-20T15:49:05Z</time><speed>0.000</speed><sat>27</sat></trkpt>
  <trkpt lat="-33.99984000" lon="-140.00028742"><ele>43.200</ele><time>2026-08-20T15:49:06Z</time><speed>0.000</speed><sat>27</sat></trkpt>
  <trkpt lat="-33.99984000" lon="-140.00028742"><ele>43.200</ele><time>2026-08-20T15:49:07Z</time><speed>0.000</speed><sat>27</sat></trkpt>
  <trkpt lat="-33.99984000" lon="-140.00028742"><ele>43.200</ele><time>2026-08-20T15:49:08Z</time><speed>0.000</speed><sat>26</sat></trkpt>
  <trkpt lat="-33.99984000" lon="-140.00028742"><ele>43.200</ele><time>2026-08-20T15:49:09Z</time><speed>0.000</speed><sat>27</sat></trkpt>
  <trkpt lat="-33.99984000" lon="-140.00028742"><ele>43.200</ele><time>2026-08-20T15:49:10Z</time><speed>0.000</speed><sat>27</sat></trkpt>
  <trkpt lat="-33.99984000" lon="-140.00028742"><ele>43.200</ele><time>2026-08-20T15:49:11Z</time><speed>0.000</speed><sat>26</sat></trkpt>
  <trkpt lat="-33.99984000" lon="-140.00028742"><ele>43.200</ele><time>2026-08-20T15:49:12Z</time><speed>0.000</speed><sat>26</sat></trkpt>
  <trkpt lat="-33.99984000" lon="-140.00028742"><ele>43.200</ele><time>2026-08-20T15:49:13Z</time><speed>0.000</speed><sat>27</sat></trkpt>
  <trkpt lat="-33.99984000" lon="-140.00028742"><ele>43.200</ele><time>2026-08-20T15:49:14Z</time><speed>0.000</speed><sat>26</sat></trkpt>
  <trkpt lat="-33.99984000" lon="-140.00028742"><ele>43.200</ele><time>2026-08-20T15:49:15Z</time><speed>0.000</speed><sat>26</sat></trkpt>
  <trkpt lat="-33.99984000" lon="-140.00028742"><ele>43.200</ele><time>2026-08-20T15:49:16Z</time><speed>0.000</speed><sat>27</sat></trkpt>
  <trkpt lat="-33.99984000" lon="-140.00028742"><ele>43.200</ele><time>2026-08-20T15:49:17Z</time><speed>0.000</speed><sat>26</sat></trkpt>
  <trkpt lat="-33.99984000" lon="-140.00028742"><ele>43.200</ele><time>2026-08-20T15:49:18Z</time><speed>0.000</speed><sat>26</sat></trkpt>
  <trkpt lat="-33.99984167" lon="-140.00028505"><ele>39.000</ele><time>2026-08-20T15:49:19Z</time><speed>0.237</speed><sat>26</sat></trkpt>
  <trkpt lat="-33.99984167" lon="-140.00028624"><ele>38.800</ele><time>2026-08-20T15:49:20Z</time><speed>0.000</speed><sat>26</sat></trkpt>
  <trkpt lat="-33.99984167" lon="-140.00028742"><ele>39.100</ele><time>2026-08-20T15:49:21Z</time><speed>0.000</speed><sat>24</sat></trkpt>
  <trkpt lat="-33.99984500" lon="-140.00028979"><ele>38.900</ele><time>2026-08-20T15:49:22Z</time><speed>0.000</speed><sat>24</sat></trkpt>
  <trkpt lat="-33.99984500" lon="-140.00028979"><ele>38.900</ele><time>2026-08-20T15:49:23Z</time><speed>0.000</speed><sat>26</sat></trkpt>
  <trkpt lat="-33.99984500" lon="-140.00028979"><ele>38.900</ele><time>2026-08-20T15:49:24Z</time><speed>0.000</speed><sat>26</sat></trkpt>
  <trkpt lat="-33.99984500" lon="-140.00028979"><ele>38.900</ele><time>2026-08-20T15:49:25Z</time><speed>0.000</speed><sat>27</sat></trkpt>
  <trkpt lat="-33.99984500" lon="-140.00028979"><ele>38.900</ele><time>2026-08-20T15:49:26Z</time><speed>0.000</speed><sat>27</sat></trkpt>
  <trkpt lat="-33.99984500" lon="-140.00028979"><ele>38.900</ele><time>2026-08-20T15:49:27Z</time><speed>0.000</speed><sat>26</sat></trkpt>
  <trkpt lat="-33.99984500" lon="-140.00028979"><ele>38.900</ele><time>2026-08-20T15:49:28Z</time><speed>0.000</speed><sat>26</sat></trkpt>
  <trkpt lat="-33.99984500" lon="-140.00028979"><ele>38.900</ele><time>2026-08-20T15:49:29Z</time><speed>0.000</speed><sat>24</sat></trkpt>
  <trkpt lat="-33.99984500" lon="-140.00028979"><ele>38.900</ele><time>2026-08-20T15:49:30Z</time><speed>0.000</speed><sat>24</sat></trkpt>
  <trkpt lat="-33.99984500" lon="-140.00028979"><ele>38.900</ele><time>2026-08-20T15:49:31Z</time><speed>0.000</speed><sat>25</sat></trkpt>
  <trkpt lat="-33.99984500" lon="-140.00028979"><ele>38.900</ele><time>2026-08-20T15:49:32Z</time><speed>0.000</speed><sat>25</sat></trkpt>
  <trkpt lat="-33.99984500" lon="-140.00028979"><ele>38.900</ele><time>2026-08-20T15:49:33Z</time><speed>0.000</speed><sat>25</sat></trkpt>
  <trkpt lat="-33.99984500" lon="-140.00028979"><ele>38.900</ele><time>2026-08-20T15:49:34Z</time><speed>0.000</speed><sat>25</sat></trkpt>
  <trkpt lat="-33.99984500" lon="-140.00028979"><ele>38.900</ele><time>2026-08-20T15:49:35Z</time><speed>0.000</speed><sat>26</sat></trkpt>
  <trkpt lat="-33.99984500" lon="-140.00028979"><ele>38.900</ele><time>2026-08-20T15:49:36Z</time><speed>0.000</speed><sat>26</sat></trkpt>
  <trkpt lat="-33.99984500" lon="-140.00028979"><ele>38.900</ele><time>2026-08-20T15:49:37Z</time><speed>0.000</speed><sat>26</sat></trkpt>
  <trkpt lat="-33.99984500" lon="-140.00028979"><ele>38.900</ele><time>2026-08-20T15:49:38Z</time><speed>0.000</speed><sat>26</sat></trkpt>
  <trkpt lat="-33.99984500" lon="-140.00028979"><ele>38.900</ele><time>2026-08-20T15:49:39Z</time><speed>0.000</speed><sat>27</sat></trkpt>
  <trkpt lat="-33.99984500" lon="-140.00028979"><ele>38.900</ele><time>2026-08-20T15:49:40Z</time><speed>0.000</speed><sat>27</sat></trkpt>
  <trkpt lat="-33.99984500" lon="-140.00028979"><ele>38.900</ele><time>2026-08-20T15:49:41Z</time><speed>0.000</speed><sat>27</sat></trkpt>
  <trkpt lat="-33.99984500" lon="-140.00028979"><ele>38.900</ele><time>2026-08-20T15:49:42Z</time><speed>0.000</speed><sat>27</sat></trkpt>
  <trkpt lat="-33.99984500" lon="-140.00028979"><ele>38.900</ele><time>2026-08-20T15:49:43Z</time><speed>0.000</speed><sat>28</sat></trkpt>
  <trkpt lat="-33.99984500" lon="-140.00028979"><ele>38.900</ele><time>2026-08-20T15:49:44Z</time><speed>0.000</speed><sat>27</sat></trkpt>
  <trkpt lat="-33.99984500" lon="-140.00028979"><ele>38.900</ele><time>2026-08-20T15:49:45Z</time><speed>0.000</speed><sat>27</sat></trkpt>
  <trkpt lat="-33.99984500" lon="-140.00028979"><ele>38.900</ele><time>2026-08-20T15:49:46Z</time><speed>0.000</speed><sat>28</sat></trkpt>
  <trkpt lat="-33.99984500" lon="-140.00028979"><ele>38.900</ele><time>2026-08-20T15:49:47Z</time><speed>0.000</speed><sat>27</sat></trkpt>
  <trkpt lat="-33.99984500" lon="-140.00028979"><ele>38.900</ele><time>2026-08-20T15:49:48Z</time><speed>0.000</speed><sat>25</sat></trkpt>
  <trkpt lat="-33.99984500" lon="-140.00028979"><ele>38.900</ele><time>2026-08-20T15:49:49Z</time><speed>0.000</speed><sat>26</sat></trkpt>
  <trkpt lat="-33.99984500" lon="-140.00028979"><ele>38.900</ele><time>2026-08-20T15:49:50Z</time><speed>0.000</speed><sat>28</sat></trkpt>
  <trkpt lat="-33.99984500" lon="-140.00028979"><ele>38.900</ele><time>2026-08-20T15:49:51Z</time><speed>0.000</speed><sat>28</sat></trkpt>
  <trkpt lat="-33.99984500" lon="-140.00028979"><ele>38.900</ele><time>2026-08-20T15:49:52Z</time><speed>0.000</speed><sat>28</sat></trkpt>
  <trkpt lat="-33.99984500" lon="-140.00028979"><ele>38.900</ele><time>2026-08-20T15:49:53Z</time><speed>0.000</speed><sat>28</sat></trkpt>
  <trkpt lat="-33.99984500" lon="-140.00028979"><ele>38.900</ele><time>2026-08-20T15:49:54Z</time><speed>0.000</speed><sat>28</sat></trkpt>
  <trkpt lat="-33.99984500" lon="-140.00028979"><ele>38.900</ele><time>2026-08-20T15:49:55Z</time><speed>0.000</speed><sat>28</sat></trkpt>
  <trkpt lat="-33.99984500" lon="-140.00028979"><ele>38.900</ele><time>2026-08-20T15:49:56Z</time><speed>0.000</speed><sat>27</sat></trkpt>
  <trkpt lat="-33.99984500" lon="-140.00028979"><ele>38.900</ele><time>2026-08-20T15:49:57Z</time><speed>0.000</speed><sat>27</sat></trkpt>
  <trkpt lat="-33.99984500" lon="-140.00028979"><ele>38.900</ele><time>2026-08-20T15:49:58Z</time><speed>0.000</speed><sat>27</sat></trkpt>
  <trkpt lat="-33.99984500" lon="-140.00028979"><ele>38.900</ele><time>2026-08-20T15:49:59Z</time><speed>0.000</speed><sat>27</sat></trkpt>
  <trkpt lat="-33.99984500" lon="-140.00028979"><ele>38.900</ele><time>2026-08-20T15:50:00Z</time><speed>0.000</speed><sat>28</sat></trkpt>
  <trkpt lat="-33.99984500" lon="-140.00028979"><ele>38.900</ele><time>2026-08-20T15:50:01Z</time><speed>0.000</speed><sat>27</sat></trkpt>
  <trkpt lat="-33.99984500" lon="-140.00028979"><ele>38.900</ele><time>2026-08-20T15:50:02Z</time><speed>0.000</speed><sat>27</sat></trkpt>
  <trkpt lat="-33.99984500" lon="-140.00028979"><ele>38.900</ele><time>2026-08-20T15:50:03Z</time><speed>0.000</speed><sat>27</sat></trkpt>
  <trkpt lat="-33.99984500" lon="-140.00028979"><ele>38.900</ele><time>2026-08-20T15:50:04Z</time><speed>0.000</speed><sat>27</sat></trkpt>
  <trkpt lat="-33.99984500" lon="-140.00028979"><ele>38.900</ele><time>2026-08-20T15:50:05Z</time><speed>0.000</speed><sat>28</sat></trkpt>
  <trkpt lat="-33.99984500" lon="-140.00028979"><ele>38.900</ele><time>2026-08-20T15:50:06Z</time><speed>0.000</speed><sat>28</sat></trkpt>
  <trkpt lat="-33.99984500" lon="-140.00028979"><ele>38.900</ele><time>2026-08-20T15:50:07Z</time><speed>0.000</speed><sat>30</sat></trkpt>
  <trkpt lat="-33.99984500" lon="-140.00028979"><ele>38.900</ele><time>2026-08-20T15:50:08Z</time><speed>0.000</speed><sat>30</sat></trkpt>
  <trkpt lat="-33.99984500" lon="-140.00028979"><ele>38.900</ele><time>2026-08-20T15:50:09Z</time><speed>0.000</speed><sat>30</sat></trkpt>
  <trkpt lat="-33.99984500" lon="-140.00028979"><ele>38.900</ele><time>2026-08-20T15:50:10Z</time><speed>0.000</speed><sat>31</sat></trkpt>
  <trkpt lat="-33.99984500" lon="-140.00028979"><ele>38.900</ele><time>2026-08-20T15:50:11Z</time><speed>0.000</speed><sat>30</sat></trkpt>
  <trkpt lat="-33.99984500" lon="-140.00028979"><ele>38.900</ele><time>2026-08-20T15:50:12Z</time><speed>0.000</speed><sat>31</sat></trkpt>
  <trkpt lat="-33.99984333" lon="-140.00030279"><ele>35.900</ele><time>2026-08-20T15:50:13Z</time><speed>0.249</speed><sat>32</sat></trkpt>
  <trkpt lat="-33.99983333" lon="-140.00030989"><ele>35.500</ele><time>2026-08-20T15:50:14Z</time><speed>0.305</speed><sat>30</sat></trkpt>
  <trkpt lat="-33.99983500" lon="-140.00031226"><ele>35.300</ele><time>2026-08-20T15:50:15Z</time><speed>0.000</speed><sat>30</sat></trkpt>
  <trkpt lat="-33.99983667" lon="-140.00031462"><ele>35.100</ele><time>2026-08-20T15:50:16Z</time><speed>0.000</speed><sat>31</sat></trkpt>
  <trkpt lat="-33.99983667" lon="-140.00031344"><ele>34.900</ele><time>2026-08-20T15:50:17Z</time><speed>0.000</speed><sat>32</sat></trkpt>
  <trkpt lat="-33.99983667" lon="-140.00031344"><ele>34.900</ele><time>2026-08-20T15:50:18Z</time><speed>0.000</speed><sat>33</sat></trkpt>
  <trkpt lat="-33.99983667" lon="-140.00031344"><ele>34.900</ele><time>2026-08-20T15:50:19Z</time><speed>0.000</speed><sat>32</sat></trkpt>
  <trkpt lat="-33.99983667" lon="-140.00031344"><ele>34.900</ele><time>2026-08-20T15:50:20Z</time><speed>0.000</speed><sat>31</sat></trkpt>
  <trkpt lat="-33.99983667" lon="-140.00031344"><ele>34.900</ele><time>2026-08-20T15:50:21Z</time><speed>0.000</speed><sat>31</sat></trkpt>
  <trkpt lat="-33.99983667" lon="-140.00031344"><ele>34.900</ele><time>2026-08-20T15:50:22Z</time><speed>0.000</speed><sat>32</sat></trkpt>
  <trkpt lat="-33.99983667" lon="-140.00031344"><ele>34.900</ele><time>2026-08-20T15:50:23Z</time><speed>0.000</speed><sat>31</sat></trkpt>
  <trkpt lat="-33.99983667" lon="-140.00031344"><ele>34.900</ele><time>2026-08-20T15:50:24Z</time><speed>0.000</speed><sat>31</sat></trkpt>
  <trkpt lat="-33.99983667" lon="-140.00031344"><ele>34.900</ele><time>2026-08-20T15:50:25Z</time><speed>0.000</speed><sat>31</sat></trkpt>
  <trkpt lat="-33.99983667" lon="-140.00031344"><ele>34.900</ele><time>2026-08-20T15:50:26Z</time><speed>0.000</speed><sat>30</sat></trkpt>
  <trkpt lat="-33.99983667" lon="-140.00031344"><ele>34.900</ele><time>2026-08-20T15:50:27Z</time><speed>0.000</speed><sat>32</sat></trkpt>
  <trkpt lat="-33.99983667" lon="-140.00031344"><ele>34.900</ele><time>2026-08-20T15:50:28Z</time><speed>0.000</speed><sat>32</sat></trkpt>
  <trkpt lat="-33.99983667" lon="-140.00031344"><ele>34.900</ele><time>2026-08-20T15:50:29Z</time><speed>0.000</speed><sat>30</sat></trkpt>
  <trkpt lat="-33.99983667" lon="-140.00031344"><ele>34.900</ele><time>2026-08-20T15:50:30Z</time><speed>0.000</speed><sat>28</sat></trkpt>
  <trkpt lat="-33.99983667" lon="-140.00031344"><ele>34.900</ele><time>2026-08-20T15:50:31Z</time><speed>0.000</speed><sat>29</sat></trkpt>
  <trkpt lat="-33.99983667" lon="-140.00031344"><ele>34.900</ele><time>2026-08-20T15:50:32Z</time><speed>0.000</speed><sat>30</sat></trkpt>
  <trkpt lat="-33.99983667" lon="-140.00031344"><ele>34.900</ele><time>2026-08-20T15:50:33Z</time><speed>0.000</speed><sat>30</sat></trkpt>
  <trkpt lat="-33.99983667" lon="-140.00031344"><ele>34.900</ele><time>2026-08-20T15:50:34Z</time><speed>0.000</speed><sat>31</sat></trkpt>
  <trkpt lat="-33.99983667" lon="-140.00031344"><ele>34.900</ele><time>2026-08-20T15:50:35Z</time><speed>0.000</speed><sat>31</sat></trkpt>
  <trkpt lat="-33.99983667" lon="-140.00031344"><ele>34.900</ele><time>2026-08-20T15:50:36Z</time><speed>0.000</speed><sat>31</sat></trkpt>
  <trkpt lat="-33.99981667" lon="-140.00028860"><ele>33.600</ele><time>2026-08-20T15:50:37Z</time><speed>0.264</speed><sat>31</sat></trkpt>
  <trkpt lat="-33.99981000" lon="-140.00028860"><ele>33.700</ele><time>2026-08-20T15:50:38Z</time><speed>0.000</speed><sat>31</sat></trkpt>
  <trkpt lat="-33.99980500" lon="-140.00028742"><ele>33.800</ele><time>2026-08-20T15:50:39Z</time><speed>0.000</speed><sat>25</sat></trkpt>
  <trkpt lat="-33.99980167" lon="-140.00028033"><ele>33.800</ele><time>2026-08-20T15:50:40Z</time><speed>0.447</speed><sat>28</sat></trkpt>
  <trkpt lat="-33.99979833" lon="-140.00028033"><ele>33.900</ele><time>2026-08-20T15:50:41Z</time><speed>0.000</speed><sat>27</sat></trkpt>
  <trkpt lat="-33.99979833" lon="-140.00027914"><ele>34.200</ele><time>2026-08-20T15:50:42Z</time><speed>0.000</speed><sat>28</sat></trkpt>
  <trkpt lat="-33.99980167" lon="-140.00028269"><ele>34.300</ele><time>2026-08-20T15:50:43Z</time><speed>0.000</speed><sat>25</sat></trkpt>
  <trkpt lat="-33.99979833" lon="-140.00029452"><ele>34.400</ele><time>2026-08-20T15:50:44Z</time><speed>0.590</speed><sat>26</sat></trkpt>
  <trkpt lat="-33.99981833" lon="-140.00029097"><ele>34.500</ele><time>2026-08-20T15:50:45Z</time><speed>0.654</speed><sat>30</sat></trkpt>
  <trkpt lat="-33.99983833" lon="-140.00026258"><ele>34.500</ele><time>2026-08-20T15:50:46Z</time><speed>0.780</speed><sat>30</sat></trkpt>
  <trkpt lat="-33.99986500" lon="-140.00020581"><ele>34.800</ele><time>2026-08-20T15:50:47Z</time><speed>1.097</speed><sat>32</sat></trkpt>
  <trkpt lat="-33.99988000" lon="-140.00015021"><ele>34.100</ele><time>2026-08-20T15:50:48Z</time><speed>1.378</speed><sat>32</sat></trkpt>
  <trkpt lat="-33.99989167" lon="-140.00012065"><ele>33.300</ele><time>2026-08-20T15:50:49Z</time><speed>1.575</speed><sat>32</sat></trkpt>
  <trkpt lat="-33.99989000" lon="-140.00012537"><ele>32.600</ele><time>2026-08-20T15:50:50Z</time><speed>1.636</speed><sat>31</sat></trkpt>
  <trkpt lat="-33.99988667" lon="-140.00014549"><ele>31.800</ele><time>2026-08-20T15:50:51Z</time><speed>1.738</speed><sat>31</sat></trkpt>
  <trkpt lat="-33.99988667" lon="-140.00017860"><ele>31.000</ele><time>2026-08-20T15:50:52Z</time><speed>1.929</speed><sat>31</sat></trkpt>
  <trkpt lat="-33.99987833" lon="-140.00022000"><ele>30.600</ele><time>2026-08-20T15:50:53Z</time><speed>2.166</speed><sat>30</sat></trkpt>
  <trkpt lat="-33.99986000" lon="-140.00024366"><ele>30.200</ele><time>2026-08-20T15:50:54Z</time><speed>2.300</speed><sat>28</sat></trkpt>
  <trkpt lat="-33.99984667" lon="-140.00025430"><ele>29.700</ele><time>2026-08-20T15:50:55Z</time><speed>2.394</speed><sat>28</sat></trkpt>
  <trkpt lat="-33.99983167" lon="-140.00025430"><ele>29.000</ele><time>2026-08-20T15:50:56Z</time><speed>2.382</speed><sat>24</sat></trkpt>
  <trkpt lat="-33.99981833" lon="-140.00023892"><ele>28.100</ele><time>2026-08-20T15:50:57Z</time><speed>2.093</speed><sat>24</sat></trkpt>
  <trkpt lat="-33.99980833" lon="-140.00023656"><ele>27.300</ele><time>2026-08-20T15:50:58Z</time><speed>1.794</speed><sat>25</sat></trkpt>
  <trkpt lat="-33.99980167" lon="-140.00023656"><ele>26.400</ele><time>2026-08-20T15:50:59Z</time><speed>1.558</speed><sat>26</sat></trkpt>
  <trkpt lat="-33.99979833" lon="-140.00023656"><ele>25.500</ele><time>2026-08-20T15:51:00Z</time><speed>1.475</speed><sat>26</sat></trkpt>
  <trkpt lat="-33.99979333" lon="-140.00023537"><ele>25.200</ele><time>2026-08-20T15:51:01Z</time><speed>1.343</speed><sat>28</sat></trkpt>
  <trkpt lat="-33.99979000" lon="-140.00023656"><ele>24.800</ele><time>2026-08-20T15:51:02Z</time><speed>1.143</speed><sat>27</sat></trkpt>
  <trkpt lat="-33.99978833" lon="-140.00023537"><ele>24.600</ele><time>2026-08-20T15:51:03Z</time><speed>0.850</speed><sat>27</sat></trkpt>
  <trkpt lat="-33.99979167" lon="-140.00023537"><ele>24.400</ele><time>2026-08-20T15:51:04Z</time><speed>0.685</speed><sat>27</sat></trkpt>
  <trkpt lat="-33.99979167" lon="-140.00023892"><ele>23.800</ele><time>2026-08-20T15:51:05Z</time><speed>0.538</speed><sat>26</sat></trkpt>
  <trkpt lat="-33.99979167" lon="-140.00023774"><ele>23.300</ele><time>2026-08-20T15:51:06Z</time><speed>0.000</speed><sat>27</sat></trkpt>
  <trkpt lat="-33.99979000" lon="-140.00023537"><ele>22.900</ele><time>2026-08-20T15:51:07Z</time><speed>0.000</speed><sat>27</sat></trkpt>
  <trkpt lat="-33.99978833" lon="-140.00023774"><ele>22.700</ele><time>2026-08-20T15:51:08Z</time><speed>0.000</speed><sat>28</sat></trkpt>
  <trkpt lat="-33.99979000" lon="-140.00024247"><ele>22.700</ele><time>2026-08-20T15:51:09Z</time><speed>0.000</speed><sat>25</sat></trkpt>
  <trkpt lat="-33.99979000" lon="-140.00024247"><ele>22.700</ele><time>2026-08-20T15:51:10Z</time><speed>0.000</speed><sat>23</sat></trkpt>
  <trkpt lat="-33.99979000" lon="-140.00024247"><ele>22.700</ele><time>2026-08-20T15:51:11Z</time><speed>0.000</speed><sat>23</sat></trkpt>
  <trkpt lat="-33.99979000" lon="-140.00024247"><ele>22.700</ele><time>2026-08-20T15:51:12Z</time><speed>0.000</speed><sat>25</sat></trkpt>
  <trkpt lat="-33.99979000" lon="-140.00024247"><ele>22.700</ele><time>2026-08-20T15:51:13Z</time><speed>0.000</speed><sat>25</sat></trkpt>
  <trkpt lat="-33.99979000" lon="-140.00024247"><ele>22.700</ele><time>2026-08-20T15:51:14Z</time><speed>0.000</speed><sat>25</sat></trkpt>
  <trkpt lat="-33.99979000" lon="-140.00024247"><ele>22.700</ele><time>2026-08-20T15:51:15Z</time><speed>0.000</speed><sat>25</sat></trkpt>
  <trkpt lat="-33.99979000" lon="-140.00024247"><ele>22.700</ele><time>2026-08-20T15:51:16Z</time><speed>0.000</speed><sat>24</sat></trkpt>
  <trkpt lat="-33.99979000" lon="-140.00024247"><ele>22.700</ele><time>2026-08-20T15:51:17Z</time><speed>0.000</speed><sat>22</sat></trkpt>
  <trkpt lat="-33.99979000" lon="-140.00024247"><ele>22.700</ele><time>2026-08-20T15:51:18Z</time><speed>0.000</speed><sat>22</sat></trkpt>
  <trkpt lat="-33.99979000" lon="-140.00024247"><ele>22.700</ele><time>2026-08-20T15:51:19Z</time><speed>0.000</speed><sat>23</sat></trkpt>
  <trkpt lat="-33.99979000" lon="-140.00024247"><ele>22.700</ele><time>2026-08-20T15:51:20Z</time><speed>0.000</speed><sat>23</sat></trkpt>
  <trkpt lat="-33.99979000" lon="-140.00024247"><ele>22.700</ele><time>2026-08-20T15:51:21Z</time><speed>0.000</speed><sat>24</sat></trkpt>
  <trkpt lat="-33.99979000" lon="-140.00024247"><ele>22.700</ele><time>2026-08-20T15:51:22Z</time><speed>0.000</speed><sat>21</sat></trkpt>
  <trkpt lat="-33.99979000" lon="-140.00024247"><ele>22.700</ele><time>2026-08-20T15:51:23Z</time><speed>0.000</speed><sat>22</sat></trkpt>
  <trkpt lat="-33.99979000" lon="-140.00024247"><ele>22.700</ele><time>2026-08-20T15:51:24Z</time><speed>0.000</speed><sat>22</sat></trkpt>
  <trkpt lat="-33.99979000" lon="-140.00024247"><ele>22.700</ele><time>2026-08-20T15:51:25Z</time><speed>0.000</speed><sat>20</sat></trkpt>
  <trkpt lat="-33.99979000" lon="-140.00024247"><ele>22.700</ele><time>2026-08-20T15:51:26Z</time><speed>0.000</speed><sat>19</sat></trkpt>
  <trkpt lat="-33.99979000" lon="-140.00024247"><ele>22.700</ele><time>2026-08-20T15:51:27Z</time><speed>0.000</speed><sat>20</sat></trkpt>
  <trkpt lat="-33.99979000" lon="-140.00024247"><ele>22.700</ele><time>2026-08-20T15:51:28Z</time><speed>0.000</speed><sat>21</sat></trkpt>
  <trkpt lat="-33.99979000" lon="-140.00024247"><ele>22.700</ele><time>2026-08-20T15:51:29Z</time><speed>0.000</speed><sat>21</sat></trkpt>
  <trkpt lat="-33.99979000" lon="-140.00024247"><ele>22.700</ele><time>2026-08-20T15:51:30Z</time><speed>0.000</speed><sat>21</sat></trkpt>
  <trkpt lat="-33.99979000" lon="-140.00024247"><ele>22.700</ele><time>2026-08-20T15:51:31Z</time><speed>0.000</speed><sat>20</sat></trkpt>
  <trkpt lat="-33.99979000" lon="-140.00024247"><ele>22.700</ele><time>2026-08-20T15:51:32Z</time><speed>0.000</speed><sat>20</sat></trkpt>
  <trkpt lat="-33.99979000" lon="-140.00024247"><ele>22.700</ele><time>2026-08-20T15:51:33Z</time><speed>0.000</speed><sat>19</sat></trkpt>
  <trkpt lat="-33.99979000" lon="-140.00024247"><ele>22.700</ele><time>2026-08-20T15:51:34Z</time><speed>0.000</speed><sat>20</sat></trkpt>
  <trkpt lat="-33.99979000" lon="-140.00024247"><ele>22.700</ele><time>2026-08-20T15:51:35Z</time><speed>0.000</speed><sat>20</sat></trkpt>
  <trkpt lat="-33.99979000" lon="-140.00024247"><ele>22.700</ele><time>2026-08-20T15:51:36Z</time><speed>0.000</speed><sat>21</sat></trkpt>
  <trkpt lat="-33.99979000" lon="-140.00024247"><ele>22.700</ele><time>2026-08-20T15:51:37Z</time><speed>0.000</speed><sat>21</sat></trkpt>
  <trkpt lat="-33.99979000" lon="-140.00024247"><ele>22.700</ele><time>2026-08-20T15:51:38Z</time><speed>0.000</speed><sat>21</sat></trkpt>
  <trkpt lat="-33.99979000" lon="-140.00024247"><ele>22.700</ele><time>2026-08-20T15:51:39Z</time><speed>0.000</speed><sat>21</sat></trkpt>
  <trkpt lat="-33.99979000" lon="-140.00024247"><ele>22.700</ele><time>2026-08-20T15:51:40Z</time><speed>0.000</speed><sat>20</sat></trkpt>
  <trkpt lat="-33.99979000" lon="-140.00024247"><ele>22.700</ele><time>2026-08-20T15:51:41Z</time><speed>0.000</speed><sat>21</sat></trkpt>
  <trkpt lat="-33.99979000" lon="-140.00024247"><ele>22.700</ele><time>2026-08-20T15:51:42Z</time><speed>0.000</speed><sat>21</sat></trkpt>
  <trkpt lat="-33.99979000" lon="-140.00024247"><ele>22.700</ele><time>2026-08-20T15:51:43Z</time><speed>0.000</speed><sat>21</sat></trkpt>
  <trkpt lat="-33.99979000" lon="-140.00024247"><ele>22.700</ele><time>2026-08-20T15:51:44Z</time><speed>0.000</speed><sat>19</sat></trkpt>
  <trkpt lat="-33.99979000" lon="-140.00024247"><ele>22.700</ele><time>2026-08-20T15:51:45Z</time><speed>0.000</speed><sat>20</sat></trkpt>
  <trkpt lat="-33.99979000" lon="-140.00024247"><ele>22.700</ele><time>2026-08-20T15:51:46Z</time><speed>0.000</speed><sat>20</sat></trkpt>
  <trkpt lat="-33.99979000" lon="-140.00024247"><ele>22.700</ele><time>2026-08-20T15:51:47Z</time><speed>0.000</speed><sat>21</sat></trkpt>
  <trkpt lat="-33.99979000" lon="-140.00024247"><ele>22.700</ele><time>2026-08-20T15:51:48Z</time><speed>0.000</speed><sat>20</sat></trkpt>
  <trkpt lat="-33.99979000" lon="-140.00024247"><ele>22.700</ele><time>2026-08-20T15:51:49Z</time><speed>0.000</speed><sat>20</sat></trkpt>
  <trkpt lat="-33.99979000" lon="-140.00024247"><ele>22.700</ele><time>2026-08-20T15:51:50Z</time><speed>0.000</speed><sat>21</sat></trkpt>
  <trkpt lat="-33.99979000" lon="-140.00024247"><ele>22.700</ele><time>2026-08-20T15:51:51Z</time><speed>0.000</speed><sat>21</sat></trkpt>
  <trkpt lat="-33.99979000" lon="-140.00024247"><ele>22.700</ele><time>2026-08-20T15:51:52Z</time><speed>0.000</speed><sat>21</sat></trkpt>
  <trkpt lat="-33.99979000" lon="-140.00024247"><ele>22.700</ele><time>2026-08-20T15:51:53Z</time><speed>0.000</speed><sat>21</sat></trkpt>
  <trkpt lat="-33.99979000" lon="-140.00024247"><ele>22.700</ele><time>2026-08-20T15:51:54Z</time><speed>0.000</speed><sat>21</sat></trkpt>
  <trkpt lat="-33.99979000" lon="-140.00024247"><ele>22.700</ele><time>2026-08-20T15:51:55Z</time><speed>0.000</speed><sat>22</sat></trkpt>
  <trkpt lat="-33.99979000" lon="-140.00024247"><ele>22.700</ele><time>2026-08-20T15:51:56Z</time><speed>0.000</speed><sat>22</sat></trkpt>
  <trkpt lat="-33.99977167" lon="-140.00026731"><ele>23.800</ele><time>2026-08-20T15:51:57Z</time><speed>0.220</speed><sat>23</sat></trkpt>
  <trkpt lat="-33.99977167" lon="-140.00028150"><ele>23.900</ele><time>2026-08-20T15:51:58Z</time><speed>0.259</speed><sat>24</sat></trkpt>
  <trkpt lat="-33.99978833" lon="-140.00028624"><ele>24.300</ele><time>2026-08-20T15:51:59Z</time><speed>0.320</speed><sat>26</sat></trkpt>
  <trkpt lat="-33.99980000" lon="-140.00028624"><ele>24.500</ele><time>2026-08-20T15:52:00Z</time><speed>0.360</speed><sat>27</sat></trkpt>
  <trkpt lat="-33.99980833" lon="-140.00029097"><ele>24.700</ele><time>2026-08-20T15:52:01Z</time><speed>0.391</speed><sat>26</sat></trkpt>
  <trkpt lat="-33.99981333" lon="-140.00029925"><ele>25.000</ele><time>2026-08-20T15:52:02Z</time><speed>0.000</speed><sat>26</sat></trkpt>
  <trkpt lat="-33.99981500" lon="-140.00029925"><ele>25.100</ele><time>2026-08-20T15:52:03Z</time><speed>0.000</speed><sat>27</sat></trkpt>
  <trkpt lat="-33.99981667" lon="-140.00030279"><ele>25.100</ele><time>2026-08-20T15:52:04Z</time><speed>0.406</speed><sat>28</sat></trkpt>
  <trkpt lat="-33.99981833" lon="-140.00030516"><ele>25.400</ele><time>2026-08-20T15:52:05Z</time><speed>0.000</speed><sat>29</sat></trkpt>
  <trkpt lat="-33.99982333" lon="-140.00030989"><ele>26.100</ele><time>2026-08-20T15:52:06Z</time><speed>0.000</speed><sat>30</sat></trkpt>
  <trkpt lat="-33.99983000" lon="-140.00030989"><ele>26.600</ele><time>2026-08-20T15:52:07Z</time><speed>0.000</speed><sat>30</sat></trkpt>
  <trkpt lat="-33.99983000" lon="-140.00030989"><ele>26.600</ele><time>2026-08-20T15:52:08Z</time><speed>0.000</speed><sat>30</sat></trkpt>
  <trkpt lat="-33.99984000" lon="-140.00030871"><ele>26.900</ele><time>2026-08-20T15:52:09Z</time><speed>0.000</speed><sat>26</sat></trkpt>
  <trkpt lat="-33.99984333" lon="-140.00030634"><ele>27.000</ele><time>2026-08-20T15:52:10Z</time><speed>0.000</speed><sat>24</sat></trkpt>
  <trkpt lat="-33.99984833" lon="-140.00030162"><ele>27.100</ele><time>2026-08-20T15:52:11Z</time><speed>0.000</speed><sat>20</sat></trkpt>
  <trkpt lat="-33.99985167" lon="-140.00029688"><ele>27.300</ele><time>2026-08-20T15:52:12Z</time><speed>0.000</speed><sat>22</sat></trkpt>
  <trkpt lat="-33.99984833" lon="-140.00030634"><ele>28.900</ele><time>2026-08-20T15:52:13Z</time><speed>0.000</speed><sat>23</sat></trkpt>
  <trkpt lat="-33.99984333" lon="-140.00031581"><ele>29.800</ele><time>2026-08-20T15:52:14Z</time><speed>0.000</speed><sat>23</sat></trkpt>
  <trkpt lat="-33.99983333" lon="-140.00030634"><ele>31.500</ele><time>2026-08-20T15:52:15Z</time><speed>0.000</speed><sat>23</sat></trkpt>
  <trkpt lat="-33.99983833" lon="-140.00030398"><ele>32.100</ele><time>2026-08-20T15:52:16Z</time><speed>0.499</speed><sat>26</sat></trkpt>
  <trkpt lat="-33.99984000" lon="-140.00030753"><ele>33.200</ele><time>2026-08-20T15:52:17Z</time><speed>0.514</speed><sat>26</sat></trkpt>
  <trkpt lat="-33.99984667" lon="-140.00028624"><ele>33.000</ele><time>2026-08-20T15:52:18Z</time><speed>0.527</speed><sat>28</sat></trkpt>
  <trkpt lat="-33.99985167" lon="-140.00026258"><ele>32.600</ele><time>2026-08-20T15:52:19Z</time><speed>0.646</speed><sat>28</sat></trkpt>
  <trkpt lat="-33.99985167" lon="-140.00023301"><ele>32.200</ele><time>2026-08-20T15:52:20Z</time><speed>0.770</speed><sat>29</sat></trkpt>
  <trkpt lat="-33.99984833" lon="-140.00021172"><ele>31.700</ele><time>2026-08-20T15:52:21Z</time><speed>0.844</speed><sat>30</sat></trkpt>
  <trkpt lat="-33.99985167" lon="-140.00019398"><ele>31.200</ele><time>2026-08-20T15:52:22Z</time><speed>0.943</speed><sat>30</sat></trkpt>
  <trkpt lat="-33.99985500" lon="-140.00017860"><ele>31.100</ele><time>2026-08-20T15:52:23Z</time><speed>0.962</speed><sat>30</sat></trkpt>
  <trkpt lat="-33.99985333" lon="-140.00017742"><ele>30.700</ele><time>2026-08-20T15:52:24Z</time><speed>0.972</speed><sat>30</sat></trkpt>
  <trkpt lat="-33.99985167" lon="-140.00016914"><ele>30.100</ele><time>2026-08-20T15:52:25Z</time><speed>1.028</speed><sat>31</sat></trkpt>
  <trkpt lat="-33.99985667" lon="-140.00015849"><ele>29.800</ele><time>2026-08-20T15:52:26Z</time><speed>1.088</speed><sat>31</sat></trkpt>
  <trkpt lat="-33.99986833" lon="-140.00014666"><ele>29.200</ele><time>2026-08-20T15:52:27Z</time><speed>1.144</speed><sat>30</sat></trkpt>
  <trkpt lat="-33.99987667" lon="-140.00013839"><ele>28.900</ele><time>2026-08-20T15:52:28Z</time><speed>1.107</speed><sat>31</sat></trkpt>
  <trkpt lat="-33.99988333" lon="-140.00013957"><ele>29.100</ele><time>2026-08-20T15:52:29Z</time><speed>0.955</speed><sat>33</sat></trkpt>
  <trkpt lat="-33.99988333" lon="-140.00013720"><ele>29.300</ele><time>2026-08-20T15:52:30Z</time><speed>0.803</speed><sat>33</sat></trkpt>
  <trkpt lat="-33.99988667" lon="-140.00013247"><ele>29.100</ele><time>2026-08-20T15:52:31Z</time><speed>0.720</speed><sat>33</sat></trkpt>
  <trkpt lat="-33.99988500" lon="-140.00013011"><ele>29.000</ele><time>2026-08-20T15:52:32Z</time><speed>0.606</speed><sat>32</sat></trkpt>
  <trkpt lat="-33.99988333" lon="-140.00012892"><ele>29.000</ele><time>2026-08-20T15:52:33Z</time><speed>0.522</speed><sat>31</sat></trkpt>
  <trkpt lat="-33.99988167" lon="-140.00012774"><ele>29.100</ele><time>2026-08-20T15:52:34Z</time><speed>0.440</speed><sat>33</sat></trkpt>
  <trkpt lat="-33.99988167" lon="-140.00012774"><ele>29.300</ele><time>2026-08-20T15:52:35Z</time><speed>0.000</speed><sat>33</sat></trkpt>
  <trkpt lat="-33.99988500" lon="-140.00012656"><ele>29.400</ele><time>2026-08-20T15:52:36Z</time><speed>0.000</speed><sat>32</sat></trkpt>
  <trkpt lat="-33.99988333" lon="-140.00012774"><ele>29.500</ele><time>2026-08-20T15:52:37Z</time><speed>0.000</speed><sat>32</sat></trkpt>
  <trkpt lat="-33.99988333" lon="-140.00012774"><ele>29.500</ele><time>2026-08-20T15:52:38Z</time><speed>0.000</speed><sat>33</sat></trkpt>
  <trkpt lat="-33.99988333" lon="-140.00012774"><ele>29.500</ele><time>2026-08-20T15:52:39Z</time><speed>0.000</speed><sat>33</sat></trkpt>
  <trkpt lat="-33.99988333" lon="-140.00012774"><ele>29.500</ele><time>2026-08-20T15:52:40Z</time><speed>0.000</speed><sat>33</sat></trkpt>
  <trkpt lat="-33.99988333" lon="-140.00012774"><ele>29.500</ele><time>2026-08-20T15:52:41Z</time><speed>0.000</speed><sat>33</sat></trkpt>
  <trkpt lat="-33.99988333" lon="-140.00012774"><ele>29.500</ele><time>2026-08-20T15:52:42Z</time><speed>0.000</speed><sat>32</sat></trkpt>
  <trkpt lat="-33.99988333" lon="-140.00012774"><ele>29.500</ele><time>2026-08-20T15:52:43Z</time><speed>0.000</speed><sat>33</sat></trkpt>
  <trkpt lat="-33.99991167" lon="-140.00009344"><ele>29.400</ele><time>2026-08-20T15:52:44Z</time><speed>0.222</speed><sat>34</sat></trkpt>
  <trkpt lat="-33.99991667" lon="-140.00009699"><ele>29.100</ele><time>2026-08-20T15:52:45Z</time><speed>0.273</speed><sat>34</sat></trkpt>
  <trkpt lat="-33.99991500" lon="-140.00010053"><ele>28.800</ele><time>2026-08-20T15:52:46Z</time><speed>0.325</speed><sat>33</sat></trkpt>
  <trkpt lat="-33.99990833" lon="-140.00009817"><ele>28.600</ele><time>2026-08-20T15:52:47Z</time><speed>0.000</speed><sat>33</sat></trkpt>
  <trkpt lat="-33.99990667" lon="-140.00009817"><ele>28.400</ele><time>2026-08-20T15:52:48Z</time><speed>0.000</speed><sat>33</sat></trkpt>
  <trkpt lat="-33.99990667" lon="-140.00009817"><ele>28.200</ele><time>2026-08-20T15:52:49Z</time><speed>0.000</speed><sat>33</sat></trkpt>
  <trkpt lat="-33.99990667" lon="-140.00009817"><ele>28.200</ele><time>2026-08-20T15:52:50Z</time><speed>0.000</speed><sat>33</sat></trkpt>
  <trkpt lat="-33.99990667" lon="-140.00009817"><ele>28.200</ele><time>2026-08-20T15:52:51Z</time><speed>0.000</speed><sat>34</sat></trkpt>
  <trkpt lat="-33.99990667" lon="-140.00009817"><ele>28.200</ele><time>2026-08-20T15:52:52Z</time><speed>0.000</speed><sat>33</sat></trkpt>
  <trkpt lat="-33.99990667" lon="-140.00009817"><ele>28.200</ele><time>2026-08-20T15:52:53Z</time><speed>0.000</speed><sat>33</sat></trkpt>
  <trkpt lat="-33.99990667" lon="-140.00009817"><ele>28.200</ele><time>2026-08-20T15:52:54Z</time><speed>0.000</speed><sat>33</sat></trkpt>
  <trkpt lat="-33.99990667" lon="-140.00009817"><ele>28.200</ele><time>2026-08-20T15:52:55Z</time><speed>0.000</speed><sat>33</sat></trkpt>
  <trkpt lat="-33.99990667" lon="-140.00009817"><ele>28.200</ele><time>2026-08-20T15:52:56Z</time><speed>0.000</speed><sat>34</sat></trkpt>
  <trkpt lat="-33.99990667" lon="-140.00009817"><ele>28.200</ele><time>2026-08-20T15:52:57Z</time><speed>0.000</speed><sat>34</sat></trkpt>
  <trkpt lat="-33.99990667" lon="-140.00009817"><ele>28.200</ele><time>2026-08-20T15:52:58Z</time><speed>0.000</speed><sat>35</sat></trkpt>
  <trkpt lat="-33.99990667" lon="-140.00009817"><ele>28.200</ele><time>2026-08-20T15:52:59Z</time><speed>0.000</speed><sat>35</sat></trkpt>
  <trkpt lat="-33.99989333" lon="-140.00007924"><ele>28.300</ele><time>2026-08-20T15:53:00Z</time><speed>0.284</speed><sat>34</sat></trkpt>
  <trkpt lat="-33.99989000" lon="-140.00008279"><ele>28.100</ele><time>2026-08-20T15:53:01Z</time><speed>0.316</speed><sat>34</sat></trkpt>
  <trkpt lat="-33.99988667" lon="-140.00007924"><ele>28.400</ele><time>2026-08-20T15:53:02Z</time><speed>0.353</speed><sat>34</sat></trkpt>
  <trkpt lat="-33.99988500" lon="-140.00007452"><ele>28.300</ele><time>2026-08-20T15:53:03Z</time><speed>0.000</speed><sat>36</sat></trkpt>
  <trkpt lat="-33.99988667" lon="-140.00006860"><ele>28.400</ele><time>2026-08-20T15:53:04Z</time><speed>0.000</speed><sat>36</sat></trkpt>
  <trkpt lat="-33.99988833" lon="-140.00006269"><ele>28.600</ele><time>2026-08-20T15:53:05Z</time><speed>0.000</speed><sat>32</sat></trkpt>
  <trkpt lat="-33.99988833" lon="-140.00006150"><ele>28.600</ele><time>2026-08-20T15:53:06Z</time><speed>0.000</speed><sat>22</sat></trkpt>
  <trkpt lat="-33.99990000" lon="-140.00004258"><ele>28.600</ele><time>2026-08-20T15:53:07Z</time><speed>0.604</speed><sat>25</sat></trkpt>
  <trkpt lat="-33.99989667" lon="-140.00003075"><ele>29.000</ele><time>2026-08-20T15:53:08Z</time><speed>0.780</speed><sat>29</sat></trkpt>
  <trkpt lat="-33.99989833" lon="-140.00000710"><ele>28.500</ele><time>2026-08-20T15:53:09Z</time><speed>0.871</speed><sat>29</sat></trkpt>
  <trkpt lat="-33.99990000" lon="-140.00000473"><ele>28.000</ele><time>2026-08-20T15:53:10Z</time><speed>0.902</speed><sat>29</sat></trkpt>
  <trkpt lat="-33.99990833" lon="-140.00001065"><ele>27.400</ele><time>2026-08-20T15:53:11Z</time><speed>0.893</speed><sat>29</sat></trkpt>
  <trkpt lat="-33.99991667" lon="-140.00001774"><ele>26.300</ele><time>2026-08-20T15:53:12Z</time><speed>0.000</speed><sat>30</sat></trkpt>
  <trkpt lat="-33.99991500" lon="-140.00003548"><ele>25.400</ele><time>2026-08-20T15:53:13Z</time><speed>0.873</speed><sat>30</sat></trkpt>
  <trkpt lat="-33.99990333" lon="-140.00004258"><ele>25.700</ele><time>2026-08-20T15:53:14Z</time><speed>0.896</speed><sat>30</sat></trkpt>
  <trkpt lat="-33.99989833" lon="-140.00005559"><ele>26.300</ele><time>2026-08-20T15:53:15Z</time><speed>0.949</speed><sat>29</sat></trkpt>
  <trkpt lat="-33.99989167" lon="-140.00006505"><ele>26.700</ele><time>2026-08-20T15:53:16Z</time><speed>0.793</speed><sat>30</sat></trkpt>
  <trkpt lat="-33.99988667" lon="-140.00007215"><ele>26.700</ele><time>2026-08-20T15:53:17Z</time><speed>0.828</speed><sat>32</sat></trkpt>
  <trkpt lat="-33.99988500" lon="-140.00006978"><ele>26.600</ele><time>2026-08-20T15:53:18Z</time><speed>0.645</speed><sat>32</sat></trkpt>
  <trkpt lat="-33.99988500" lon="-140.00006742"><ele>27.600</ele><time>2026-08-20T15:53:19Z</time><speed>0.495</speed><sat>31</sat></trkpt>
  <trkpt lat="-33.99988667" lon="-140.00006860"><ele>27.500</ele><time>2026-08-20T15:53:20Z</time><speed>0.425</speed><sat>32</sat></trkpt>
  <trkpt lat="-33.99989000" lon="-140.00006860"><ele>27.800</ele><time>2026-08-20T15:53:21Z</time><speed>0.430</speed><sat>32</sat></trkpt>
  <trkpt lat="-33.99989000" lon="-140.00006860"><ele>27.800</ele><time>2026-08-20T15:53:22Z</time><speed>0.431</speed><sat>31</sat></trkpt>
  <trkpt lat="-33.99988833" lon="-140.00006742"><ele>27.700</ele><time>2026-08-20T15:53:23Z</time><speed>0.430</speed><sat>32</sat></trkpt>
  <trkpt lat="-33.99989000" lon="-140.00006978"><ele>27.700</ele><time>2026-08-20T15:53:24Z</time><speed>0.406</speed><sat>33</sat></trkpt>
  <trkpt lat="-33.99989167" lon="-140.00006860"><ele>28.000</ele><time>2026-08-20T15:53:25Z</time><speed>0.000</speed><sat>31</sat></trkpt>
  <trkpt lat="-33.99989167" lon="-140.00007215"><ele>27.400</ele><time>2026-08-20T15:53:26Z</time><speed>0.000</speed><sat>33</sat></trkpt>
  <trkpt lat="-33.99988833" lon="-140.00007688"><ele>27.000</ele><time>2026-08-20T15:53:27Z</time><speed>0.000</speed><sat>34</sat></trkpt>
  <trkpt lat="-33.99988833" lon="-140.00007688"><ele>27.000</ele><time>2026-08-20T15:53:28Z</time><speed>0.000</speed><sat>33</sat></trkpt>
  <trkpt lat="-33.99988833" lon="-140.00007688"><ele>27.000</ele><time>2026-08-20T15:53:29Z</time><speed>0.000</speed><sat>32</sat></trkpt>
  <trkpt lat="-33.99988833" lon="-140.00007688"><ele>27.000</ele><time>2026-08-20T15:53:30Z</time><speed>0.000</speed><sat>32</sat></trkpt>
  <trkpt lat="-33.99988833" lon="-140.00007688"><ele>27.000</ele><time>2026-08-20T15:53:31Z</time><speed>0.000</speed><sat>32</sat></trkpt>
  <trkpt lat="-33.99988833" lon="-140.00007688"><ele>27.000</ele><time>2026-08-20T15:53:32Z</time><speed>0.000</speed><sat>28</sat></trkpt>
  <trkpt lat="-33.99988833" lon="-140.00007688"><ele>27.000</ele><time>2026-08-20T15:53:33Z</time><speed>0.000</speed><sat>30</sat></trkpt>
  <trkpt lat="-33.99988833" lon="-140.00007688"><ele>27.000</ele><time>2026-08-20T15:53:34Z</time><speed>0.000</speed><sat>31</sat></trkpt>
  <trkpt lat="-33.99988833" lon="-140.00007688"><ele>27.000</ele><time>2026-08-20T15:53:35Z</time><speed>0.000</speed><sat>31</sat></trkpt>
  <trkpt lat="-33.99988833" lon="-140.00007688"><ele>27.000</ele><time>2026-08-20T15:53:36Z</time><speed>0.000</speed><sat>30</sat></trkpt>
  <trkpt lat="-33.99988833" lon="-140.00007688"><ele>27.000</ele><time>2026-08-20T15:53:37Z</time><speed>0.000</speed><sat>31</sat></trkpt>
  <trkpt lat="-33.99988833" lon="-140.00007688"><ele>27.000</ele><time>2026-08-20T15:53:38Z</time><speed>0.000</speed><sat>31</sat></trkpt>
  <trkpt lat="-33.99988833" lon="-140.00007688"><ele>27.000</ele><time>2026-08-20T15:53:39Z</time><speed>0.000</speed><sat>32</sat></trkpt>
  <trkpt lat="-33.99988833" lon="-140.00007688"><ele>27.000</ele><time>2026-08-20T15:53:40Z</time><speed>0.000</speed><sat>32</sat></trkpt>
  <trkpt lat="-33.99988833" lon="-140.00007688"><ele>27.000</ele><time>2026-08-20T15:53:41Z</time><speed>0.000</speed><sat>32</sat></trkpt>
  <trkpt lat="-33.99988833" lon="-140.00007688"><ele>27.000</ele><time>2026-08-20T15:53:42Z</time><speed>0.000</speed><sat>31</sat></trkpt>
  <trkpt lat="-33.99988833" lon="-140.00007688"><ele>27.000</ele><time>2026-08-20T15:53:43Z</time><speed>0.000</speed><sat>31</sat></trkpt>
  <trkpt lat="-33.99988833" lon="-140.00007688"><ele>27.000</ele><time>2026-08-20T15:53:44Z</time><speed>0.000</speed><sat>31</sat></trkpt>
  <trkpt lat="-33.99988833" lon="-140.00007688"><ele>27.000</ele><time>2026-08-20T15:53:45Z</time><speed>0.000</speed><sat>32</sat></trkpt>
  <trkpt lat="-33.99988833" lon="-140.00007688"><ele>27.000</ele><time>2026-08-20T15:53:46Z</time><speed>0.000</speed><sat>33</sat></trkpt>
  <trkpt lat="-33.99988833" lon="-140.00007688"><ele>27.000</ele><time>2026-08-20T15:53:47Z</time><speed>0.000</speed><sat>33</sat></trkpt>
  <trkpt lat="-33.99988833" lon="-140.00007688"><ele>27.000</ele><time>2026-08-20T15:53:48Z</time><speed>0.000</speed><sat>32</sat></trkpt>
  <trkpt lat="-33.99988833" lon="-140.00007688"><ele>27.000</ele><time>2026-08-20T15:53:49Z</time><speed>0.000</speed><sat>31</sat></trkpt>
  <trkpt lat="-33.99988833" lon="-140.00007688"><ele>27.000</ele><time>2026-08-20T15:53:50Z</time><speed>0.000</speed><sat>33</sat></trkpt>
  <trkpt lat="-33.99988833" lon="-140.00007688"><ele>27.000</ele><time>2026-08-20T15:53:51Z</time><speed>0.000</speed><sat>33</sat></trkpt>
  <trkpt lat="-33.99988833" lon="-140.00007688"><ele>27.000</ele><time>2026-08-20T15:53:52Z</time><speed>0.000</speed><sat>33</sat></trkpt>
  <trkpt lat="-33.99988833" lon="-140.00007688"><ele>27.000</ele><time>2026-08-20T15:53:53Z</time><speed>0.000</speed><sat>32</sat></trkpt>
  <trkpt lat="-33.99988833" lon="-140.00007688"><ele>27.000</ele><time>2026-08-20T15:53:54Z</time><speed>0.000</speed><sat>34</sat></trkpt>
  <trkpt lat="-33.99988833" lon="-140.00007688"><ele>27.000</ele><time>2026-08-20T15:53:55Z</time><speed>0.000</speed><sat>33</sat></trkpt>
  <trkpt lat="-33.99988833" lon="-140.00007688"><ele>27.000</ele><time>2026-08-20T15:53:56Z</time><speed>0.000</speed><sat>33</sat></trkpt>
  <trkpt lat="-33.99988833" lon="-140.00007688"><ele>27.000</ele><time>2026-08-20T15:53:57Z</time><speed>0.000</speed><sat>33</sat></trkpt>
  <trkpt lat="-33.99988833" lon="-140.00007688"><ele>27.000</ele><time>2026-08-20T15:53:58Z</time><speed>0.000</speed><sat>33</sat></trkpt>
  <trkpt lat="-33.99988833" lon="-140.00007688"><ele>27.000</ele><time>2026-08-20T15:53:59Z</time><speed>0.000</speed><sat>32</sat></trkpt>
  <trkpt lat="-33.99988833" lon="-140.00007688"><ele>27.000</ele><time>2026-08-20T15:54:00Z</time><speed>0.000</speed><sat>33</sat></trkpt>
  <trkpt lat="-33.99988833" lon="-140.00007688"><ele>27.000</ele><time>2026-08-20T15:54:01Z</time><speed>0.000</speed><sat>32</sat></trkpt>
  <trkpt lat="-33.99988833" lon="-140.00007688"><ele>27.000</ele><time>2026-08-20T15:54:02Z</time><speed>0.000</speed><sat>30</sat></trkpt>
  <trkpt lat="-33.99988833" lon="-140.00007688"><ele>27.000</ele><time>2026-08-20T15:54:03Z</time><speed>0.000</speed><sat>28</sat></trkpt>
  <trkpt lat="-33.99991333" lon="-140.00004376"><ele>28.800</ele><time>2026-08-20T15:54:04Z</time><speed>0.205</speed><sat>29</sat></trkpt>
  <trkpt lat="-33.99989667" lon="-140.00004494"><ele>28.400</ele><time>2026-08-20T15:54:05Z</time><speed>0.000</speed><sat>29</sat></trkpt>
  <trkpt lat="-33.99989000" lon="-140.00005086"><ele>28.700</ele><time>2026-08-20T15:54:06Z</time><speed>0.000</speed><sat>27</sat></trkpt>
  <trkpt lat="-33.99989167" lon="-140.00006387"><ele>28.300</ele><time>2026-08-20T15:54:07Z</time><speed>0.379</speed><sat>27</sat></trkpt>
  <trkpt lat="-33.99989000" lon="-140.00007333"><ele>28.000</ele><time>2026-08-20T15:54:08Z</time><speed>0.436</speed><sat>28</sat></trkpt>
  <trkpt lat="-33.99989333" lon="-140.00006742"><ele>28.000</ele><time>2026-08-20T15:54:09Z</time><speed>0.457</speed><sat>30</sat></trkpt>
  <trkpt lat="-33.99989500" lon="-140.00006742"><ele>27.900</ele><time>2026-08-20T15:54:10Z</time><speed>0.473</speed><sat>30</sat></trkpt>
  <trkpt lat="-33.99989500" lon="-140.00006269"><ele>28.000</ele><time>2026-08-20T15:54:11Z</time><speed>0.490</speed><sat>29</sat></trkpt>
  <trkpt lat="-33.99989333" lon="-140.00006150"><ele>28.500</ele><time>2026-08-20T15:54:12Z</time><speed>0.501</speed><sat>30</sat></trkpt>
  <trkpt lat="-33.99988833" lon="-140.00005795"><ele>28.800</ele><time>2026-08-20T15:54:13Z</time><speed>0.462</speed><sat>29</sat></trkpt>
  <trkpt lat="-33.99988500" lon="-140.00006032"><ele>29.300</ele><time>2026-08-20T15:54:14Z</time><speed>0.421</speed><sat>30</sat></trkpt>
  <trkpt lat="-33.99988333" lon="-140.00005914"><ele>29.600</ele><time>2026-08-20T15:54:15Z</time><speed>0.000</speed><sat>31</sat></trkpt>
  <trkpt lat="-33.99988000" lon="-140.00005323"><ele>29.500</ele><time>2026-08-20T15:54:16Z</time><speed>0.000</speed><sat>30</sat></trkpt>
  <trkpt lat="-33.99988167" lon="-140.00005204"><ele>29.400</ele><time>2026-08-20T15:54:17Z</time><speed>0.000</speed><sat>30</sat></trkpt>
  <trkpt lat="-33.99988167" lon="-140.00005204"><ele>29.400</ele><time>2026-08-20T15:54:18Z</time><speed>0.000</speed><sat>33</sat></trkpt>
  <trkpt lat="-33.99988167" lon="-140.00005204"><ele>29.400</ele><time>2026-08-20T15:54:19Z</time><speed>0.000</speed><sat>33</sat></trkpt>
  <trkpt lat="-33.99988167" lon="-140.00005204"><ele>29.400</ele><time>2026-08-20T15:54:20Z</time><speed>0.000</speed><sat>32</sat></trkpt>
  <trkpt lat="-33.99988167" lon="-140.00005204"><ele>29.400</ele><time>2026-08-20T15:54:21Z</time><speed>0.000</speed><sat>34</sat></trkpt>
  <trkpt lat="-33.99988167" lon="-140.00005204"><ele>29.400</ele><time>2026-08-20T15:54:22Z</time><speed>0.000</speed><sat>34</sat></trkpt>
  <trkpt lat="-33.99988167" lon="-140.00005204"><ele>29.400</ele><time>2026-08-20T15:54:23Z</time><speed>0.000</speed><sat>33</sat></trkpt>
  <trkpt lat="-33.99988167" lon="-140.00005204"><ele>29.400</ele><time>2026-08-20T15:54:24Z</time><speed>0.000</speed><sat>34</sat></trkpt>
  <trkpt lat="-33.99988167" lon="-140.00005204"><ele>29.400</ele><time>2026-08-20T15:54:25Z</time><speed>0.000</speed><sat>34</sat></trkpt>
  <trkpt lat="-33.99988167" lon="-140.00005204"><ele>29.400</ele><time>2026-08-20T15:54:26Z</time><speed>0.000</speed><sat>34</sat></trkpt>
  <trkpt lat="-33.99988167" lon="-140.00005204"><ele>29.400</ele><time>2026-08-20T15:54:27Z</time><speed>0.000</speed><sat>34</sat></trkpt>
  <trkpt lat="-33.99988167" lon="-140.00005204"><ele>29.400</ele><time>2026-08-20T15:54:28Z</time><speed>0.000</speed><sat>34</sat></trkpt>
  <trkpt lat="-33.99988167" lon="-140.00005204"><ele>29.400</ele><time>2026-08-20T15:54:29Z</time><speed>0.000</speed><sat>34</sat></trkpt>
  <trkpt lat="-33.99993667" lon="-139.99999527"><ele>30.200</ele><time>2026-08-20T15:54:30Z</time><speed>0.310</speed><sat>33</sat></trkpt>
  <trkpt lat="-33.99994833" lon="-139.99998698"><ele>30.300</ele><time>2026-08-20T15:54:31Z</time><speed>0.414</speed><sat>33</sat></trkpt>
  <trkpt lat="-33.99996000" lon="-139.99997989"><ele>30.900</ele><time>2026-08-20T15:54:32Z</time><speed>0.526</speed><sat>34</sat></trkpt>
  <trkpt lat="-33.99997500" lon="-139.99996452"><ele>31.500</ele><time>2026-08-20T15:54:33Z</time><speed>0.528</speed><sat>34</sat></trkpt>
  <trkpt lat="-33.99998167" lon="-139.99996569"><ele>31.600</ele><time>2026-08-20T15:54:34Z</time><speed>0.565</speed><sat>34</sat></trkpt>
  <trkpt lat="-33.99998833" lon="-139.99996688"><ele>31.300</ele><time>2026-08-20T15:54:35Z</time><speed>0.611</speed><sat>34</sat></trkpt>
  <trkpt lat="-33.99999500" lon="-139.99996688"><ele>31.200</ele><time>2026-08-20T15:54:36Z</time><speed>0.662</speed><sat>33</sat></trkpt>
  <trkpt lat="-34.00000000" lon="-139.99996924"><ele>31.100</ele><time>2026-08-20T15:54:37Z</time><speed>0.711</speed><sat>34</sat></trkpt>
  <trkpt lat="-34.00000500" lon="-139.99997161"><ele>31.000</ele><time>2026-08-20T15:54:38Z</time><speed>0.000</speed><sat>32</sat></trkpt>
  <trkpt lat="-34.00001000" lon="-139.99997279"><ele>31.000</ele><time>2026-08-20T15:54:39Z</time><speed>0.000</speed><sat>29</sat></trkpt>
  <trkpt lat="-34.00002167" lon="-139.99997043"><ele>31.000</ele><time>2026-08-20T15:54:40Z</time><speed>0.726</speed><sat>30</sat></trkpt>
  <trkpt lat="-34.00003333" lon="-139.99996806"><ele>30.900</ele><time>2026-08-20T15:54:41Z</time><speed>0.000</speed><sat>29</sat></trkpt>
  <trkpt lat="-34.00004500" lon="-139.99996569"><ele>30.400</ele><time>2026-08-20T15:54:42Z</time><speed>0.599</speed><sat>28</sat></trkpt>
  <trkpt lat="-34.00006000" lon="-139.99997043"><ele>29.500</ele><time>2026-08-20T15:54:43Z</time><speed>0.646</speed><sat>28</sat></trkpt>
  <trkpt lat="-34.00006833" lon="-139.99996452"><ele>29.100</ele><time>2026-08-20T15:54:44Z</time><speed>0.598</speed><sat>30</sat></trkpt>
  <trkpt lat="-34.00007000" lon="-139.99995860"><ele>28.700</ele><time>2026-08-20T15:54:45Z</time><speed>0.563</speed><sat>31</sat></trkpt>
  <trkpt lat="-34.00007333" lon="-139.99995387"><ele>28.500</ele><time>2026-08-20T15:54:46Z</time><speed>0.535</speed><sat>32</sat></trkpt>
  <trkpt lat="-34.00007667" lon="-139.99995742"><ele>28.200</ele><time>2026-08-20T15:54:47Z</time><speed>0.585</speed><sat>30</sat></trkpt>
  <trkpt lat="-34.00008667" lon="-139.99995150"><ele>28.200</ele><time>2026-08-20T15:54:48Z</time><speed>0.633</speed><sat>31</sat></trkpt>
  <trkpt lat="-34.00009833" lon="-139.99994323"><ele>28.200</ele><time>2026-08-20T15:54:49Z</time><speed>0.681</speed><sat>32</sat></trkpt>
  <trkpt lat="-34.00011000" lon="-139.99993494"><ele>28.100</ele><time>2026-08-20T15:54:50Z</time><speed>0.721</speed><sat>33</sat></trkpt>
  <trkpt lat="-34.00012167" lon="-139.99992666"><ele>28.000</ele><time>2026-08-20T15:54:51Z</time><speed>0.753</speed><sat>33</sat></trkpt>
  <trkpt lat="-34.00014000" lon="-139.99991956"><ele>27.800</ele><time>2026-08-20T15:54:52Z</time><speed>0.795</speed><sat>33</sat></trkpt>
  <trkpt lat="-34.00015500" lon="-139.99991010"><ele>27.700</ele><time>2026-08-20T15:54:53Z</time><speed>0.808</speed><sat>33</sat></trkpt>
  <trkpt lat="-34.00017167" lon="-139.99990774"><ele>27.300</ele><time>2026-08-20T15:54:54Z</time><speed>0.921</speed><sat>32</sat></trkpt>
  <trkpt lat="-34.00018167" lon="-139.99990301"><ele>27.400</ele><time>2026-08-20T15:54:55Z</time><speed>0.000</speed><sat>32</sat></trkpt>
  <trkpt lat="-34.00019000" lon="-139.99989946"><ele>27.800</ele><time>2026-08-20T15:54:56Z</time><speed>1.095</speed><sat>33</sat></trkpt>
  <trkpt lat="-34.00020667" lon="-139.99989473"><ele>28.300</ele><time>2026-08-20T15:54:57Z</time><speed>1.048</speed><sat>32</sat></trkpt>
  <trkpt lat="-34.00020833" lon="-139.99989355"><ele>28.200</ele><time>2026-08-20T15:54:58Z</time><speed>0.997</speed><sat>32</sat></trkpt>
  <trkpt lat="-34.00020667" lon="-139.99989355"><ele>28.000</ele><time>2026-08-20T15:54:59Z</time><speed>0.931</speed><sat>31</sat></trkpt>
  <trkpt lat="-34.00021333" lon="-139.99988763"><ele>28.200</ele><time>2026-08-20T15:55:00Z</time><speed>0.856</speed><sat>32</sat></trkpt>
  <trkpt lat="-34.00022000" lon="-139.99988408"><ele>28.600</ele><time>2026-08-20T15:55:01Z</time><speed>0.774</speed><sat>31</sat></trkpt>
  <trkpt lat="-34.00023167" lon="-139.99987935"><ele>28.200</ele><time>2026-08-20T15:55:02Z</time><speed>0.716</speed><sat>31</sat></trkpt>
  <trkpt lat="-34.00024167" lon="-139.99987226"><ele>28.400</ele><time>2026-08-20T15:55:03Z</time><speed>0.657</speed><sat>31</sat></trkpt>
  <trkpt lat="-34.00025667" lon="-139.99987226"><ele>28.000</ele><time>2026-08-20T15:55:04Z</time><speed>0.566</speed><sat>31</sat></trkpt>
  <trkpt lat="-34.00026500" lon="-139.99986752"><ele>27.700</ele><time>2026-08-20T15:55:05Z</time><speed>0.000</speed><sat>31</sat></trkpt>
  <trkpt lat="-34.00027667" lon="-139.99986279"><ele>27.400</ele><time>2026-08-20T15:55:06Z</time><speed>0.440</speed><sat>30</sat></trkpt>
  <trkpt lat="-34.00028833" lon="-139.99985451"><ele>27.000</ele><time>2026-08-20T15:55:07Z</time><speed>0.442</speed><sat>30</sat></trkpt>
  <trkpt lat="-34.00030000" lon="-139.99985333"><ele>26.800</ele><time>2026-08-20T15:55:08Z</time><speed>0.454</speed><sat>31</sat></trkpt>
  <trkpt lat="-34.00030500" lon="-139.99985333"><ele>26.300</ele><time>2026-08-20T15:55:09Z</time><speed>0.454</speed><sat>30</sat></trkpt>
  <trkpt lat="-34.00031000" lon="-139.99985569"><ele>26.100</ele><time>2026-08-20T15:55:10Z</time><speed>0.000</speed><sat>31</sat></trkpt>
  <trkpt lat="-34.00031500" lon="-139.99985688"><ele>25.500</ele><time>2026-08-20T15:55:11Z</time><speed>0.000</speed><sat>28</sat></trkpt>
  <trkpt lat="-34.00032500" lon="-139.99985214"><ele>24.900</ele><time>2026-08-20T15:55:12Z</time><speed>0.469</speed><sat>29</sat></trkpt>
  <trkpt lat="-34.00033333" lon="-139.99984742"><ele>24.500</ele><time>2026-08-20T15:55:13Z</time><speed>0.000</speed><sat>31</sat></trkpt>
  <trkpt lat="-34.00034167" lon="-139.99984268"><ele>24.600</ele><time>2026-08-20T15:55:14Z</time><speed>0.510</speed><sat>30</sat></trkpt>
  <trkpt lat="-34.00035500" lon="-139.99983795"><ele>25.200</ele><time>2026-08-20T15:55:15Z</time><speed>0.511</speed><sat>30</sat></trkpt>
  <trkpt lat="-34.00036500" lon="-139.99982731"><ele>25.900</ele><time>2026-08-20T15:55:16Z</time><speed>0.526</speed><sat>30</sat></trkpt>
  <trkpt lat="-34.00036833" lon="-139.99982139"><ele>25.900</ele><time>2026-08-20T15:55:17Z</time><speed>0.535</speed><sat>30</sat></trkpt>
  <trkpt lat="-34.00038667" lon="-139.99981548"><ele>26.500</ele><time>2026-08-20T15:55:18Z</time><speed>0.580</speed><sat>31</sat></trkpt>
  <trkpt lat="-34.00040500" lon="-139.99980129"><ele>27.400</ele><time>2026-08-20T15:55:19Z</time><speed>0.684</speed><sat>31</sat></trkpt>
  <trkpt lat="-34.00042500" lon="-139.99979774"><ele>28.200</ele><time>2026-08-20T15:55:20Z</time><speed>0.797</speed><sat>31</sat></trkpt>
  <trkpt lat="-34.00044167" lon="-139.99979537"><ele>28.500</ele><time>2026-08-20T15:55:21Z</time><speed>0.883</speed><sat>33</sat></trkpt>
  <trkpt lat="-34.00046000" lon="-139.99979064"><ele>28.700</ele><time>2026-08-20T15:55:22Z</time><speed>0.967</speed><sat>33</sat></trkpt>
  <trkpt lat="-34.00047667" lon="-139.99978355"><ele>29.300</ele><time>2026-08-20T15:55:23Z</time><speed>0.939</speed><sat>34</sat></trkpt>
  <trkpt lat="-34.00049167" lon="-139.99978118"><ele>29.200</ele><time>2026-08-20T15:55:24Z</time><speed>0.942</speed><sat>35</sat></trkpt>
  <trkpt lat="-34.00049333" lon="-139.99979182"><ele>28.400</ele><time>2026-08-20T15:55:25Z</time><speed>0.993</speed><sat>36</sat></trkpt>
  <trkpt lat="-34.00049333" lon="-139.99979774"><ele>27.700</ele><time>2026-08-20T15:55:26Z</time><speed>0.000</speed><sat>36</sat></trkpt>
  <trkpt lat="-34.00049167" lon="-139.99980484"><ele>27.000</ele><time>2026-08-20T15:55:27Z</time><speed>0.000</speed><sat>34</sat></trkpt>
  <trkpt lat="-34.00050333" lon="-139.99979655"><ele>26.800</ele><time>2026-08-20T15:55:28Z</time><speed>1.018</speed><sat>34</sat></trkpt>
  <trkpt lat="-34.00051833" lon="-139.99979537"><ele>26.700</ele><time>2026-08-20T15:55:29Z</time><speed>0.951</speed><sat>32</sat></trkpt>
  <trkpt lat="-34.00052167" lon="-139.99979774"><ele>26.400</ele><time>2026-08-20T15:55:30Z</time><speed>0.812</speed><sat>31</sat></trkpt>
  <trkpt lat="-34.00052667" lon="-139.99980129"><ele>26.400</ele><time>2026-08-20T15:55:31Z</time><speed>0.703</speed><sat>33</sat></trkpt>
  <trkpt lat="-34.00054333" lon="-139.99979537"><ele>26.700</ele><time>2026-08-20T15:55:32Z</time><speed>0.637</speed><sat>34</sat></trkpt>
  <trkpt lat="-34.00055667" lon="-139.99978709"><ele>26.900</ele><time>2026-08-20T15:55:33Z</time><speed>0.645</speed><sat>36</sat></trkpt>
  <trkpt lat="-34.00056667" lon="-139.99978827"><ele>26.800</ele><time>2026-08-20T15:55:34Z</time><speed>0.605</speed><sat>38</sat></trkpt>
  <trkpt lat="-34.00057333" lon="-139.99978236"><ele>27.200</ele><time>2026-08-20T15:55:35Z</time><speed>0.527</speed><sat>38</sat></trkpt>
  <trkpt lat="-34.00058167" lon="-139.99978000"><ele>27.300</ele><time>2026-08-20T15:55:36Z</time><speed>0.480</speed><sat>38</sat></trkpt>
  <trkpt lat="-34.00058667" lon="-139.99977645"><ele>27.500</ele><time>2026-08-20T15:55:37Z</time><speed>0.000</speed><sat>36</sat></trkpt>
  <trkpt lat="-34.00060000" lon="-139.99977290"><ele>27.500</ele><time>2026-08-20T15:55:38Z</time><speed>0.000</speed><sat>37</sat></trkpt>
  <trkpt lat="-34.00061333" lon="-139.99976698"><ele>27.500</ele><time>2026-08-20T15:55:39Z</time><speed>0.418</speed><sat>37</sat></trkpt>
  <trkpt lat="-34.00062000" lon="-139.99975871"><ele>27.200</ele><time>2026-08-20T15:55:40Z</time><speed>0.500</speed><sat>36</sat></trkpt>
  <trkpt lat="-34.00063167" lon="-139.99975279"><ele>27.300</ele><time>2026-08-20T15:55:41Z</time><speed>0.000</speed><sat>37</sat></trkpt>
  <trkpt lat="-34.00063667" lon="-139.99974924"><ele>27.600</ele><time>2026-08-20T15:55:42Z</time><speed>0.531</speed><sat>36</sat></trkpt>
  <trkpt lat="-34.00064167" lon="-139.99974688"><ele>27.600</ele><time>2026-08-20T15:55:43Z</time><speed>0.537</speed><sat>36</sat></trkpt>
  <trkpt lat="-34.00064833" lon="-139.99974451"><ele>27.700</ele><time>2026-08-20T15:55:44Z</time><speed>0.549</speed><sat>35</sat></trkpt>
  <trkpt lat="-34.00066167" lon="-139.99973623"><ele>27.900</ele><time>2026-08-20T15:55:45Z</time><speed>0.574</speed><sat>36</sat></trkpt>
  <trkpt lat="-34.00067167" lon="-139.99972677"><ele>28.100</ele><time>2026-08-20T15:55:46Z</time><speed>0.590</speed><sat>37</sat></trkpt>
  <trkpt lat="-34.00068500" lon="-139.99971967"><ele>28.200</ele><time>2026-08-20T15:55:47Z</time><speed>0.618</speed><sat>36</sat></trkpt>
  <trkpt lat="-34.00069333" lon="-139.99971258"><ele>28.200</ele><time>2026-08-20T15:55:48Z</time><speed>0.588</speed><sat>39</sat></trkpt>
  <trkpt lat="-34.00071000" lon="-139.99970548"><ele>28.500</ele><time>2026-08-20T15:55:49Z</time><speed>0.552</speed><sat>38</sat></trkpt>
  <trkpt lat="-34.00072000" lon="-139.99969956"><ele>28.300</ele><time>2026-08-20T15:55:50Z</time><speed>0.522</speed><sat>36</sat></trkpt>
  <trkpt lat="-34.00073500" lon="-139.99968892"><ele>28.100</ele><time>2026-08-20T15:55:51Z</time><speed>0.513</speed><sat>38</sat></trkpt>
  <trkpt lat="-34.00074333" lon="-139.99968064"><ele>27.900</ele><time>2026-08-20T15:55:52Z</time><speed>0.532</speed><sat>36</sat></trkpt>
  <trkpt lat="-34.00075167" lon="-139.99966290"><ele>27.800</ele><time>2026-08-20T15:55:53Z</time><speed>0.676</speed><sat>36</sat></trkpt>
  <trkpt lat="-34.00075000" lon="-139.99963096"><ele>27.900</ele><time>2026-08-20T15:55:54Z</time><speed>0.759</speed><sat>36</sat></trkpt>
  <trkpt lat="-34.00075000" lon="-139.99961085"><ele>28.000</ele><time>2026-08-20T15:55:55Z</time><speed>0.783</speed><sat>36</sat></trkpt>
  <trkpt lat="-34.00075000" lon="-139.99959666"><ele>28.000</ele><time>2026-08-20T15:55:56Z</time><speed>0.798</speed><sat>36</sat></trkpt>
  <trkpt lat="-34.00075000" lon="-139.99958601"><ele>27.500</ele><time>2026-08-20T15:55:57Z</time><speed>0.813</speed><sat>36</sat></trkpt>
  <trkpt lat="-34.00074667" lon="-139.99956117"><ele>26.700</ele><time>2026-08-20T15:55:58Z</time><speed>0.808</speed><sat>35</sat></trkpt>
  <trkpt lat="-34.00073833" lon="-139.99954107"><ele>26.200</ele><time>2026-08-20T15:55:59Z</time><speed>0.800</speed><sat>35</sat></trkpt>
  <trkpt lat="-34.00073500" lon="-139.99952687"><ele>25.800</ele><time>2026-08-20T15:56:00Z</time><speed>0.836</speed><sat>35</sat></trkpt>
  <trkpt lat="-34.00073167" lon="-139.99951504"><ele>25.700</ele><time>2026-08-20T15:56:01Z</time><speed>0.862</speed><sat>35</sat></trkpt>
  <trkpt lat="-34.00073167" lon="-139.99949967"><ele>25.800</ele><time>2026-08-20T15:56:02Z</time><speed>0.891</speed><sat>36</sat></trkpt>
  <trkpt lat="-34.00072833" lon="-139.99948074"><ele>26.000</ele><time>2026-08-20T15:56:03Z</time><speed>0.807</speed><sat>36</sat></trkpt>
  <trkpt lat="-34.00072500" lon="-139.99946537"><ele>26.100</ele><time>2026-08-20T15:56:04Z</time><speed>0.777</speed><sat>36</sat></trkpt>
  <trkpt lat="-34.00071833" lon="-139.99945472"><ele>25.800</ele><time>2026-08-20T15:56:05Z</time><speed>0.812</speed><sat>35</sat></trkpt>
  <trkpt lat="-34.00071333" lon="-139.99944526"><ele>25.700</ele><time>2026-08-20T15:56:06Z</time><speed>0.856</speed><sat>35</sat></trkpt>
  <trkpt lat="-34.00070667" lon="-139.99943107"><ele>25.700</ele><time>2026-08-20T15:56:07Z</time><speed>0.882</speed><sat>36</sat></trkpt>
  <trkpt lat="-34.00070000" lon="-139.99941687"><ele>25.500</ele><time>2026-08-20T15:56:08Z</time><speed>0.941</speed><sat>35</sat></trkpt>
  <trkpt lat="-34.00069667" lon="-139.99940859"><ele>24.900</ele><time>2026-08-20T15:56:09Z</time><speed>0.986</speed><sat>36</sat></trkpt>
  <trkpt lat="-34.00069333" lon="-139.99939322"><ele>24.800</ele><time>2026-08-20T15:56:10Z</time><speed>1.013</speed><sat>35</sat></trkpt>
  <trkpt lat="-34.00068833" lon="-139.99938020"><ele>24.800</ele><time>2026-08-20T15:56:11Z</time><speed>1.050</speed><sat>36</sat></trkpt>
  <trkpt lat="-34.00067833" lon="-139.99935655"><ele>24.500</ele><time>2026-08-20T15:56:12Z</time><speed>1.096</speed><sat>35</sat></trkpt>
  <trkpt lat="-34.00067333" lon="-139.99934354"><ele>24.500</ele><time>2026-08-20T15:56:13Z</time><speed>1.089</speed><sat>34</sat></trkpt>
  <trkpt lat="-34.00067333" lon="-139.99933290"><ele>24.300</ele><time>2026-08-20T15:56:14Z</time><speed>1.058</speed><sat>34</sat></trkpt>
  <trkpt lat="-34.00067333" lon="-139.99932698"><ele>24.300</ele><time>2026-08-20T15:56:15Z</time><speed>0.989</speed><sat>35</sat></trkpt>
  <trkpt lat="-34.00066667" lon="-139.99932107"><ele>24.400</ele><time>2026-08-20T15:56:16Z</time><speed>0.936</speed><sat>37</sat></trkpt>
  <trkpt lat="-34.00066500" lon="-139.99931278"><ele>24.400</ele><time>2026-08-20T15:56:17Z</time><speed>0.890</speed><sat>36</sat></trkpt>
  <trkpt lat="-34.00066500" lon="-139.99929623"><ele>24.100</ele><time>2026-08-20T15:56:18Z</time><speed>0.852</speed><sat>36</sat></trkpt>
  <trkpt lat="-34.00066500" lon="-139.99928677"><ele>24.100</ele><time>2026-08-20T15:56:19Z</time><speed>0.000</speed><sat>35</sat></trkpt>
  <trkpt lat="-34.00066333" lon="-139.99927375"><ele>24.400</ele><time>2026-08-20T15:56:20Z</time><speed>0.000</speed><sat>33</sat></trkpt>
  <trkpt lat="-34.00065833" lon="-139.99926311"><ele>24.200</ele><time>2026-08-20T15:56:21Z</time><speed>0.765</speed><sat>28</sat></trkpt>
  <trkpt lat="-34.00065333" lon="-139.99923827"><ele>24.600</ele><time>2026-08-20T15:56:22Z</time><speed>0.684</speed><sat>29</sat></trkpt>
  <trkpt lat="-34.00066667" lon="-139.99923945"><ele>24.800</ele><time>2026-08-20T15:56:23Z</time><speed>0.808</speed><sat>30</sat></trkpt>
  <trkpt lat="-34.00068667" lon="-139.99923117"><ele>24.600</ele><time>2026-08-20T15:56:24Z</time><speed>1.051</speed><sat>30</sat></trkpt>
  <trkpt lat="-34.00071000" lon="-139.99921698"><ele>23.700</ele><time>2026-08-20T15:56:25Z</time><speed>1.275</speed><sat>31</sat></trkpt>
  <trkpt lat="-34.00073000" lon="-139.99921225"><ele>22.300</ele><time>2026-08-20T15:56:26Z</time><speed>1.424</speed><sat>29</sat></trkpt>
  <trkpt lat="-34.00072667" lon="-139.99919332"><ele>20.000</ele><time>2026-08-20T15:56:27Z</time><speed>1.501</speed><sat>28</sat></trkpt>
  <trkpt lat="-34.00072833" lon="-139.99917440"><ele>18.400</ele><time>2026-08-20T15:56:28Z</time><speed>1.547</speed><sat>29</sat></trkpt>
  <trkpt lat="-34.00071333" lon="-139.99915074"><ele>18.200</ele><time>2026-08-20T15:56:29Z</time><speed>1.572</speed><sat>31</sat></trkpt>
  <trkpt lat="-34.00069833" lon="-139.99913300"><ele>18.600</ele><time>2026-08-20T15:56:30Z</time><speed>1.594</speed><sat>32</sat></trkpt>
  <trkpt lat="-34.00068167" lon="-139.99911407"><ele>18.500</ele><time>2026-08-20T15:56:31Z</time><speed>1.731</speed><sat>33</sat></trkpt>
  <trkpt lat="-34.00066667" lon="-139.99908806"><ele>18.100</ele><time>2026-08-20T15:56:32Z</time><speed>1.886</speed><sat>34</sat></trkpt>
  <trkpt lat="-34.00065333" lon="-139.99907149"><ele>18.000</ele><time>2026-08-20T15:56:33Z</time><speed>1.773</speed><sat>33</sat></trkpt>
  <trkpt lat="-34.00064000" lon="-139.99906203"><ele>19.100</ele><time>2026-08-20T15:56:34Z</time><speed>1.541</speed><sat>33</sat></trkpt>
  <trkpt lat="-34.00063500" lon="-139.99905375"><ele>19.300</ele><time>2026-08-20T15:56:35Z</time><speed>1.354</speed><sat>35</sat></trkpt>
  <trkpt lat="-34.00063000" lon="-139.99904547"><ele>19.500</ele><time>2026-08-20T15:56:36Z</time><speed>1.212</speed><sat>35</sat></trkpt>
  <trkpt lat="-34.00063333" lon="-139.99903601"><ele>19.800</ele><time>2026-08-20T15:56:37Z</time><speed>1.130</speed><sat>36</sat></trkpt>
  <trkpt lat="-34.00063500" lon="-139.99902418"><ele>20.000</ele><time>2026-08-20T15:56:38Z</time><speed>1.094</speed><sat>35</sat></trkpt>
  <trkpt lat="-34.00063500" lon="-139.99901354"><ele>20.100</ele><time>2026-08-20T15:56:39Z</time><speed>1.020</speed><sat>36</sat></trkpt>
  <trkpt lat="-34.00063833" lon="-139.99900880"><ele>20.700</ele><time>2026-08-20T15:56:40Z</time><speed>0.918</speed><sat>36</sat></trkpt>
  <trkpt lat="-34.00063500" lon="-139.99900289"><ele>21.300</ele><time>2026-08-20T15:56:41Z</time><speed>0.724</speed><sat>35</sat></trkpt>
  <trkpt lat="-34.00063333" lon="-139.99900052"><ele>22.000</ele><time>2026-08-20T15:56:42Z</time><speed>0.521</speed><sat>34</sat></trkpt>
  <trkpt lat="-34.00063000" lon="-139.99899697"><ele>22.400</ele><time>2026-08-20T15:56:43Z</time><speed>0.431</speed><sat>32</sat></trkpt>
  <trkpt lat="-34.00062833" lon="-139.99899343"><ele>22.800</ele><time>2026-08-20T15:56:44Z</time><speed>0.000</speed><sat>32</sat></trkpt>
  <trkpt lat="-34.00062000" lon="-139.99898397"><ele>23.000</ele><time>2026-08-20T15:56:45Z</time><speed>0.000</speed><sat>34</sat></trkpt>
  <trkpt lat="-34.00061167" lon="-139.99897214"><ele>23.100</ele><time>2026-08-20T15:56:46Z</time><speed>0.431</speed><sat>35</sat></trkpt>
  <trkpt lat="-34.00060167" lon="-139.99895676"><ele>23.200</ele><time>2026-08-20T15:56:47Z</time><speed>0.492</speed><sat>36</sat></trkpt>
  <trkpt lat="-34.00059000" lon="-139.99894493"><ele>23.400</ele><time>2026-08-20T15:56:48Z</time><speed>0.532</speed><sat>36</sat></trkpt>
  <trkpt lat="-34.00058667" lon="-139.99893074"><ele>23.700</ele><time>2026-08-20T15:56:49Z</time><speed>0.574</speed><sat>36</sat></trkpt>
  <trkpt lat="-34.00058167" lon="-139.99892483"><ele>23.800</ele><time>2026-08-20T15:56:50Z</time><speed>0.608</speed><sat>36</sat></trkpt>
  <trkpt lat="-34.00058000" lon="-139.99891536"><ele>23.800</ele><time>2026-08-20T15:56:51Z</time><speed>0.653</speed><sat>36</sat></trkpt>
  <trkpt lat="-34.00058000" lon="-139.99890354"><ele>24.000</ele><time>2026-08-20T15:56:52Z</time><speed>0.713</speed><sat>36</sat></trkpt>
  <trkpt lat="-34.00058000" lon="-139.99889407"><ele>24.000</ele><time>2026-08-20T15:56:53Z</time><speed>0.765</speed><sat>37</sat></trkpt>
  <trkpt lat="-34.00058167" lon="-139.99887988"><ele>23.800</ele><time>2026-08-20T15:56:54Z</time><speed>0.815</speed><sat>37</sat></trkpt>
  <trkpt lat="-34.00058167" lon="-139.99886805"><ele>23.800</ele><time>2026-08-20T15:56:55Z</time><speed>0.814</speed><sat>37</sat></trkpt>
  <trkpt lat="-34.00058167" lon="-139.99885267"><ele>24.000</ele><time>2026-08-20T15:56:56Z</time><speed>0.792</speed><sat>37</sat></trkpt>
  <trkpt lat="-34.00058167" lon="-139.99884439"><ele>24.000</ele><time>2026-08-20T15:56:57Z</time><speed>0.000</speed><sat>36</sat></trkpt>
  <trkpt lat="-34.00058000" lon="-139.99883257"><ele>24.000</ele><time>2026-08-20T15:56:58Z</time><speed>0.000</speed><sat>32</sat></trkpt>
  <trkpt lat="-34.00058000" lon="-139.99881483"><ele>23.800</ele><time>2026-08-20T15:56:59Z</time><speed>0.754</speed><sat>30</sat></trkpt>
  <trkpt lat="-34.00058000" lon="-139.99879471"><ele>23.700</ele><time>2026-08-20T15:57:00Z</time><speed>0.792</speed><sat>34</sat></trkpt>
  <trkpt lat="-34.00057667" lon="-139.99878171"><ele>23.400</ele><time>2026-08-20T15:57:01Z</time><speed>0.749</speed><sat>33</sat></trkpt>
  <trkpt lat="-34.00058000" lon="-139.99877106"><ele>23.900</ele><time>2026-08-20T15:57:02Z</time><speed>0.708</speed><sat>33</sat></trkpt>
  <trkpt lat="-34.00058333" lon="-139.99877106"><ele>23.900</ele><time>2026-08-20T15:57:03Z</time><speed>0.675</speed><sat>34</sat></trkpt>
  <trkpt lat="-34.00058833" lon="-139.99877579"><ele>23.600</ele><time>2026-08-20T15:57:04Z</time><speed>0.670</speed><sat>34</sat></trkpt>
  <trkpt lat="-34.00059167" lon="-139.99878525"><ele>23.100</ele><time>2026-08-20T15:57:05Z</time><speed>0.707</speed><sat>34</sat></trkpt>
  <trkpt lat="-34.00059167" lon="-139.99878762"><ele>23.100</ele><time>2026-08-20T15:57:06Z</time><speed>0.700</speed><sat>33</sat></trkpt>
  <trkpt lat="-34.00059000" lon="-139.99877934"><ele>22.500</ele><time>2026-08-20T15:57:07Z</time><speed>0.698</speed><sat>34</sat></trkpt>
  <trkpt lat="-34.00058500" lon="-139.99876278"><ele>22.300</ele><time>2026-08-20T15:57:08Z</time><speed>0.702</speed><sat>35</sat></trkpt>
  <trkpt lat="-34.00058167" lon="-139.99875213"><ele>22.000</ele><time>2026-08-20T15:57:09Z</time><speed>0.628</speed><sat>33</sat></trkpt>
  <trkpt lat="-34.00057667" lon="-139.99874504"><ele>22.100</ele><time>2026-08-20T15:57:10Z</time><speed>0.560</speed><sat>34</sat></trkpt>
  <trkpt lat="-34.00056500" lon="-139.99872375"><ele>21.900</ele><time>2026-08-20T15:57:11Z</time><speed>0.644</speed><sat>35</sat></trkpt>
  <trkpt lat="-34.00055000" lon="-139.99870837"><ele>21.700</ele><time>2026-08-20T15:57:12Z</time><speed>0.758</speed><sat>36</sat></trkpt>
  <trkpt lat="-34.00053833" lon="-139.99868826"><ele>21.600</ele><time>2026-08-20T15:57:13Z</time><speed>0.868</speed><sat>35</sat></trkpt>
  <trkpt lat="-34.00053167" lon="-139.99867289"><ele>21.700</ele><time>2026-08-20T15:57:14Z</time><speed>0.868</speed><sat>35</sat></trkpt>
  <trkpt lat="-34.00052000" lon="-139.99866224"><ele>21.600</ele><time>2026-08-20T15:57:15Z</time><speed>0.846</speed><sat>36</sat></trkpt>
  <trkpt lat="-34.00051167" lon="-139.99864687"><ele>21.500</ele><time>2026-08-20T15:57:16Z</time><speed>0.880</speed><sat>36</sat></trkpt>
  <trkpt lat="-34.00050833" lon="-139.99863031"><ele>21.700</ele><time>2026-08-20T15:57:17Z</time><speed>0.919</speed><sat>36</sat></trkpt>
  <trkpt lat="-34.00050333" lon="-139.99861611"><ele>21.600</ele><time>2026-08-20T15:57:18Z</time><speed>0.939</speed><sat>35</sat></trkpt>
  <trkpt lat="-34.00049500" lon="-139.99859719"><ele>22.000</ele><time>2026-08-20T15:57:19Z</time><speed>1.034</speed><sat>37</sat></trkpt>
  <trkpt lat="-34.00049000" lon="-139.99857945"><ele>22.400</ele><time>2026-08-20T15:57:20Z</time><speed>1.115</speed><sat>38</sat></trkpt>
  <trkpt lat="-34.00048333" lon="-139.99856525"><ele>22.300</ele><time>2026-08-20T15:57:21Z</time><speed>1.120</speed><sat>38</sat></trkpt>
  <trkpt lat="-34.00048000" lon="-139.99854515"><ele>22.600</ele><time>2026-08-20T15:57:22Z</time><speed>1.125</speed><sat>37</sat></trkpt>
  <trkpt lat="-34.00046833" lon="-139.99852740"><ele>23.200</ele><time>2026-08-20T15:57:23Z</time><speed>1.099</speed><sat>37</sat></trkpt>
  <trkpt lat="-34.00046500" lon="-139.99851676"><ele>23.400</ele><time>2026-08-20T15:57:24Z</time><speed>1.092</speed><sat>35</sat></trkpt>
  <trkpt lat="-34.00046000" lon="-139.99850138"><ele>23.200</ele><time>2026-08-20T15:57:25Z</time><speed>1.073</speed><sat>36</sat></trkpt>
  <trkpt lat="-34.00045833" lon="-139.99849192"><ele>22.800</ele><time>2026-08-20T15:57:26Z</time><speed>1.074</speed><sat>37</sat></trkpt>
  <trkpt lat="-34.00045833" lon="-139.99847654"><ele>22.500</ele><time>2026-08-20T15:57:27Z</time><speed>1.048</speed><sat>36</sat></trkpt>
  <trkpt lat="-34.00046167" lon="-139.99846708"><ele>22.400</ele><time>2026-08-20T15:57:28Z</time><speed>0.992</speed><sat>36</sat></trkpt>
  <trkpt lat="-34.00045833" lon="-139.99846116"><ele>22.200</ele><time>2026-08-20T15:57:29Z</time><speed>0.889</speed><sat>37</sat></trkpt>
  <trkpt lat="-34.00045333" lon="-139.99845289"><ele>21.600</ele><time>2026-08-20T15:57:30Z</time><speed>0.819</speed><sat>37</sat></trkpt>
  <trkpt lat="-34.00045000" lon="-139.99844342"><ele>21.500</ele><time>2026-08-20T15:57:31Z</time><speed>0.747</speed><sat>36</sat></trkpt>
  <trkpt lat="-34.00044000" lon="-139.99843041"><ele>21.300</ele><time>2026-08-20T15:57:32Z</time><speed>0.705</speed><sat>35</sat></trkpt>
  <trkpt lat="-34.00043000" lon="-139.99840912"><ele>21.400</ele><time>2026-08-20T15:57:33Z</time><speed>0.691</speed><sat>35</sat></trkpt>
  <trkpt lat="-34.00042000" lon="-139.99838547"><ele>21.800</ele><time>2026-08-20T15:57:34Z</time><speed>0.741</speed><sat>35</sat></trkpt>
  <trkpt lat="-34.00041500" lon="-139.99836890"><ele>22.500</ele><time>2026-08-20T15:57:35Z</time><speed>0.758</speed><sat>35</sat></trkpt>
  <trkpt lat="-34.00040500" lon="-139.99835708"><ele>22.800</ele><time>2026-08-20T15:57:36Z</time><speed>0.739</speed><sat>35</sat></trkpt>
  <trkpt lat="-34.00039667" lon="-139.99835116"><ele>23.100</ele><time>2026-08-20T15:57:37Z</time><speed>0.823</speed><sat>35</sat></trkpt>
  <trkpt lat="-34.00038667" lon="-139.99834170"><ele>24.000</ele><time>2026-08-20T15:57:38Z</time><speed>0.950</speed><sat>35</sat></trkpt>
  <trkpt lat="-34.00037500" lon="-139.99833697"><ele>24.200</ele><time>2026-08-20T15:57:39Z</time><speed>1.047</speed><sat>35</sat></trkpt>
  <trkpt lat="-34.00037000" lon="-139.99832751"><ele>23.900</ele><time>2026-08-20T15:57:40Z</time><speed>1.095</speed><sat>35</sat></trkpt>
  <trkpt lat="-34.00036833" lon="-139.99831805"><ele>24.000</ele><time>2026-08-20T15:57:41Z</time><speed>1.127</speed><sat>35</sat></trkpt>
  <trkpt lat="-34.00037333" lon="-139.99831095"><ele>25.100</ele><time>2026-08-20T15:57:42Z</time><speed>1.076</speed><sat>35</sat></trkpt>
  <trkpt lat="-34.00038000" lon="-139.99829793"><ele>25.300</ele><time>2026-08-20T15:57:43Z</time><speed>1.041</speed><sat>35</sat></trkpt>
  <trkpt lat="-34.00038500" lon="-139.99828847"><ele>25.300</ele><time>2026-08-20T15:57:44Z</time><speed>0.986</speed><sat>35</sat></trkpt>
  <trkpt lat="-34.00037833" lon="-139.99828138"><ele>25.200</ele><time>2026-08-20T15:57:45Z</time><speed>0.958</speed><sat>35</sat></trkpt>
  <trkpt lat="-34.00037500" lon="-139.99827192"><ele>25.000</ele><time>2026-08-20T15:57:46Z</time><speed>0.954</speed><sat>35</sat></trkpt>
  <trkpt lat="-34.00037167" lon="-139.99826127"><ele>24.900</ele><time>2026-08-20T15:57:47Z</time><speed>0.882</speed><sat>35</sat></trkpt>
  <trkpt lat="-34.00037000" lon="-139.99825299"><ele>24.900</ele><time>2026-08-20T15:57:48Z</time><speed>0.798</speed><sat>35</sat></trkpt>
  <trkpt lat="-34.00036500" lon="-139.99824235"><ele>24.800</ele><time>2026-08-20T15:57:49Z</time><speed>0.763</speed><sat>36</sat></trkpt>
  <trkpt lat="-34.00035833" lon="-139.99823051"><ele>25.000</ele><time>2026-08-20T15:57:50Z</time><speed>0.768</speed><sat>36</sat></trkpt>
  <trkpt lat="-34.00035500" lon="-139.99821987"><ele>24.600</ele><time>2026-08-20T15:57:51Z</time><speed>0.800</speed><sat>33</sat></trkpt>
  <trkpt lat="-34.00035333" lon="-139.99820095"><ele>24.100</ele><time>2026-08-20T15:57:52Z</time><speed>0.917</speed><sat>34</sat></trkpt>
  <trkpt lat="-34.00035000" lon="-139.99818321"><ele>23.900</ele><time>2026-08-20T15:57:53Z</time><speed>0.950</speed><sat>35</sat></trkpt>
  <trkpt lat="-34.00034500" lon="-139.99816664"><ele>24.000</ele><time>2026-08-20T15:57:54Z</time><speed>1.033</speed><sat>35</sat></trkpt>
  <trkpt lat="-34.00033667" lon="-139.99815009"><ele>24.200</ele><time>2026-08-20T15:57:55Z</time><speed>1.124</speed><sat>34</sat></trkpt>
  <trkpt lat="-34.00032833" lon="-139.99813708"><ele>24.500</ele><time>2026-08-20T15:57:56Z</time><speed>1.161</speed><sat>33</sat></trkpt>
  <trkpt lat="-34.00032500" lon="-139.99812406"><ele>24.900</ele><time>2026-08-20T15:57:57Z</time><speed>1.180</speed><sat>32</sat></trkpt>
  <trkpt lat="-34.00032000" lon="-139.99810987"><ele>25.400</ele><time>2026-08-20T15:57:58Z</time><speed>1.186</speed><sat>32</sat></trkpt>
  <trkpt lat="-34.00031167" lon="-139.99809686"><ele>26.000</ele><time>2026-08-20T15:57:59Z</time><speed>1.188</speed><sat>32</sat></trkpt>
  <trkpt lat="-34.00030667" lon="-139.99808385"><ele>26.300</ele><time>2026-08-20T15:58:00Z</time><speed>1.175</speed><sat>33</sat></trkpt>
  <trkpt lat="-34.00030333" lon="-139.99807675"><ele>26.200</ele><time>2026-08-20T15:58:01Z</time><speed>1.140</speed><sat>33</sat></trkpt>
  <trkpt lat="-34.00030000" lon="-139.99806611"><ele>26.400</ele><time>2026-08-20T15:58:02Z</time><speed>1.044</speed><sat>33</sat></trkpt>
  <trkpt lat="-34.00029667" lon="-139.99805192"><ele>26.900</ele><time>2026-08-20T15:58:03Z</time><speed>0.983</speed><sat>35</sat></trkpt>
  <trkpt lat="-34.00029333" lon="-139.99804363"><ele>26.400</ele><time>2026-08-20T15:58:04Z</time><speed>0.866</speed><sat>35</sat></trkpt>
  <trkpt lat="-34.00029333" lon="-139.99804482"><ele>26.000</ele><time>2026-08-20T15:58:05Z</time><speed>0.779</speed><sat>35</sat></trkpt>
  <trkpt lat="-34.00029667" lon="-139.99804600"><ele>26.000</ele><time>2026-08-20T15:58:06Z</time><speed>0.709</speed><sat>35</sat></trkpt>
  <trkpt lat="-34.00029833" lon="-139.99804482"><ele>26.000</ele><time>2026-08-20T15:58:07Z</time><speed>0.627</speed><sat>35</sat></trkpt>
  <trkpt lat="-34.00030000" lon="-139.99804245"><ele>25.800</ele><time>2026-08-20T15:58:08Z</time><speed>0.550</speed><sat>34</sat></trkpt>
  <trkpt lat="-34.00030167" lon="-139.99804245"><ele>25.800</ele><time>2026-08-20T15:58:09Z</time><speed>0.477</speed><sat>35</sat></trkpt>
  <trkpt lat="-34.00030167" lon="-139.99804127"><ele>25.800</ele><time>2026-08-20T15:58:10Z</time><speed>0.404</speed><sat>36</sat></trkpt>
  <trkpt lat="-34.00030000" lon="-139.99804127"><ele>26.000</ele><time>2026-08-20T15:58:11Z</time><speed>0.000</speed><sat>36</sat></trkpt>
  <trkpt lat="-34.00030167" lon="-139.99803299"><ele>26.100</ele><time>2026-08-20T15:58:12Z</time><speed>0.000</speed><sat>34</sat></trkpt>
  <trkpt lat="-34.00030333" lon="-139.99801525"><ele>26.500</ele><time>2026-08-20T15:58:13Z</time><speed>0.440</speed><sat>34</sat></trkpt>
  <trkpt lat="-34.00030500" lon="-139.99800105"><ele>26.800</ele><time>2026-08-20T15:58:14Z</time><speed>0.477</speed><sat>34</sat></trkpt>
  <trkpt lat="-34.00030500" lon="-139.99798922"><ele>27.000</ele><time>2026-08-20T15:58:15Z</time><speed>0.470</speed><sat>33</sat></trkpt>
  <trkpt lat="-34.00030167" lon="-139.99798212"><ele>27.100</ele><time>2026-08-20T15:58:16Z</time><speed>0.475</speed><sat>34</sat></trkpt>
  <trkpt lat="-34.00030000" lon="-139.99797621"><ele>27.500</ele><time>2026-08-20T15:58:17Z</time><speed>0.000</speed><sat>35</sat></trkpt>
  <trkpt lat="-34.00030000" lon="-139.99796912"><ele>27.600</ele><time>2026-08-20T15:58:18Z</time><speed>0.000</speed><sat>33</sat></trkpt>
  <trkpt lat="-34.00029833" lon="-139.99795847"><ele>27.500</ele><time>2026-08-20T15:58:19Z</time><speed>0.639</speed><sat>30</sat></trkpt>
  <trkpt lat="-34.00030000" lon="-139.99794191"><ele>27.300</ele><time>2026-08-20T15:58:20Z</time><speed>0.677</speed><sat>34</sat></trkpt>
  <trkpt lat="-34.00029667" lon="-139.99793954"><ele>27.500</ele><time>2026-08-20T15:58:21Z</time><speed>0.000</speed><sat>33</sat></trkpt>
  <trkpt lat="-34.00029333" lon="-139.99793127"><ele>27.400</ele><time>2026-08-20T15:58:22Z</time><speed>0.657</speed><sat>32</sat></trkpt>
  <trkpt lat="-34.00030000" lon="-139.99793363"><ele>27.100</ele><time>2026-08-20T15:58:23Z</time><speed>0.579</speed><sat>32</sat></trkpt>
  <trkpt lat="-34.00029833" lon="-139.99792890"><ele>26.700</ele><time>2026-08-20T15:58:24Z</time><speed>0.535</speed><sat>33</sat></trkpt>
  <trkpt lat="-34.00029333" lon="-139.99792772"><ele>26.700</ele><time>2026-08-20T15:58:25Z</time><speed>0.508</speed><sat>33</sat></trkpt>
  <trkpt lat="-34.00029333" lon="-139.99792180"><ele>26.700</ele><time>2026-08-20T15:58:26Z</time><speed>0.485</speed><sat>33</sat></trkpt>
  <trkpt lat="-34.00029000" lon="-139.99791708"><ele>26.300</ele><time>2026-08-20T15:58:27Z</time><speed>0.452</speed><sat>32</sat></trkpt>
  <trkpt lat="-34.00028667" lon="-139.99791470"><ele>26.200</ele><time>2026-08-20T15:58:28Z</time><speed>0.000</speed><sat>32</sat></trkpt>
  <trkpt lat="-34.00028333" lon="-139.99790879"><ele>26.000</ele><time>2026-08-20T15:58:29Z</time><speed>0.000</speed><sat>32</sat></trkpt>
  <trkpt lat="-34.00027667" lon="-139.99789460"><ele>25.800</ele><time>2026-08-20T15:58:30Z</time><speed>0.444</speed><sat>34</sat></trkpt>
  <trkpt lat="-34.00027167" lon="-139.99788277"><ele>25.700</ele><time>2026-08-20T15:58:31Z</time><speed>0.473</speed><sat>34</sat></trkpt>
  <trkpt lat="-34.00026667" lon="-139.99786385"><ele>25.700</ele><time>2026-08-20T15:58:32Z</time><speed>0.586</speed><sat>35</sat></trkpt>
  <trkpt lat="-34.00026333" lon="-139.99784611"><ele>25.600</ele><time>2026-08-20T15:58:33Z</time><speed>0.680</speed><sat>36</sat></trkpt>
  <trkpt lat="-34.00026167" lon="-139.99783428"><ele>25.500</ele><time>2026-08-20T15:58:34Z</time><speed>0.727</speed><sat>34</sat></trkpt>
  <trkpt lat="-34.00025667" lon="-139.99782245"><ele>25.800</ele><time>2026-08-20T15:58:35Z</time><speed>0.786</speed><sat>32</sat></trkpt>
  <trkpt lat="-34.00025500" lon="-139.99781062"><ele>25.700</ele><time>2026-08-20T15:58:36Z</time><speed>0.877</speed><sat>34</sat></trkpt>
  <trkpt lat="-34.00025500" lon="-139.99780234"><ele>25.500</ele><time>2026-08-20T15:58:37Z</time><speed>0.954</speed><sat>34</sat></trkpt>
  <trkpt lat="-34.00025000" lon="-139.99779288"><ele>25.800</ele><time>2026-08-20T15:58:38Z</time><speed>1.039</speed><sat>34</sat></trkpt>
  <trkpt lat="-34.00024500" lon="-139.99779170"><ele>26.100</ele><time>2026-08-20T15:58:39Z</time><speed>1.040</speed><sat>34</sat></trkpt>
  <trkpt lat="-34.00023333" lon="-139.99778696"><ele>26.400</ele><time>2026-08-20T15:58:40Z</time><speed>1.057</speed><sat>36</sat></trkpt>
  <trkpt lat="-34.00021833" lon="-139.99778815"><ele>26.800</ele><time>2026-08-20T15:58:41Z</time><speed>1.116</speed><sat>37</sat></trkpt>
  <trkpt lat="-34.00020667" lon="-139.99779170"><ele>27.200</ele><time>2026-08-20T15:58:42Z</time><speed>1.064</speed><sat>37</sat></trkpt>
  <trkpt lat="-34.00019667" lon="-139.99779288"><ele>27.800</ele><time>2026-08-20T15:58:43Z</time><speed>1.041</speed><sat>38</sat></trkpt>
  <trkpt lat="-34.00018333" lon="-139.99779524"><ele>28.300</ele><time>2026-08-20T15:58:44Z</time><speed>1.071</speed><sat>38</sat></trkpt>
  <trkpt lat="-34.00017167" lon="-139.99780116"><ele>28.700</ele><time>2026-08-20T15:58:45Z</time><speed>1.052</speed><sat>38</sat></trkpt>
  <trkpt lat="-34.00016500" lon="-139.99780589"><ele>28.400</ele><time>2026-08-20T15:58:46Z</time><speed>1.019</speed><sat>37</sat></trkpt>
  <trkpt lat="-34.00015667" lon="-139.99781299"><ele>28.000</ele><time>2026-08-20T15:58:47Z</time><speed>1.026</speed><sat>36</sat></trkpt>
  <trkpt lat="-34.00014500" lon="-139.99781890"><ele>28.100</ele><time>2026-08-20T15:58:48Z</time><speed>1.044</speed><sat>38</sat></trkpt>
  <trkpt lat="-34.00013167" lon="-139.99782363"><ele>28.300</ele><time>2026-08-20T15:58:49Z</time><speed>1.063</speed><sat>37</sat></trkpt>
  <trkpt lat="-34.00012000" lon="-139.99783073"><ele>28.300</ele><time>2026-08-20T15:58:50Z</time><speed>1.074</speed><sat>38</sat></trkpt>
  <trkpt lat="-34.00011000" lon="-139.99783546"><ele>28.300</ele><time>2026-08-20T15:58:51Z</time><speed>1.054</speed><sat>38</sat></trkpt>
  <trkpt lat="-34.00009833" lon="-139.99784019"><ele>28.600</ele><time>2026-08-20T15:58:52Z</time><speed>1.069</speed><sat>38</sat></trkpt>
  <trkpt lat="-34.00008500" lon="-139.99784492"><ele>29.600</ele><time>2026-08-20T15:58:53Z</time><speed>1.093</speed><sat>38</sat></trkpt>
  <trkpt lat="-34.00007333" lon="-139.99785320"><ele>30.000</ele><time>2026-08-20T15:58:54Z</time><speed>1.099</speed><sat>38</sat></trkpt>
  <trkpt lat="-34.00006333" lon="-139.99785793"><ele>30.100</ele><time>2026-08-20T15:58:55Z</time><speed>1.087</speed><sat>38</sat></trkpt>
  <trkpt lat="-34.00005500" lon="-139.99786030"><ele>30.100</ele><time>2026-08-20T15:58:56Z</time><speed>1.075</speed><sat>38</sat></trkpt>
  <trkpt lat="-34.00004500" lon="-139.99787095"><ele>30.300</ele><time>2026-08-20T15:58:57Z</time><speed>1.063</speed><sat>37</sat></trkpt>
  <trkpt lat="-34.00004000" lon="-139.99788041"><ele>30.500</ele><time>2026-08-20T15:58:58Z</time><speed>1.030</speed><sat>37</sat></trkpt>
  <trkpt lat="-34.00003333" lon="-139.99788632"><ele>30.300</ele><time>2026-08-20T15:58:59Z</time><speed>1.007</speed><sat>38</sat></trkpt>
  <trkpt lat="-34.00002333" lon="-139.99788987"><ele>30.100</ele><time>2026-08-20T15:59:00Z</time><speed>0.964</speed><sat>38</sat></trkpt>
  <trkpt lat="-34.00001333" lon="-139.99789341"><ele>29.800</ele><time>2026-08-20T15:59:01Z</time><speed>0.941</speed><sat>37</sat></trkpt>
  <trkpt lat="-34.00000500" lon="-139.99789460"><ele>29.500</ele><time>2026-08-20T15:59:02Z</time><speed>0.924</speed><sat>35</sat></trkpt>
  <trkpt lat="-33.99998833" lon="-139.99789460"><ele>29.000</ele><time>2026-08-20T15:59:03Z</time><speed>0.964</speed><sat>37</sat></trkpt>
  <trkpt lat="-33.99997167" lon="-139.99789815"><ele>29.000</ele><time>2026-08-20T15:59:04Z</time><speed>0.989</speed><sat>37</sat></trkpt>
  <trkpt lat="-33.99996000" lon="-139.99790170"><ele>28.600</ele><time>2026-08-20T15:59:05Z</time><speed>1.015</speed><sat>37</sat></trkpt>
  <trkpt lat="-33.99994500" lon="-139.99790643"><ele>28.800</ele><time>2026-08-20T15:59:06Z</time><speed>1.076</speed><sat>36</sat></trkpt>
  <trkpt lat="-33.99993333" lon="-139.99790879"><ele>28.800</ele><time>2026-08-20T15:59:07Z</time><speed>1.111</speed><sat>37</sat></trkpt>
  <trkpt lat="-33.99992500" lon="-139.99791470"><ele>28.600</ele><time>2026-08-20T15:59:08Z</time><speed>1.111</speed><sat>37</sat></trkpt>
  <trkpt lat="-33.99991833" lon="-139.99791589"><ele>28.600</ele><time>2026-08-20T15:59:09Z</time><speed>1.118</speed><sat>37</sat></trkpt>
  <trkpt lat="-33.99990667" lon="-139.99792180"><ele>28.400</ele><time>2026-08-20T15:59:10Z</time><speed>1.172</speed><sat>36</sat></trkpt>
  <trkpt lat="-33.99989500" lon="-139.99792654"><ele>28.800</ele><time>2026-08-20T15:59:11Z</time><speed>1.215</speed><sat>37</sat></trkpt>
  <trkpt lat="-33.99988167" lon="-139.99792654"><ele>29.300</ele><time>2026-08-20T15:59:12Z</time><speed>1.203</speed><sat>37</sat></trkpt>
  <trkpt lat="-33.99987000" lon="-139.99792772"><ele>30.100</ele><time>2026-08-20T15:59:13Z</time><speed>1.157</speed><sat>37</sat></trkpt>
  <trkpt lat="-33.99985667" lon="-139.99793600"><ele>30.500</ele><time>2026-08-20T15:59:14Z</time><speed>1.141</speed><sat>37</sat></trkpt>
  <trkpt lat="-33.99984500" lon="-139.99794191"><ele>30.500</ele><time>2026-08-20T15:59:15Z</time><speed>1.167</speed><sat>36</sat></trkpt>
  <trkpt lat="-33.99983333" lon="-139.99794783"><ele>30.600</ele><time>2026-08-20T15:59:16Z</time><speed>1.135</speed><sat>36</sat></trkpt>
  <trkpt lat="-33.99982500" lon="-139.99795611"><ele>30.200</ele><time>2026-08-20T15:59:17Z</time><speed>1.106</speed><sat>36</sat></trkpt>
  <trkpt lat="-33.99981667" lon="-139.99796320"><ele>29.900</ele><time>2026-08-20T15:59:18Z</time><speed>1.158</speed><sat>37</sat></trkpt>
  <trkpt lat="-33.99981167" lon="-139.99795966"><ele>29.200</ele><time>2026-08-20T15:59:19Z</time><speed>1.096</speed><sat>37</sat></trkpt>
  <trkpt lat="-33.99980833" lon="-139.99795729"><ele>28.500</ele><time>2026-08-20T15:59:20Z</time><speed>0.984</speed><sat>37</sat></trkpt>
  <trkpt lat="-33.99981167" lon="-139.99795847"><ele>27.600</ele><time>2026-08-20T15:59:21Z</time><speed>0.859</speed><sat>37</sat></trkpt>
  <trkpt lat="-33.99980833" lon="-139.99796202"><ele>27.700</ele><time>2026-08-20T15:59:22Z</time><speed>0.761</speed><sat>37</sat></trkpt>
  <trkpt lat="-33.99980667" lon="-139.99796202"><ele>27.800</ele><time>2026-08-20T15:59:23Z</time><speed>0.652</speed><sat>38</sat></trkpt>
  <trkpt lat="-33.99980333" lon="-139.99796557"><ele>27.600</ele><time>2026-08-20T15:59:24Z</time><speed>0.557</speed><sat>38</sat></trkpt>
  <trkpt lat="-33.99979833" lon="-139.99797030"><ele>27.600</ele><time>2026-08-20T15:59:25Z</time><speed>0.489</speed><sat>38</sat></trkpt>
  <trkpt lat="-33.99979167" lon="-139.99797266"><ele>27.500</ele><time>2026-08-20T15:59:26Z</time><speed>0.468</speed><sat>38</sat></trkpt>
  <trkpt lat="-33.99978500" lon="-139.99797621"><ele>27.600</ele><time>2026-08-20T15:59:27Z</time><speed>0.418</speed><sat>38</sat></trkpt>
  <trkpt lat="-33.99978167" lon="-139.99797976"><ele>27.100</ele><time>2026-08-20T15:59:28Z</time><speed>0.340</speed><sat>37</sat></trkpt>
  <trkpt lat="-33.99977667" lon="-139.99798686"><ele>27.200</ele><time>2026-08-20T15:59:29Z</time><speed>0.386</speed><sat>37</sat></trkpt>
  <trkpt lat="-33.99977167" lon="-139.99798922"><ele>26.900</ele><time>2026-08-20T15:59:30Z</time><speed>0.440</speed><sat>37</sat></trkpt>
  <trkpt lat="-33.99976500" lon="-139.99799514"><ele>26.700</ele><time>2026-08-20T15:59:31Z</time><speed>0.502</speed><sat>36</sat></trkpt>
  <trkpt lat="-33.99975500" lon="-139.99799987"><ele>26.400</ele><time>2026-08-20T15:59:32Z</time><speed>0.610</speed><sat>36</sat></trkpt>
  <trkpt lat="-33.99974667" lon="-139.99800342"><ele>26.400</ele><time>2026-08-20T15:59:33Z</time><speed>0.691</speed><sat>35</sat></trkpt>
  <trkpt lat="-33.99973500" lon="-139.99800579"><ele>26.400</ele><time>2026-08-20T15:59:34Z</time><speed>0.751</speed><sat>35</sat></trkpt>
  <trkpt lat="-33.99972333" lon="-139.99801051"><ele>26.400</ele><time>2026-08-20T15:59:35Z</time><speed>0.763</speed><sat>35</sat></trkpt>
  <trkpt lat="-33.99971333" lon="-139.99801406"><ele>26.500</ele><time>2026-08-20T15:59:36Z</time><speed>0.759</speed><sat>35</sat></trkpt>
  <trkpt lat="-33.99970167" lon="-139.99801643"><ele>26.400</ele><time>2026-08-20T15:59:37Z</time><speed>0.777</speed><sat>34</sat></trkpt>
  <trkpt lat="-33.99968833" lon="-139.99801643"><ele>26.500</ele><time>2026-08-20T15:59:38Z</time><speed>0.787</speed><sat>35</sat></trkpt>
  <trkpt lat="-33.99967667" lon="-139.99802116"><ele>26.500</ele><time>2026-08-20T15:59:39Z</time><speed>0.805</speed><sat>35</sat></trkpt>
  <trkpt lat="-33.99966500" lon="-139.99802116"><ele>26.500</ele><time>2026-08-20T15:59:40Z</time><speed>0.806</speed><sat>35</sat></trkpt>
  <trkpt lat="-33.99965333" lon="-139.99802116"><ele>26.600</ele><time>2026-08-20T15:59:41Z</time><speed>0.783</speed><sat>35</sat></trkpt>
  <trkpt lat="-33.99964500" lon="-139.99802116"><ele>26.800</ele><time>2026-08-20T15:59:42Z</time><speed>0.733</speed><sat>35</sat></trkpt>
  <trkpt lat="-33.99963667" lon="-139.99802353"><ele>26.700</ele><time>2026-08-20T15:59:43Z</time><speed>0.714</speed><sat>32</sat></trkpt>
  <trkpt lat="-33.99962833" lon="-139.99802944"><ele>26.300</ele><time>2026-08-20T15:59:44Z</time><speed>0.714</speed><sat>33</sat></trkpt>
  <trkpt lat="-33.99961833" lon="-139.99803535"><ele>26.000</ele><time>2026-08-20T15:59:45Z</time><speed>0.732</speed><sat>33</sat></trkpt>
  <trkpt lat="-33.99961500" lon="-139.99803654"><ele>25.600</ele><time>2026-08-20T15:59:46Z</time><speed>0.728</speed><sat>31</sat></trkpt>
  <trkpt lat="-33.99960667" lon="-139.99805192"><ele>25.800</ele><time>2026-08-20T15:59:47Z</time><speed>0.807</speed><sat>32</sat></trkpt>
  <trkpt lat="-33.99958500" lon="-139.99806847"><ele>26.400</ele><time>2026-08-20T15:59:48Z</time><speed>0.817</speed><sat>31</sat></trkpt>
  <trkpt lat="-33.99957667" lon="-139.99807321"><ele>26.700</ele><time>2026-08-20T15:59:49Z</time><speed>0.766</speed><sat>31</sat></trkpt>
  <trkpt lat="-33.99957667" lon="-139.99807557"><ele>26.800</ele><time>2026-08-20T15:59:50Z</time><speed>0.736</speed><sat>31</sat></trkpt>
  <trkpt lat="-33.99956500" lon="-139.99807675"><ele>26.600</ele><time>2026-08-20T15:59:51Z</time><speed>0.721</speed><sat>31</sat></trkpt>
  <trkpt lat="-33.99955333" lon="-139.99807912"><ele>26.700</ele><time>2026-08-20T15:59:52Z</time><speed>0.728</speed><sat>31</sat></trkpt>
  <trkpt lat="-33.99954167" lon="-139.99807912"><ele>26.600</ele><time>2026-08-20T15:59:53Z</time><speed>0.779</speed><sat>31</sat></trkpt>
  <trkpt lat="-33.99952500" lon="-139.99808030"><ele>26.500</ele><time>2026-08-20T15:59:54Z</time><speed>0.821</speed><sat>31</sat></trkpt>
  <trkpt lat="-33.99951333" lon="-139.99808858"><ele>26.300</ele><time>2026-08-20T15:59:55Z</time><speed>0.870</speed><sat>32</sat></trkpt>
  <trkpt lat="-33.99949833" lon="-139.99809450"><ele>26.200</ele><time>2026-08-20T15:59:56Z</time><speed>0.990</speed><sat>32</sat></trkpt>
  <trkpt lat="-33.99948333" lon="-139.99810159"><ele>26.100</ele><time>2026-08-20T15:59:57Z</time><speed>0.975</speed><sat>31</sat></trkpt>
  <trkpt lat="-33.99947000" lon="-139.99810632"><ele>25.900</ele><time>2026-08-20T15:59:58Z</time><speed>1.029</speed><sat>32</sat></trkpt>
  <trkpt lat="-33.99945667" lon="-139.99810987"><ele>25.800</ele><time>2026-08-20T15:59:59Z</time><speed>1.099</speed><sat>32</sat></trkpt>
  <trkpt lat="-33.99944833" lon="-139.99811460"><ele>25.800</ele><time>2026-08-20T16:00:00Z</time><speed>1.162</speed><sat>32</sat></trkpt>
  <trkpt lat="-33.99943333" lon="-139.99811579"><ele>25.700</ele><time>2026-08-20T16:00:01Z</time><speed>1.257</speed><sat>29</sat></trkpt>
  <trkpt lat="-33.99942000" lon="-139.99811579"><ele>25.900</ele><time>2026-08-20T16:00:02Z</time><speed>1.331</speed><sat>30</sat></trkpt>
  <trkpt lat="-33.99941000" lon="-139.99812643"><ele>26.100</ele><time>2026-08-20T16:00:03Z</time><speed>1.333</speed><sat>30</sat></trkpt>
  <trkpt lat="-33.99939833" lon="-139.99812761"><ele>26.600</ele><time>2026-08-20T16:00:04Z</time><speed>1.304</speed><sat>30</sat></trkpt>
  <trkpt lat="-33.99939000" lon="-139.99812880"><ele>26.300</ele><time>2026-08-20T16:00:05Z</time><speed>1.282</speed><sat>29</sat></trkpt>
  <trkpt lat="-33.99938000" lon="-139.99812761"><ele>26.100</ele><time>2026-08-20T16:00:06Z</time><speed>1.167</speed><sat>31</sat></trkpt>
  <trkpt lat="-33.99937167" lon="-139.99813708"><ele>25.700</ele><time>2026-08-20T16:00:07Z</time><speed>1.194</speed><sat>31</sat></trkpt>
  <trkpt lat="-33.99936000" lon="-139.99813589"><ele>25.300</ele><time>2026-08-20T16:00:08Z</time><speed>1.167</speed><sat>31</sat></trkpt>
  <trkpt lat="-33.99935000" lon="-139.99813589"><ele>25.400</ele><time>2026-08-20T16:00:09Z</time><speed>1.123</speed><sat>31</sat></trkpt>
  <trkpt lat="-33.99933833" lon="-139.99813944"><ele>25.400</ele><time>2026-08-20T16:00:10Z</time><speed>1.144</speed><sat>31</sat></trkpt>
  <trkpt lat="-33.99932167" lon="-139.99815009"><ele>25.200</ele><time>2026-08-20T16:00:11Z</time><speed>1.166</speed><sat>31</sat></trkpt>
  <trkpt lat="-33.99930333" lon="-139.99815600"><ele>25.000</ele><time>2026-08-20T16:00:12Z</time><speed>1.174</speed><sat>31</sat></trkpt>
  <trkpt lat="-33.99929167" lon="-139.99816428"><ele>25.600</ele><time>2026-08-20T16:00:13Z</time><speed>1.206</speed><sat>31</sat></trkpt>
  <trkpt lat="-33.99928000" lon="-139.99817019"><ele>25.800</ele><time>2026-08-20T16:00:14Z</time><speed>1.270</speed><sat>31</sat></trkpt>
  <trkpt lat="-33.99926667" lon="-139.99817966"><ele>26.100</ele><time>2026-08-20T16:00:15Z</time><speed>1.320</speed><sat>30</sat></trkpt>
  <trkpt lat="-33.99925500" lon="-139.99818793"><ele>26.400</ele><time>2026-08-20T16:00:16Z</time><speed>1.448</speed><sat>28</sat></trkpt>
  <trkpt lat="-33.99923000" lon="-139.99818676"><ele>26.300</ele><time>2026-08-20T16:00:17Z</time><speed>1.301</speed><sat>25</sat></trkpt>
  <trkpt lat="-33.99923167" lon="-139.99817847"><ele>25.600</ele><time>2026-08-20T16:00:18Z</time><speed>1.243</speed><sat>24</sat></trkpt>
  <trkpt lat="-33.99921833" lon="-139.99817611"><ele>25.000</ele><time>2026-08-20T16:00:19Z</time><speed>1.235</speed><sat>25</sat></trkpt>
  <trkpt lat="-33.99920167" lon="-139.99817138"><ele>24.400</ele><time>2026-08-20T16:00:20Z</time><speed>1.172</speed><sat>26</sat></trkpt>
  <trkpt lat="-33.99918833" lon="-139.99816428"><ele>24.000</ele><time>2026-08-20T16:00:21Z</time><speed>1.108</speed><sat>27</sat></trkpt>
  <trkpt lat="-33.99917500" lon="-139.99816073"><ele>23.900</ele><time>2026-08-20T16:00:22Z</time><speed>1.056</speed><sat>28</sat></trkpt>
  <trkpt lat="-33.99916000" lon="-139.99816309"><ele>23.000</ele><time>2026-08-20T16:00:23Z</time><speed>1.049</speed><sat>27</sat></trkpt>
  <trkpt lat="-33.99914500" lon="-139.99816192"><ele>22.900</ele><time>2026-08-20T16:00:24Z</time><speed>1.021</speed><sat>28</sat></trkpt>
  <trkpt lat="-33.99913000" lon="-139.99816664"><ele>22.500</ele><time>2026-08-20T16:00:25Z</time><speed>0.981</speed><sat>28</sat></trkpt>
  <trkpt lat="-33.99911833" lon="-139.99816664"><ele>22.400</ele><time>2026-08-20T16:00:26Z</time><speed>0.890</speed><sat>28</sat></trkpt>
  <trkpt lat="-33.99910500" lon="-139.99816546"><ele>22.300</ele><time>2026-08-20T16:00:27Z</time><speed>1.003</speed><sat>30</sat></trkpt>
  <trkpt lat="-33.99909500" lon="-139.99816664"><ele>22.200</ele><time>2026-08-20T16:00:28Z</time><speed>1.045</speed><sat>30</sat></trkpt>
  <trkpt lat="-33.99908667" lon="-139.99816428"><ele>22.200</ele><time>2026-08-20T16:00:29Z</time><speed>1.116</speed><sat>30</sat></trkpt>
  <trkpt lat="-33.99907833" lon="-139.99816192"><ele>22.100</ele><time>2026-08-20T16:00:30Z</time><speed>1.154</speed><sat>29</sat></trkpt>
  <trkpt lat="-33.99907000" lon="-139.99816073"><ele>22.100</ele><time>2026-08-20T16:00:31Z</time><speed>1.162</speed><sat>28</sat></trkpt>
  <trkpt lat="-33.99905667" lon="-139.99816546"><ele>22.200</ele><time>2026-08-20T16:00:32Z</time><speed>1.166</speed><sat>29</sat></trkpt>
  <trkpt lat="-33.99904833" lon="-139.99816428"><ele>22.400</ele><time>2026-08-20T16:00:33Z</time><speed>1.070</speed><sat>29</sat></trkpt>
  <trkpt lat="-33.99904167" lon="-139.99816309"><ele>22.600</ele><time>2026-08-20T16:00:34Z</time><speed>0.952</speed><sat>29</sat></trkpt>
  <trkpt lat="-33.99903167" lon="-139.99816428"><ele>23.200</ele><time>2026-08-20T16:00:35Z</time><speed>0.869</speed><sat>31</sat></trkpt>
  <trkpt lat="-33.99901500" lon="-139.99816664"><ele>23.600</ele><time>2026-08-20T16:00:36Z</time><speed>0.826</speed><sat>31</sat></trkpt>
  <trkpt lat="-33.99899833" lon="-139.99816783"><ele>23.900</ele><time>2026-08-20T16:00:37Z</time><speed>0.773</speed><sat>31</sat></trkpt>
  <trkpt lat="-33.99898667" lon="-139.99816664"><ele>24.000</ele><time>2026-08-20T16:00:38Z</time><speed>0.754</speed><sat>31</sat></trkpt>
  <trkpt lat="-33.99897333" lon="-139.99816546"><ele>24.000</ele><time>2026-08-20T16:00:39Z</time><speed>0.705</speed><sat>31</sat></trkpt>
  <trkpt lat="-33.99895667" lon="-139.99815955"><ele>24.700</ele><time>2026-08-20T16:00:40Z</time><speed>0.720</speed><sat>31</sat></trkpt>
  <trkpt lat="-33.99894500" lon="-139.99815600"><ele>25.300</ele><time>2026-08-20T16:00:41Z</time><speed>0.735</speed><sat>31</sat></trkpt>
  <trkpt lat="-33.99893333" lon="-139.99815245"><ele>25.900</ele><time>2026-08-20T16:00:42Z</time><speed>0.739</speed><sat>31</sat></trkpt>
  <trkpt lat="-33.99892167" lon="-139.99815600"><ele>26.500</ele><time>2026-08-20T16:00:43Z</time><speed>0.823</speed><sat>32</sat></trkpt>
  <trkpt lat="-33.99891000" lon="-139.99815837"><ele>26.600</ele><time>2026-08-20T16:00:44Z</time><speed>0.921</speed><sat>31</sat></trkpt>
  <trkpt lat="-33.99890167" lon="-139.99815955"><ele>26.600</ele><time>2026-08-20T16:00:45Z</time><speed>0.977</speed><sat>29</sat></trkpt>
  <trkpt lat="-33.99889000" lon="-139.99815955"><ele>26.900</ele><time>2026-08-20T16:00:46Z</time><speed>1.015</speed><sat>30</sat></trkpt>
  <trkpt lat="-33.99887667" lon="-139.99815955"><ele>27.100</ele><time>2026-08-20T16:00:47Z</time><speed>1.047</speed><sat>31</sat></trkpt>
  <trkpt lat="-33.99886167" lon="-139.99816073"><ele>27.200</ele><time>2026-08-20T16:00:48Z</time><speed>1.094</speed><sat>31</sat></trkpt>
  <trkpt lat="-33.99885000" lon="-139.99816309"><ele>27.300</ele><time>2026-08-20T16:00:49Z</time><speed>1.122</speed><sat>31</sat></trkpt>
  <trkpt lat="-33.99883833" lon="-139.99816428"><ele>27.400</ele><time>2026-08-20T16:00:50Z</time><speed>1.109</speed><sat>30</sat></trkpt>
  <trkpt lat="-33.99882667" lon="-139.99816309"><ele>27.800</ele><time>2026-08-20T16:00:51Z</time><speed>1.075</speed><sat>29</sat></trkpt>
  <trkpt lat="-33.99881500" lon="-139.99816664"><ele>27.800</ele><time>2026-08-20T16:00:52Z</time><speed>1.074</speed><sat>29</sat></trkpt>
  <trkpt lat="-33.99880333" lon="-139.99816783"><ele>27.800</ele><time>2026-08-20T16:00:53Z</time><speed>1.042</speed><sat>29</sat></trkpt>
  <trkpt lat="-33.99879833" lon="-139.99817138"><ele>28.200</ele><time>2026-08-20T16:00:54Z</time><speed>0.993</speed><sat>29</sat></trkpt>
  <trkpt lat="-33.99878833" lon="-139.99816901"><ele>28.200</ele><time>2026-08-20T16:00:55Z</time><speed>0.983</speed><sat>30</sat></trkpt>
  <trkpt lat="-33.99877667" lon="-139.99817019"><ele>28.300</ele><time>2026-08-20T16:00:56Z</time><speed>0.964</speed><sat>29</sat></trkpt>
  <trkpt lat="-33.99876500" lon="-139.99817374"><ele>28.700</ele><time>2026-08-20T16:00:57Z</time><speed>0.952</speed><sat>30</sat></trkpt>
  <trkpt lat="-33.99876167" lon="-139.99818202"><ele>28.800</ele><time>2026-08-20T16:00:58Z</time><speed>0.921</speed><sat>30</sat></trkpt>
  <trkpt lat="-33.99875500" lon="-139.99819148"><ele>29.000</ele><time>2026-08-20T16:00:59Z</time><speed>0.916</speed><sat>29</sat></trkpt>
  <trkpt lat="-33.99874833" lon="-139.99820095"><ele>29.200</ele><time>2026-08-20T16:01:00Z</time><speed>0.897</speed><sat>29</sat></trkpt>
  <trkpt lat="-33.99875167" lon="-139.99821396"><ele>29.500</ele><time>2026-08-20T16:01:01Z</time><speed>0.904</speed><sat>28</sat></trkpt>
  <trkpt lat="-33.99875333" lon="-139.99822697"><ele>29.500</ele><time>2026-08-20T16:01:02Z</time><speed>0.883</speed><sat>27</sat></trkpt>
  <trkpt lat="-33.99875000" lon="-139.99823525"><ele>29.700</ele><time>2026-08-20T16:01:03Z</time><speed>0.855</speed><sat>27</sat></trkpt>
  <trkpt lat="-33.99874667" lon="-139.99824353"><ele>30.000</ele><time>2026-08-20T16:01:04Z</time><speed>0.850</speed><sat>28</sat></trkpt>
  <trkpt lat="-33.99874500" lon="-139.99825535"><ele>30.100</ele><time>2026-08-20T16:01:05Z</time><speed>0.843</speed><sat>28</sat></trkpt>
  <trkpt lat="-33.99874333" lon="-139.99826600"><ele>30.000</ele><time>2026-08-20T16:01:06Z</time><speed>0.824</speed><sat>29</sat></trkpt>
  <trkpt lat="-33.99874167" lon="-139.99827783"><ele>29.700</ele><time>2026-08-20T16:01:07Z</time><speed>0.803</speed><sat>26</sat></trkpt>
  <trkpt lat="-33.99874000" lon="-139.99829084"><ele>29.600</ele><time>2026-08-20T16:01:08Z</time><speed>0.782</speed><sat>27</sat></trkpt>
  <trkpt lat="-33.99873833" lon="-139.99830148"><ele>29.400</ele><time>2026-08-20T16:01:09Z</time><speed>0.751</speed><sat>29</sat></trkpt>
  <trkpt lat="-33.99873833" lon="-139.99831095"><ele>29.000</ele><time>2026-08-20T16:01:10Z</time><speed>0.735</speed><sat>30</sat></trkpt>
  <trkpt lat="-33.99873167" lon="-139.99832396"><ele>28.700</ele><time>2026-08-20T16:01:11Z</time><speed>0.736</speed><sat>29</sat></trkpt>
  <trkpt lat="-33.99873000" lon="-139.99833342"><ele>28.500</ele><time>2026-08-20T16:01:12Z</time><speed>0.735</speed><sat>29</sat></trkpt>
  <trkpt lat="-33.99872833" lon="-139.99834761"><ele>28.300</ele><time>2026-08-20T16:01:13Z</time><speed>0.748</speed><sat>29</sat></trkpt>
  <trkpt lat="-33.99872167" lon="-139.99835944"><ele>28.100</ele><time>2026-08-20T16:01:14Z</time><speed>0.778</speed><sat>30</sat></trkpt>
  <trkpt lat="-33.99872333" lon="-139.99837482"><ele>28.100</ele><time>2026-08-20T16:01:15Z</time><speed>0.786</speed><sat>27</sat></trkpt>
  <trkpt lat="-33.99872500" lon="-139.99838902"><ele>27.900</ele><time>2026-08-20T16:01:16Z</time><speed>0.789</speed><sat>27</sat></trkpt>
  <trkpt lat="-33.99872000" lon="-139.99840202"><ele>27.500</ele><time>2026-08-20T16:01:17Z</time><speed>0.810</speed><sat>29</sat></trkpt>
  <trkpt lat="-33.99872167" lon="-139.99841503"><ele>27.400</ele><time>2026-08-20T16:01:18Z</time><speed>0.810</speed><sat>29</sat></trkpt>
  <trkpt lat="-33.99872333" lon="-139.99843277"><ele>27.400</ele><time>2026-08-20T16:01:19Z</time><speed>0.816</speed><sat>29</sat></trkpt>
  <trkpt lat="-33.99872833" lon="-139.99845052"><ele>27.500</ele><time>2026-08-20T16:01:20Z</time><speed>0.816</speed><sat>29</sat></trkpt>
  <trkpt lat="-33.99873000" lon="-139.99846235"><ele>27.800</ele><time>2026-08-20T16:01:21Z</time><speed>0.000</speed><sat>29</sat></trkpt>
  <trkpt lat="-33.99873000" lon="-139.99847181"><ele>28.100</ele><time>2026-08-20T16:01:22Z</time><speed>0.000</speed><sat>25</sat></trkpt>
  <trkpt lat="-33.99873000" lon="-139.99847299"><ele>28.200</ele><time>2026-08-20T16:01:23Z</time><speed>0.000</speed><sat>24</sat></trkpt>
  <trkpt lat="-33.99874500" lon="-139.99850966"><ele>29.500</ele><time>2026-08-20T16:01:24Z</time><speed>0.000</speed><sat>23</sat></trkpt>
  <trkpt lat="-33.99876667" lon="-139.99855224"><ele>30.200</ele><time>2026-08-20T16:01:25Z</time><speed>0.000</speed><sat>24</sat></trkpt>
  <trkpt lat="-33.99877333" lon="-139.99857590"><ele>30.900</ele><time>2026-08-20T16:01:26Z</time><speed>0.000</speed><sat>23</sat></trkpt>
  <trkpt lat="-33.99877667" lon="-139.99859009"><ele>31.200</ele><time>2026-08-20T16:01:27Z</time><speed>0.000</speed><sat>22</sat></trkpt>
  <trkpt lat="-33.99878167" lon="-139.99859600"><ele>31.400</ele><time>2026-08-20T16:01:28Z</time><speed>0.000</speed><sat>24</sat></trkpt>
  <trkpt lat="-33.99878167" lon="-139.99860428"><ele>31.600</ele><time>2026-08-20T16:01:29Z</time><speed>0.000</speed><sat>24</sat></trkpt>
  <trkpt lat="-33.99877667" lon="-139.99861020"><ele>31.800</ele><time>2026-08-20T16:01:30Z</time><speed>0.000</speed><sat>24</sat></trkpt>
  <trkpt lat="-33.99877167" lon="-139.99861611"><ele>32.200</ele><time>2026-08-20T16:01:31Z</time><speed>0.000</speed><sat>22</sat></trkpt>
  <trkpt lat="-33.99877167" lon="-139.99862439"><ele>32.700</ele><time>2026-08-20T16:01:32Z</time><speed>0.000</speed><sat>23</sat></trkpt>
  <trkpt lat="-33.99876500" lon="-139.99863149"><ele>32.900</ele><time>2026-08-20T16:01:33Z</time><speed>0.000</speed><sat>24</sat></trkpt>
  <trkpt lat="-33.99877000" lon="-139.99863267"><ele>32.700</ele><time>2026-08-20T16:01:34Z</time><speed>0.000</speed><sat>25</sat></trkpt>
  <trkpt lat="-33.99877500" lon="-139.99863149"><ele>32.300</ele><time>2026-08-20T16:01:35Z</time><speed>0.000</speed><sat>24</sat></trkpt>
  <trkpt lat="-33.99877833" lon="-139.99863149"><ele>31.800</ele><time>2026-08-20T16:01:36Z</time><speed>0.000</speed><sat>24</sat></trkpt>
  <trkpt lat="-33.99877500" lon="-139.99862912"><ele>31.600</ele><time>2026-08-20T16:01:37Z</time><speed>0.000</speed><sat>24</sat></trkpt>
  <trkpt lat="-33.99877167" lon="-139.99863267"><ele>30.500</ele><time>2026-08-20T16:01:38Z</time><speed>0.000</speed><sat>25</sat></trkpt>
  <trkpt lat="-33.99877167" lon="-139.99863267"><ele>30.500</ele><time>2026-08-20T16:01:39Z</time><speed>0.000</speed><sat>26</sat></trkpt>
  <trkpt lat="-33.99877167" lon="-139.99863267"><ele>30.500</ele><time>2026-08-20T16:01:40Z</time><speed>0.000</speed><sat>26</sat></trkpt>
  <trkpt lat="-33.99877167" lon="-139.99863267"><ele>30.500</ele><time>2026-08-20T16:01:41Z</time><speed>0.000</speed><sat>27</sat></trkpt>
  <trkpt lat="-33.99877167" lon="-139.99863267"><ele>30.500</ele><time>2026-08-20T16:01:42Z</time><speed>0.000</speed><sat>27</sat></trkpt>
  <trkpt lat="-33.99877167" lon="-139.99863267"><ele>30.500</ele><time>2026-08-20T16:01:43Z</time><speed>0.000</speed><sat>26</sat></trkpt>
  <trkpt lat="-33.99877167" lon="-139.99863267"><ele>30.500</ele><time>2026-08-20T16:01:44Z</time><speed>0.000</speed><sat>26</sat></trkpt>
  <trkpt lat="-33.99870167" lon="-139.99861257"><ele>29.500</ele><time>2026-08-20T16:01:45Z</time><speed>0.482</speed><sat>27</sat></trkpt>
  <trkpt lat="-33.99869500" lon="-139.99861611"><ele>29.700</ele><time>2026-08-20T16:01:46Z</time><speed>0.504</speed><sat>27</sat></trkpt>
  <trkpt lat="-33.99869000" lon="-139.99861611"><ele>29.700</ele><time>2026-08-20T16:01:47Z</time><speed>0.000</speed><sat>27</sat></trkpt>
  <trkpt lat="-33.99868333" lon="-139.99862084"><ele>30.100</ele><time>2026-08-20T16:01:48Z</time><speed>0.496</speed><sat>28</sat></trkpt>
  <trkpt lat="-33.99868000" lon="-139.99862676"><ele>30.300</ele><time>2026-08-20T16:01:49Z</time><speed>0.504</speed><sat>29</sat></trkpt>
  <trkpt lat="-33.99867833" lon="-139.99864213"><ele>30.400</ele><time>2026-08-20T16:01:50Z</time><speed>0.509</speed><sat>28</sat></trkpt>
  <trkpt lat="-33.99867500" lon="-139.99865041"><ele>31.200</ele><time>2026-08-20T16:01:51Z</time><speed>0.530</speed><sat>29</sat></trkpt>
  <trkpt lat="-33.99867500" lon="-139.99866224"><ele>31.400</ele><time>2026-08-20T16:01:52Z</time><speed>0.000</speed><sat>30</sat></trkpt>
  <trkpt lat="-33.99868167" lon="-139.99868590"><ele>32.900</ele><time>2026-08-20T16:01:53Z</time><speed>0.598</speed><sat>27</sat></trkpt>
  <trkpt lat="-33.99868833" lon="-139.99870364"><ele>33.400</ele><time>2026-08-20T16:01:54Z</time><speed>0.540</speed><sat>28</sat></trkpt>
  <trkpt lat="-33.99869167" lon="-139.99871074"><ele>33.800</ele><time>2026-08-20T16:01:55Z</time><speed>0.469</speed><sat>27</sat></trkpt>
  <trkpt lat="-33.99870167" lon="-139.99871902"><ele>33.900</ele><time>2026-08-20T16:01:56Z</time><speed>0.450</speed><sat>28</sat></trkpt>
  <trkpt lat="-33.99870667" lon="-139.99872848"><ele>34.200</ele><time>2026-08-20T16:01:57Z</time><speed>0.477</speed><sat>29</sat></trkpt>
  <trkpt lat="-33.99871167" lon="-139.99873321"><ele>34.400</ele><time>2026-08-20T16:01:58Z</time><speed>0.000</speed><sat>26</sat></trkpt>
  <trkpt lat="-33.99871500" lon="-139.99873676"><ele>34.600</ele><time>2026-08-20T16:01:59Z</time><speed>0.000</speed><sat>26</sat></trkpt>
  <trkpt lat="-33.99872500" lon="-139.99874386"><ele>34.500</ele><time>2026-08-20T16:02:00Z</time><speed>0.544</speed><sat>27</sat></trkpt>
  <trkpt lat="-33.99873167" lon="-139.99874977"><ele>34.700</ele><time>2026-08-20T16:02:01Z</time><speed>0.540</speed><sat>29</sat></trkpt>
  <trkpt lat="-33.99872833" lon="-139.99875687"><ele>34.900</ele><time>2026-08-20T16:02:02Z</time><speed>0.531</speed><sat>30</sat></trkpt>
  <trkpt lat="-33.99871167" lon="-139.99877106"><ele>34.700</ele><time>2026-08-20T16:02:03Z</time><speed>0.592</speed><sat>29</sat></trkpt>
  <trkpt lat="-33.99867833" lon="-139.99878644"><ele>34.400</ele><time>2026-08-20T16:02:04Z</time><speed>0.756</speed><sat>29</sat></trkpt>
  <trkpt lat="-33.99863167" lon="-139.99880418"><ele>34.100</ele><time>2026-08-20T16:02:05Z</time><speed>1.037</speed><sat>30</sat></trkpt>
  <trkpt lat="-33.99858167" lon="-139.99880654"><ele>33.700</ele><time>2026-08-20T16:02:06Z</time><speed>1.377</speed><sat>30</sat></trkpt>
  <trkpt lat="-33.99851833" lon="-139.99878999"><ele>32.400</ele><time>2026-08-20T16:02:07Z</time><speed>1.751</speed><sat>31</sat></trkpt>
  <trkpt lat="-33.99847333" lon="-139.99876870"><ele>31.900</ele><time>2026-08-20T16:02:08Z</time><speed>2.140</speed><sat>31</sat></trkpt>
  <trkpt lat="-33.99843333" lon="-139.99874977"><ele>31.500</ele><time>2026-08-20T16:02:09Z</time><speed>2.468</speed><sat>31</sat></trkpt>
  <trkpt lat="-33.99839333" lon="-139.99872138"><ele>30.600</ele><time>2026-08-20T16:02:10Z</time><speed>0.000</speed><sat>28</sat></trkpt>
  <trkpt lat="-33.99836167" lon="-139.99869773"><ele>29.500</ele><time>2026-08-20T16:02:11Z</time><speed>2.941</speed><sat>28</sat></trkpt>
  <trkpt lat="-33.99833833" lon="-139.99868590"><ele>28.500</ele><time>2026-08-20T16:02:12Z</time><speed>3.085</speed><sat>29</sat></trkpt>
  <trkpt lat="-33.99832333" lon="-139.99866816"><ele>27.100</ele><time>2026-08-20T16:02:13Z</time><speed>3.075</speed><sat>29</sat></trkpt>
  <trkpt lat="-33.99831167" lon="-139.99865396"><ele>25.800</ele><time>2026-08-20T16:02:14Z</time><speed>2.945</speed><sat>30</sat></trkpt>
  <trkpt lat="-33.99829000" lon="-139.99863031"><ele>24.600</ele><time>2026-08-20T16:02:15Z</time><speed>2.756</speed><sat>30</sat></trkpt>
  <trkpt lat="-33.99827333" lon="-139.99860310"><ele>23.900</ele><time>2026-08-20T16:02:16Z</time><speed>2.594</speed><sat>30</sat></trkpt>
  <trkpt lat="-33.99825833" lon="-139.99857590"><ele>23.000</ele><time>2026-08-20T16:02:17Z</time><speed>2.408</speed><sat>30</sat></trkpt>
  <trkpt lat="-33.99824667" lon="-139.99854869"><ele>22.200</ele><time>2026-08-20T16:02:18Z</time><speed>2.166</speed><sat>29</sat></trkpt>
  <trkpt lat="-33.99823500" lon="-139.99853095"><ele>21.600</ele><time>2026-08-20T16:02:19Z</time><speed>1.912</speed><sat>29</sat></trkpt>
  <trkpt lat="-33.99823000" lon="-139.99852149"><ele>21.100</ele><time>2026-08-20T16:02:20Z</time><speed>1.626</speed><sat>29</sat></trkpt>
  <trkpt lat="-33.99822000" lon="-139.99850966"><ele>20.800</ele><time>2026-08-20T16:02:21Z</time><speed>1.422</speed><sat>29</sat></trkpt>
  <trkpt lat="-33.99820500" lon="-139.99850729"><ele>20.500</ele><time>2026-08-20T16:02:22Z</time><speed>1.272</speed><sat>29</sat></trkpt>
  <trkpt lat="-33.99819500" lon="-139.99850138"><ele>20.700</ele><time>2026-08-20T16:02:23Z</time><speed>1.194</speed><sat>30</sat></trkpt>
  <trkpt lat="-33.99818333" lon="-139.99849428"><ele>20.900</ele><time>2026-08-20T16:02:24Z</time><speed>1.128</speed><sat>30</sat></trkpt>
  <trkpt lat="-33.99817667" lon="-139.99848482"><ele>21.000</ele><time>2026-08-20T16:02:25Z</time><speed>1.017</speed><sat>31</sat></trkpt>
  <trkpt lat="-33.99817167" lon="-139.99848127"><ele>21.300</ele><time>2026-08-20T16:02:26Z</time><speed>0.814</speed><sat>31</sat></trkpt>
  <trkpt lat="-33.99817000" lon="-139.99848009"><ele>21.900</ele><time>2026-08-20T16:02:27Z</time><speed>0.591</speed><sat>31</sat></trkpt>
  <trkpt lat="-33.99816833" lon="-139.99848009"><ele>22.600</ele><time>2026-08-20T16:02:28Z</time><speed>0.411</speed><sat>28</sat></trkpt>
  <trkpt lat="-33.99817167" lon="-139.99848837"><ele>22.900</ele><time>2026-08-20T16:02:29Z</time><speed>0.000</speed><sat>30</sat></trkpt>
  <trkpt lat="-33.99818833" lon="-139.99851203"><ele>22.800</ele><time>2026-08-20T16:02:30Z</time><speed>0.432</speed><sat>30</sat></trkpt>
  <trkpt lat="-33.99822167" lon="-139.99854396"><ele>22.100</ele><time>2026-08-20T16:02:31Z</time><speed>0.617</speed><sat>31</sat></trkpt>
  <trkpt lat="-33.99824833" lon="-139.99856761"><ele>21.800</ele><time>2026-08-20T16:02:32Z</time><speed>0.834</speed><sat>30</sat></trkpt>
  <trkpt lat="-33.99826833" lon="-139.99858773"><ele>21.500</ele><time>2026-08-20T16:02:33Z</time><speed>0.993</speed><sat>31</sat></trkpt>
  <trkpt lat="-33.99829333" lon="-139.99861729"><ele>20.900</ele><time>2026-08-20T16:02:34Z</time><speed>1.177</speed><sat>31</sat></trkpt>
  <trkpt lat="-33.99830500" lon="-139.99860902"><ele>20.200</ele><time>2026-08-20T16:02:35Z</time><speed>1.247</speed><sat>31</sat></trkpt>
  <trkpt lat="-33.99830500" lon="-139.99859837"><ele>19.600</ele><time>2026-08-20T16:02:36Z</time><speed>1.368</speed><sat>30</sat></trkpt>
  <trkpt lat="-33.99829000" lon="-139.99856525"><ele>19.300</ele><time>2026-08-20T16:02:37Z</time><speed>0.000</speed><sat>29</sat></trkpt>
  <trkpt lat="-33.99827000" lon="-139.99852977"><ele>19.000</ele><time>2026-08-20T16:02:38Z</time><speed>0.000</speed><sat>30</sat></trkpt>
  <trkpt lat="-33.99824667" lon="-139.99849192"><ele>17.600</ele><time>2026-08-20T16:02:39Z</time><speed>2.497</speed><sat>30</sat></trkpt>
  <trkpt lat="-33.99822167" lon="-139.99844934"><ele>17.000</ele><time>2026-08-20T16:02:40Z</time><speed>2.855</speed><sat>30</sat></trkpt>
  <trkpt lat="-33.99819000" lon="-139.99840794"><ele>16.400</ele><time>2026-08-20T16:02:41Z</time><speed>3.141</speed><sat>31</sat></trkpt>
  <trkpt lat="-33.99814833" lon="-139.99836063"><ele>15.800</ele><time>2026-08-20T16:02:42Z</time><speed>3.449</speed><sat>31</sat></trkpt>
  <trkpt lat="-33.99809500" lon="-139.99830622"><ele>15.400</ele><time>2026-08-20T16:02:43Z</time><speed>3.864</speed><sat>30</sat></trkpt>
  <trkpt lat="-33.99804000" lon="-139.99825535"><ele>13.900</ele><time>2026-08-20T16:02:44Z</time><speed>4.246</speed><sat>29</sat></trkpt>
  <trkpt lat="-33.99799000" lon="-139.99821159"><ele>13.500</ele><time>2026-08-20T16:02:45Z</time><speed>4.667</speed><sat>30</sat></trkpt>
  <trkpt lat="-33.99795333" lon="-139.99817256"><ele>12.200</ele><time>2026-08-20T16:02:46Z</time><speed>4.921</speed><sat>28</sat></trkpt>
  <trkpt lat="-33.99792000" lon="-139.99813589"><ele>11.600</ele><time>2026-08-20T16:02:47Z</time><speed>4.821</speed><sat>27</sat></trkpt>
  <trkpt lat="-33.99789000" lon="-139.99810514"><ele>11.100</ele><time>2026-08-20T16:02:48Z</time><speed>4.673</speed><sat>27</sat></trkpt>
  <trkpt lat="-33.99786000" lon="-139.99808030"><ele>10.700</ele><time>2026-08-20T16:02:49Z</time><speed>4.480</speed><sat>27</sat></trkpt>
  <trkpt lat="-33.99783667" lon="-139.99805783"><ele>10.400</ele><time>2026-08-20T16:02:50Z</time><speed>4.207</speed><sat>28</sat></trkpt>
  <trkpt lat="-33.99780500" lon="-139.99804008"><ele>11.800</ele><time>2026-08-20T16:02:51Z</time><speed>3.851</speed><sat>27</sat></trkpt>
  <trkpt lat="-33.99778833" lon="-139.99803772"><ele>13.300</ele><time>2026-08-20T16:02:52Z</time><speed>3.383</speed><sat>28</sat></trkpt>
  <trkpt lat="-33.99779000" lon="-139.99804127"><ele>14.100</ele><time>2026-08-20T16:02:53Z</time><speed>2.800</speed><sat>28</sat></trkpt>
  <trkpt lat="-33.99780500" lon="-139.99804837"><ele>15.000</ele><time>2026-08-20T16:02:54Z</time><speed>2.231</speed><sat>29</sat></trkpt>
  <trkpt lat="-33.99780833" lon="-139.99805192"><ele>15.700</ele><time>2026-08-20T16:02:55Z</time><speed>1.730</speed><sat>29</sat></trkpt>
  <trkpt lat="-33.99780833" lon="-139.99804482"><ele>16.400</ele><time>2026-08-20T16:02:56Z</time><speed>1.384</speed><sat>29</sat></trkpt>
  <trkpt lat="-33.99780667" lon="-139.99803772"><ele>16.900</ele><time>2026-08-20T16:02:57Z</time><speed>1.186</speed><sat>29</sat></trkpt>
  <trkpt lat="-33.99780667" lon="-139.99802708"><ele>17.300</ele><time>2026-08-20T16:02:58Z</time><speed>0.985</speed><sat>29</sat></trkpt>
  <trkpt lat="-33.99780333" lon="-139.99801761"><ele>17.600</ele><time>2026-08-20T16:02:59Z</time><speed>0.802</speed><sat>28</sat></trkpt>
  <trkpt lat="-33.99780000" lon="-139.99800224"><ele>18.100</ele><time>2026-08-20T16:03:00Z</time><speed>0.686</speed><sat>29</sat></trkpt>
  <trkpt lat="-33.99780167" lon="-139.99799632"><ele>18.800</ele><time>2026-08-20T16:03:01Z</time><speed>0.588</speed><sat>28</sat></trkpt>
  <trkpt lat="-33.99780167" lon="-139.99799632"><ele>19.400</ele><time>2026-08-20T16:03:02Z</time><speed>0.517</speed><sat>29</sat></trkpt>
  <trkpt lat="-33.99780333" lon="-139.99799750"><ele>19.500</ele><time>2026-08-20T16:03:03Z</time><speed>0.501</speed><sat>29</sat></trkpt>
  <trkpt lat="-33.99780167" lon="-139.99799514"><ele>19.700</ele><time>2026-08-20T16:03:04Z</time><speed>0.477</speed><sat>29</sat></trkpt>
  <trkpt lat="-33.99780333" lon="-139.99799750"><ele>19.800</ele><time>2026-08-20T16:03:05Z</time><speed>0.450</speed><sat>29</sat></trkpt>
  <trkpt lat="-33.99780167" lon="-139.99799514"><ele>19.800</ele><time>2026-08-20T16:03:06Z</time><speed>0.408</speed><sat>29</sat></trkpt>
  <trkpt lat="-33.99779333" lon="-139.99799514"><ele>19.700</ele><time>2026-08-20T16:03:07Z</time><speed>0.000</speed><sat>29</sat></trkpt>
  <trkpt lat="-33.99779167" lon="-139.99799632"><ele>20.200</ele><time>2026-08-20T16:03:08Z</time><speed>0.000</speed><sat>29</sat></trkpt>
  <trkpt lat="-33.99779000" lon="-139.99800342"><ele>20.200</ele><time>2026-08-20T16:03:09Z</time><speed>0.000</speed><sat>29</sat></trkpt>
  <trkpt lat="-33.99779000" lon="-139.99800342"><ele>20.200</ele><time>2026-08-20T16:03:10Z</time><speed>0.000</speed><sat>29</sat></trkpt>
  <trkpt lat="-33.99779000" lon="-139.99800342"><ele>20.200</ele><time>2026-08-20T16:03:11Z</time><speed>0.000</speed><sat>29</sat></trkpt>
  <trkpt lat="-33.99779000" lon="-139.99800342"><ele>20.200</ele><time>2026-08-20T16:03:12Z</time><speed>0.000</speed><sat>29</sat></trkpt>
  <trkpt lat="-33.99779000" lon="-139.99800342"><ele>20.200</ele><time>2026-08-20T16:03:13Z</time><speed>0.000</speed><sat>29</sat></trkpt>
  <trkpt lat="-33.99779000" lon="-139.99800342"><ele>20.200</ele><time>2026-08-20T16:03:14Z</time><speed>0.000</speed><sat>29</sat></trkpt>
  <trkpt lat="-33.99779000" lon="-139.99800342"><ele>20.200</ele><time>2026-08-20T16:03:15Z</time><speed>0.000</speed><sat>28</sat></trkpt>
  <trkpt lat="-33.99779000" lon="-139.99800342"><ele>20.200</ele><time>2026-08-20T16:03:16Z</time><speed>0.000</speed><sat>30</sat></trkpt>
  <trkpt lat="-33.99779000" lon="-139.99800342"><ele>20.200</ele><time>2026-08-20T16:03:17Z</time><speed>0.000</speed><sat>30</sat></trkpt>
  <trkpt lat="-33.99779000" lon="-139.99800342"><ele>20.200</ele><time>2026-08-20T16:03:18Z</time><speed>0.000</speed><sat>31</sat></trkpt>
  <trkpt lat="-33.99779000" lon="-139.99800342"><ele>20.200</ele><time>2026-08-20T16:03:19Z</time><speed>0.000</speed><sat>30</sat></trkpt>
  <trkpt lat="-33.99779000" lon="-139.99800342"><ele>20.200</ele><time>2026-08-20T16:03:20Z</time><speed>0.000</speed><sat>30</sat></trkpt>
  <trkpt lat="-33.99779000" lon="-139.99800342"><ele>20.200</ele><time>2026-08-20T16:03:21Z</time><speed>0.000</speed><sat>30</sat></trkpt>
  <trkpt lat="-33.99779000" lon="-139.99800342"><ele>20.200</ele><time>2026-08-20T16:03:22Z</time><speed>0.000</speed><sat>30</sat></trkpt>
  <trkpt lat="-33.99779000" lon="-139.99800342"><ele>20.200</ele><time>2026-08-20T16:03:23Z</time><speed>0.000</speed><sat>30</sat></trkpt>
  <trkpt lat="-33.99779000" lon="-139.99800342"><ele>20.200</ele><time>2026-08-20T16:03:24Z</time><speed>0.000</speed><sat>31</sat></trkpt>
  <trkpt lat="-33.99779000" lon="-139.99800342"><ele>20.200</ele><time>2026-08-20T16:03:25Z</time><speed>0.000</speed><sat>31</sat></trkpt>
  <trkpt lat="-33.99779000" lon="-139.99800342"><ele>20.200</ele><time>2026-08-20T16:03:26Z</time><speed>0.000</speed><sat>30</sat></trkpt>
  <trkpt lat="-33.99779000" lon="-139.99800342"><ele>20.200</ele><time>2026-08-20T16:03:27Z</time><speed>0.000</speed><sat>30</sat></trkpt>
  <trkpt lat="-33.99779000" lon="-139.99800342"><ele>20.200</ele><time>2026-08-20T16:03:28Z</time><speed>0.000</speed><sat>29</sat></trkpt>
  <trkpt lat="-33.99779000" lon="-139.99800342"><ele>20.200</ele><time>2026-08-20T16:03:29Z</time><speed>0.000</speed><sat>31</sat></trkpt>
  <trkpt lat="-33.99779000" lon="-139.99800342"><ele>20.200</ele><time>2026-08-20T16:03:30Z</time><speed>0.000</speed><sat>31</sat></trkpt>
  <trkpt lat="-33.99779000" lon="-139.99800342"><ele>20.200</ele><time>2026-08-20T16:03:31Z</time><speed>0.000</speed><sat>29</sat></trkpt>
  <trkpt lat="-33.99779000" lon="-139.99800342"><ele>20.200</ele><time>2026-08-20T16:03:32Z</time><speed>0.000</speed><sat>29</sat></trkpt>
  <trkpt lat="-33.99779000" lon="-139.99800342"><ele>20.200</ele><time>2026-08-20T16:03:33Z</time><speed>0.000</speed><sat>31</sat></trkpt>
  <trkpt lat="-33.99779000" lon="-139.99800342"><ele>20.200</ele><time>2026-08-20T16:03:34Z</time><speed>0.000</speed><sat>28</sat></trkpt>
  <trkpt lat="-33.99779000" lon="-139.99800342"><ele>20.200</ele><time>2026-08-20T16:03:35Z</time><speed>0.000</speed><sat>29</sat></trkpt>
  <trkpt lat="-33.99779000" lon="-139.99800342"><ele>20.200</ele><time>2026-08-20T16:03:36Z</time><speed>0.000</speed><sat>31</sat></trkpt>
  <trkpt lat="-33.99779000" lon="-139.99800342"><ele>20.200</ele><time>2026-08-20T16:03:37Z</time><speed>0.000</speed><sat>31</sat></trkpt>
  <trkpt lat="-33.99779000" lon="-139.99800342"><ele>20.200</ele><time>2026-08-20T16:03:38Z</time><speed>0.000</speed><sat>30</sat></trkpt>
  <trkpt lat="-33.99779000" lon="-139.99800342"><ele>20.200</ele><time>2026-08-20T16:03:39Z</time><speed>0.000</speed><sat>29</sat></trkpt>
  <trkpt lat="-33.99779000" lon="-139.99800342"><ele>20.200</ele><time>2026-08-20T16:03:40Z</time><speed>0.000</speed><sat>30</sat></trkpt>
  <trkpt lat="-33.99779000" lon="-139.99800342"><ele>20.200</ele><time>2026-08-20T16:03:41Z</time><speed>0.000</speed><sat>30</sat></trkpt>
  <trkpt lat="-33.99779000" lon="-139.99800342"><ele>20.200</ele><time>2026-08-20T16:03:42Z</time><speed>0.000</speed><sat>31</sat></trkpt>
  <trkpt lat="-33.99779000" lon="-139.99800342"><ele>20.200</ele><time>2026-08-20T16:03:43Z</time><speed>0.000</speed><sat>31</sat></trkpt>
  <trkpt lat="-33.99779000" lon="-139.99800342"><ele>20.200</ele><time>2026-08-20T16:03:44Z</time><speed>0.000</speed><sat>31</sat></trkpt>
  <trkpt lat="-33.99779000" lon="-139.99800342"><ele>20.200</ele><time>2026-08-20T16:03:45Z</time><speed>0.000</speed><sat>31</sat></trkpt>
  <trkpt lat="-33.99779000" lon="-139.99800342"><ele>20.200</ele><time>2026-08-20T16:03:46Z</time><speed>0.000</speed><sat>29</sat></trkpt>
  <trkpt lat="-33.99779000" lon="-139.99800342"><ele>20.200</ele><time>2026-08-20T16:03:47Z</time><speed>0.000</speed><sat>30</sat></trkpt>
  <trkpt lat="-33.99779000" lon="-139.99800342"><ele>20.200</ele><time>2026-08-20T16:03:48Z</time><speed>0.000</speed><sat>31</sat></trkpt>
  <trkpt lat="-33.99779000" lon="-139.99800342"><ele>20.200</ele><time>2026-08-20T16:03:49Z</time><speed>0.000</speed><sat>29</sat></trkpt>
  <trkpt lat="-33.99779000" lon="-139.99800342"><ele>20.200</ele><time>2026-08-20T16:03:50Z</time><speed>0.000</speed><sat>29</sat></trkpt>
  <trkpt lat="-33.99779000" lon="-139.99800342"><ele>20.200</ele><time>2026-08-20T16:03:51Z</time><speed>0.000</speed><sat>29</sat></trkpt>
  <trkpt lat="-33.99774333" lon="-139.99797266"><ele>25.000</ele><time>2026-08-20T16:03:52Z</time><speed>0.297</speed><sat>29</sat></trkpt>
  <trkpt lat="-33.99772833" lon="-139.99795729"><ele>25.000</ele><time>2026-08-20T16:03:53Z</time><speed>0.423</speed><sat>29</sat></trkpt>
  <trkpt lat="-33.99770833" lon="-139.99792654"><ele>24.900</ele><time>2026-08-20T16:03:54Z</time><speed>0.000</speed><sat>29</sat></trkpt>
  <trkpt lat="-33.99768500" lon="-139.99787449"><ele>24.800</ele><time>2026-08-20T16:03:55Z</time><speed>0.989</speed><sat>29</sat></trkpt>
  <trkpt lat="-33.99764500" lon="-139.99780825"><ele>24.100</ele><time>2026-08-20T16:03:56Z</time><speed>1.421</speed><sat>29</sat></trkpt>
  <trkpt lat="-33.99761500" lon="-139.99776567"><ele>23.900</ele><time>2026-08-20T16:03:57Z</time><speed>1.859</speed><sat>29</sat></trkpt>
  <trkpt lat="-33.99756333" lon="-139.99771836"><ele>22.700</ele><time>2026-08-20T16:03:58Z</time><speed>2.288</speed><sat>29</sat></trkpt>
  <trkpt lat="-33.99751667" lon="-139.99768051"><ele>21.700</ele><time>2026-08-20T16:03:59Z</time><speed>2.666</speed><sat>29</sat></trkpt>
  <trkpt lat="-33.99748000" lon="-139.99765567"><ele>21.100</ele><time>2026-08-20T16:04:00Z</time><speed>2.994</speed><sat>30</sat></trkpt>
  <trkpt lat="-33.99746833" lon="-139.99764976"><ele>19.900</ele><time>2026-08-20T16:04:01Z</time><speed>3.194</speed><sat>30</sat></trkpt>
  <trkpt lat="-33.99744833" lon="-139.99763556"><ele>19.100</ele><time>2026-08-20T16:04:02Z</time><speed>3.292</speed><sat>30</sat></trkpt>
  <trkpt lat="-33.99744000" lon="-139.99762728"><ele>18.800</ele><time>2026-08-20T16:04:03Z</time><speed>3.264</speed><sat>30</sat></trkpt>
  <trkpt lat="-33.99743500" lon="-139.99761309"><ele>18.700</ele><time>2026-08-20T16:04:04Z</time><speed>3.145</speed><sat>30</sat></trkpt>
  <trkpt lat="-33.99743000" lon="-139.99760244"><ele>18.300</ele><time>2026-08-20T16:04:05Z</time><speed>2.873</speed><sat>29</sat></trkpt>
  <trkpt lat="-33.99742667" lon="-139.99760008"><ele>17.600</ele><time>2026-08-20T16:04:06Z</time><speed>2.474</speed><sat>30</sat></trkpt>
  <trkpt lat="-33.99742167" lon="-139.99759653"><ele>17.300</ele><time>2026-08-20T16:04:07Z</time><speed>2.032</speed><sat>30</sat></trkpt>
  <trkpt lat="-33.99741667" lon="-139.99759772"><ele>17.200</ele><time>2026-08-20T16:04:08Z</time><speed>1.596</speed><sat>30</sat></trkpt>
  <trkpt lat="-33.99740833" lon="-139.99760127"><ele>17.900</ele><time>2026-08-20T16:04:09Z</time><speed>1.221</speed><sat>30</sat></trkpt>
  <trkpt lat="-33.99740500" lon="-139.99760481"><ele>18.100</ele><time>2026-08-20T16:04:10Z</time><speed>0.892</speed><sat>30</sat></trkpt>
  <trkpt lat="-33.99740333" lon="-139.99760127"><ele>18.600</ele><time>2026-08-20T16:04:11Z</time><speed>0.653</speed><sat>28</sat></trkpt>
  <trkpt lat="-33.99740167" lon="-139.99759535"><ele>19.200</ele><time>2026-08-20T16:04:12Z</time><speed>0.498</speed><sat>30</sat></trkpt>
  <trkpt lat="-33.99739667" lon="-139.99758944"><ele>19.600</ele><time>2026-08-20T16:04:13Z</time><speed>0.461</speed><sat>29</sat></trkpt>
  <trkpt lat="-33.99739333" lon="-139.99758115"><ele>19.800</ele><time>2026-08-20T16:04:14Z</time><speed>0.405</speed><sat>29</sat></trkpt>
  <trkpt lat="-33.99739333" lon="-139.99757406"><ele>19.700</ele><time>2026-08-20T16:04:15Z</time><speed>0.366</speed><sat>28</sat></trkpt>
  <trkpt lat="-33.99739333" lon="-139.99757169"><ele>19.900</ele><time>2026-08-20T16:04:16Z</time><speed>0.367</speed><sat>29</sat></trkpt>
  <trkpt lat="-33.99738833" lon="-139.99756814"><ele>20.000</ele><time>2026-08-20T16:04:17Z</time><speed>0.411</speed><sat>29</sat></trkpt>
  <trkpt lat="-33.99738333" lon="-139.99756223"><ele>20.100</ele><time>2026-08-20T16:04:18Z</time><speed>0.455</speed><sat>28</sat></trkpt>
  <trkpt lat="-33.99737833" lon="-139.99755750"><ele>20.100</ele><time>2026-08-20T16:04:19Z</time><speed>0.477</speed><sat>29</sat></trkpt>
  <trkpt lat="-33.99737333" lon="-139.99755631"><ele>19.900</ele><time>2026-08-20T16:04:20Z</time><speed>0.504</speed><sat>29</sat></trkpt>
  <trkpt lat="-33.99736500" lon="-139.99755040"><ele>19.700</ele><time>2026-08-20T16:04:21Z</time><speed>0.571</speed><sat>28</sat></trkpt>
  <trkpt lat="-33.99736000" lon="-139.99754804"><ele>19.600</ele><time>2026-08-20T16:04:22Z</time><speed>0.613</speed><sat>28</sat></trkpt>
  <trkpt lat="-33.99735333" lon="-139.99754331"><ele>19.500</ele><time>2026-08-20T16:04:23Z</time><speed>0.595</speed><sat>29</sat></trkpt>
  <trkpt lat="-33.99734833" lon="-139.99753621"><ele>19.500</ele><time>2026-08-20T16:04:24Z</time><speed>0.597</speed><sat>29</sat></trkpt>
  <trkpt lat="-33.99734333" lon="-139.99752556"><ele>19.500</ele><time>2026-08-20T16:04:25Z</time><speed>0.613</speed><sat>29</sat></trkpt>
  <trkpt lat="-33.99733667" lon="-139.99751492"><ele>19.500</ele><time>2026-08-20T16:04:26Z</time><speed>0.634</speed><sat>27</sat></trkpt>
  <trkpt lat="-33.99733000" lon="-139.99750782"><ele>19.500</ele><time>2026-08-20T16:04:27Z</time><speed>0.645</speed><sat>28</sat></trkpt>
  <trkpt lat="-33.99732833" lon="-139.99750191"><ele>19.500</ele><time>2026-08-20T16:04:28Z</time><speed>0.637</speed><sat>28</sat></trkpt>
  <trkpt lat="-33.99732333" lon="-139.99749599"><ele>19.800</ele><time>2026-08-20T16:04:29Z</time><speed>0.630</speed><sat>27</sat></trkpt>
  <trkpt lat="-33.99731833" lon="-139.99749481"><ele>20.100</ele><time>2026-08-20T16:04:30Z</time><speed>0.614</speed><sat>28</sat></trkpt>
  <trkpt lat="-33.99730833" lon="-139.99749599"><ele>20.100</ele><time>2026-08-20T16:04:31Z</time><speed>0.606</speed><sat>28</sat></trkpt>
  <trkpt lat="-33.99729833" lon="-139.99749363"><ele>20.200</ele><time>2026-08-20T16:04:32Z</time><speed>0.653</speed><sat>28</sat></trkpt>
  <trkpt lat="-33.99726833" lon="-139.99746169"><ele>20.300</ele><time>2026-08-20T16:04:33Z</time><speed>1.026</speed><sat>29</sat></trkpt>
  <trkpt lat="-33.99723167" lon="-139.99741793"><ele>19.700</ele><time>2026-08-20T16:04:34Z</time><speed>4.864</speed><sat>29</sat></trkpt>
  <trkpt lat="-33.99718833" lon="-139.99738126"><ele>19.300</ele><time>2026-08-20T16:04:35Z</time><speed>5.300</speed><sat>29</sat></trkpt>
  <trkpt lat="-33.99714833" lon="-139.99733986"><ele>18.500</ele><time>2026-08-20T16:04:36Z</time><speed>5.444</speed><sat>30</sat></trkpt>
  <trkpt lat="-33.99709833" lon="-139.99729610"><ele>17.300</ele><time>2026-08-20T16:04:37Z</time><speed>5.529</speed><sat>30</sat></trkpt>
  <trkpt lat="-33.99705667" lon="-139.99724879"><ele>16.000</ele><time>2026-08-20T16:04:38Z</time><speed>5.396</speed><sat>30</sat></trkpt>
  <trkpt lat="-33.99701500" lon="-139.99721094"><ele>14.100</ele><time>2026-08-20T16:04:39Z</time><speed>5.022</speed><sat>29</sat></trkpt>
  <trkpt lat="-33.99694000" lon="-139.99716954"><ele>12.300</ele><time>2026-08-20T16:04:40Z</time><speed>5.073</speed><sat>29</sat></trkpt>
  <trkpt lat="-33.99689167" lon="-139.99714352"><ele>10.900</ele><time>2026-08-20T16:04:41Z</time><speed>4.776</speed><sat>29</sat></trkpt>
  <trkpt lat="-33.99688167" lon="-139.99714115"><ele>6.100</ele><time>2026-08-20T16:04:42Z</time><speed>3.897</speed><sat>30</sat></trkpt>
  <trkpt lat="-33.99683833" lon="-139.99711395"><ele>6.500</ele><time>2026-08-20T16:04:43Z</time><speed>3.974</speed><sat>30</sat></trkpt>
  <trkpt lat="-33.99681000" lon="-139.99710094"><ele>5.900</ele><time>2026-08-20T16:04:44Z</time><speed>4.774</speed><sat>30</sat></trkpt>
  <trkpt lat="-33.99680667" lon="-139.99711158"><ele>1.700</ele><time>2026-08-20T16:04:45Z</time><speed>4.430</speed><sat>31</sat></trkpt>
  <trkpt lat="-33.99678833" lon="-139.99711276"><ele>0.900</ele><time>2026-08-20T16:04:46Z</time><speed>4.013</speed><sat>30</sat></trkpt>
  <trkpt lat="-33.99677833" lon="-139.99711513"><ele>0.000</ele><time>2026-08-20T16:04:47Z</time><speed>3.516</speed><sat>31</sat></trkpt>
  <trkpt lat="-33.99677167" lon="-139.99712104"><ele>0.400</ele><time>2026-08-20T16:04:48Z</time><speed>2.994</speed><sat>30</sat></trkpt>
  <trkpt lat="-33.99676167" lon="-139.99712695"><ele>2.400</ele><time>2026-08-20T16:04:49Z</time><speed>2.525</speed><sat>30</sat></trkpt>
  <trkpt lat="-33.99675500" lon="-139.99713524"><ele>3.000</ele><time>2026-08-20T16:04:50Z</time><speed>2.056</speed><sat>29</sat></trkpt>
  <trkpt lat="-33.99675500" lon="-139.99713642"><ele>2.600</ele><time>2026-08-20T16:04:51Z</time><speed>1.604</speed><sat>30</sat></trkpt>
  <trkpt lat="-33.99675000" lon="-139.99713642"><ele>3.700</ele><time>2026-08-20T16:04:52Z</time><speed>1.238</speed><sat>29</sat></trkpt>
  <trkpt lat="-33.99674500" lon="-139.99713879"><ele>4.900</ele><time>2026-08-20T16:04:53Z</time><speed>0.862</speed><sat>29</sat></trkpt>
  <trkpt lat="-33.99674167" lon="-139.99713879"><ele>5.400</ele><time>2026-08-20T16:04:54Z</time><speed>0.544</speed><sat>30</sat></trkpt>
  <trkpt lat="-33.99673667" lon="-139.99713760"><ele>6.000</ele><time>2026-08-20T16:04:55Z</time><speed>0.000</speed><sat>31</sat></trkpt>
  <trkpt lat="-33.99673000" lon="-139.99713760"><ele>7.100</ele><time>2026-08-20T16:04:56Z</time><speed>0.000</speed><sat>31</sat></trkpt>
  <trkpt lat="-33.99672667" lon="-139.99713997"><ele>8.400</ele><time>2026-08-20T16:04:57Z</time><speed>0.000</speed><sat>31</sat></trkpt>
  <trkpt lat="-33.99672667" lon="-139.99713997"><ele>8.400</ele><time>2026-08-20T16:04:58Z</time><speed>0.000</speed><sat>31</sat></trkpt>
  <trkpt lat="-33.99672667" lon="-139.99713997"><ele>8.400</ele><time>2026-08-20T16:04:59Z</time><speed>0.000</speed><sat>31</sat></trkpt>
  <trkpt lat="-33.99672667" lon="-139.99713997"><ele>8.400</ele><time>2026-08-20T16:05:00Z</time><speed>0.000</speed><sat>30</sat></trkpt>
  <trkpt lat="-33.99672667" lon="-139.99713997"><ele>8.400</ele><time>2026-08-20T16:05:01Z</time><speed>0.000</speed><sat>30</sat></trkpt>
  <trkpt lat="-33.99672667" lon="-139.99713997"><ele>8.400</ele><time>2026-08-20T16:05:02Z</time><speed>0.000</speed><sat>31</sat></trkpt>
  <trkpt lat="-33.99672667" lon="-139.99713997"><ele>8.400</ele><time>2026-08-20T16:05:03Z</time><speed>0.000</speed><sat>31</sat></trkpt>
  <trkpt lat="-33.99672667" lon="-139.99713997"><ele>8.400</ele><time>2026-08-20T16:05:04Z</time><speed>0.000</speed><sat>31</sat></trkpt>
  <trkpt lat="-33.99672667" lon="-139.99713997"><ele>8.400</ele><time>2026-08-20T16:05:05Z</time><speed>0.000</speed><sat>31</sat></trkpt>
  <trkpt lat="-33.99672667" lon="-139.99713997"><ele>8.400</ele><time>2026-08-20T16:05:06Z</time><speed>0.000</speed><sat>31</sat></trkpt>
  <trkpt lat="-33.99672667" lon="-139.99713997"><ele>8.400</ele><time>2026-08-20T16:05:07Z</time><speed>0.000</speed><sat>30</sat></trkpt>
  <trkpt lat="-33.99672667" lon="-139.99713997"><ele>8.400</ele><time>2026-08-20T16:05:08Z</time><speed>0.000</speed><sat>30</sat></trkpt>
  <trkpt lat="-33.99672667" lon="-139.99713997"><ele>8.400</ele><time>2026-08-20T16:05:09Z</time><speed>0.000</speed><sat>30</sat></trkpt>
  <trkpt lat="-33.99672667" lon="-139.99713997"><ele>8.400</ele><time>2026-08-20T16:05:10Z</time><speed>0.000</speed><sat>29</sat></trkpt>
  <trkpt lat="-33.99672667" lon="-139.99713997"><ele>8.400</ele><time>2026-08-20T16:05:11Z</time><speed>0.000</speed><sat>31</sat></trkpt>
  <trkpt lat="-33.99672667" lon="-139.99713997"><ele>8.400</ele><time>2026-08-20T16:05:12Z</time><speed>0.000</speed><sat>31</sat></trkpt>
  <trkpt lat="-33.99672667" lon="-139.99713997"><ele>8.400</ele><time>2026-08-20T16:05:13Z</time><speed>0.000</speed><sat>31</sat></trkpt>
  <trkpt lat="-33.99665333" lon="-139.99707610"><ele>18.300</ele><time>2026-08-20T16:05:14Z</time><speed>0.391</speed><sat>30</sat></trkpt>
  <trkpt lat="-33.99663167" lon="-139.99704889"><ele>18.600</ele><time>2026-08-20T16:05:15Z</time><speed>0.569</speed><sat>30</sat></trkpt>
  <trkpt lat="-33.99660167" lon="-139.99701459"><ele>18.900</ele><time>2026-08-20T16:05:16Z</time><speed>0.795</speed><sat>31</sat></trkpt>
  <trkpt lat="-33.99656667" lon="-139.99697319"><ele>19.200</ele><time>2026-08-20T16:05:17Z</time><speed>1.055</speed><sat>32</sat></trkpt>
  <trkpt lat="-33.99653667" lon="-139.99694126"><ele>19.000</ele><time>2026-08-20T16:05:18Z</time><speed>1.283</speed><sat>32</sat></trkpt>
  <trkpt lat="-33.99650667" lon="-139.99691523"><ele>19.100</ele><time>2026-08-20T16:05:19Z</time><speed>1.464</speed><sat>32</sat></trkpt>
  <trkpt lat="-33.99649000" lon="-139.99690340"><ele>19.100</ele><time>2026-08-20T16:05:20Z</time><speed>1.565</speed><sat>30</sat></trkpt>
  <trkpt lat="-33.99648167" lon="-139.99689513"><ele>19.400</ele><time>2026-08-20T16:05:21Z</time><speed>1.615</speed><sat>31</sat></trkpt>
  <trkpt lat="-33.99646667" lon="-139.99688685"><ele>19.600</ele><time>2026-08-20T16:05:22Z</time><speed>1.629</speed><sat>32</sat></trkpt>
  <trkpt lat="-33.99645500" lon="-139.99688921"><ele>19.600</ele><time>2026-08-20T16:05:23Z</time><speed>1.584</speed><sat>32</sat></trkpt>
  <trkpt lat="-33.99644667" lon="-139.99689513"><ele>19.500</ele><time>2026-08-20T16:05:24Z</time><speed>1.474</speed><sat>33</sat></trkpt>
  <trkpt lat="-33.99645167" lon="-139.99690223"><ele>19.400</ele><time>2026-08-20T16:05:25Z</time><speed>1.376</speed><sat>31</sat></trkpt>
  <trkpt lat="-33.99645333" lon="-139.99691523"><ele>20.000</ele><time>2026-08-20T16:05:26Z</time><speed>1.234</speed><sat>32</sat></trkpt>
  <trkpt lat="-33.99645167" lon="-139.99692233"><ele>20.700</ele><time>2026-08-20T16:05:27Z</time><speed>1.007</speed><sat>32</sat></trkpt>
  <trkpt lat="-33.99644333" lon="-139.99692943"><ele>21.100</ele><time>2026-08-20T16:05:28Z</time><speed>0.794</speed><sat>33</sat></trkpt>
  <trkpt lat="-33.99643833" lon="-139.99693534"><ele>21.200</ele><time>2026-08-20T16:05:29Z</time><speed>0.617</speed><sat>33</sat></trkpt>
  <trkpt lat="-33.99642833" lon="-139.99693653"><ele>21.100</ele><time>2026-08-20T16:05:30Z</time><speed>0.532</speed><sat>31</sat></trkpt>
  <trkpt lat="-33.99642500" lon="-139.99693534"><ele>21.200</ele><time>2026-08-20T16:05:31Z</time><speed>0.508</speed><sat>32</sat></trkpt>
  <trkpt lat="-33.99641667" lon="-139.99693061"><ele>21.100</ele><time>2026-08-20T16:05:32Z</time><speed>0.530</speed><sat>33</sat></trkpt>
  <trkpt lat="-33.99640667" lon="-139.99692233"><ele>21.000</ele><time>2026-08-20T16:05:33Z</time><speed>0.594</speed><sat>33</sat></trkpt>
  <trkpt lat="-33.99640500" lon="-139.99691287"><ele>21.000</ele><time>2026-08-20T16:05:34Z</time><speed>0.645</speed><sat>33</sat></trkpt>
  <trkpt lat="-33.99641167" lon="-139.99691997"><ele>20.700</ele><time>2026-08-20T16:05:35Z</time><speed>0.614</speed><sat>33</sat></trkpt>
  <trkpt lat="-33.99642000" lon="-139.99692469"><ele>20.500</ele><time>2026-08-20T16:05:36Z</time><speed>0.576</speed><sat>32</sat></trkpt>
  <trkpt lat="-33.99642500" lon="-139.99693179"><ele>20.600</ele><time>2026-08-20T16:05:37Z</time><speed>0.583</speed><sat>32</sat></trkpt>
  <trkpt lat="-33.99642833" lon="-139.99693771"><ele>20.700</ele><time>2026-08-20T16:05:38Z</time><speed>0.601</speed><sat>31</sat></trkpt>
  <trkpt lat="-33.99642667" lon="-139.99694362"><ele>21.400</ele><time>2026-08-20T16:05:39Z</time><speed>0.626</speed><sat>32</sat></trkpt>
  <trkpt lat="-33.99642667" lon="-139.99694599"><ele>21.900</ele><time>2026-08-20T16:05:40Z</time><speed>0.640</speed><sat>32</sat></trkpt>
  <trkpt lat="-33.99642500" lon="-139.99694481"><ele>22.400</ele><time>2026-08-20T16:05:41Z</time><speed>0.000</speed><sat>32</sat></trkpt>
  <trkpt lat="-33.99642667" lon="-139.99694244"><ele>22.700</ele><time>2026-08-20T16:05:42Z</time><speed>0.000</speed><sat>32</sat></trkpt>
  <trkpt lat="-33.99642833" lon="-139.99694481"><ele>22.900</ele><time>2026-08-20T16:05:43Z</time><speed>0.496</speed><sat>32</sat></trkpt>
  <trkpt lat="-33.99642667" lon="-139.99694717"><ele>22.800</ele><time>2026-08-20T16:05:44Z</time><speed>0.000</speed><sat>31</sat></trkpt>
  <trkpt lat="-33.99642500" lon="-139.99694007"><ele>23.000</ele><time>2026-08-20T16:05:45Z</time><speed>0.000</speed><sat>31</sat></trkpt>
  <trkpt lat="-33.99642500" lon="-139.99693416"><ele>22.900</ele><time>2026-08-20T16:05:46Z</time><speed>0.000</speed><sat>32</sat></trkpt>
  <trkpt lat="-33.99642500" lon="-139.99693061"><ele>22.800</ele><time>2026-08-20T16:05:47Z</time><speed>0.000</speed><sat>32</sat></trkpt>
  <trkpt lat="-33.99642500" lon="-139.99693061"><ele>22.800</ele><time>2026-08-20T16:05:48Z</time><speed>0.000</speed><sat>31</sat></trkpt>
  <trkpt lat="-33.99642500" lon="-139.99693061"><ele>22.800</ele><time>2026-08-20T16:05:49Z</time><speed>0.000</speed><sat>32</sat></trkpt>
  <trkpt lat="-33.99642500" lon="-139.99693061"><ele>22.800</ele><time>2026-08-20T16:05:50Z</time><speed>0.000</speed><sat>31</sat></trkpt>
  <trkpt lat="-33.99642500" lon="-139.99693061"><ele>22.800</ele><time>2026-08-20T16:05:51Z</time><speed>0.000</speed><sat>31</sat></trkpt>
  <trkpt lat="-33.99642500" lon="-139.99693061"><ele>22.800</ele><time>2026-08-20T16:05:52Z</time><speed>0.000</speed><sat>31</sat></trkpt>
  <trkpt lat="-33.99642500" lon="-139.99693061"><ele>22.800</ele><time>2026-08-20T16:05:53Z</time><speed>0.000</speed><sat>30</sat></trkpt>
  <trkpt lat="-33.99642500" lon="-139.99693061"><ele>22.800</ele><time>2026-08-20T16:05:54Z</time><speed>0.000</speed><sat>31</sat></trkpt>
  <trkpt lat="-33.99642500" lon="-139.99693061"><ele>22.800</ele><time>2026-08-20T16:05:55Z</time><speed>0.000</speed><sat>30</sat></trkpt>
  <trkpt lat="-33.99642500" lon="-139.99693061"><ele>22.800</ele><time>2026-08-20T16:05:56Z</time><speed>0.000</speed><sat>30</sat></trkpt>
  <trkpt lat="-33.99642500" lon="-139.99693061"><ele>22.800</ele><time>2026-08-20T16:05:57Z</time><speed>0.000</speed><sat>30</sat></trkpt>
  <trkpt lat="-33.99642500" lon="-139.99693061"><ele>22.800</ele><time>2026-08-20T16:05:58Z</time><speed>0.000</speed><sat>29</sat></trkpt>
  <trkpt lat="-33.99642500" lon="-139.99693061"><ele>22.800</ele><time>2026-08-20T16:05:59Z</time><speed>0.000</speed><sat>27</sat></trkpt>
  <trkpt lat="-33.99642500" lon="-139.99693061"><ele>22.800</ele><time>2026-08-20T16:06:00Z</time><speed>0.000</speed><sat>27</sat></trkpt>
  <trkpt lat="-33.99642500" lon="-139.99693061"><ele>22.800</ele><time>2026-08-20T16:06:01Z</time><speed>0.000</speed><sat>27</sat></trkpt>
  <trkpt lat="-33.99642500" lon="-139.99693061"><ele>22.800</ele><time>2026-08-20T16:06:02Z</time><speed>0.000</speed><sat>29</sat></trkpt>
  <trkpt lat="-33.99642500" lon="-139.99693061"><ele>22.800</ele><time>2026-08-20T16:06:03Z</time><speed>0.000</speed><sat>30</sat></trkpt>
  <trkpt lat="-33.99642500" lon="-139.99693061"><ele>22.800</ele><time>2026-08-20T16:06:04Z</time><speed>0.000</speed><sat>30</sat></trkpt>
  <trkpt lat="-33.99642500" lon="-139.99693061"><ele>22.800</ele><time>2026-08-20T16:06:05Z</time><speed>0.000</speed><sat>30</sat></trkpt>
  <trkpt lat="-33.99642500" lon="-139.99693061"><ele>22.800</ele><time>2026-08-20T16:06:06Z</time><speed>0.000</speed><sat>30</sat></trkpt>
  <trkpt lat="-33.99642500" lon="-139.99693061"><ele>22.800</ele><time>2026-08-20T16:06:07Z</time><speed>0.000</speed><sat>29</sat></trkpt>
  <trkpt lat="-33.99642500" lon="-139.99693061"><ele>22.800</ele><time>2026-08-20T16:06:08Z</time><speed>0.000</speed><sat>29</sat></trkpt>
  <trkpt lat="-33.99643167" lon="-139.99690340"><ele>28.200</ele><time>2026-08-20T16:06:09Z</time><speed>0.241</speed><sat>30</sat></trkpt>
  <trkpt lat="-33.99643333" lon="-139.99689394"><ele>28.900</ele><time>2026-08-20T16:06:10Z</time><speed>0.277</speed><sat>30</sat></trkpt>
  <trkpt lat="-33.99643667" lon="-139.99688921"><ele>29.500</ele><time>2026-08-20T16:06:11Z</time><speed>0.309</speed><sat>29</sat></trkpt>
  <trkpt lat="-33.99644333" lon="-139.99688803"><ele>29.900</ele><time>2026-08-20T16:06:12Z</time><speed>0.346</speed><sat>29</sat></trkpt>
  <trkpt lat="-33.99645667" lon="-139.99688803"><ele>30.000</ele><time>2026-08-20T16:06:13Z</time><speed>0.398</speed><sat>28</sat></trkpt>
  <trkpt lat="-33.99645167" lon="-139.99689276"><ele>30.400</ele><time>2026-08-20T16:06:14Z</time><speed>0.431</speed><sat>30</sat></trkpt>
  <trkpt lat="-33.99644833" lon="-139.99690104"><ele>30.900</ele><time>2026-08-20T16:06:15Z</time><speed>0.441</speed><sat>30</sat></trkpt>
  <trkpt lat="-33.99644500" lon="-139.99690459"><ele>31.100</ele><time>2026-08-20T16:06:16Z</time><speed>0.443</speed><sat>31</sat></trkpt>
  <trkpt lat="-33.99643333" lon="-139.99689394"><ele>31.300</ele><time>2026-08-20T16:06:17Z</time><speed>0.640</speed><sat>31</sat></trkpt>
  <trkpt lat="-33.99642000" lon="-139.99687384"><ele>31.800</ele><time>2026-08-20T16:06:18Z</time><speed>0.840</speed><sat>30</sat></trkpt>
  <trkpt lat="-33.99640000" lon="-139.99685136"><ele>32.000</ele><time>2026-08-20T16:06:19Z</time><speed>1.058</speed><sat>29</sat></trkpt>
  <trkpt lat="-33.99637667" lon="-139.99683007"><ele>32.100</ele><time>2026-08-20T16:06:20Z</time><speed>1.304</speed><sat>29</sat></trkpt>
  <trkpt lat="-33.99633000" lon="-139.99679459"><ele>32.000</ele><time>2026-08-20T16:06:21Z</time><speed>1.657</speed><sat>30</sat></trkpt>
  <trkpt lat="-33.99628667" lon="-139.99676856"><ele>32.100</ele><time>2026-08-20T16:06:22Z</time><speed>2.064</speed><sat>30</sat></trkpt>
  <trkpt lat="-33.99623667" lon="-139.99674964"><ele>32.400</ele><time>2026-08-20T16:06:23Z</time><speed>2.501</speed><sat>31</sat></trkpt>
  <trkpt lat="-33.99617000" lon="-139.99672480"><ele>32.400</ele><time>2026-08-20T16:06:24Z</time><speed>3.001</speed><sat>31</sat></trkpt>
  <trkpt lat="-33.99611833" lon="-139.99669760"><ele>32.400</ele><time>2026-08-20T16:06:25Z</time><speed>3.498</speed><sat>31</sat></trkpt>
  <trkpt lat="-33.99607333" lon="-139.99667513"><ele>32.200</ele><time>2026-08-20T16:06:26Z</time><speed>3.952</speed><sat>31</sat></trkpt>
  <trkpt lat="-33.99602333" lon="-139.99665620"><ele>30.600</ele><time>2026-08-20T16:06:27Z</time><speed>4.183</speed><sat>31</sat></trkpt>
  <trkpt lat="-33.99596833" lon="-139.99662781"><ele>28.700</ele><time>2026-08-20T16:06:28Z</time><speed>4.381</speed><sat>30</sat></trkpt>
  <trkpt lat="-33.99593333" lon="-139.99660179"><ele>28.100</ele><time>2026-08-20T16:06:29Z</time><speed>4.513</speed><sat>31</sat></trkpt>
  <trkpt lat="-33.99590333" lon="-139.99658405"><ele>27.200</ele><time>2026-08-20T16:06:30Z</time><speed>4.582</speed><sat>31</sat></trkpt>
  <trkpt lat="-33.99587167" lon="-139.99657695"><ele>26.400</ele><time>2026-08-20T16:06:31Z</time><speed>4.469</speed><sat>32</sat></trkpt>
  <trkpt lat="-33.99584333" lon="-139.99656985"><ele>25.400</ele><time>2026-08-20T16:06:32Z</time><speed>4.278</speed><sat>32</sat></trkpt>
  <trkpt lat="-33.99576833" lon="-139.99655330"><ele>24.900</ele><time>2026-08-20T16:06:33Z</time><speed>4.093</speed><sat>32</sat></trkpt>
  <trkpt lat="-33.99572667" lon="-139.99654501"><ele>23.200</ele><time>2026-08-20T16:06:34Z</time><speed>3.905</speed><sat>32</sat></trkpt>
  <trkpt lat="-33.99569000" lon="-139.99653674"><ele>22.200</ele><time>2026-08-20T16:06:35Z</time><speed>3.727</speed><sat>32</sat></trkpt>
  <trkpt lat="-33.99566667" lon="-139.99653082"><ele>21.600</ele><time>2026-08-20T16:06:36Z</time><speed>3.527</speed><sat>32</sat></trkpt>
  <trkpt lat="-33.99563667" lon="-139.99652136"><ele>21.300</ele><time>2026-08-20T16:06:37Z</time><speed>3.306</speed><sat>32</sat></trkpt>
  <trkpt lat="-33.99561833" lon="-139.99651663"><ele>19.900</ele><time>2026-08-20T16:06:38Z</time><speed>2.990</speed><sat>31</sat></trkpt>
  <trkpt lat="-33.99560833" lon="-139.99651426"><ele>19.400</ele><time>2026-08-20T16:06:39Z</time><speed>2.629</speed><sat>32</sat></trkpt>
  <trkpt lat="-33.99560500" lon="-139.99652136"><ele>18.600</ele><time>2026-08-20T16:06:40Z</time><speed>2.342</speed><sat>31</sat></trkpt>
  <trkpt lat="-33.99561000" lon="-139.99652964"><ele>17.600</ele><time>2026-08-20T16:06:41Z</time><speed>2.145</speed><sat>31</sat></trkpt>
  <trkpt lat="-33.99562167" lon="-139.99653555"><ele>17.000</ele><time>2026-08-20T16:06:42Z</time><speed>2.066</speed><sat>29</sat></trkpt>
  <trkpt lat="-33.99563333" lon="-139.99654265"><ele>16.700</ele><time>2026-08-20T16:06:43Z</time><speed>1.898</speed><sat>30</sat></trkpt>
  <trkpt lat="-33.99564333" lon="-139.99654856"><ele>16.500</ele><time>2026-08-20T16:06:44Z</time><speed>1.688</speed><sat>31</sat></trkpt>
  <trkpt lat="-33.99565333" lon="-139.99655330"><ele>16.400</ele><time>2026-08-20T16:06:45Z</time><speed>1.421</speed><sat>31</sat></trkpt>
  <trkpt lat="-33.99565000" lon="-139.99655448"><ele>16.100</ele><time>2026-08-20T16:06:46Z</time><speed>1.161</speed><sat>32</sat></trkpt>
  <trkpt lat="-33.99565000" lon="-139.99654856"><ele>16.300</ele><time>2026-08-20T16:06:47Z</time><speed>0.962</speed><sat>32</sat></trkpt>
  <trkpt lat="-33.99564833" lon="-139.99653910"><ele>16.400</ele><time>2026-08-20T16:06:48Z</time><speed>0.875</speed><sat>32</sat></trkpt>
  <trkpt lat="-33.99564833" lon="-139.99652609"><ele>16.400</ele><time>2026-08-20T16:06:49Z</time><speed>0.846</speed><sat>31</sat></trkpt>
  <trkpt lat="-33.99564167" lon="-139.99651190"><ele>16.400</ele><time>2026-08-20T16:06:50Z</time><speed>0.839</speed><sat>31</sat></trkpt>
  <trkpt lat="-33.99563167" lon="-139.99650598"><ele>16.300</ele><time>2026-08-20T16:06:51Z</time><speed>0.828</speed><sat>30</sat></trkpt>
  <trkpt lat="-33.99562833" lon="-139.99648942"><ele>16.400</ele><time>2026-08-20T16:06:52Z</time><speed>0.676</speed><sat>31</sat></trkpt>
  <trkpt lat="-33.99562500" lon="-139.99647996"><ele>16.500</ele><time>2026-08-20T16:06:53Z</time><speed>0.547</speed><sat>33</sat></trkpt>
  <trkpt lat="-33.99562167" lon="-139.99647523"><ele>16.700</ele><time>2026-08-20T16:06:54Z</time><speed>0.427</speed><sat>33</sat></trkpt>
  <trkpt lat="-33.99562000" lon="-139.99647287"><ele>16.900</ele><time>2026-08-20T16:06:55Z</time><speed>0.000</speed><sat>33</sat></trkpt>
  <trkpt lat="-33.99562167" lon="-139.99647759"><ele>17.100</ele><time>2026-08-20T16:06:56Z</time><speed>0.000</speed><sat>33</sat></trkpt>
  <trkpt lat="-33.99562667" lon="-139.99648824"><ele>17.200</ele><time>2026-08-20T16:06:57Z</time><speed>0.000</speed><sat>33</sat></trkpt>
  <trkpt lat="-33.99562667" lon="-139.99649652"><ele>17.300</ele><time>2026-08-20T16:06:58Z</time><speed>0.482</speed><sat>33</sat></trkpt>
  <trkpt lat="-33.99561667" lon="-139.99650362"><ele>17.400</ele><time>2026-08-20T16:06:59Z</time><speed>0.577</speed><sat>33</sat></trkpt>
  <trkpt lat="-33.99560000" lon="-139.99650362"><ele>17.600</ele><time>2026-08-20T16:07:00Z</time><speed>0.689</speed><sat>33</sat></trkpt>
  <trkpt lat="-33.99557667" lon="-139.99650007"><ele>17.800</ele><time>2026-08-20T16:07:01Z</time><speed>0.833</speed><sat>33</sat></trkpt>
  <trkpt lat="-33.99554667" lon="-139.99650007"><ele>18.100</ele><time>2026-08-20T16:07:02Z</time><speed>1.027</speed><sat>33</sat></trkpt>
  <trkpt lat="-33.99554833" lon="-139.99650835"><ele>18.800</ele><time>2026-08-20T16:07:03Z</time><speed>1.092</speed><sat>32</sat></trkpt>
  <trkpt lat="-33.99555000" lon="-139.99651308"><ele>19.100</ele><time>2026-08-20T16:07:04Z</time><speed>1.074</speed><sat>32</sat></trkpt>
  <trkpt lat="-33.99555167" lon="-139.99651781"><ele>19.500</ele><time>2026-08-20T16:07:05Z</time><speed>1.057</speed><sat>32</sat></trkpt>
  <trkpt lat="-33.99555333" lon="-139.99652136"><ele>20.000</ele><time>2026-08-20T16:07:06Z</time><speed>1.048</speed><sat>31</sat></trkpt>
  <trkpt lat="-33.99555500" lon="-139.99652136"><ele>20.400</ele><time>2026-08-20T16:07:07Z</time><speed>1.009</speed><sat>31</sat></trkpt>
  <trkpt lat="-33.99555167" lon="-139.99652609"><ele>20.700</ele><time>2026-08-20T16:07:08Z</time><speed>0.936</speed><sat>32</sat></trkpt>
  <trkpt lat="-33.99554667" lon="-139.99653082"><ele>21.300</ele><time>2026-08-20T16:07:09Z</time><speed>0.870</speed><sat>32</sat></trkpt>
  <trkpt lat="-33.99553500" lon="-139.99653319"><ele>21.600</ele><time>2026-08-20T16:07:10Z</time><speed>0.789</speed><sat>32</sat></trkpt>
  <trkpt lat="-33.99551667" lon="-139.99654384"><ele>21.700</ele><time>2026-08-20T16:07:11Z</time><speed>0.706</speed><sat>32</sat></trkpt>
  <trkpt lat="-33.99549833" lon="-139.99655566"><ele>21.900</ele><time>2026-08-20T16:07:12Z</time><speed>0.651</speed><sat>32</sat></trkpt>
  <trkpt lat="-33.99547500" lon="-139.99656985"><ele>21.900</ele><time>2026-08-20T16:07:13Z</time><speed>0.782</speed><sat>31</sat></trkpt>
  <trkpt lat="-33.99545000" lon="-139.99658168"><ele>22.200</ele><time>2026-08-20T16:07:14Z</time><speed>0.951</speed><sat>32</sat></trkpt>
  <trkpt lat="-33.99543167" lon="-139.99658642"><ele>22.800</ele><time>2026-08-20T16:07:15Z</time><speed>1.059</speed><sat>31</sat></trkpt>
  <trkpt lat="-33.99541333" lon="-139.99659351"><ele>22.700</ele><time>2026-08-20T16:07:16Z</time><speed>1.211</speed><sat>32</sat></trkpt>
  <trkpt lat="-33.99540000" lon="-139.99661126"><ele>22.800</ele><time>2026-08-20T16:07:17Z</time><speed>1.372</speed><sat>33</sat></trkpt>
  <trkpt lat="-33.99538333" lon="-139.99662545"><ele>22.800</ele><time>2026-08-20T16:07:18Z</time><speed>1.507</speed><sat>33</sat></trkpt>
  <trkpt lat="-33.99536333" lon="-139.99663964"><ele>22.800</ele><time>2026-08-20T16:07:19Z</time><speed>1.675</speed><sat>33</sat></trkpt>
  <trkpt lat="-33.99534000" lon="-139.99665501"><ele>22.900</ele><time>2026-08-20T16:07:20Z</time><speed>1.800</speed><sat>33</sat></trkpt>
  <trkpt lat="-33.99532167" lon="-139.99666566"><ele>23.000</ele><time>2026-08-20T16:07:21Z</time><speed>1.799</speed><sat>33</sat></trkpt>
  <trkpt lat="-33.99530833" lon="-139.99667039"><ele>23.300</ele><time>2026-08-20T16:07:22Z</time><speed>1.694</speed><sat>33</sat></trkpt>
  <trkpt lat="-33.99529833" lon="-139.99666803"><ele>23.500</ele><time>2026-08-20T16:07:23Z</time><speed>1.540</speed><sat>32</sat></trkpt>
  <trkpt lat="-33.99529833" lon="-139.99666684"><ele>23.600</ele><time>2026-08-20T16:07:24Z</time><speed>1.406</speed><sat>31</sat></trkpt>
  <trkpt lat="-33.99529500" lon="-139.99666803"><ele>23.700</ele><time>2026-08-20T16:07:25Z</time><speed>1.328</speed><sat>32</sat></trkpt>
  <trkpt lat="-33.99529833" lon="-139.99667394"><ele>23.300</ele><time>2026-08-20T16:07:26Z</time><speed>1.202</speed><sat>31</sat></trkpt>
  <trkpt lat="-33.99530167" lon="-139.99667868"><ele>23.400</ele><time>2026-08-20T16:07:27Z</time><speed>1.056</speed><sat>33</sat></trkpt>
  <trkpt lat="-33.99531333" lon="-139.99667630"><ele>23.500</ele><time>2026-08-20T16:07:28Z</time><speed>0.976</speed><sat>32</sat></trkpt>
  <trkpt lat="-33.99533333" lon="-139.99666803"><ele>23.300</ele><time>2026-08-20T16:07:29Z</time><speed>0.928</speed><sat>30</sat></trkpt>
  <trkpt lat="-33.99536000" lon="-139.99665384"><ele>23.300</ele><time>2026-08-20T16:07:30Z</time><speed>0.933</speed><sat>31</sat></trkpt>
  <trkpt lat="-33.99538333" lon="-139.99663727"><ele>23.100</ele><time>2026-08-20T16:07:31Z</time><speed>1.004</speed><sat>31</sat></trkpt>
  <trkpt lat="-33.99539333" lon="-139.99662781"><ele>23.200</ele><time>2026-08-20T16:07:32Z</time><speed>1.047</speed><sat>31</sat></trkpt>
  <trkpt lat="-33.99539167" lon="-139.99662663"><ele>23.400</ele><time>2026-08-20T16:07:33Z</time><speed>1.027</speed><sat>31</sat></trkpt>
  <trkpt lat="-33.99537500" lon="-139.99663136"><ele>23.700</ele><time>2026-08-20T16:07:34Z</time><speed>1.048</speed><sat>31</sat></trkpt>
  <trkpt lat="-33.99535167" lon="-139.99664082"><ele>23.800</ele><time>2026-08-20T16:07:35Z</time><speed>1.162</speed><sat>31</sat></trkpt>
  <trkpt lat="-33.99533333" lon="-139.99665029"><ele>23.700</ele><time>2026-08-20T16:07:36Z</time><speed>1.257</speed><sat>32</sat></trkpt>
  <trkpt lat="-33.99533000" lon="-139.99665265"><ele>23.800</ele><time>2026-08-20T16:07:37Z</time><speed>1.282</speed><sat>31</sat></trkpt>
  <trkpt lat="-33.99533667" lon="-139.99664792"><ele>23.600</ele><time>2026-08-20T16:07:38Z</time><speed>1.213</speed><sat>31</sat></trkpt>
  <trkpt lat="-33.99535000" lon="-139.99663964"><ele>23.400</ele><time>2026-08-20T16:07:39Z</time><speed>1.138</speed><sat>31</sat></trkpt>
  <trkpt lat="-33.99536500" lon="-139.99663609"><ele>23.100</ele><time>2026-08-20T16:07:40Z</time><speed>1.029</speed><sat>30</sat></trkpt>
  <trkpt lat="-33.99537667" lon="-139.99663491"><ele>23.000</ele><time>2026-08-20T16:07:41Z</time><speed>0.905</speed><sat>30</sat></trkpt>
  <trkpt lat="-33.99538167" lon="-139.99664082"><ele>23.000</ele><time>2026-08-20T16:07:42Z</time><speed>0.826</speed><sat>31</sat></trkpt>
  <trkpt lat="-33.99538167" lon="-139.99664319"><ele>22.700</ele><time>2026-08-20T16:07:43Z</time><speed>0.822</speed><sat>32</sat></trkpt>
  <trkpt lat="-33.99537833" lon="-139.99663846"><ele>22.300</ele><time>2026-08-20T16:07:44Z</time><speed>0.823</speed><sat>31</sat></trkpt>
  <trkpt lat="-33.99538333" lon="-139.99663609"><ele>22.100</ele><time>2026-08-20T16:07:45Z</time><speed>0.710</speed><sat>31</sat></trkpt>
  <trkpt lat="-33.99539167" lon="-139.99663491"><ele>22.200</ele><time>2026-08-20T16:07:46Z</time><speed>0.617</speed><sat>31</sat></trkpt>
  <trkpt lat="-33.99539500" lon="-139.99663609"><ele>22.300</ele><time>2026-08-20T16:07:47Z</time><speed>0.588</speed><sat>31</sat></trkpt>
  <trkpt lat="-33.99539333" lon="-139.99664082"><ele>22.300</ele><time>2026-08-20T16:07:48Z</time><speed>0.578</speed><sat>31</sat></trkpt>
  <trkpt lat="-33.99538333" lon="-139.99664555"><ele>22.200</ele><time>2026-08-20T16:07:49Z</time><speed>0.522</speed><sat>31</sat></trkpt>
  <trkpt lat="-33.99537333" lon="-139.99665029"><ele>22.200</ele><time>2026-08-20T16:07:50Z</time><speed>0.444</speed><sat>31</sat></trkpt>
  <trkpt lat="-33.99535667" lon="-139.99665384"><ele>22.100</ele><time>2026-08-20T16:07:51Z</time><speed>0.429</speed><sat>31</sat></trkpt>
  <trkpt lat="-33.99534333" lon="-139.99665620"><ele>22.100</ele><time>2026-08-20T16:07:52Z</time><speed>0.485</speed><sat>31</sat></trkpt>
  <trkpt lat="-33.99533333" lon="-139.99666211"><ele>21.900</ele><time>2026-08-20T16:07:53Z</time><speed>0.539</speed><sat>31</sat></trkpt>
  <trkpt lat="-33.99532000" lon="-139.99666803"><ele>21.700</ele><time>2026-08-20T16:07:54Z</time><speed>0.572</speed><sat>31</sat></trkpt>
  <trkpt lat="-33.99530500" lon="-139.99667513"><ele>21.700</ele><time>2026-08-20T16:07:55Z</time><speed>0.647</speed><sat>31</sat></trkpt>
  <trkpt lat="-33.99529333" lon="-139.99667868"><ele>21.400</ele><time>2026-08-20T16:07:56Z</time><speed>0.709</speed><sat>31</sat></trkpt>
  <trkpt lat="-33.99528167" lon="-139.99668577"><ele>21.300</ele><time>2026-08-20T16:07:57Z</time><speed>0.763</speed><sat>32</sat></trkpt>
  <trkpt lat="-33.99526667" lon="-139.99669168"><ele>21.000</ele><time>2026-08-20T16:07:58Z</time><speed>0.843</speed><sat>31</sat></trkpt>
  <trkpt lat="-33.99525333" lon="-139.99669642"><ele>21.000</ele><time>2026-08-20T16:07:59Z</time><speed>0.893</speed><sat>31</sat></trkpt>
  <trkpt lat="-33.99524000" lon="-139.99669760"><ele>21.100</ele><time>2026-08-20T16:08:00Z</time><speed>0.939</speed><sat>31</sat></trkpt>
  <trkpt lat="-33.99522500" lon="-139.99670114"><ele>21.100</ele><time>2026-08-20T16:08:01Z</time><speed>0.967</speed><sat>31</sat></trkpt>
  <trkpt lat="-33.99521500" lon="-139.99670824"><ele>21.000</ele><time>2026-08-20T16:08:02Z</time><speed>0.982</speed><sat>32</sat></trkpt>
  <trkpt lat="-33.99519833" lon="-139.99671534"><ele>20.700</ele><time>2026-08-20T16:08:03Z</time><speed>1.017</speed><sat>31</sat></trkpt>
  <trkpt lat="-33.99518500" lon="-139.99672243"><ele>20.800</ele><time>2026-08-20T16:08:04Z</time><speed>1.052</speed><sat>31</sat></trkpt>
  <trkpt lat="-33.99516667" lon="-139.99673308"><ele>20.600</ele><time>2026-08-20T16:08:05Z</time><speed>1.095</speed><sat>30</sat></trkpt>
  <trkpt lat="-33.99515333" lon="-139.99674610"><ele>21.200</ele><time>2026-08-20T16:08:06Z</time><speed>1.123</speed><sat>29</sat></trkpt>
  <trkpt lat="-33.99515500" lon="-139.99675319"><ele>21.500</ele><time>2026-08-20T16:08:07Z</time><speed>1.079</speed><sat>30</sat></trkpt>
  <trkpt lat="-33.99516167" lon="-139.99675556"><ele>21.700</ele><time>2026-08-20T16:08:08Z</time><speed>1.015</speed><sat>31</sat></trkpt>
  <trkpt lat="-33.99515667" lon="-139.99675556"><ele>22.000</ele><time>2026-08-20T16:08:09Z</time><speed>1.001</speed><sat>31</sat></trkpt>
  <trkpt lat="-33.99515000" lon="-139.99676029"><ele>22.100</ele><time>2026-08-20T16:08:10Z</time><speed>1.011</speed><sat>30</sat></trkpt>
  <trkpt lat="-33.99514167" lon="-139.99676739"><ele>22.100</ele><time>2026-08-20T16:08:11Z</time><speed>1.003</speed><sat>31</sat></trkpt>
  <trkpt lat="-33.99512500" lon="-139.99676975"><ele>22.000</ele><time>2026-08-20T16:08:12Z</time><speed>0.987</speed><sat>30</sat></trkpt>
  <trkpt lat="-33.99512000" lon="-139.99676620"><ele>22.300</ele><time>2026-08-20T16:08:13Z</time><speed>0.909</speed><sat>29</sat></trkpt>
  <trkpt lat="-33.99512167" lon="-139.99676147"><ele>22.800</ele><time>2026-08-20T16:08:14Z</time><speed>0.830</speed><sat>29</sat></trkpt>
  <trkpt lat="-33.99511500" lon="-139.99677093"><ele>22.700</ele><time>2026-08-20T16:08:15Z</time><speed>0.770</speed><sat>30</sat></trkpt>
  <trkpt lat="-33.99510500" lon="-139.99677685"><ele>22.700</ele><time>2026-08-20T16:08:16Z</time><speed>0.750</speed><sat>30</sat></trkpt>
  <trkpt lat="-33.99509500" lon="-139.99677448"><ele>22.800</ele><time>2026-08-20T16:08:17Z</time><speed>0.827</speed><sat>31</sat></trkpt>
  <trkpt lat="-33.99508833" lon="-139.99676384"><ele>22.900</ele><time>2026-08-20T16:08:18Z</time><speed>0.893</speed><sat>30</sat></trkpt>
  <trkpt lat="-33.99508667" lon="-139.99674255"><ele>23.200</ele><time>2026-08-20T16:08:19Z</time><speed>0.931</speed><sat>30</sat></trkpt>
  <trkpt lat="-33.99508500" lon="-139.99670943"><ele>23.400</ele><time>2026-08-20T16:08:20Z</time><speed>0.991</speed><sat>30</sat></trkpt>
  <trkpt lat="-33.99508167" lon="-139.99666803"><ele>23.800</ele><time>2026-08-20T16:08:21Z</time><speed>1.114</speed><sat>31</sat></trkpt>
  <trkpt lat="-33.99507500" lon="-139.99662190"><ele>23.900</ele><time>2026-08-20T16:08:22Z</time><speed>1.325</speed><sat>32</sat></trkpt>
  <trkpt lat="-33.99507500" lon="-139.99658759"><ele>23.600</ele><time>2026-08-20T16:08:23Z</time><speed>1.416</speed><sat>32</sat></trkpt>
  <trkpt lat="-33.99507000" lon="-139.99656749"><ele>23.500</ele><time>2026-08-20T16:08:24Z</time><speed>1.442</speed><sat>31</sat></trkpt>
  <trkpt lat="-33.99507000" lon="-139.99655211"><ele>23.800</ele><time>2026-08-20T16:08:25Z</time><speed>1.358</speed><sat>32</sat></trkpt>
  <trkpt lat="-33.99507167" lon="-139.99654384"><ele>24.000</ele><time>2026-08-20T16:08:26Z</time><speed>1.278</speed><sat>31</sat></trkpt>
  <trkpt lat="-33.99506833" lon="-139.99653555"><ele>24.200</ele><time>2026-08-20T16:08:27Z</time><speed>1.212</speed><sat>29</sat></trkpt>
  <trkpt lat="-33.99506833" lon="-139.99652254"><ele>24.500</ele><time>2026-08-20T16:08:28Z</time><speed>1.163</speed><sat>31</sat></trkpt>
  <trkpt lat="-33.99507333" lon="-139.99650598"><ele>24.600</ele><time>2026-08-20T16:08:29Z</time><speed>1.123</speed><sat>30</sat></trkpt>
  <trkpt lat="-33.99507667" lon="-139.99648351"><ele>24.800</ele><time>2026-08-20T16:08:30Z</time><speed>1.048</speed><sat>32</sat></trkpt>
  <trkpt lat="-33.99507833" lon="-139.99645630"><ele>24.800</ele><time>2026-08-20T16:08:31Z</time><speed>0.928</speed><sat>32</sat></trkpt>
  <trkpt lat="-33.99507500" lon="-139.99642674"><ele>25.000</ele><time>2026-08-20T16:08:32Z</time><speed>0.744</speed><sat>32</sat></trkpt>
  <trkpt lat="-33.99507167" lon="-139.99639953"><ele>24.700</ele><time>2026-08-20T16:08:33Z</time><speed>0.744</speed><sat>32</sat></trkpt>
  <trkpt lat="-33.99506667" lon="-139.99636404"><ele>24.200</ele><time>2026-08-20T16:08:34Z</time><speed>0.825</speed><sat>31</sat></trkpt>
  <trkpt lat="-33.99505833" lon="-139.99632974"><ele>24.200</ele><time>2026-08-20T16:08:35Z</time><speed>0.995</speed><sat>32</sat></trkpt>
  <trkpt lat="-33.99505167" lon="-139.99629426"><ele>23.900</ele><time>2026-08-20T16:08:36Z</time><speed>1.156</speed><sat>32</sat></trkpt>
  <trkpt lat="-33.99504167" lon="-139.99625404"><ele>23.800</ele><time>2026-08-20T16:08:37Z</time><speed>1.360</speed><sat>32</sat></trkpt>
  <trkpt lat="-33.99503333" lon="-139.99622093"><ele>23.700</ele><time>2026-08-20T16:08:38Z</time><speed>1.523</speed><sat>32</sat></trkpt>
  <trkpt lat="-33.99502500" lon="-139.99619372"><ele>23.500</ele><time>2026-08-20T16:08:39Z</time><speed>1.610</speed><sat>32</sat></trkpt>
  <trkpt lat="-33.99501500" lon="-139.99616533"><ele>23.200</ele><time>2026-08-20T16:08:40Z</time><speed>1.698</speed><sat>32</sat></trkpt>
  <trkpt lat="-33.99500667" lon="-139.99614404"><ele>23.300</ele><time>2026-08-20T16:08:41Z</time><speed>1.756</speed><sat>32</sat></trkpt>
  <trkpt lat="-33.99499833" lon="-139.99612512"><ele>23.400</ele><time>2026-08-20T16:08:42Z</time><speed>1.796</speed><sat>32</sat></trkpt>
  <trkpt lat="-33.99498500" lon="-139.99610619"><ele>23.300</ele><time>2026-08-20T16:08:43Z</time><speed>1.844</speed><sat>31</sat></trkpt>
  <trkpt lat="-33.99496667" lon="-139.99608727"><ele>23.600</ele><time>2026-08-20T16:08:44Z</time><speed>1.860</speed><sat>32</sat></trkpt>
  <trkpt lat="-33.99495667" lon="-139.99606835"><ele>23.700</ele><time>2026-08-20T16:08:45Z</time><speed>1.812</speed><sat>32</sat></trkpt>
  <trkpt lat="-33.99495333" lon="-139.99606006"><ele>24.000</ele><time>2026-08-20T16:08:46Z</time><speed>1.688</speed><sat>32</sat></trkpt>
  <trkpt lat="-33.99495500" lon="-139.99605652"><ele>24.400</ele><time>2026-08-20T16:08:47Z</time><speed>1.467</speed><sat>31</sat></trkpt>
  <trkpt lat="-33.99495333" lon="-139.99605297"><ele>25.000</ele><time>2026-08-20T16:08:48Z</time><speed>1.273</speed><sat>31</sat></trkpt>
  <trkpt lat="-33.99495833" lon="-139.99605178"><ele>25.300</ele><time>2026-08-20T16:08:49Z</time><speed>1.121</speed><sat>30</sat></trkpt>
  <trkpt lat="-33.99495500" lon="-139.99605533"><ele>25.500</ele><time>2026-08-20T16:08:50Z</time><speed>0.958</speed><sat>30</sat></trkpt>
  <trkpt lat="-33.99494833" lon="-139.99605652"><ele>25.500</ele><time>2026-08-20T16:08:51Z</time><speed>0.830</speed><sat>30</sat></trkpt>
  <trkpt lat="-33.99495500" lon="-139.99606361"><ele>25.600</ele><time>2026-08-20T16:08:52Z</time><speed>0.789</speed><sat>31</sat></trkpt>
  <trkpt lat="-33.99496500" lon="-139.99607426"><ele>25.400</ele><time>2026-08-20T16:08:53Z</time><speed>0.700</speed><sat>32</sat></trkpt>
  <trkpt lat="-33.99497500" lon="-139.99608609"><ele>25.300</ele><time>2026-08-20T16:08:54Z</time><speed>0.600</speed><sat>32</sat></trkpt>
  <trkpt lat="-33.99498667" lon="-139.99610383"><ele>25.300</ele><time>2026-08-20T16:08:55Z</time><speed>0.596</speed><sat>32</sat></trkpt>
  <trkpt lat="-33.99499167" lon="-139.99613340"><ele>25.100</ele><time>2026-08-20T16:08:56Z</time><speed>0.686</speed><sat>31</sat></trkpt>
  <trkpt lat="-33.99499667" lon="-139.99616652"><ele>25.000</ele><time>2026-08-20T16:08:57Z</time><speed>0.845</speed><sat>31</sat></trkpt>
  <trkpt lat="-33.99500000" lon="-139.99620673"><ele>24.600</ele><time>2026-08-20T16:08:58Z</time><speed>1.032</speed><sat>30</sat></trkpt>
  <trkpt lat="-33.99500500" lon="-139.99623749"><ele>24.000</ele><time>2026-08-20T16:08:59Z</time><speed>1.147</speed><sat>31</sat></trkpt>
  <trkpt lat="-33.99501167" lon="-139.99625996"><ele>23.500</ele><time>2026-08-20T16:09:00Z</time><speed>1.210</speed><sat>32</sat></trkpt>
  <trkpt lat="-33.99501333" lon="-139.99626706"><ele>23.300</ele><time>2026-08-20T16:09:01Z</time><speed>1.214</speed><sat>32</sat></trkpt>
  <trkpt lat="-33.99501333" lon="-139.99625996"><ele>22.900</ele><time>2026-08-20T16:09:02Z</time><speed>1.132</speed><sat>32</sat></trkpt>
  <trkpt lat="-33.99501333" lon="-139.99624103"><ele>22.500</ele><time>2026-08-20T16:09:03Z</time><speed>1.096</speed><sat>32</sat></trkpt>
  <trkpt lat="-33.99501333" lon="-139.99621028"><ele>22.400</ele><time>2026-08-20T16:09:04Z</time><speed>1.158</speed><sat>32</sat></trkpt>
  <trkpt lat="-33.99501167" lon="-139.99617716"><ele>22.000</ele><time>2026-08-20T16:09:05Z</time><speed>1.160</speed><sat>32</sat></trkpt>
  <trkpt lat="-33.99500833" lon="-139.99615351"><ele>21.800</ele><time>2026-08-20T16:09:06Z</time><speed>1.143</speed><sat>33</sat></trkpt>
  <trkpt lat="-33.99500500" lon="-139.99613222"><ele>21.500</ele><time>2026-08-20T16:09:07Z</time><speed>1.099</speed><sat>32</sat></trkpt>
  <trkpt lat="-33.99499333" lon="-139.99610265"><ele>21.400</ele><time>2026-08-20T16:09:08Z</time><speed>1.079</speed><sat>32</sat></trkpt>
  <trkpt lat="-33.99497667" lon="-139.99607662"><ele>21.100</ele><time>2026-08-20T16:09:09Z</time><speed>1.149</speed><sat>32</sat></trkpt>
  <trkpt lat="-33.99496833" lon="-139.99605297"><ele>20.800</ele><time>2026-08-20T16:09:10Z</time><speed>1.213</speed><sat>32</sat></trkpt>
  <trkpt lat="-33.99496833" lon="-139.99604232"><ele>20.500</ele><time>2026-08-20T16:09:11Z</time><speed>1.262</speed><sat>32</sat></trkpt>
  <trkpt lat="-33.99496833" lon="-139.99603523"><ele>20.400</ele><time>2026-08-20T16:09:12Z</time><speed>1.297</speed><sat>31</sat></trkpt>
  <trkpt lat="-33.99496833" lon="-139.99602813"><ele>20.200</ele><time>2026-08-20T16:09:13Z</time><speed>1.281</speed><sat>30</sat></trkpt>
  <trkpt lat="-33.99497333" lon="-139.99602222"><ele>20.400</ele><time>2026-08-20T16:09:14Z</time><speed>1.170</speed><sat>31</sat></trkpt>
  <trkpt lat="-33.99497833" lon="-139.99601748"><ele>20.700</ele><time>2026-08-20T16:09:15Z</time><speed>1.072</speed><sat>29</sat></trkpt>
  <trkpt lat="-33.99498333" lon="-139.99601393"><ele>20.800</ele><time>2026-08-20T16:09:16Z</time><speed>0.959</speed><sat>29</sat></trkpt>
  <trkpt lat="-33.99498833" lon="-139.99600802"><ele>21.100</ele><time>2026-08-20T16:09:17Z</time><speed>0.843</speed><sat>30</sat></trkpt>
  <trkpt lat="-33.99499667" lon="-139.99599856"><ele>21.500</ele><time>2026-08-20T16:09:18Z</time><speed>0.685</speed><sat>30</sat></trkpt>
  <trkpt lat="-33.99500333" lon="-139.99599028"><ele>21.900</ele><time>2026-08-20T16:09:19Z</time><speed>0.527</speed><sat>30</sat></trkpt>
  <trkpt lat="-33.99500833" lon="-139.99598791"><ele>22.000</ele><time>2026-08-20T16:09:20Z</time><speed>0.406</speed><sat>29</sat></trkpt>
  <trkpt lat="-33.99500500" lon="-139.99598200"><ele>22.200</ele><time>2026-08-20T16:09:21Z</time><speed>0.000</speed><sat>30</sat></trkpt>
  <trkpt lat="-33.99500333" lon="-139.99597254"><ele>22.500</ele><time>2026-08-20T16:09:22Z</time><speed>0.000</speed><sat>30</sat></trkpt>
  <trkpt lat="-33.99500667" lon="-139.99596662"><ele>22.900</ele><time>2026-08-20T16:09:23Z</time><speed>0.000</speed><sat>30</sat></trkpt>
  <trkpt lat="-33.99500667" lon="-139.99596662"><ele>22.900</ele><time>2026-08-20T16:09:24Z</time><speed>0.000</speed><sat>29</sat></trkpt>
  <trkpt lat="-33.99500667" lon="-139.99596662"><ele>22.900</ele><time>2026-08-20T16:09:25Z</time><speed>0.000</speed><sat>30</sat></trkpt>
  <trkpt lat="-33.99500667" lon="-139.99596662"><ele>22.900</ele><time>2026-08-20T16:09:26Z</time><speed>0.000</speed><sat>28</sat></trkpt>
  <trkpt lat="-33.99500667" lon="-139.99596662"><ele>22.900</ele><time>2026-08-20T16:09:27Z</time><speed>0.000</speed><sat>29</sat></trkpt>
  <trkpt lat="-33.99500667" lon="-139.99596662"><ele>22.900</ele><time>2026-08-20T16:09:28Z</time><speed>0.000</speed><sat>30</sat></trkpt>
  <trkpt lat="-33.99500667" lon="-139.99596662"><ele>22.900</ele><time>2026-08-20T16:09:29Z</time><speed>0.000</speed><sat>30</sat></trkpt>
  <trkpt lat="-33.99500667" lon="-139.99596662"><ele>22.900</ele><time>2026-08-20T16:09:30Z</time><speed>0.000</speed><sat>31</sat></trkpt>
  <trkpt lat="-33.99500667" lon="-139.99596662"><ele>22.900</ele><time>2026-08-20T16:09:31Z</time><speed>0.000</speed><sat>31</sat></trkpt>
  <trkpt lat="-33.99500667" lon="-139.99596662"><ele>22.900</ele><time>2026-08-20T16:09:32Z</time><speed>0.000</speed><sat>31</sat></trkpt>
  <trkpt lat="-33.99500667" lon="-139.99596662"><ele>22.900</ele><time>2026-08-20T16:09:33Z</time><speed>0.000</speed><sat>31</sat></trkpt>
  <trkpt lat="-33.99500667" lon="-139.99596662"><ele>22.900</ele><time>2026-08-20T16:09:34Z</time><speed>0.000</speed><sat>30</sat></trkpt>
  <trkpt lat="-33.99500667" lon="-139.99596662"><ele>22.900</ele><time>2026-08-20T16:09:35Z</time><speed>0.000</speed><sat>29</sat></trkpt>
  <trkpt lat="-33.99500667" lon="-139.99596662"><ele>22.900</ele><time>2026-08-20T16:09:36Z</time><speed>0.000</speed><sat>30</sat></trkpt>
  <trkpt lat="-33.99500667" lon="-139.99596662"><ele>22.900</ele><time>2026-08-20T16:09:37Z</time><speed>0.000</speed><sat>29</sat></trkpt>
  <trkpt lat="-33.99500000" lon="-139.99591694"><ele>27.200</ele><time>2026-08-20T16:09:38Z</time><speed>0.377</speed><sat>26</sat></trkpt>
  <trkpt lat="-33.99500833" lon="-139.99589684"><ele>28.300</ele><time>2026-08-20T16:09:39Z</time><speed>0.000</speed><sat>26</sat></trkpt>
  <trkpt lat="-33.99501667" lon="-139.99588264"><ele>29.500</ele><time>2026-08-20T16:09:40Z</time><speed>0.566</speed><sat>27</sat></trkpt>
  <trkpt lat="-33.99502167" lon="-139.99585780"><ele>30.600</ele><time>2026-08-20T16:09:41Z</time><speed>0.670</speed><sat>27</sat></trkpt>
  <trkpt lat="-33.99501833" lon="-139.99584125"><ele>31.000</ele><time>2026-08-20T16:09:42Z</time><speed>0.000</speed><sat>28</sat></trkpt>
  <trkpt lat="-33.99501333" lon="-139.99582113"><ele>31.100</ele><time>2026-08-20T16:09:43Z</time><speed>0.914</speed><sat>27</sat></trkpt>
  <trkpt lat="-33.99499833" lon="-139.99579748"><ele>30.800</ele><time>2026-08-20T16:09:44Z</time><speed>1.043</speed><sat>28</sat></trkpt>
  <trkpt lat="-33.99498667" lon="-139.99576318"><ele>30.200</ele><time>2026-08-20T16:09:45Z</time><speed>1.210</speed><sat>28</sat></trkpt>
  <trkpt lat="-33.99497333" lon="-139.99573361"><ele>29.000</ele><time>2026-08-20T16:09:46Z</time><speed>1.371</speed><sat>28</sat></trkpt>
  <trkpt lat="-33.99496333" lon="-139.99568512"><ele>28.100</ele><time>2026-08-20T16:09:47Z</time><speed>1.411</speed><sat>27</sat></trkpt>
  <trkpt lat="-33.99496167" lon="-139.99563662"><ele>26.900</ele><time>2026-08-20T16:09:48Z</time><speed>1.501</speed><sat>27</sat></trkpt>
  <trkpt lat="-33.99496500" lon="-139.99558931"><ele>25.500</ele><time>2026-08-20T16:09:49Z</time><speed>1.599</speed><sat>27</sat></trkpt>
  <trkpt lat="-33.99496500" lon="-139.99554436"><ele>24.000</ele><time>2026-08-20T16:09:50Z</time><speed>1.681</speed><sat>26</sat></trkpt>
  <trkpt lat="-33.99497333" lon="-139.99550296"><ele>23.200</ele><time>2026-08-20T16:09:51Z</time><speed>1.702</speed><sat>26</sat></trkpt>
  <trkpt lat="-33.99498000" lon="-139.99547457"><ele>23.200</ele><time>2026-08-20T16:09:52Z</time><speed>1.660</speed><sat>27</sat></trkpt>
  <trkpt lat="-33.99498833" lon="-139.99546038"><ele>23.600</ele><time>2026-08-20T16:09:53Z</time><speed>1.568</speed><sat>28</sat></trkpt>
  <trkpt lat="-33.99499500" lon="-139.99544619"><ele>23.700</ele><time>2026-08-20T16:09:54Z</time><speed>1.435</speed><sat>28</sat></trkpt>
  <trkpt lat="-33.99500500" lon="-139.99544500"><ele>24.500</ele><time>2026-08-20T16:09:55Z</time><speed>1.268</speed><sat>29</sat></trkpt>
  <trkpt lat="-33.99500500" lon="-139.99544145"><ele>25.500</ele><time>2026-08-20T16:09:56Z</time><speed>1.115</speed><sat>29</sat></trkpt>
  <trkpt lat="-33.99500500" lon="-139.99543318"><ele>25.800</ele><time>2026-08-20T16:09:57Z</time><speed>0.978</speed><sat>30</sat></trkpt>
  <trkpt lat="-33.99500333" lon="-139.99542371"><ele>26.700</ele><time>2026-08-20T16:09:58Z</time><speed>0.799</speed><sat>28</sat></trkpt>
  <trkpt lat="-33.99500667" lon="-139.99540242"><ele>27.300</ele><time>2026-08-20T16:09:59Z</time><speed>0.634</speed><sat>29</sat></trkpt>
  <trkpt lat="-33.99501167" lon="-139.99539178"><ele>28.300</ele><time>2026-08-20T16:10:00Z</time><speed>0.466</speed><sat>31</sat></trkpt>
  <trkpt lat="-33.99501500" lon="-139.99538113"><ele>29.400</ele><time>2026-08-20T16:10:01Z</time><speed>0.000</speed><sat>32</sat></trkpt>
  <trkpt lat="-33.99501833" lon="-139.99537048"><ele>30.100</ele><time>2026-08-20T16:10:02Z</time><speed>0.368</speed><sat>32</sat></trkpt>
  <trkpt lat="-33.99502000" lon="-139.99535393"><ele>30.700</ele><time>2026-08-20T16:10:03Z</time><speed>0.450</speed><sat>32</sat></trkpt>
  <trkpt lat="-33.99502000" lon="-139.99532909"><ele>31.200</ele><time>2026-08-20T16:10:04Z</time><speed>0.610</speed><sat>32</sat></trkpt>
  <trkpt lat="-33.99501833" lon="-139.99529597"><ele>31.600</ele><time>2026-08-20T16:10:05Z</time><speed>0.777</speed><sat>32</sat></trkpt>
  <trkpt lat="-33.99501500" lon="-139.99526048"><ele>32.100</ele><time>2026-08-20T16:10:06Z</time><speed>0.982</speed><sat>32</sat></trkpt>
  <trkpt lat="-33.99500667" lon="-139.99522264"><ele>32.300</ele><time>2026-08-20T16:10:07Z</time><speed>1.210</speed><sat>32</sat></trkpt>
  <trkpt lat="-33.99500000" lon="-139.99518006"><ele>32.700</ele><time>2026-08-20T16:10:08Z</time><speed>1.433</speed><sat>31</sat></trkpt>
  <trkpt lat="-33.99499500" lon="-139.99513747"><ele>33.400</ele><time>2026-08-20T16:10:09Z</time><speed>1.673</speed><sat>29</sat></trkpt>
  <trkpt lat="-33.99499000" lon="-139.99509726"><ele>33.800</ele><time>2026-08-20T16:10:10Z</time><speed>1.918</speed><sat>30</sat></trkpt>
  <trkpt lat="-33.99499167" lon="-139.99505586"><ele>34.100</ele><time>2026-08-20T16:10:11Z</time><speed>2.157</speed><sat>31</sat></trkpt>
  <trkpt lat="-33.99498667" lon="-139.99501683"><ele>34.300</ele><time>2026-08-20T16:10:12Z</time><speed>2.318</speed><sat>29</sat></trkpt>
  <trkpt lat="-33.99498667" lon="-139.99498016"><ele>34.700</ele><time>2026-08-20T16:10:13Z</time><speed>2.451</speed><sat>29</sat></trkpt>
  <trkpt lat="-33.99498833" lon="-139.99494704"><ele>35.000</ele><time>2026-08-20T16:10:14Z</time><speed>2.521</speed><sat>30</sat></trkpt>
  <trkpt lat="-33.99498833" lon="-139.99492575"><ele>35.800</ele><time>2026-08-20T16:10:15Z</time><speed>2.523</speed><sat>30</sat></trkpt>
  <trkpt lat="-33.99499167" lon="-139.99489737"><ele>36.200</ele><time>2026-08-20T16:10:16Z</time><speed>2.487</speed><sat>29</sat></trkpt>
  <trkpt lat="-33.99499000" lon="-139.99487134"><ele>36.700</ele><time>2026-08-20T16:10:17Z</time><speed>2.452</speed><sat>31</sat></trkpt>
  <trkpt lat="-33.99499000" lon="-139.99484295"><ele>36.700</ele><time>2026-08-20T16:10:18Z</time><speed>2.381</speed><sat>31</sat></trkpt>
  <trkpt lat="-33.99498333" lon="-139.99481575"><ele>36.300</ele><time>2026-08-20T16:10:19Z</time><speed>2.250</speed><sat>31</sat></trkpt>
  <trkpt lat="-33.99498333" lon="-139.99479801"><ele>36.100</ele><time>2026-08-20T16:10:20Z</time><speed>2.057</speed><sat>32</sat></trkpt>
  <trkpt lat="-33.99499167" lon="-139.99478618"><ele>36.200</ele><time>2026-08-20T16:10:21Z</time><speed>1.848</speed><sat>32</sat></trkpt>
  <trkpt lat="-33.99499167" lon="-139.99478145"><ele>36.100</ele><time>2026-08-20T16:10:22Z</time><speed>1.636</speed><sat>32</sat></trkpt>
  <trkpt lat="-33.99498833" lon="-139.99477553"><ele>35.900</ele><time>2026-08-20T16:10:23Z</time><speed>1.420</speed><sat>31</sat></trkpt>
  <trkpt lat="-33.99499167" lon="-139.99476725"><ele>35.600</ele><time>2026-08-20T16:10:24Z</time><speed>1.213</speed><sat>31</sat></trkpt>
  <trkpt lat="-33.99499333" lon="-139.99476134"><ele>35.600</ele><time>2026-08-20T16:10:25Z</time><speed>1.045</speed><sat>32</sat></trkpt>
  <trkpt lat="-33.99499667" lon="-139.99475779"><ele>35.200</ele><time>2026-08-20T16:10:26Z</time><speed>0.868</speed><sat>32</sat></trkpt>
  <trkpt lat="-33.99499667" lon="-139.99475424"><ele>35.300</ele><time>2026-08-20T16:10:27Z</time><speed>0.673</speed><sat>32</sat></trkpt>
  <trkpt lat="-33.99500000" lon="-139.99476016"><ele>35.900</ele><time>2026-08-20T16:10:28Z</time><speed>0.498</speed><sat>32</sat></trkpt>
  <trkpt lat="-33.99499833" lon="-139.99475661"><ele>35.800</ele><time>2026-08-20T16:10:29Z</time><speed>0.000</speed><sat>31</sat></trkpt>
  <trkpt lat="-33.99499500" lon="-139.99474951"><ele>35.500</ele><time>2026-08-20T16:10:30Z</time><speed>0.000</speed><sat>30</sat></trkpt>
  <trkpt lat="-33.99499167" lon="-139.99474478"><ele>35.600</ele><time>2026-08-20T16:10:31Z</time><speed>0.000</speed><sat>31</sat></trkpt>
  <trkpt lat="-33.99499167" lon="-139.99474478"><ele>35.600</ele><time>2026-08-20T16:10:32Z</time><speed>0.000</speed><sat>31</sat></trkpt>
  <trkpt lat="-33.99499167" lon="-139.99474478"><ele>35.600</ele><time>2026-08-20T16:10:33Z</time><speed>0.000</speed><sat>31</sat></trkpt>
  <trkpt lat="-33.99499167" lon="-139.99474478"><ele>35.600</ele><time>2026-08-20T16:10:34Z</time><speed>0.000</speed><sat>29</sat></trkpt>
  <trkpt lat="-33.99499167" lon="-139.99474478"><ele>35.600</ele><time>2026-08-20T16:10:35Z</time><speed>0.000</speed><sat>30</sat></trkpt>
  <trkpt lat="-33.99499167" lon="-139.99474478"><ele>35.600</ele><time>2026-08-20T16:10:36Z</time><speed>0.000</speed><sat>31</sat></trkpt>
  <trkpt lat="-33.99496833" lon="-139.99473887"><ele>34.600</ele><time>2026-08-20T16:10:37Z</time><speed>0.360</speed><sat>31</sat></trkpt>
  <trkpt lat="-33.99496000" lon="-139.99473295"><ele>34.500</ele><time>2026-08-20T16:10:38Z</time><speed>0.428</speed><sat>31</sat></trkpt>
  <trkpt lat="-33.99495167" lon="-139.99472231"><ele>34.100</ele><time>2026-08-20T16:10:39Z</time><speed>0.504</speed><sat>31</sat></trkpt>
  <trkpt lat="-33.99494667" lon="-139.99470575"><ele>34.200</ele><time>2026-08-20T16:10:40Z</time><speed>0.588</speed><sat>31</sat></trkpt>
  <trkpt lat="-33.99494167" lon="-139.99468328"><ele>34.400</ele><time>2026-08-20T16:10:41Z</time><speed>0.708</speed><sat>31</sat></trkpt>
  <trkpt lat="-33.99493500" lon="-139.99466553"><ele>34.500</ele><time>2026-08-20T16:10:42Z</time><speed>0.809</speed><sat>30</sat></trkpt>
  <trkpt lat="-33.99492833" lon="-139.99465370"><ele>34.500</ele><time>2026-08-20T16:10:43Z</time><speed>0.866</speed><sat>31</sat></trkpt>
  <trkpt lat="-33.99492000" lon="-139.99464543"><ele>34.600</ele><time>2026-08-20T16:10:44Z</time><speed>0.954</speed><sat>30</sat></trkpt>
  <trkpt lat="-33.99491333" lon="-139.99463715"><ele>34.700</ele><time>2026-08-20T16:10:45Z</time><speed>1.025</speed><sat>29</sat></trkpt>
  <trkpt lat="-33.99490167" lon="-139.99463241"><ele>34.500</ele><time>2026-08-20T16:10:46Z</time><speed>1.074</speed><sat>31</sat></trkpt>
  <trkpt lat="-33.99489333" lon="-139.99462886"><ele>34.500</ele><time>2026-08-20T16:10:47Z</time><speed>1.061</speed><sat>31</sat></trkpt>
  <trkpt lat="-33.99489333" lon="-139.99462650"><ele>34.800</ele><time>2026-08-20T16:10:48Z</time><speed>1.004</speed><sat>31</sat></trkpt>
  <trkpt lat="-33.99490333" lon="-139.99462769"><ele>34.600</ele><time>2026-08-20T16:10:49Z</time><speed>0.953</speed><sat>30</sat></trkpt>
  <trkpt lat="-33.99492000" lon="-139.99463005"><ele>33.800</ele><time>2026-08-20T16:10:50Z</time><speed>0.897</speed><sat>31</sat></trkpt>
  <trkpt lat="-33.99493167" lon="-139.99462886"><ele>32.900</ele><time>2026-08-20T16:10:51Z</time><speed>0.797</speed><sat>31</sat></trkpt>
  <trkpt lat="-33.99494500" lon="-139.99463360"><ele>31.800</ele><time>2026-08-20T16:10:52Z</time><speed>0.726</speed><sat>31</sat></trkpt>
  <trkpt lat="-33.99496000" lon="-139.99463596"><ele>31.200</ele><time>2026-08-20T16:10:53Z</time><speed>0.740</speed><sat>31</sat></trkpt>
  <trkpt lat="-33.99497000" lon="-139.99463478"><ele>30.700</ele><time>2026-08-20T16:10:54Z</time><speed>0.681</speed><sat>31</sat></trkpt>
  <trkpt lat="-33.99497500" lon="-139.99462059"><ele>30.000</ele><time>2026-08-20T16:10:55Z</time><speed>0.681</speed><sat>31</sat></trkpt>
  <trkpt lat="-33.99497667" lon="-139.99460757"><ele>29.600</ele><time>2026-08-20T16:10:56Z</time><speed>0.713</speed><sat>31</sat></trkpt>
  <trkpt lat="-33.99497667" lon="-139.99458392"><ele>29.100</ele><time>2026-08-20T16:10:57Z</time><speed>0.850</speed><sat>31</sat></trkpt>
  <trkpt lat="-33.99497833" lon="-139.99455553"><ele>28.700</ele><time>2026-08-20T16:10:58Z</time><speed>1.112</speed><sat>31</sat></trkpt>
  <trkpt lat="-33.99497833" lon="-139.99452360"><ele>28.300</ele><time>2026-08-20T16:10:59Z</time><speed>1.360</speed><sat>32</sat></trkpt>
  <trkpt lat="-33.99497667" lon="-139.99449639"><ele>28.200</ele><time>2026-08-20T16:11:00Z</time><speed>1.531</speed><sat>32</sat></trkpt>
  <trkpt lat="-33.99497833" lon="-139.99447392"><ele>28.000</ele><time>2026-08-20T16:11:01Z</time><speed>1.631</speed><sat>32</sat></trkpt>
  <trkpt lat="-33.99498000" lon="-139.99445854"><ele>27.800</ele><time>2026-08-20T16:11:02Z</time><speed>1.641</speed><sat>31</sat></trkpt>
  <trkpt lat="-33.99497833" lon="-139.99446209"><ele>27.400</ele><time>2026-08-20T16:11:03Z</time><speed>1.565</speed><sat>31</sat></trkpt>
  <trkpt lat="-33.99498167" lon="-139.99447037"><ele>27.300</ele><time>2026-08-20T16:11:04Z</time><speed>1.528</speed><sat>32</sat></trkpt>
  <trkpt lat="-33.99498667" lon="-139.99448575"><ele>28.500</ele><time>2026-08-20T16:11:05Z</time><speed>1.463</speed><sat>32</sat></trkpt>
  <trkpt lat="-33.99499000" lon="-139.99449048"><ele>29.400</ele><time>2026-08-20T16:11:06Z</time><speed>1.360</speed><sat>32</sat></trkpt>
  <trkpt lat="-33.99499500" lon="-139.99448220"><ele>30.600</ele><time>2026-08-20T16:11:07Z</time><speed>1.192</speed><sat>32</sat></trkpt>
  <trkpt lat="-33.99499000" lon="-139.99446801"><ele>31.600</ele><time>2026-08-20T16:11:08Z</time><speed>0.945</speed><sat>32</sat></trkpt>
  <trkpt lat="-33.99498333" lon="-139.99445854"><ele>32.000</ele><time>2026-08-20T16:11:09Z</time><speed>0.702</speed><sat>32</sat></trkpt>
  <trkpt lat="-33.99497833" lon="-139.99444908"><ele>32.600</ele><time>2026-08-20T16:11:10Z</time><speed>0.535</speed><sat>32</sat></trkpt>
  <trkpt lat="-33.99497333" lon="-139.99443370"><ele>33.100</ele><time>2026-08-20T16:11:11Z</time><speed>0.435</speed><sat>32</sat></trkpt>
  <trkpt lat="-33.99496833" lon="-139.99441360"><ele>33.300</ele><time>2026-08-20T16:11:12Z</time><speed>0.453</speed><sat>32</sat></trkpt>
  <trkpt lat="-33.99496500" lon="-139.99438876"><ele>33.400</ele><time>2026-08-20T16:11:13Z</time><speed>0.529</speed><sat>32</sat></trkpt>
  <trkpt lat="-33.99495167" lon="-139.99434854"><ele>33.500</ele><time>2026-08-20T16:11:14Z</time><speed>0.759</speed><sat>32</sat></trkpt>
  <trkpt lat="-33.99493833" lon="-139.99431305"><ele>33.200</ele><time>2026-08-20T16:11:15Z</time><speed>0.997</speed><sat>31</sat></trkpt>
  <trkpt lat="-33.99492833" lon="-139.99427047"><ele>32.700</ele><time>2026-08-20T16:11:16Z</time><speed>1.264</speed><sat>31</sat></trkpt>
  <trkpt lat="-33.99492000" lon="-139.99422198"><ele>32.300</ele><time>2026-08-20T16:11:17Z</time><speed>1.576</speed><sat>30</sat></trkpt>
  <trkpt lat="-33.99491333" lon="-139.99418058"><ele>31.800</ele><time>2026-08-20T16:11:18Z</time><speed>1.873</speed><sat>30</sat></trkpt>
  <trkpt lat="-33.99490833" lon="-139.99413446"><ele>31.300</ele><time>2026-08-20T16:11:19Z</time><speed>2.179</speed><sat>30</sat></trkpt>
  <trkpt lat="-33.99490000" lon="-139.99409069"><ele>31.300</ele><time>2026-08-20T16:11:20Z</time><speed>2.424</speed><sat>29</sat></trkpt>
  <trkpt lat="-33.99489500" lon="-139.99405402"><ele>31.300</ele><time>2026-08-20T16:11:21Z</time><speed>2.595</speed><sat>30</sat></trkpt>
  <trkpt lat="-33.99489167" lon="-139.99402445"><ele>30.800</ele><time>2026-08-20T16:11:22Z</time><speed>2.684</speed><sat>29</sat></trkpt>
  <trkpt lat="-33.99490167" lon="-139.99396058"><ele>30.700</ele><time>2026-08-20T16:11:23Z</time><speed>2.768</speed><sat>30</sat></trkpt>
  <trkpt lat="-33.99490667" lon="-139.99391800"><ele>30.200</ele><time>2026-08-20T16:11:24Z</time><speed>2.681</speed><sat>30</sat></trkpt>
  <trkpt lat="-33.99491667" lon="-139.99389079"><ele>29.600</ele><time>2026-08-20T16:11:25Z</time><speed>2.526</speed><sat>29</sat></trkpt>
  <trkpt lat="-33.99492167" lon="-139.99387187"><ele>28.700</ele><time>2026-08-20T16:11:26Z</time><speed>2.258</speed><sat>29</sat></trkpt>
  <trkpt lat="-33.99492167" lon="-139.99385768"><ele>27.700</ele><time>2026-08-20T16:11:27Z</time><speed>1.948</speed><sat>31</sat></trkpt>
  <trkpt lat="-33.99492333" lon="-139.99384940"><ele>27.100</ele><time>2026-08-20T16:11:28Z</time><speed>1.641</speed><sat>27</sat></trkpt>
  <trkpt lat="-33.99492333" lon="-139.99384348"><ele>26.700</ele><time>2026-08-20T16:11:29Z</time><speed>1.309</speed><sat>26</sat></trkpt>
  <trkpt lat="-33.99493000" lon="-139.99383520"><ele>26.400</ele><time>2026-08-20T16:11:30Z</time><speed>1.018</speed><sat>27</sat></trkpt>
  <trkpt lat="-33.99493333" lon="-139.99383165"><ele>26.400</ele><time>2026-08-20T16:11:31Z</time><speed>0.795</speed><sat>28</sat></trkpt>
  <trkpt lat="-33.99493667" lon="-139.99382692"><ele>26.500</ele><time>2026-08-20T16:11:32Z</time><speed>0.614</speed><sat>29</sat></trkpt>
  <trkpt lat="-33.99494167" lon="-139.99382337"><ele>26.900</ele><time>2026-08-20T16:11:33Z</time><speed>0.425</speed><sat>30</sat></trkpt>
  <trkpt lat="-33.99494333" lon="-139.99381865"><ele>27.400</ele><time>2026-08-20T16:11:34Z</time><speed>0.000</speed><sat>29</sat></trkpt>
  <trkpt lat="-33.99494000" lon="-139.99381628"><ele>27.700</ele><time>2026-08-20T16:11:35Z</time><speed>0.000</speed><sat>29</sat></trkpt>
  <trkpt lat="-33.99493833" lon="-139.99381391"><ele>27.900</ele><time>2026-08-20T16:11:36Z</time><speed>0.000</speed><sat>29</sat></trkpt>
  <trkpt lat="-33.99493833" lon="-139.99381391"><ele>27.900</ele><time>2026-08-20T16:11:37Z</time><speed>0.000</speed><sat>28</sat></trkpt>
  <trkpt lat="-33.99493833" lon="-139.99381391"><ele>27.900</ele><time>2026-08-20T16:11:38Z</time><speed>0.000</speed><sat>30</sat></trkpt>
  <trkpt lat="-33.99493833" lon="-139.99381391"><ele>27.900</ele><time>2026-08-20T16:11:39Z</time><speed>0.000</speed><sat>28</sat></trkpt>
  <trkpt lat="-33.99493833" lon="-139.99381391"><ele>27.900</ele><time>2026-08-20T16:11:40Z</time><speed>0.000</speed><sat>29</sat></trkpt>
  <trkpt lat="-33.99493833" lon="-139.99381391"><ele>27.900</ele><time>2026-08-20T16:11:41Z</time><speed>0.000</speed><sat>29</sat></trkpt>
  <trkpt lat="-33.99493833" lon="-139.99381391"><ele>27.900</ele><time>2026-08-20T16:11:42Z</time><speed>0.000</speed><sat>30</sat></trkpt>
  <trkpt lat="-33.99493833" lon="-139.99381391"><ele>27.900</ele><time>2026-08-20T16:11:43Z</time><speed>0.000</speed><sat>30</sat></trkpt>
  <trkpt lat="-33.99493833" lon="-139.99381391"><ele>27.900</ele><time>2026-08-20T16:11:44Z</time><speed>0.000</speed><sat>31</sat></trkpt>
  <trkpt lat="-33.99493833" lon="-139.99381391"><ele>27.900</ele><time>2026-08-20T16:11:45Z</time><speed>0.000</speed><sat>31</sat></trkpt>
  <trkpt lat="-33.99493833" lon="-139.99381391"><ele>27.900</ele><time>2026-08-20T16:11:46Z</time><speed>0.000</speed><sat>31</sat></trkpt>
  <trkpt lat="-33.99493833" lon="-139.99381391"><ele>27.900</ele><time>2026-08-20T16:11:47Z</time><speed>0.000</speed><sat>31</sat></trkpt>
  <trkpt lat="-33.99493833" lon="-139.99381391"><ele>27.900</ele><time>2026-08-20T16:11:48Z</time><speed>0.000</speed><sat>31</sat></trkpt>
  <trkpt lat="-33.99493833" lon="-139.99381391"><ele>27.900</ele><time>2026-08-20T16:11:49Z</time><speed>0.000</speed><sat>30</sat></trkpt>
  <trkpt lat="-33.99493833" lon="-139.99381391"><ele>27.900</ele><time>2026-08-20T16:11:50Z</time><speed>0.000</speed><sat>30</sat></trkpt>
  <trkpt lat="-33.99490333" lon="-139.99380090"><ele>30.300</ele><time>2026-08-20T16:11:51Z</time><speed>0.325</speed><sat>31</sat></trkpt>
  <trkpt lat="-33.99491000" lon="-139.99380090"><ele>30.500</ele><time>2026-08-20T16:11:52Z</time><speed>0.397</speed><sat>30</sat></trkpt>
  <trkpt lat="-33.99491500" lon="-139.99380208"><ele>30.500</ele><time>2026-08-20T16:11:53Z</time><speed>0.462</speed><sat>31</sat></trkpt>
  <trkpt lat="-33.99492333" lon="-139.99380090"><ele>30.700</ele><time>2026-08-20T16:11:54Z</time><speed>0.497</speed><sat>30</sat></trkpt>
  <trkpt lat="-33.99492167" lon="-139.99380918"><ele>31.100</ele><time>2026-08-20T16:11:55Z</time><speed>0.554</speed><sat>30</sat></trkpt>
  <trkpt lat="-33.99491833" lon="-139.99382337"><ele>31.500</ele><time>2026-08-20T16:11:56Z</time><speed>0.619</speed><sat>30</sat></trkpt>
  <trkpt lat="-33.99491500" lon="-139.99383520"><ele>32.000</ele><time>2026-08-20T16:11:57Z</time><speed>0.580</speed><sat>30</sat></trkpt>
  <trkpt lat="-33.99491667" lon="-139.99384230"><ele>32.300</ele><time>2026-08-20T16:11:58Z</time><speed>0.563</speed><sat>30</sat></trkpt>
  <trkpt lat="-33.99491500" lon="-139.99384585"><ele>32.800</ele><time>2026-08-20T16:11:59Z</time><speed>0.544</speed><sat>30</sat></trkpt>
  <trkpt lat="-33.99491167" lon="-139.99385058"><ele>33.100</ele><time>2026-08-20T16:12:00Z</time><speed>0.484</speed><sat>30</sat></trkpt>
  <trkpt lat="-33.99490667" lon="-139.99383994"><ele>33.300</ele><time>2026-08-20T16:12:01Z</time><speed>0.428</speed><sat>29</sat></trkpt>
  <trkpt lat="-33.99490333" lon="-139.99383165"><ele>33.400</ele><time>2026-08-20T16:12:02Z</time><speed>0.430</speed><sat>29</sat></trkpt>
  <trkpt lat="-33.99490167" lon="-139.99381865"><ele>33.800</ele><time>2026-08-20T16:12:03Z</time><speed>0.478</speed><sat>29</sat></trkpt>
  <trkpt lat="-33.99489833" lon="-139.99379972"><ele>34.100</ele><time>2026-08-20T16:12:04Z</time><speed>0.585</speed><sat>29</sat></trkpt>
  <trkpt lat="-33.99489667" lon="-139.99377015"><ele>34.300</ele><time>2026-08-20T16:12:05Z</time><speed>0.701</speed><sat>29</sat></trkpt>
  <trkpt lat="-33.99490000" lon="-139.99374294"><ele>34.100</ele><time>2026-08-20T16:12:06Z</time><speed>0.780</speed><sat>29</sat></trkpt>
  <trkpt lat="-33.99490000" lon="-139.99371692"><ele>34.200</ele><time>2026-08-20T16:12:07Z</time><speed>0.958</speed><sat>29</sat></trkpt>
  <trkpt lat="-33.99489833" lon="-139.99368972"><ele>34.400</ele><time>2026-08-20T16:12:08Z</time><speed>1.180</speed><sat>29</sat></trkpt>
  <trkpt lat="-33.99489333" lon="-139.99366488"><ele>34.600</ele><time>2026-08-20T16:12:09Z</time><speed>1.357</speed><sat>29</sat></trkpt>
  <trkpt lat="-33.99489333" lon="-139.99364122"><ele>34.700</ele><time>2026-08-20T16:12:10Z</time><speed>1.492</speed><sat>29</sat></trkpt>
  <trkpt lat="-33.99489667" lon="-139.99361756"><ele>34.800</ele><time>2026-08-20T16:12:11Z</time><speed>1.617</speed><sat>29</sat></trkpt>
  <trkpt lat="-33.99489833" lon="-139.99359155"><ele>34.800</ele><time>2026-08-20T16:12:12Z</time><speed>1.692</speed><sat>29</sat></trkpt>
  <trkpt lat="-33.99489833" lon="-139.99356907"><ele>35.000</ele><time>2026-08-20T16:12:13Z</time><speed>1.706</speed><sat>30</sat></trkpt>
  <trkpt lat="-33.99489667" lon="-139.99354660"><ele>34.800</ele><time>2026-08-20T16:12:14Z</time><speed>1.718</speed><sat>29</sat></trkpt>
  <trkpt lat="-33.99489167" lon="-139.99352294"><ele>34.800</ele><time>2026-08-20T16:12:15Z</time><speed>1.683</speed><sat>29</sat></trkpt>
  <trkpt lat="-33.99488667" lon="-139.99350165"><ele>34.700</ele><time>2026-08-20T16:12:16Z</time><speed>1.643</speed><sat>29</sat></trkpt>
  <trkpt lat="-33.99489333" lon="-139.99347681"><ele>34.300</ele><time>2026-08-20T16:12:17Z</time><speed>1.555</speed><sat>29</sat></trkpt>
  <trkpt lat="-33.99489667" lon="-139.99346380"><ele>33.900</ele><time>2026-08-20T16:12:18Z</time><speed>1.379</speed><sat>29</sat></trkpt>
  <trkpt lat="-33.99490333" lon="-139.99346143"><ele>33.800</ele><time>2026-08-20T16:12:19Z</time><speed>1.209</speed><sat>30</sat></trkpt>
  <trkpt lat="-33.99490333" lon="-139.99346617"><ele>33.600</ele><time>2026-08-20T16:12:20Z</time><speed>1.083</speed><sat>30</sat></trkpt>
  <trkpt lat="-33.99490667" lon="-139.99346143"><ele>33.700</ele><time>2026-08-20T16:12:21Z</time><speed>0.996</speed><sat>30</sat></trkpt>
  <trkpt lat="-33.99490833" lon="-139.99344724"><ele>33.600</ele><time>2026-08-20T16:12:22Z</time><speed>0.941</speed><sat>30</sat></trkpt>
  <trkpt lat="-33.99490500" lon="-139.99342477"><ele>34.000</ele><time>2026-08-20T16:12:23Z</time><speed>0.941</speed><sat>30</sat></trkpt>
  <trkpt lat="-33.99490667" lon="-139.99340466"><ele>34.200</ele><time>2026-08-20T16:12:24Z</time><speed>0.901</speed><sat>30</sat></trkpt>
  <trkpt lat="-33.99491000" lon="-139.99337864"><ele>34.600</ele><time>2026-08-20T16:12:25Z</time><speed>0.893</speed><sat>30</sat></trkpt>
  <trkpt lat="-33.99490667" lon="-139.99335735"><ele>34.700</ele><time>2026-08-20T16:12:26Z</time><speed>0.903</speed><sat>30</sat></trkpt>
  <trkpt lat="-33.99490500" lon="-139.99333724"><ele>34.900</ele><time>2026-08-20T16:12:27Z</time><speed>0.937</speed><sat>30</sat></trkpt>
  <trkpt lat="-33.99490667" lon="-139.99332423"><ele>35.100</ele><time>2026-08-20T16:12:28Z</time><speed>0.972</speed><sat>30</sat></trkpt>
  <trkpt lat="-33.99491167" lon="-139.99332187"><ele>35.500</ele><time>2026-08-20T16:12:29Z</time><speed>0.986</speed><sat>30</sat></trkpt>
  <trkpt lat="-33.99491333" lon="-139.99331832"><ele>35.600</ele><time>2026-08-20T16:12:30Z</time><speed>0.971</speed><sat>30</sat></trkpt>
  <trkpt lat="-33.99491500" lon="-139.99331595"><ele>35.700</ele><time>2026-08-20T16:12:31Z</time><speed>0.000</speed><sat>30</sat></trkpt>
  <trkpt lat="-33.99491500" lon="-139.99330767"><ele>35.600</ele><time>2026-08-20T16:12:32Z</time><speed>0.810</speed><sat>30</sat></trkpt>
  <trkpt lat="-33.99491333" lon="-139.99330412"><ele>35.400</ele><time>2026-08-20T16:12:33Z</time><speed>0.688</speed><sat>29</sat></trkpt>
  <trkpt lat="-33.99491333" lon="-139.99329939"><ele>35.300</ele><time>2026-08-20T16:12:34Z</time><speed>0.578</speed><sat>29</sat></trkpt>
  <trkpt lat="-33.99491167" lon="-139.99329821"><ele>35.200</ele><time>2026-08-20T16:12:35Z</time><speed>0.452</speed><sat>30</sat></trkpt>
  <trkpt lat="-33.99490833" lon="-139.99328875"><ele>34.900</ele><time>2026-08-20T16:12:36Z</time><speed>0.000</speed><sat>30</sat></trkpt>
  <trkpt lat="-33.99490167" lon="-139.99328993"><ele>34.500</ele><time>2026-08-20T16:12:37Z</time><speed>0.000</speed><sat>29</sat></trkpt>
  <trkpt lat="-33.99490000" lon="-139.99329466"><ele>34.300</ele><time>2026-08-20T16:12:38Z</time><speed>0.000</speed><sat>27</sat></trkpt>
  <trkpt lat="-33.99490000" lon="-139.99329466"><ele>34.300</ele><time>2026-08-20T16:12:39Z</time><speed>0.000</speed><sat>28</sat></trkpt>
  <trkpt lat="-33.99490000" lon="-139.99329466"><ele>34.300</ele><time>2026-08-20T16:12:40Z</time><speed>0.000</speed><sat>28</sat></trkpt>
  <trkpt lat="-33.99490000" lon="-139.99329466"><ele>34.300</ele><time>2026-08-20T16:12:41Z</time><speed>0.000</speed><sat>29</sat></trkpt>
  <trkpt lat="-33.99490000" lon="-139.99329466"><ele>34.300</ele><time>2026-08-20T16:12:42Z</time><speed>0.000</speed><sat>29</sat></trkpt>
  <trkpt lat="-33.99490000" lon="-139.99329466"><ele>34.300</ele><time>2026-08-20T16:12:43Z</time><speed>0.000</speed><sat>29</sat></trkpt>
  <trkpt lat="-33.99490000" lon="-139.99329466"><ele>34.300</ele><time>2026-08-20T16:12:44Z</time><speed>0.000</speed><sat>29</sat></trkpt>
  <trkpt lat="-33.99490000" lon="-139.99329466"><ele>34.300</ele><time>2026-08-20T16:12:45Z</time><speed>0.000</speed><sat>30</sat></trkpt>
  <trkpt lat="-33.99490000" lon="-139.99329466"><ele>34.300</ele><time>2026-08-20T16:12:46Z</time><speed>0.000</speed><sat>30</sat></trkpt>
  <trkpt lat="-33.99490000" lon="-139.99329466"><ele>34.300</ele><time>2026-08-20T16:12:47Z</time><speed>0.000</speed><sat>30</sat></trkpt>
  <trkpt lat="-33.99489833" lon="-139.99324025"><ele>33.300</ele><time>2026-08-20T16:12:48Z</time><speed>0.461</speed><sat>29</sat></trkpt>
  <trkpt lat="-33.99489667" lon="-139.99320477"><ele>33.300</ele><time>2026-08-20T16:12:49Z</time><speed>0.618</speed><sat>30</sat></trkpt>
  <trkpt lat="-33.99489667" lon="-139.99316455"><ele>33.000</ele><time>2026-08-20T16:12:50Z</time><speed>0.755</speed><sat>30</sat></trkpt>
  <trkpt lat="-33.99489500" lon="-139.99313616"><ele>32.600</ele><time>2026-08-20T16:12:51Z</time><speed>0.861</speed><sat>30</sat></trkpt>
  <trkpt lat="-33.99490167" lon="-139.99311132"><ele>32.600</ele><time>2026-08-20T16:12:52Z</time><speed>0.980</speed><sat>30</sat></trkpt>
  <trkpt lat="-33.99491000" lon="-139.99308649"><ele>32.900</ele><time>2026-08-20T16:12:53Z</time><speed>1.094</speed><sat>31</sat></trkpt>
  <trkpt lat="-33.99491500" lon="-139.99305691"><ele>33.200</ele><time>2026-08-20T16:12:54Z</time><speed>1.244</speed><sat>30</sat></trkpt>
  <trkpt lat="-33.99492000" lon="-139.99302853"><ele>33.900</ele><time>2026-08-20T16:12:55Z</time><speed>1.391</speed><sat>30</sat></trkpt>
  <trkpt lat="-33.99491667" lon="-139.99299541"><ele>34.400</ele><time>2026-08-20T16:12:56Z</time><speed>1.526</speed><sat>30</sat></trkpt>
  <trkpt lat="-33.99491500" lon="-139.99296584"><ele>35.000</ele><time>2026-08-20T16:12:57Z</time><speed>1.576</speed><sat>31</sat></trkpt>
  <trkpt lat="-33.99490833" lon="-139.99293627"><ele>34.900</ele><time>2026-08-20T16:12:58Z</time><speed>1.554</speed><sat>31</sat></trkpt>
  <trkpt lat="-33.99490000" lon="-139.99290788"><ele>35.000</ele><time>2026-08-20T16:12:59Z</time><speed>1.546</speed><sat>31</sat></trkpt>
  <trkpt lat="-33.99489167" lon="-139.99288068"><ele>35.000</ele><time>2026-08-20T16:13:00Z</time><speed>1.530</speed><sat>31</sat></trkpt>
  <trkpt lat="-33.99488333" lon="-139.99285347"><ele>34.800</ele><time>2026-08-20T16:13:01Z</time><speed>1.547</speed><sat>31</sat></trkpt>
  <trkpt lat="-33.99487833" lon="-139.99282272"><ele>35.000</ele><time>2026-08-20T16:13:02Z</time><speed>1.570</speed><sat>31</sat></trkpt>
  <trkpt lat="-33.99487333" lon="-139.99279433"><ele>35.000</ele><time>2026-08-20T16:13:03Z</time><speed>1.577</speed><sat>31</sat></trkpt>
  <trkpt lat="-33.99487333" lon="-139.99277186"><ele>35.100</ele><time>2026-08-20T16:13:04Z</time><speed>1.536</speed><sat>31</sat></trkpt>
  <trkpt lat="-33.99487333" lon="-139.99274938"><ele>35.100</ele><time>2026-08-20T16:13:05Z</time><speed>1.473</speed><sat>31</sat></trkpt>
  <trkpt lat="-33.99487000" lon="-139.99273755"><ele>35.000</ele><time>2026-08-20T16:13:06Z</time><speed>1.392</speed><sat>31</sat></trkpt>
  <trkpt lat="-33.99487167" lon="-139.99273046"><ele>35.300</ele><time>2026-08-20T16:13:07Z</time><speed>1.300</speed><sat>31</sat></trkpt>
  <trkpt lat="-33.99487000" lon="-139.99272100"><ele>35.300</ele><time>2026-08-20T16:13:08Z</time><speed>1.198</speed><sat>31</sat></trkpt>
  <trkpt lat="-33.99487000" lon="-139.99271272"><ele>35.000</ele><time>2026-08-20T16:13:09Z</time><speed>1.073</speed><sat>31</sat></trkpt>
  <trkpt lat="-33.99487167" lon="-139.99270680"><ele>35.000</ele><time>2026-08-20T16:13:10Z</time><speed>0.951</speed><sat>31</sat></trkpt>
  <trkpt lat="-33.99487667" lon="-139.99270680"><ele>35.300</ele><time>2026-08-20T16:13:11Z</time><speed>0.805</speed><sat>31</sat></trkpt>
  <trkpt lat="-33.99488333" lon="-139.99270326"><ele>35.300</ele><time>2026-08-20T16:13:12Z</time><speed>0.653</speed><sat>33</sat></trkpt>
  <trkpt lat="-33.99489167" lon="-139.99269852"><ele>35.100</ele><time>2026-08-20T16:13:13Z</time><speed>0.556</speed><sat>33</sat></trkpt>
  <trkpt lat="-33.99490167" lon="-139.99269734"><ele>35.200</ele><time>2026-08-20T16:13:14Z</time><speed>0.478</speed><sat>33</sat></trkpt>
  <trkpt lat="-33.99490667" lon="-139.99269734"><ele>35.200</ele><time>2026-08-20T16:13:15Z</time><speed>0.416</speed><sat>33</sat></trkpt>
  <trkpt lat="-33.99490833" lon="-139.99270444"><ele>35.600</ele><time>2026-08-20T16:13:16Z</time><speed>0.000</speed><sat>33</sat></trkpt>
  <trkpt lat="-33.99491000" lon="-139.99270680"><ele>35.800</ele><time>2026-08-20T16:13:17Z</time><speed>0.000</speed><sat>33</sat></trkpt>
  <trkpt lat="-33.99491000" lon="-139.99270799"><ele>35.900</ele><time>2026-08-20T16:13:18Z</time><speed>0.000</speed><sat>33</sat></trkpt>
  <trkpt lat="-33.99491000" lon="-139.99270799"><ele>35.900</ele><time>2026-08-20T16:13:19Z</time><speed>0.000</speed><sat>33</sat></trkpt>
  <trkpt lat="-33.99491000" lon="-139.99270799"><ele>35.900</ele><time>2026-08-20T16:13:20Z</time><speed>0.000</speed><sat>33</sat></trkpt>
  <trkpt lat="-33.99491000" lon="-139.99270799"><ele>35.900</ele><time>2026-08-20T16:13:21Z</time><speed>0.000</speed><sat>32</sat></trkpt>
  <trkpt lat="-33.99491000" lon="-139.99270799"><ele>35.900</ele><time>2026-08-20T16:13:22Z</time><speed>0.000</speed><sat>31</sat></trkpt>
  <trkpt lat="-33.99491000" lon="-139.99270799"><ele>35.900</ele><time>2026-08-20T16:13:23Z</time><speed>0.000</speed><sat>32</sat></trkpt>
  <trkpt lat="-33.99491000" lon="-139.99270799"><ele>35.900</ele><time>2026-08-20T16:13:24Z</time><speed>0.000</speed><sat>32</sat></trkpt>
  <trkpt lat="-33.99491000" lon="-139.99270799"><ele>35.900</ele><time>2026-08-20T16:13:25Z</time><speed>0.000</speed><sat>33</sat></trkpt>
  <trkpt lat="-33.99491000" lon="-139.99270799"><ele>35.900</ele><time>2026-08-20T16:13:26Z</time><speed>0.000</speed><sat>31</sat></trkpt>
  <trkpt lat="-33.99491000" lon="-139.99270799"><ele>35.900</ele><time>2026-08-20T16:13:27Z</time><speed>0.000</speed><sat>29</sat></trkpt>
  <trkpt lat="-33.99491000" lon="-139.99270799"><ele>35.900</ele><time>2026-08-20T16:13:28Z</time><speed>0.000</speed><sat>28</sat></trkpt>
  <trkpt lat="-33.99491000" lon="-139.99270799"><ele>35.900</ele><time>2026-08-20T16:13:29Z</time><speed>0.000</speed><sat>27</sat></trkpt>
  <trkpt lat="-33.99491000" lon="-139.99270799"><ele>35.900</ele><time>2026-08-20T16:13:30Z</time><speed>0.000</speed><sat>27</sat></trkpt>
  <trkpt lat="-33.99491000" lon="-139.99270799"><ele>35.900</ele><time>2026-08-20T16:13:31Z</time><speed>0.000</speed><sat>27</sat></trkpt>
  <trkpt lat="-33.99491000" lon="-139.99270799"><ele>35.900</ele><time>2026-08-20T16:13:32Z</time><speed>0.000</speed><sat>28</sat></trkpt>
  <trkpt lat="-33.99491000" lon="-139.99270799"><ele>35.900</ele><time>2026-08-20T16:13:33Z</time><speed>0.000</speed><sat>27</sat></trkpt>
  <trkpt lat="-33.99491000" lon="-139.99270799"><ele>35.900</ele><time>2026-08-20T16:13:34Z</time><speed>0.000</speed><sat>27</sat></trkpt>
  <trkpt lat="-33.99491000" lon="-139.99270799"><ele>35.900</ele><time>2026-08-20T16:13:35Z</time><speed>0.000</speed><sat>28</sat></trkpt>
  <trkpt lat="-33.99491000" lon="-139.99270799"><ele>35.900</ele><time>2026-08-20T16:13:36Z</time><speed>0.000</speed><sat>28</sat></trkpt>
  <trkpt lat="-33.99491000" lon="-139.99270799"><ele>35.900</ele><time>2026-08-20T16:13:37Z</time><speed>0.000</speed><sat>28</sat></trkpt>
  <trkpt lat="-33.99491000" lon="-139.99270799"><ele>35.900</ele><time>2026-08-20T16:13:38Z</time><speed>0.000</speed><sat>28</sat></trkpt>
  <trkpt lat="-33.99491000" lon="-139.99270799"><ele>35.900</ele><time>2026-08-20T16:13:39Z</time><speed>0.000</speed><sat>28</sat></trkpt>
  <trkpt lat="-33.99490000" lon="-139.99268788"><ele>39.900</ele><time>2026-08-20T16:13:40Z</time><speed>0.272</speed><sat>28</sat></trkpt>
  <trkpt lat="-33.99489667" lon="-139.99267960"><ele>39.800</ele><time>2026-08-20T16:13:41Z</time><speed>0.315</speed><sat>28</sat></trkpt>
  <trkpt lat="-33.99489667" lon="-139.99268315"><ele>39.600</ele><time>2026-08-20T16:13:42Z</time><speed>0.354</speed><sat>29</sat></trkpt>
  <trkpt lat="-33.99490167" lon="-139.99267368"><ele>39.300</ele><time>2026-08-20T16:13:43Z</time><speed>0.396</speed><sat>29</sat></trkpt>
  <trkpt lat="-33.99490000" lon="-139.99266186"><ele>39.900</ele><time>2026-08-20T16:13:44Z</time><speed>0.446</speed><sat>29</sat></trkpt>
  <trkpt lat="-33.99490333" lon="-139.99265121"><ele>40.500</ele><time>2026-08-20T16:13:45Z</time><speed>0.454</speed><sat>29</sat></trkpt>
  <trkpt lat="-33.99490833" lon="-139.99264057"><ele>40.900</ele><time>2026-08-20T16:13:46Z</time><speed>0.470</speed><sat>28</sat></trkpt>
  <trkpt lat="-33.99490500" lon="-139.99263110"><ele>41.600</ele><time>2026-08-20T16:13:47Z</time><speed>0.495</speed><sat>28</sat></trkpt>
  <trkpt lat="-33.99490667" lon="-139.99262400"><ele>42.200</ele><time>2026-08-20T16:13:48Z</time><speed>0.524</speed><sat>29</sat></trkpt>
  <trkpt lat="-33.99490667" lon="-139.99262046"><ele>42.900</ele><time>2026-08-20T16:13:49Z</time><speed>0.507</speed><sat>29</sat></trkpt>
  <trkpt lat="-33.99490667" lon="-139.99261928"><ele>43.100</ele><time>2026-08-20T16:13:50Z</time><speed>0.463</speed><sat>28</sat></trkpt>
  <trkpt lat="-33.99490500" lon="-139.99261218"><ele>43.600</ele><time>2026-08-20T16:13:51Z</time><speed>0.463</speed><sat>28</sat></trkpt>
  <trkpt lat="-33.99490333" lon="-139.99260271"><ele>44.400</ele><time>2026-08-20T16:13:52Z</time><speed>0.500</speed><sat>29</sat></trkpt>
  <trkpt lat="-33.99489500" lon="-139.99258261"><ele>44.900</ele><time>2026-08-20T16:13:53Z</time><speed>0.551</speed><sat>30</sat></trkpt>
  <trkpt lat="-33.99489000" lon="-139.99256013"><ele>45.100</ele><time>2026-08-20T16:13:54Z</time><speed>0.609</speed><sat>30</sat></trkpt>
  <trkpt lat="-33.99488167" lon="-139.99253175"><ele>45.100</ele><time>2026-08-20T16:13:55Z</time><speed>0.736</speed><sat>30</sat></trkpt>
  <trkpt lat="-33.99487667" lon="-139.99249626"><ele>45.000</ele><time>2026-08-20T16:13:56Z</time><speed>0.878</speed><sat>30</sat></trkpt>
  <trkpt lat="-33.99487167" lon="-139.99245723"><ele>45.300</ele><time>2026-08-20T16:13:57Z</time><speed>1.022</speed><sat>30</sat></trkpt>
  <trkpt lat="-33.99486833" lon="-139.99241702"><ele>45.400</ele><time>2026-08-20T16:13:58Z</time><speed>1.196</speed><sat>31</sat></trkpt>
  <trkpt lat="-33.99486667" lon="-139.99237680"><ele>45.300</ele><time>2026-08-20T16:13:59Z</time><speed>1.344</speed><sat>31</sat></trkpt>
  <trkpt lat="-33.99487167" lon="-139.99234723"><ele>45.300</ele><time>2026-08-20T16:14:00Z</time><speed>1.464</speed><sat>31</sat></trkpt>
  <trkpt lat="-33.99487500" lon="-139.99231174"><ele>45.700</ele><time>2026-08-20T16:14:01Z</time><speed>1.585</speed><sat>31</sat></trkpt>
  <trkpt lat="-33.99487667" lon="-139.99228336"><ele>46.000</ele><time>2026-08-20T16:14:02Z</time><speed>1.673</speed><sat>31</sat></trkpt>
  <trkpt lat="-33.99488000" lon="-139.99225024"><ele>46.600</ele><time>2026-08-20T16:14:03Z</time><speed>1.737</speed><sat>31</sat></trkpt>
  <trkpt lat="-33.99488167" lon="-139.99221594"><ele>47.100</ele><time>2026-08-20T16:14:04Z</time><speed>1.785</speed><sat>31</sat></trkpt>
  <trkpt lat="-33.99488667" lon="-139.99218164"><ele>47.500</ele><time>2026-08-20T16:14:05Z</time><speed>1.826</speed><sat>30</sat></trkpt>
  <trkpt lat="-33.99488667" lon="-139.99214970"><ele>47.900</ele><time>2026-08-20T16:14:06Z</time><speed>1.813</speed><sat>31</sat></trkpt>
  <trkpt lat="-33.99489000" lon="-139.99212605"><ele>48.100</ele><time>2026-08-20T16:14:07Z</time><speed>1.724</speed><sat>31</sat></trkpt>
  <trkpt lat="-33.99489333" lon="-139.99211540"><ele>48.300</ele><time>2026-08-20T16:14:08Z</time><speed>1.561</speed><sat>31</sat></trkpt>
  <trkpt lat="-33.99489667" lon="-139.99210357"><ele>48.600</ele><time>2026-08-20T16:14:09Z</time><speed>1.394</speed><sat>30</sat></trkpt>
  <trkpt lat="-33.99490167" lon="-139.99210357"><ele>48.400</ele><time>2026-08-20T16:14:10Z</time><speed>1.286</speed><sat>30</sat></trkpt>
  <trkpt lat="-33.99490500" lon="-139.99210712"><ele>48.000</ele><time>2026-08-20T16:14:11Z</time><speed>1.144</speed><sat>30</sat></trkpt>
  <trkpt lat="-33.99490333" lon="-139.99210948"><ele>48.000</ele><time>2026-08-20T16:14:12Z</time><speed>0.991</speed><sat>31</sat></trkpt>
  <trkpt lat="-33.99490500" lon="-139.99210831"><ele>47.800</ele><time>2026-08-20T16:14:13Z</time><speed>0.820</speed><sat>31</sat></trkpt>
  <trkpt lat="-33.99490500" lon="-139.99210831"><ele>47.700</ele><time>2026-08-20T16:14:14Z</time><speed>0.651</speed><sat>31</sat></trkpt>
  <trkpt lat="-33.99490333" lon="-139.99210121"><ele>47.400</ele><time>2026-08-20T16:14:15Z</time><speed>0.465</speed><sat>31</sat></trkpt>
  <trkpt lat="-33.99490000" lon="-139.99209174"><ele>47.000</ele><time>2026-08-20T16:14:16Z</time><speed>0.000</speed><sat>31</sat></trkpt>
  <trkpt lat="-33.99490167" lon="-139.99208110"><ele>46.600</ele><time>2026-08-20T16:14:17Z</time><speed>0.000</speed><sat>30</sat></trkpt>
  <trkpt lat="-33.99490333" lon="-139.99207164"><ele>46.100</ele><time>2026-08-20T16:14:18Z</time><speed>0.000</speed><sat>30</sat></trkpt>
  <trkpt lat="-33.99490333" lon="-139.99207164"><ele>46.100</ele><time>2026-08-20T16:14:19Z</time><speed>0.000</speed><sat>30</sat></trkpt>
  <trkpt lat="-33.99490333" lon="-139.99207164"><ele>46.100</ele><time>2026-08-20T16:14:20Z</time><speed>0.000</speed><sat>31</sat></trkpt>
  <trkpt lat="-33.99489000" lon="-139.99201841"><ele>44.800</ele><time>2026-08-20T16:14:21Z</time><speed>0.399</speed><sat>30</sat></trkpt>
  <trkpt lat="-33.99488500" lon="-139.99198766"><ele>44.500</ele><time>2026-08-20T16:14:22Z</time><speed>0.540</speed><sat>31</sat></trkpt>
  <trkpt lat="-33.99487667" lon="-139.99195099"><ele>44.400</ele><time>2026-08-20T16:14:23Z</time><speed>0.750</speed><sat>31</sat></trkpt>
  <trkpt lat="-33.99487167" lon="-139.99191432"><ele>44.100</ele><time>2026-08-20T16:14:24Z</time><speed>0.949</speed><sat>31</sat></trkpt>
  <trkpt lat="-33.99486667" lon="-139.99187647"><ele>44.100</ele><time>2026-08-20T16:14:25Z</time><speed>1.149</speed><sat>31</sat></trkpt>
  <trkpt lat="-33.99486667" lon="-139.99183625"><ele>44.000</ele><time>2026-08-20T16:14:26Z</time><speed>1.304</speed><sat>31</sat></trkpt>
  <trkpt lat="-33.99486500" lon="-139.99180196"><ele>43.900</ele><time>2026-08-20T16:14:27Z</time><speed>1.437</speed><sat>31</sat></trkpt>
  <trkpt lat="-33.99486500" lon="-139.99177948"><ele>44.000</ele><time>2026-08-20T16:14:28Z</time><speed>1.522</speed><sat>29</sat></trkpt>
  <trkpt lat="-33.99486833" lon="-139.99175346"><ele>43.500</ele><time>2026-08-20T16:14:29Z</time><speed>1.607</speed><sat>30</sat></trkpt>
  <trkpt lat="-33.99486500" lon="-139.99172508"><ele>43.500</ele><time>2026-08-20T16:14:30Z</time><speed>1.663</speed><sat>31</sat></trkpt>
  <trkpt lat="-33.99485833" lon="-139.99169550"><ele>43.300</ele><time>2026-08-20T16:14:31Z</time><speed>1.683</speed><sat>31</sat></trkpt>
  <trkpt lat="-33.99485167" lon="-139.99166830"><ele>43.100</ele><time>2026-08-20T16:14:32Z</time><speed>1.680</speed><sat>31</sat></trkpt>
  <trkpt lat="-33.99484833" lon="-139.99164346"><ele>42.800</ele><time>2026-08-20T16:14:33Z</time><speed>1.592</speed><sat>31</sat></trkpt>
  <trkpt lat="-33.99484500" lon="-139.99163045"><ele>42.300</ele><time>2026-08-20T16:14:34Z</time><speed>1.428</speed><sat>31</sat></trkpt>
  <trkpt lat="-33.99484667" lon="-139.99162099"><ele>42.200</ele><time>2026-08-20T16:14:35Z</time><speed>1.247</speed><sat>32</sat></trkpt>
  <trkpt lat="-33.99485167" lon="-139.99161625"><ele>42.100</ele><time>2026-08-20T16:14:36Z</time><speed>1.072</speed><sat>29</sat></trkpt>
  <trkpt lat="-33.99485667" lon="-139.99161389"><ele>42.200</ele><time>2026-08-20T16:14:37Z</time><speed>0.917</speed><sat>30</sat></trkpt>
  <trkpt lat="-33.99486167" lon="-139.99161270"><ele>42.100</ele><time>2026-08-20T16:14:38Z</time><speed>0.808</speed><sat>30</sat></trkpt>
  <trkpt lat="-33.99486500" lon="-139.99161270"><ele>42.200</ele><time>2026-08-20T16:14:39Z</time><speed>0.688</speed><sat>30</sat></trkpt>
  <trkpt lat="-33.99486667" lon="-139.99161270"><ele>42.200</ele><time>2026-08-20T16:14:40Z</time><speed>0.561</speed><sat>30</sat></trkpt>
  <trkpt lat="-33.99486833" lon="-139.99161153"><ele>42.200</ele><time>2026-08-20T16:14:41Z</time><speed>0.410</speed><sat>30</sat></trkpt>
  <trkpt lat="-33.99487000" lon="-139.99161153"><ele>42.200</ele><time>2026-08-20T16:14:42Z</time><speed>0.000</speed><sat>31</sat></trkpt>
  <trkpt lat="-33.99486833" lon="-139.99161034"><ele>42.400</ele><time>2026-08-20T16:14:43Z</time><speed>0.000</speed><sat>31</sat></trkpt>
  <trkpt lat="-33.99486833" lon="-139.99160798"><ele>42.600</ele><time>2026-08-20T16:14:44Z</time><speed>0.000</speed><sat>32</sat></trkpt>
  <trkpt lat="-33.99486833" lon="-139.99160798"><ele>42.600</ele><time>2026-08-20T16:14:45Z</time><speed>0.000</speed><sat>32</sat></trkpt>
  <trkpt lat="-33.99486833" lon="-139.99160798"><ele>42.600</ele><time>2026-08-20T16:14:46Z</time><speed>0.000</speed><sat>32</sat></trkpt>
  <trkpt lat="-33.99486833" lon="-139.99160798"><ele>42.600</ele><time>2026-08-20T16:14:47Z</time><speed>0.000</speed><sat>32</sat></trkpt>
  <trkpt lat="-33.99486833" lon="-139.99160798"><ele>42.600</ele><time>2026-08-20T16:14:48Z</time><speed>0.000</speed><sat>32</sat></trkpt>
  <trkpt lat="-33.99486833" lon="-139.99160798"><ele>42.600</ele><time>2026-08-20T16:14:49Z</time><speed>0.000</speed><sat>32</sat></trkpt>
  <trkpt lat="-33.99486833" lon="-139.99160798"><ele>42.600</ele><time>2026-08-20T16:14:50Z</time><speed>0.000</speed><sat>31</sat></trkpt>
  <trkpt lat="-33.99486833" lon="-139.99160798"><ele>42.600</ele><time>2026-08-20T16:14:51Z</time><speed>0.000</speed><sat>31</sat></trkpt>
  <trkpt lat="-33.99486833" lon="-139.99160798"><ele>42.600</ele><time>2026-08-20T16:14:52Z</time><speed>0.000</speed><sat>31</sat></trkpt>
  <trkpt lat="-33.99486167" lon="-139.99156776"><ele>44.400</ele><time>2026-08-20T16:14:53Z</time><speed>0.224</speed><sat>30</sat></trkpt>
  <trkpt lat="-33.99485833" lon="-139.99154174"><ele>44.500</ele><time>2026-08-20T16:14:54Z</time><speed>0.390</speed><sat>31</sat></trkpt>
  <trkpt lat="-33.99486333" lon="-139.99150625"><ele>44.700</ele><time>2026-08-20T16:14:55Z</time><speed>0.609</speed><sat>31</sat></trkpt>
  <trkpt lat="-33.99486333" lon="-139.99146367"><ele>44.700</ele><time>2026-08-20T16:14:56Z</time><speed>0.858</speed><sat>31</sat></trkpt>
  <trkpt lat="-33.99485667" lon="-139.99141754"><ele>45.400</ele><time>2026-08-20T16:14:57Z</time><speed>1.060</speed><sat>31</sat></trkpt>
  <trkpt lat="-33.99484500" lon="-139.99137023"><ele>45.800</ele><time>2026-08-20T16:14:58Z</time><speed>1.256</speed><sat>29</sat></trkpt>
  <trkpt lat="-33.99483833" lon="-139.99132765"><ele>45.900</ele><time>2026-08-20T16:14:59Z</time><speed>1.461</speed><sat>29</sat></trkpt>
  <trkpt lat="-33.99483167" lon="-139.99128980"><ele>45.800</ele><time>2026-08-20T16:15:00Z</time><speed>1.620</speed><sat>29</sat></trkpt>
  <trkpt lat="-33.99481833" lon="-139.99126260"><ele>46.000</ele><time>2026-08-20T16:15:01Z</time><speed>1.761</speed><sat>29</sat></trkpt>
  <trkpt lat="-33.99481167" lon="-139.99124722"><ele>45.900</ele><time>2026-08-20T16:15:02Z</time><speed>1.774</speed><sat>28</sat></trkpt>
  <trkpt lat="-33.99480667" lon="-139.99123894"><ele>45.900</ele><time>2026-08-20T16:15:03Z</time><speed>1.713</speed><sat>28</sat></trkpt>
  <trkpt lat="-33.99480500" lon="-139.99123421"><ele>45.800</ele><time>2026-08-20T16:15:04Z</time><speed>1.595</speed><sat>30</sat></trkpt>
  <trkpt lat="-33.99480333" lon="-139.99123302"><ele>45.900</ele><time>2026-08-20T16:15:05Z</time><speed>1.412</speed><sat>29</sat></trkpt>
  <trkpt lat="-33.99480667" lon="-139.99123421"><ele>45.500</ele><time>2026-08-20T16:15:06Z</time><speed>1.190</speed><sat>30</sat></trkpt>
  <trkpt lat="-33.99480667" lon="-139.99123657"><ele>45.400</ele><time>2026-08-20T16:15:07Z</time><speed>1.005</speed><sat>31</sat></trkpt>
  <trkpt lat="-33.99480833" lon="-139.99124249"><ele>45.700</ele><time>2026-08-20T16:15:08Z</time><speed>0.833</speed><sat>31</sat></trkpt>
  <trkpt lat="-33.99480833" lon="-139.99125076"><ele>46.000</ele><time>2026-08-20T16:15:09Z</time><speed>0.662</speed><sat>31</sat></trkpt>
  <trkpt lat="-33.99481000" lon="-139.99126496"><ele>46.400</ele><time>2026-08-20T16:15:10Z</time><speed>0.548</speed><sat>31</sat></trkpt>
  <trkpt lat="-33.99481167" lon="-139.99127797"><ele>46.600</ele><time>2026-08-20T16:15:11Z</time><speed>0.446</speed><sat>30</sat></trkpt>
  <trkpt lat="-33.99480833" lon="-139.99129572"><ele>46.700</ele><time>2026-08-20T16:15:12Z</time><speed>0.448</speed><sat>31</sat></trkpt>
  <trkpt lat="-33.99481000" lon="-139.99131464"><ele>46.700</ele><time>2026-08-20T16:15:13Z</time><speed>0.463</speed><sat>31</sat></trkpt>
  <trkpt lat="-33.99481000" lon="-139.99132765"><ele>46.700</ele><time>2026-08-20T16:15:14Z</time><speed>0.481</speed><sat>31</sat></trkpt>
  <trkpt lat="-33.99481333" lon="-139.99133830"><ele>46.900</ele><time>2026-08-20T16:15:15Z</time><speed>0.511</speed><sat>30</sat></trkpt>
  <trkpt lat="-33.99481000" lon="-139.99133830"><ele>46.600</ele><time>2026-08-20T16:15:16Z</time><speed>0.514</speed><sat>30</sat></trkpt>
  <trkpt lat="-33.99481000" lon="-139.99133002"><ele>46.500</ele><time>2026-08-20T16:15:17Z</time><speed>0.490</speed><sat>29</sat></trkpt>
  <trkpt lat="-33.99480667" lon="-139.99131464"><ele>46.400</ele><time>2026-08-20T16:15:18Z</time><speed>0.536</speed><sat>30</sat></trkpt>
  <trkpt lat="-33.99480167" lon="-139.99128625"><ele>46.200</ele><time>2026-08-20T16:15:19Z</time><speed>0.638</speed><sat>29</sat></trkpt>
  <trkpt lat="-33.99480000" lon="-139.99126023"><ele>45.900</ele><time>2026-08-20T16:15:20Z</time><speed>0.755</speed><sat>30</sat></trkpt>
  <trkpt lat="-33.99479167" lon="-139.99122830"><ele>45.400</ele><time>2026-08-20T16:15:21Z</time><speed>0.901</speed><sat>30</sat></trkpt>
  <trkpt lat="-33.99478500" lon="-139.99119281"><ele>44.900</ele><time>2026-08-20T16:15:22Z</time><speed>1.039</speed><sat>30</sat></trkpt>
  <trkpt lat="-33.99477500" lon="-139.99115378"><ele>44.300</ele><time>2026-08-20T16:15:23Z</time><speed>1.223</speed><sat>30</sat></trkpt>
  <trkpt lat="-33.99477000" lon="-139.99110883"><ele>44.000</ele><time>2026-08-20T16:15:24Z</time><speed>1.445</speed><sat>30</sat></trkpt>
  <trkpt lat="-33.99476000" lon="-139.99104733"><ele>43.600</ele><time>2026-08-20T16:15:25Z</time><speed>1.738</speed><sat>29</sat></trkpt>
  <trkpt lat="-33.99475500" lon="-139.99097636"><ele>43.000</ele><time>2026-08-20T16:15:26Z</time><speed>2.072</speed><sat>29</sat></trkpt>
  <trkpt lat="-33.99474500" lon="-139.99090420"><ele>42.200</ele><time>2026-08-20T16:15:27Z</time><speed>2.469</speed><sat>29</sat></trkpt>
  <trkpt lat="-33.99474333" lon="-139.99083087"><ele>41.100</ele><time>2026-08-20T16:15:28Z</time><speed>2.817</speed><sat>28</sat></trkpt>
  <trkpt lat="-33.99474167" lon="-139.99076345"><ele>40.300</ele><time>2026-08-20T16:15:29Z</time><speed>3.100</speed><sat>27</sat></trkpt>
  <trkpt lat="-33.99474667" lon="-139.99070313"><ele>39.800</ele><time>2026-08-20T16:15:30Z</time><speed>3.336</speed><sat>28</sat></trkpt>
  <trkpt lat="-33.99474833" lon="-139.99066410"><ele>38.900</ele><time>2026-08-20T16:15:31Z</time><speed>3.319</speed><sat>27</sat></trkpt>
  <trkpt lat="-33.99475000" lon="-139.99064044"><ele>37.900</ele><time>2026-08-20T16:15:32Z</time><speed>3.165</speed><sat>28</sat></trkpt>
  <trkpt lat="-33.99475667" lon="-139.99062979"><ele>36.600</ele><time>2026-08-20T16:15:33Z</time><speed>2.952</speed><sat>28</sat></trkpt>
  <trkpt lat="-33.99475333" lon="-139.99062269"><ele>35.600</ele><time>2026-08-20T16:15:34Z</time><speed>2.670</speed><sat>26</sat></trkpt>
  <trkpt lat="-33.99475333" lon="-139.99061205"><ele>36.000</ele><time>2026-08-20T16:15:35Z</time><speed>2.326</speed><sat>27</sat></trkpt>
  <trkpt lat="-33.99475833" lon="-139.99060614"><ele>36.000</ele><time>2026-08-20T16:15:36Z</time><speed>1.967</speed><sat>27</sat></trkpt>
  <trkpt lat="-33.99476000" lon="-139.99060377"><ele>36.600</ele><time>2026-08-20T16:15:37Z</time><speed>1.577</speed><sat>27</sat></trkpt>
  <trkpt lat="-33.99476000" lon="-139.99059904"><ele>37.100</ele><time>2026-08-20T16:15:38Z</time><speed>1.170</speed><sat>26</sat></trkpt>
  <trkpt lat="-33.99475833" lon="-139.99059431"><ele>36.900</ele><time>2026-08-20T16:15:39Z</time><speed>0.757</speed><sat>27</sat></trkpt>
  <trkpt lat="-33.99475667" lon="-139.99059076"><ele>36.700</ele><time>2026-08-20T16:15:40Z</time><speed>0.412</speed><sat>28</sat></trkpt>
  <trkpt lat="-33.99475833" lon="-139.99058839"><ele>37.000</ele><time>2026-08-20T16:15:41Z</time><speed>0.000</speed><sat>28</sat></trkpt>
  <trkpt lat="-33.99476167" lon="-139.99058485"><ele>37.400</ele><time>2026-08-20T16:15:42Z</time><speed>0.000</speed><sat>28</sat></trkpt>
  <trkpt lat="-33.99477000" lon="-139.99057539"><ele>37.700</ele><time>2026-08-20T16:15:43Z</time><speed>0.000</speed><sat>28</sat></trkpt>
  <trkpt lat="-33.99477000" lon="-139.99057539"><ele>37.700</ele><time>2026-08-20T16:15:44Z</time><speed>0.000</speed><sat>28</sat></trkpt>
  <trkpt lat="-33.99477500" lon="-139.99055055"><ele>38.300</ele><time>2026-08-20T16:15:45Z</time><speed>0.293</speed><sat>27</sat></trkpt>
  <trkpt lat="-33.99477833" lon="-139.99053872"><ele>38.300</ele><time>2026-08-20T16:15:46Z</time><speed>0.339</speed><sat>29</sat></trkpt>
  <trkpt lat="-33.99478500" lon="-139.99052926"><ele>38.500</ele><time>2026-08-20T16:15:47Z</time><speed>0.000</speed><sat>27</sat></trkpt>
  <trkpt lat="-33.99479000" lon="-139.99052334"><ele>38.700</ele><time>2026-08-20T16:15:48Z</time><speed>0.000</speed><sat>26</sat></trkpt>
  <trkpt lat="-33.99479167" lon="-139.99052216"><ele>38.900</ele><time>2026-08-20T16:15:49Z</time><speed>0.000</speed><sat>26</sat></trkpt>
  <trkpt lat="-33.99479167" lon="-139.99052216"><ele>38.900</ele><time>2026-08-20T16:15:50Z</time><speed>0.000</speed><sat>28</sat></trkpt>
  <trkpt lat="-33.99479167" lon="-139.99052216"><ele>38.900</ele><time>2026-08-20T16:15:51Z</time><speed>0.000</speed><sat>29</sat></trkpt>
  <trkpt lat="-33.99479167" lon="-139.99052216"><ele>38.900</ele><time>2026-08-20T16:15:52Z</time><speed>0.000</speed><sat>29</sat></trkpt>
  <trkpt lat="-33.99479167" lon="-139.99052216"><ele>38.900</ele><time>2026-08-20T16:15:53Z</time><speed>0.000</speed><sat>29</sat></trkpt>
  <trkpt lat="-33.99479167" lon="-139.99052216"><ele>38.900</ele><time>2026-08-20T16:15:54Z</time><speed>0.000</speed><sat>28</sat></trkpt>
  <trkpt lat="-33.99481833" lon="-139.99054227"><ele>38.900</ele><time>2026-08-20T16:15:55Z</time><speed>0.334</speed><sat>28</sat></trkpt>
  <trkpt lat="-33.99481833" lon="-139.99055173"><ele>39.000</ele><time>2026-08-20T16:15:56Z</time><speed>0.353</speed><sat>28</sat></trkpt>
  <trkpt lat="-33.99480667" lon="-139.99056592"><ele>38.700</ele><time>2026-08-20T16:15:57Z</time><speed>0.412</speed><sat>28</sat></trkpt>
  <trkpt lat="-33.99479833" lon="-139.99059076"><ele>39.100</ele><time>2026-08-20T16:15:58Z</time><speed>0.516</speed><sat>28</sat></trkpt>
  <trkpt lat="-33.99479167" lon="-139.99061797"><ele>39.600</ele><time>2026-08-20T16:15:59Z</time><speed>0.620</speed><sat>28</sat></trkpt>
  <trkpt lat="-33.99479000" lon="-139.99064635"><ele>40.000</ele><time>2026-08-20T16:16:00Z</time><speed>0.752</speed><sat>28</sat></trkpt>
  <trkpt lat="-33.99479167" lon="-139.99067829"><ele>40.500</ele><time>2026-08-20T16:16:01Z</time><speed>0.897</speed><sat>28</sat></trkpt>
  <trkpt lat="-33.99478500" lon="-139.99070313"><ele>41.300</ele><time>2026-08-20T16:16:02Z</time><speed>1.018</speed><sat>28</sat></trkpt>
  <trkpt lat="-33.99478500" lon="-139.99072442"><ele>42.000</ele><time>2026-08-20T16:16:03Z</time><speed>1.169</speed><sat>28</sat></trkpt>
  <trkpt lat="-33.99478833" lon="-139.99075044"><ele>43.000</ele><time>2026-08-20T16:16:04Z</time><speed>1.307</speed><sat>28</sat></trkpt>
  <trkpt lat="-33.99478833" lon="-139.99078474"><ele>43.700</ele><time>2026-08-20T16:16:05Z</time><speed>1.494</speed><sat>28</sat></trkpt>
  <trkpt lat="-33.99479000" lon="-139.99082378"><ele>44.000</ele><time>2026-08-20T16:16:06Z</time><speed>1.715</speed><sat>28</sat></trkpt>
  <trkpt lat="-33.99479000" lon="-139.99086162"><ele>44.600</ele><time>2026-08-20T16:16:07Z</time><speed>1.876</speed><sat>28</sat></trkpt>
  <trkpt lat="-33.99479333" lon="-139.99089592"><ele>45.000</ele><time>2026-08-20T16:16:08Z</time><speed>1.954</speed><sat>29</sat></trkpt>
  <trkpt lat="-33.99479500" lon="-139.99092668"><ele>45.600</ele><time>2026-08-20T16:16:09Z</time><speed>2.051</speed><sat>30</sat></trkpt>
  <trkpt lat="-33.99479333" lon="-139.99096098"><ele>46.300</ele><time>2026-08-20T16:16:10Z</time><speed>2.105</speed><sat>30</sat></trkpt>
  <trkpt lat="-33.99479333" lon="-139.99098345"><ele>46.600</ele><time>2026-08-20T16:16:11Z</time><speed>2.084</speed><sat>30</sat></trkpt>
  <trkpt lat="-33.99479667" lon="-139.99099410"><ele>46.300</ele><time>2026-08-20T16:16:12Z</time><speed>2.024</speed><sat>31</sat></trkpt>
  <trkpt lat="-33.99479833" lon="-139.99098937"><ele>45.900</ele><time>2026-08-20T16:16:13Z</time><speed>1.886</speed><sat>31</sat></trkpt>
  <trkpt lat="-33.99479833" lon="-139.99097399"><ele>45.100</ele><time>2026-08-20T16:16:14Z</time><speed>1.755</speed><sat>31</sat></trkpt>
  <trkpt lat="-33.99478667" lon="-139.99095507"><ele>44.500</ele><time>2026-08-20T16:16:15Z</time><speed>1.680</speed><sat>29</sat></trkpt>
  <trkpt lat="-33.99477500" lon="-139.99091366"><ele>43.700</ele><time>2026-08-20T16:16:16Z</time><speed>1.618</speed><sat>29</sat></trkpt>
  <trkpt lat="-33.99476667" lon="-139.99087345"><ele>43.400</ele><time>2026-08-20T16:16:17Z</time><speed>1.589</speed><sat>29</sat></trkpt>
  <trkpt lat="-33.99477333" lon="-139.99083915"><ele>43.200</ele><time>2026-08-20T16:16:18Z</time><speed>1.545</speed><sat>29</sat></trkpt>
  <trkpt lat="-33.99478500" lon="-139.99081195"><ele>43.000</ele><time>2026-08-20T16:16:19Z</time><speed>1.453</speed><sat>29</sat></trkpt>
  <trkpt lat="-33.99479667" lon="-139.99079657"><ele>42.600</ele><time>2026-08-20T16:16:20Z</time><speed>1.330</speed><sat>28</sat></trkpt>
  <trkpt lat="-33.99480500" lon="-139.99078474"><ele>42.300</ele><time>2026-08-20T16:16:21Z</time><speed>1.235</speed><sat>28</sat></trkpt>
  <trkpt lat="-33.99481000" lon="-139.99078001"><ele>42.000</ele><time>2026-08-20T16:16:22Z</time><speed>1.176</speed><sat>28</sat></trkpt>
  <trkpt lat="-33.99481333" lon="-139.99076936"><ele>41.300</ele><time>2026-08-20T16:16:23Z</time><speed>1.192</speed><sat>28</sat></trkpt>
  <trkpt lat="-33.99481167" lon="-139.99077173"><ele>41.200</ele><time>2026-08-20T16:16:24Z</time><speed>1.156</speed><sat>28</sat></trkpt>
  <trkpt lat="-33.99481167" lon="-139.99076936"><ele>40.900</ele><time>2026-08-20T16:16:25Z</time><speed>1.015</speed><sat>28</sat></trkpt>
  <trkpt lat="-33.99481167" lon="-139.99076582"><ele>40.700</ele><time>2026-08-20T16:16:26Z</time><speed>0.810</speed><sat>28</sat></trkpt>
  <trkpt lat="-33.99480833" lon="-139.99076345"><ele>40.000</ele><time>2026-08-20T16:16:27Z</time><speed>0.608</speed><sat>28</sat></trkpt>
  <trkpt lat="-33.99480000" lon="-139.99074926"><ele>39.800</ele><time>2026-08-20T16:16:28Z</time><speed>0.489</speed><sat>29</sat></trkpt>
  <trkpt lat="-33.99479000" lon="-139.99072205"><ele>39.300</ele><time>2026-08-20T16:16:29Z</time><speed>0.449</speed><sat>30</sat></trkpt>
  <trkpt lat="-33.99477333" lon="-139.99067237"><ele>39.300</ele><time>2026-08-20T16:16:30Z</time><speed>0.791</speed><sat>29</sat></trkpt>
  <trkpt lat="-33.99475333" lon="-139.99061560"><ele>39.300</ele><time>2026-08-20T16:16:31Z</time><speed>4.377</speed><sat>30</sat></trkpt>
  <trkpt lat="-33.99473000" lon="-139.99056119"><ele>39.200</ele><time>2026-08-20T16:16:32Z</time><speed>4.231</speed><sat>30</sat></trkpt>
  <trkpt lat="-33.99471167" lon="-139.99049850"><ele>38.300</ele><time>2026-08-20T16:16:33Z</time><speed>4.558</speed><sat>28</sat></trkpt>
  <trkpt lat="-33.99469167" lon="-139.99043463"><ele>37.100</ele><time>2026-08-20T16:16:34Z</time><speed>4.989</speed><sat>27</sat></trkpt>
  <trkpt lat="-33.99467167" lon="-139.99037313"><ele>36.600</ele><time>2026-08-20T16:16:35Z</time><speed>5.287</speed><sat>27</sat></trkpt>
  <trkpt lat="-33.99465500" lon="-139.99032226"><ele>35.900</ele><time>2026-08-20T16:16:36Z</time><speed>4.915</speed><sat>27</sat></trkpt>
  <trkpt lat="-33.99465500" lon="-139.99030688"><ele>34.400</ele><time>2026-08-20T16:16:37Z</time><speed>2.338</speed><sat>27</sat></trkpt>
  <trkpt lat="-33.99466167" lon="-139.99029033"><ele>32.600</ele><time>2026-08-20T16:16:38Z</time><speed>1.723</speed><sat>28</sat></trkpt>
  <trkpt lat="-33.99467000" lon="-139.99029151"><ele>31.300</ele><time>2026-08-20T16:16:39Z</time><speed>1.107</speed><sat>28</sat></trkpt>
  <trkpt lat="-33.99467500" lon="-139.99029151"><ele>30.000</ele><time>2026-08-20T16:16:40Z</time><speed>0.810</speed><sat>28</sat></trkpt>
  <trkpt lat="-33.99468333" lon="-139.99027850"><ele>27.600</ele><time>2026-08-20T16:16:41Z</time><speed>3.083</speed><sat>28</sat></trkpt>
  <trkpt lat="-33.99469667" lon="-139.99026194"><ele>25.800</ele><time>2026-08-20T16:16:42Z</time><speed>2.759</speed><sat>28</sat></trkpt>
  <trkpt lat="-33.99470667" lon="-139.99025129"><ele>24.100</ele><time>2026-08-20T16:16:43Z</time><speed>2.400</speed><sat>28</sat></trkpt>
  <trkpt lat="-33.99471667" lon="-139.99023474"><ele>22.800</ele><time>2026-08-20T16:16:44Z</time><speed>1.973</speed><sat>28</sat></trkpt>
  <trkpt lat="-33.99473000" lon="-139.99022054"><ele>21.000</ele><time>2026-08-20T16:16:45Z</time><speed>1.500</speed><sat>28</sat></trkpt>
  <trkpt lat="-33.99474667" lon="-139.99021345"><ele>19.800</ele><time>2026-08-20T16:16:46Z</time><speed>1.094</speed><sat>28</sat></trkpt>
  <trkpt lat="-33.99476333" lon="-139.99020753"><ele>18.900</ele><time>2026-08-20T16:16:47Z</time><speed>0.955</speed><sat>28</sat></trkpt>
  <trkpt lat="-33.99477500" lon="-139.99019216"><ele>18.300</ele><time>2026-08-20T16:16:48Z</time><speed>0.913</speed><sat>28</sat></trkpt>
  <trkpt lat="-33.99478500" lon="-139.99016732"><ele>18.600</ele><time>2026-08-20T16:16:49Z</time><speed>0.924</speed><sat>28</sat></trkpt>
  <trkpt lat="-33.99479333" lon="-139.99013774"><ele>19.100</ele><time>2026-08-20T16:16:50Z</time><speed>0.985</speed><sat>28</sat></trkpt>
  <trkpt lat="-33.99480167" lon="-139.99010108"><ele>19.900</ele><time>2026-08-20T16:16:51Z</time><speed>1.048</speed><sat>27</sat></trkpt>
  <trkpt lat="-33.99480333" lon="-139.99006323"><ele>20.500</ele><time>2026-08-20T16:16:52Z</time><speed>1.059</speed><sat>27</sat></trkpt>
  <trkpt lat="-33.99480833" lon="-139.99003839"><ele>21.600</ele><time>2026-08-20T16:16:53Z</time><speed>0.973</speed><sat>27</sat></trkpt>
  <trkpt lat="-33.99480333" lon="-139.99003366"><ele>22.800</ele><time>2026-08-20T16:16:54Z</time><speed>0.925</speed><sat>27</sat></trkpt>
  <trkpt lat="-33.99479333" lon="-139.99002774"><ele>23.800</ele><time>2026-08-20T16:16:55Z</time><speed>0.906</speed><sat>27</sat></trkpt>
  <trkpt lat="-33.99478833" lon="-139.99001828"><ele>24.600</ele><time>2026-08-20T16:16:56Z</time><speed>0.851</speed><sat>28</sat></trkpt>
  <trkpt lat="-33.99478667" lon="-139.99000290"><ele>25.500</ele><time>2026-08-20T16:16:57Z</time><speed>0.794</speed><sat>28</sat></trkpt>
  <trkpt lat="-33.99478167" lon="-139.98999107"><ele>26.200</ele><time>2026-08-20T16:16:58Z</time><speed>0.710</speed><sat>27</sat></trkpt>
  <trkpt lat="-33.99478333" lon="-139.98996861"><ele>27.100</ele><time>2026-08-20T16:16:59Z</time><speed>0.648</speed><sat>28</sat></trkpt>
  <trkpt lat="-33.99478167" lon="-139.98994613"><ele>28.000</ele><time>2026-08-20T16:17:00Z</time><speed>0.596</speed><sat>28</sat></trkpt>
  <trkpt lat="-33.99478167" lon="-139.98991774"><ele>28.600</ele><time>2026-08-20T16:17:01Z</time><speed>0.543</speed><sat>29</sat></trkpt>
  <trkpt lat="-33.99477667" lon="-139.98989054"><ele>29.100</ele><time>2026-08-20T16:17:02Z</time><speed>0.575</speed><sat>29</sat></trkpt>
  <trkpt lat="-33.99476833" lon="-139.98985860"><ele>29.400</ele><time>2026-08-20T16:17:03Z</time><speed>0.713</speed><sat>29</sat></trkpt>
  <trkpt lat="-33.99476667" lon="-139.98982903"><ele>29.600</ele><time>2026-08-20T16:17:04Z</time><speed>0.797</speed><sat>29</sat></trkpt>
  <trkpt lat="-33.99477000" lon="-139.98980656"><ele>29.700</ele><time>2026-08-20T16:17:05Z</time><speed>0.827</speed><sat>29</sat></trkpt>
  <trkpt lat="-33.99477167" lon="-139.98979710"><ele>30.000</ele><time>2026-08-20T16:17:06Z</time><speed>0.822</speed><sat>29</sat></trkpt>
  <trkpt lat="-33.99476833" lon="-139.98979710"><ele>30.200</ele><time>2026-08-20T16:17:07Z</time><speed>0.817</speed><sat>29</sat></trkpt>
  <trkpt lat="-33.99476333" lon="-139.98980893"><ele>30.200</ele><time>2026-08-20T16:17:08Z</time><speed>0.837</speed><sat>29</sat></trkpt>
  <trkpt lat="-33.99475500" lon="-139.98981484"><ele>30.200</ele><time>2026-08-20T16:17:09Z</time><speed>0.868</speed><sat>29</sat></trkpt>
  <trkpt lat="-33.99474833" lon="-139.98981839"><ele>30.200</ele><time>2026-08-20T16:17:10Z</time><speed>0.000</speed><sat>29</sat></trkpt>
  <trkpt lat="-33.99473833" lon="-139.98981484"><ele>30.100</ele><time>2026-08-20T16:17:11Z</time><speed>0.807</speed><sat>29</sat></trkpt>
  <trkpt lat="-33.99473167" lon="-139.98980774"><ele>30.100</ele><time>2026-08-20T16:17:12Z</time><speed>0.738</speed><sat>29</sat></trkpt>
  <trkpt lat="-33.99472500" lon="-139.98979473"><ele>30.000</ele><time>2026-08-20T16:17:13Z</time><speed>0.673</speed><sat>29</sat></trkpt>
  <trkpt lat="-33.99473333" lon="-139.98977581"><ele>29.900</ele><time>2026-08-20T16:17:14Z</time><speed>0.614</speed><sat>29</sat></trkpt>
  <trkpt lat="-33.99474000" lon="-139.98977226"><ele>30.000</ele><time>2026-08-20T16:17:15Z</time><speed>0.586</speed><sat>29</sat></trkpt>
  <trkpt lat="-33.99474667" lon="-139.98977107"><ele>30.200</ele><time>2026-08-20T16:17:16Z</time><speed>0.591</speed><sat>29</sat></trkpt>
  <trkpt lat="-33.99475167" lon="-139.98978054"><ele>30.100</ele><time>2026-08-20T16:17:17Z</time><speed>0.626</speed><sat>29</sat></trkpt>
  <trkpt lat="-33.99476000" lon="-139.98979355"><ele>30.200</ele><time>2026-08-20T16:17:18Z</time><speed>0.625</speed><sat>29</sat></trkpt>
  <trkpt lat="-33.99476667" lon="-139.98980774"><ele>30.300</ele><time>2026-08-20T16:17:19Z</time><speed>0.605</speed><sat>29</sat></trkpt>
  <trkpt lat="-33.99476500" lon="-139.98981484"><ele>30.100</ele><time>2026-08-20T16:17:20Z</time><speed>0.583</speed><sat>29</sat></trkpt>
  <trkpt lat="-33.99477167" lon="-139.98980774"><ele>30.000</ele><time>2026-08-20T16:17:21Z</time><speed>0.617</speed><sat>29</sat></trkpt>
  <trkpt lat="-33.99477500" lon="-139.98979236"><ele>30.300</ele><time>2026-08-20T16:17:22Z</time><speed>0.646</speed><sat>29</sat></trkpt>
  <trkpt lat="-33.99477500" lon="-139.98976635"><ele>30.500</ele><time>2026-08-20T16:17:23Z</time><speed>0.694</speed><sat>29</sat></trkpt>
  <trkpt lat="-33.99476667" lon="-139.98975215"><ele>30.600</ele><time>2026-08-20T16:17:24Z</time><speed>0.720</speed><sat>29</sat></trkpt>
  <trkpt lat="-33.99475667" lon="-139.98974268"><ele>30.600</ele><time>2026-08-20T16:17:25Z</time><speed>0.743</speed><sat>29</sat></trkpt>
  <trkpt lat="-33.99475500" lon="-139.98973086"><ele>30.600</ele><time>2026-08-20T16:17:26Z</time><speed>0.811</speed><sat>29</sat></trkpt>
  <trkpt lat="-33.99475167" lon="-139.98971312"><ele>30.300</ele><time>2026-08-20T16:17:27Z</time><speed>0.876</speed><sat>28</sat></trkpt>
  <trkpt lat="-33.99475167" lon="-139.98969301"><ele>30.000</ele><time>2026-08-20T16:17:28Z</time><speed>0.921</speed><sat>28</sat></trkpt>
  <trkpt lat="-33.99475500" lon="-139.98968118"><ele>29.900</ele><time>2026-08-20T16:17:29Z</time><speed>0.915</speed><sat>28</sat></trkpt>
  <trkpt lat="-33.99475500" lon="-139.98967645"><ele>29.900</ele><time>2026-08-20T16:17:30Z</time><speed>0.905</speed><sat>29</sat></trkpt>
  <trkpt lat="-33.99475833" lon="-139.98967881"><ele>30.000</ele><time>2026-08-20T16:17:31Z</time><speed>0.861</speed><sat>29</sat></trkpt>
  <trkpt lat="-33.99476333" lon="-139.98968236"><ele>30.100</ele><time>2026-08-20T16:17:32Z</time><speed>0.848</speed><sat>29</sat></trkpt>
  <trkpt lat="-33.99477833" lon="-139.98968355"><ele>29.900</ele><time>2026-08-20T16:17:33Z</time><speed>0.842</speed><sat>28</sat></trkpt>
  <trkpt lat="-33.99479167" lon="-139.98968000"><ele>29.600</ele><time>2026-08-20T16:17:34Z</time><speed>0.885</speed><sat>28</sat></trkpt>
  <trkpt lat="-33.99480333" lon="-139.98967526"><ele>29.000</ele><time>2026-08-20T16:17:35Z</time><speed>0.937</speed><sat>29</sat></trkpt>
  <trkpt lat="-33.99483000" lon="-139.98966226"><ele>29.000</ele><time>2026-08-20T16:17:36Z</time><speed>1.004</speed><sat>29</sat></trkpt>
  <trkpt lat="-33.99485167" lon="-139.98964688"><ele>28.900</ele><time>2026-08-20T16:17:37Z</time><speed>1.072</speed><sat>29</sat></trkpt>
  <trkpt lat="-33.99488000" lon="-139.98963387"><ele>28.800</ele><time>2026-08-20T16:17:38Z</time><speed>1.185</speed><sat>29</sat></trkpt>
  <trkpt lat="-33.99491333" lon="-139.98961731"><ele>28.800</ele><time>2026-08-20T16:17:39Z</time><speed>1.369</speed><sat>29</sat></trkpt>
  <trkpt lat="-33.99494333" lon="-139.98961258"><ele>28.800</ele><time>2026-08-20T16:17:40Z</time><speed>1.570</speed><sat>29</sat></trkpt>
  <trkpt lat="-33.99496833" lon="-139.98962559"><ele>28.800</ele><time>2026-08-20T16:17:41Z</time><speed>1.745</speed><sat>28</sat></trkpt>
  <trkpt lat="-33.99497667" lon="-139.98965161"><ele>28.200</ele><time>2026-08-20T16:17:42Z</time><speed>1.836</speed><sat>28</sat></trkpt>
  <trkpt lat="-33.99497833" lon="-139.98968710"><ele>28.000</ele><time>2026-08-20T16:17:43Z</time><speed>1.902</speed><sat>27</sat></trkpt>
  <trkpt lat="-33.99497000" lon="-139.98973204"><ele>27.300</ele><time>2026-08-20T16:17:44Z</time><speed>1.999</speed><sat>27</sat></trkpt>
  <trkpt lat="-33.99495833" lon="-139.98976161"><ele>26.300</ele><time>2026-08-20T16:17:45Z</time><speed>2.094</speed><sat>26</sat></trkpt>
  <trkpt lat="-33.99494667" lon="-139.98978527"><ele>25.200</ele><time>2026-08-20T16:17:46Z</time><speed>2.099</speed><sat>27</sat></trkpt>
  <trkpt lat="-33.99495833" lon="-139.98979236"><ele>24.400</ele><time>2026-08-20T16:17:47Z</time><speed>2.020</speed><sat>27</sat></trkpt>
  <trkpt lat="-33.99497500" lon="-139.98976871"><ele>23.800</ele><time>2026-08-20T16:17:48Z</time><speed>2.212</speed><sat>25</sat></trkpt>
  <trkpt lat="-33.99500333" lon="-139.98969774"><ele>24.100</ele><time>2026-08-20T16:17:49Z</time><speed>2.455</speed><sat>26</sat></trkpt>
  <trkpt lat="-33.99501833" lon="-139.98964097"><ele>24.300</ele><time>2026-08-20T16:17:50Z</time><speed>2.724</speed><sat>27</sat></trkpt>
  <trkpt lat="-33.99504667" lon="-139.98956763"><ele>24.900</ele><time>2026-08-20T16:17:51Z</time><speed>5.624</speed><sat>27</sat></trkpt>
  <trkpt lat="-33.99506333" lon="-139.98950849"><ele>25.100</ele><time>2026-08-20T16:17:52Z</time><speed>4.163</speed><sat>27</sat></trkpt>
  <trkpt lat="-33.99509167" lon="-139.98945645"><ele>25.500</ele><time>2026-08-20T16:17:53Z</time><speed>3.696</speed><sat>27</sat></trkpt>
  <trkpt lat="-33.99510500" lon="-139.98945645"><ele>25.200</ele><time>2026-08-20T16:17:54Z</time><speed>0.975</speed><sat>27</sat></trkpt>
  <trkpt lat="-33.99511167" lon="-139.98948720"><ele>25.200</ele><time>2026-08-20T16:17:55Z</time><speed>1.367</speed><sat>27</sat></trkpt>
  <trkpt lat="-33.99512333" lon="-139.98952387"><ele>25.700</ele><time>2026-08-20T16:17:56Z</time><speed>1.962</speed><sat>27</sat></trkpt>
  <trkpt lat="-33.99513500" lon="-139.98955699"><ele>25.900</ele><time>2026-08-20T16:17:57Z</time><speed>2.060</speed><sat>26</sat></trkpt>
  <trkpt lat="-33.99515000" lon="-139.98958301"><ele>26.100</ele><time>2026-08-20T16:17:58Z</time><speed>1.897</speed><sat>26</sat></trkpt>
  <trkpt lat="-33.99516667" lon="-139.98959365"><ele>26.200</ele><time>2026-08-20T16:17:59Z</time><speed>0.867</speed><sat>27</sat></trkpt>
  <trkpt lat="-33.99520167" lon="-139.98960548"><ele>25.600</ele><time>2026-08-20T16:18:00Z</time><speed>2.730</speed><sat>27</sat></trkpt>
  <trkpt lat="-33.99523000" lon="-139.98960784"><ele>24.000</ele><time>2026-08-20T16:18:01Z</time><speed>2.265</speed><sat>26</sat></trkpt>
  <trkpt lat="-33.99523500" lon="-139.98961021"><ele>22.300</ele><time>2026-08-20T16:18:02Z</time><speed>1.965</speed><sat>25</sat></trkpt>
  <trkpt lat="-33.99522667" lon="-139.98961849"><ele>20.600</ele><time>2026-08-20T16:18:03Z</time><speed>1.719</speed><sat>26</sat></trkpt>
  <trkpt lat="-33.99521667" lon="-139.98963742"><ele>19.200</ele><time>2026-08-20T16:18:04Z</time><speed>1.824</speed><sat>26</sat></trkpt>
  <trkpt lat="-33.99520500" lon="-139.98965161"><ele>18.100</ele><time>2026-08-20T16:18:05Z</time><speed>1.896</speed><sat>26</sat></trkpt>
  <trkpt lat="-33.99519833" lon="-139.98964925"><ele>17.300</ele><time>2026-08-20T16:18:06Z</time><speed>1.889</speed><sat>26</sat></trkpt>
  <trkpt lat="-33.99520500" lon="-139.98964806"><ele>17.200</ele><time>2026-08-20T16:18:07Z</time><speed>1.768</speed><sat>25</sat></trkpt>
  <trkpt lat="-33.99521500" lon="-139.98966226"><ele>17.100</ele><time>2026-08-20T16:18:08Z</time><speed>1.640</speed><sat>26</sat></trkpt>
  <trkpt lat="-33.99522000" lon="-139.98968473"><ele>16.400</ele><time>2026-08-20T16:18:09Z</time><speed>1.641</speed><sat>27</sat></trkpt>
  <trkpt lat="-33.99522167" lon="-139.98971193"><ele>15.900</ele><time>2026-08-20T16:18:10Z</time><speed>1.502</speed><sat>26</sat></trkpt>
  <trkpt lat="-33.99522000" lon="-139.98973204"><ele>15.400</ele><time>2026-08-20T16:18:11Z</time><speed>1.348</speed><sat>28</sat></trkpt>
  <trkpt lat="-33.99521667" lon="-139.98973441"><ele>15.900</ele><time>2026-08-20T16:18:12Z</time><speed>1.344</speed><sat>27</sat></trkpt>
  <trkpt lat="-33.99521500" lon="-139.98972731"><ele>15.800</ele><time>2026-08-20T16:18:13Z</time><speed>1.289</speed><sat>25</sat></trkpt>
  <trkpt lat="-33.99521167" lon="-139.98970484"><ele>15.100</ele><time>2026-08-20T16:18:14Z</time><speed>1.144</speed><sat>25</sat></trkpt>
  <trkpt lat="-33.99520333" lon="-139.98965634"><ele>14.200</ele><time>2026-08-20T16:18:15Z</time><speed>1.224</speed><sat>26</sat></trkpt>
  <trkpt lat="-33.99519000" lon="-139.98960667"><ele>13.600</ele><time>2026-08-20T16:18:16Z</time><speed>1.356</speed><sat>26</sat></trkpt>
  <trkpt lat="-33.99518333" lon="-139.98955580"><ele>13.100</ele><time>2026-08-20T16:18:17Z</time><speed>1.535</speed><sat>27</sat></trkpt>
  <trkpt lat="-33.99518833" lon="-139.98952150"><ele>13.000</ele><time>2026-08-20T16:18:18Z</time><speed>1.653</speed><sat>27</sat></trkpt>
  <trkpt lat="-33.99519333" lon="-139.98950021"><ele>13.200</ele><time>2026-08-20T16:18:19Z</time><speed>1.632</speed><sat>26</sat></trkpt>
  <trkpt lat="-33.99520000" lon="-139.98949548"><ele>13.700</ele><time>2026-08-20T16:18:20Z</time><speed>1.545</speed><sat>25</sat></trkpt>
  <trkpt lat="-33.99520667" lon="-139.98949312"><ele>14.300</ele><time>2026-08-20T16:18:21Z</time><speed>1.441</speed><sat>25</sat></trkpt>
  <trkpt lat="-33.99520667" lon="-139.98948720"><ele>14.300</ele><time>2026-08-20T16:18:22Z</time><speed>1.353</speed><sat>28</sat></trkpt>
  <trkpt lat="-33.99520667" lon="-139.98948247"><ele>14.800</ele><time>2026-08-20T16:18:23Z</time><speed>1.296</speed><sat>29</sat></trkpt>
  <trkpt lat="-33.99520833" lon="-139.98948483"><ele>14.900</ele><time>2026-08-20T16:18:24Z</time><speed>1.277</speed><sat>29</sat></trkpt>
  <trkpt lat="-33.99519667" lon="-139.98949784"><ele>15.000</ele><time>2026-08-20T16:18:25Z</time><speed>1.064</speed><sat>29</sat></trkpt>
  <trkpt lat="-33.99517833" lon="-139.98951559"><ele>14.900</ele><time>2026-08-20T16:18:26Z</time><speed>0.865</speed><sat>29</sat></trkpt>
  <trkpt lat="-33.99515500" lon="-139.98952860"><ele>14.500</ele><time>2026-08-20T16:18:27Z</time><speed>0.771</speed><sat>28</sat></trkpt>
  <trkpt lat="-33.99513000" lon="-139.98954871"><ele>14.300</ele><time>2026-08-20T16:18:28Z</time><speed>0.818</speed><sat>28</sat></trkpt>
  <trkpt lat="-33.99509167" lon="-139.98957709"><ele>14.500</ele><time>2026-08-20T16:18:29Z</time><speed>1.022</speed><sat>29</sat></trkpt>
  <trkpt lat="-33.99506000" lon="-139.98961021"><ele>14.400</ele><time>2026-08-20T16:18:30Z</time><speed>1.255</speed><sat>29</sat></trkpt>
  <trkpt lat="-33.99503000" lon="-139.98964688"><ele>14.400</ele><time>2026-08-20T16:18:31Z</time><speed>1.530</speed><sat>29</sat></trkpt>
  <trkpt lat="-33.99500333" lon="-139.98967881"><ele>14.000</ele><time>2026-08-20T16:18:32Z</time><speed>1.782</speed><sat>27</sat></trkpt>
  <trkpt lat="-33.99496333" lon="-139.98970247"><ele>14.200</ele><time>2026-08-20T16:18:33Z</time><speed>2.021</speed><sat>30</sat></trkpt>
  <trkpt lat="-33.99493500" lon="-139.98971548"><ele>13.800</ele><time>2026-08-20T16:18:34Z</time><speed>2.199</speed><sat>29</sat></trkpt>
  <trkpt lat="-33.99491833" lon="-139.98971312"><ele>13.500</ele><time>2026-08-20T16:18:35Z</time><speed>2.287</speed><sat>28</sat></trkpt>
  <trkpt lat="-33.99491167" lon="-139.98971075"><ele>13.000</ele><time>2026-08-20T16:18:36Z</time><speed>2.294</speed><sat>28</sat></trkpt>
  <trkpt lat="-33.99491167" lon="-139.98970720"><ele>12.400</ele><time>2026-08-20T16:18:37Z</time><speed>2.195</speed><sat>27</sat></trkpt>
  <trkpt lat="-33.99490667" lon="-139.98970484"><ele>12.000</ele><time>2026-08-20T16:18:38Z</time><speed>2.024</speed><sat>26</sat></trkpt>
  <trkpt lat="-33.99490000" lon="-139.98970484"><ele>12.000</ele><time>2026-08-20T16:18:39Z</time><speed>1.793</speed><sat>26</sat></trkpt>
  <trkpt lat="-33.99489833" lon="-139.98970839"><ele>11.900</ele><time>2026-08-20T16:18:40Z</time><speed>1.537</speed><sat>25</sat></trkpt>
  <trkpt lat="-33.99489000" lon="-139.98970484"><ele>12.000</ele><time>2026-08-20T16:18:41Z</time><speed>1.278</speed><sat>24</sat></trkpt>
  <trkpt lat="-33.99487833" lon="-139.98969774"><ele>12.300</ele><time>2026-08-20T16:18:42Z</time><speed>1.076</speed><sat>25</sat></trkpt>
  <trkpt lat="-33.99486333" lon="-139.98968118"><ele>12.900</ele><time>2026-08-20T16:18:43Z</time><speed>0.930</speed><sat>27</sat></trkpt>
  <trkpt lat="-33.99484667" lon="-139.98967054"><ele>13.500</ele><time>2026-08-20T16:18:44Z</time><speed>0.847</speed><sat>27</sat></trkpt>
  <trkpt lat="-33.99483000" lon="-139.98964451"><ele>14.500</ele><time>2026-08-20T16:18:45Z</time><speed>0.860</speed><sat>27</sat></trkpt>
  <trkpt lat="-33.99481667" lon="-139.98961258"><ele>15.600</ele><time>2026-08-20T16:18:46Z</time><speed>0.929</speed><sat>28</sat></trkpt>
  <trkpt lat="-33.99479833" lon="-139.98958183"><ele>16.700</ele><time>2026-08-20T16:18:47Z</time><speed>1.079</speed><sat>28</sat></trkpt>
  <trkpt lat="-33.99478667" lon="-139.98954989"><ele>17.400</ele><time>2026-08-20T16:18:48Z</time><speed>1.264</speed><sat>28</sat></trkpt>
  <trkpt lat="-33.99477000" lon="-139.98950967"><ele>18.200</ele><time>2026-08-20T16:18:49Z</time><speed>1.493</speed><sat>28</sat></trkpt>
  <trkpt lat="-33.99475667" lon="-139.98947300"><ele>19.100</ele><time>2026-08-20T16:18:50Z</time><speed>1.734</speed><sat>28</sat></trkpt>
  <trkpt lat="-33.99474500" lon="-139.98944344"><ele>20.100</ele><time>2026-08-20T16:18:51Z</time><speed>1.929</speed><sat>28</sat></trkpt>
  <trkpt lat="-33.99473333" lon="-139.98941623"><ele>20.100</ele><time>2026-08-20T16:18:52Z</time><speed>2.060</speed><sat>28</sat></trkpt>
  <trkpt lat="-33.99472333" lon="-139.98938784"><ele>21.100</ele><time>2026-08-20T16:18:53Z</time><speed>2.157</speed><sat>29</sat></trkpt>
  <trkpt lat="-33.99470667" lon="-139.98936183"><ele>21.600</ele><time>2026-08-20T16:18:54Z</time><speed>2.244</speed><sat>30</sat></trkpt>
  <trkpt lat="-33.99469500" lon="-139.98932870"><ele>22.700</ele><time>2026-08-20T16:18:55Z</time><speed>2.256</speed><sat>30</sat></trkpt>
  <trkpt lat="-33.99469667" lon="-139.98929795"><ele>23.800</ele><time>2026-08-20T16:18:56Z</time><speed>2.201</speed><sat>28</sat></trkpt>
  <trkpt lat="-33.99469500" lon="-139.98927784"><ele>24.500</ele><time>2026-08-20T16:18:57Z</time><speed>2.067</speed><sat>28</sat></trkpt>
  <trkpt lat="-33.99470167" lon="-139.98926365"><ele>25.900</ele><time>2026-08-20T16:18:58Z</time><speed>1.864</speed><sat>29</sat></trkpt>
  <trkpt lat="-33.99471000" lon="-139.98925182"><ele>27.000</ele><time>2026-08-20T16:18:59Z</time><speed>1.609</speed><sat>29</sat></trkpt>
  <trkpt lat="-33.99471500" lon="-139.98924473"><ele>28.200</ele><time>2026-08-20T16:19:00Z</time><speed>1.370</speed><sat>29</sat></trkpt>
  <trkpt lat="-33.99472167" lon="-139.98924236"><ele>29.700</ele><time>2026-08-20T16:19:01Z</time><speed>1.204</speed><sat>29</sat></trkpt>
  <trkpt lat="-33.99472833" lon="-139.98925064"><ele>31.100</ele><time>2026-08-20T16:19:02Z</time><speed>1.096</speed><sat>30</sat></trkpt>
  <trkpt lat="-33.99473167" lon="-139.98926247"><ele>32.300</ele><time>2026-08-20T16:19:03Z</time><speed>1.008</speed><sat>30</sat></trkpt>
  <trkpt lat="-33.99473167" lon="-139.98927548"><ele>33.400</ele><time>2026-08-20T16:19:04Z</time><speed>0.911</speed><sat>30</sat></trkpt>
  <trkpt lat="-33.99473000" lon="-139.98929086"><ele>34.500</ele><time>2026-08-20T16:19:05Z</time><speed>0.827</speed><sat>30</sat></trkpt>
  <trkpt lat="-33.99472333" lon="-139.98930978"><ele>35.500</ele><time>2026-08-20T16:19:06Z</time><speed>0.799</speed><sat>30</sat></trkpt>
  <trkpt lat="-33.99472000" lon="-139.98932516"><ele>36.500</ele><time>2026-08-20T16:19:07Z</time><speed>0.795</speed><sat>30</sat></trkpt>
  <trkpt lat="-33.99471500" lon="-139.98932634"><ele>37.000</ele><time>2026-08-20T16:19:08Z</time><speed>0.789</speed><sat>30</sat></trkpt>
  <trkpt lat="-33.99470667" lon="-139.98931924"><ele>37.400</ele><time>2026-08-20T16:19:09Z</time><speed>0.843</speed><sat>30</sat></trkpt>
  <trkpt lat="-33.99469833" lon="-139.98930623"><ele>37.800</ele><time>2026-08-20T16:19:10Z</time><speed>0.946</speed><sat>30</sat></trkpt>
  <trkpt lat="-33.99469333" lon="-139.98928612"><ele>38.500</ele><time>2026-08-20T16:19:11Z</time><speed>0.989</speed><sat>30</sat></trkpt>
  <trkpt lat="-33.99469333" lon="-139.98925774"><ele>38.800</ele><time>2026-08-20T16:19:12Z</time><speed>1.033</speed><sat>30</sat></trkpt>
  <trkpt lat="-33.99469167" lon="-139.98923290"><ele>39.500</ele><time>2026-08-20T16:19:13Z</time><speed>1.079</speed><sat>30</sat></trkpt>
  <trkpt lat="-33.99469167" lon="-139.98920215"><ele>40.200</ele><time>2026-08-20T16:19:14Z</time><speed>1.159</speed><sat>30</sat></trkpt>
  <trkpt lat="-33.99469667" lon="-139.98916903"><ele>40.500</ele><time>2026-08-20T16:19:15Z</time><speed>1.238</speed><sat>30</sat></trkpt>
  <trkpt lat="-33.99470000" lon="-139.98914182"><ele>40.800</ele><time>2026-08-20T16:19:16Z</time><speed>1.265</speed><sat>30</sat></trkpt>
  <trkpt lat="-33.99469833" lon="-139.98911225"><ele>41.200</ele><time>2026-08-20T16:19:17Z</time><speed>1.361</speed><sat>30</sat></trkpt>
  <trkpt lat="-33.99469833" lon="-139.98908031"><ele>41.300</ele><time>2026-08-20T16:19:18Z</time><speed>1.487</speed><sat>30</sat></trkpt>
  <trkpt lat="-33.99469500" lon="-139.98904838"><ele>41.600</ele><time>2026-08-20T16:19:19Z</time><speed>1.593</speed><sat>30</sat></trkpt>
  <trkpt lat="-33.99469500" lon="-139.98902472"><ele>41.600</ele><time>2026-08-20T16:19:20Z</time><speed>1.607</speed><sat>30</sat></trkpt>
  <trkpt lat="-33.99470333" lon="-139.98900225"><ele>41.300</ele><time>2026-08-20T16:19:21Z</time><speed>1.578</speed><sat>30</sat></trkpt>
  <trkpt lat="-33.99471667" lon="-139.98899870"><ele>40.400</ele><time>2026-08-20T16:19:22Z</time><speed>1.500</speed><sat>30</sat></trkpt>
  <trkpt lat="-33.99473333" lon="-139.98900106"><ele>40.000</ele><time>2026-08-20T16:19:23Z</time><speed>1.452</speed><sat>30</sat></trkpt>
  <trkpt lat="-33.99476000" lon="-139.98901408"><ele>40.100</ele><time>2026-08-20T16:19:24Z</time><speed>1.413</speed><sat>30</sat></trkpt>
  <trkpt lat="-33.99479000" lon="-139.98903655"><ele>40.200</ele><time>2026-08-20T16:19:25Z</time><speed>1.477</speed><sat>30</sat></trkpt>
  <trkpt lat="-33.99482500" lon="-139.98905429"><ele>39.900</ele><time>2026-08-20T16:19:26Z</time><speed>1.631</speed><sat>29</sat></trkpt>
  <trkpt lat="-33.99487500" lon="-139.98908623"><ele>39.300</ele><time>2026-08-20T16:19:27Z</time><speed>1.817</speed><sat>29</sat></trkpt>
  <trkpt lat="-33.99492333" lon="-139.98911816"><ele>38.600</ele><time>2026-08-20T16:19:28Z</time><speed>2.053</speed><sat>29</sat></trkpt>
  <trkpt lat="-33.99495500" lon="-139.98914419"><ele>38.500</ele><time>2026-08-20T16:19:29Z</time><speed>2.254</speed><sat>28</sat></trkpt>
  <trkpt lat="-33.99498167" lon="-139.98916784"><ele>38.100</ele><time>2026-08-20T16:19:30Z</time><speed>2.451</speed><sat>29</sat></trkpt>
  <trkpt lat="-33.99498333" lon="-139.98917021"><ele>37.200</ele><time>2026-08-20T16:19:31Z</time><speed>2.393</speed><sat>29</sat></trkpt>
  <trkpt lat="-33.99498667" lon="-139.98917139"><ele>36.600</ele><time>2026-08-20T16:19:32Z</time><speed>2.363</speed><sat>28</sat></trkpt>
  <trkpt lat="-33.99499167" lon="-139.98917021"><ele>35.800</ele><time>2026-08-20T16:19:33Z</time><speed>2.319</speed><sat>27</sat></trkpt>
  <trkpt lat="-33.99499333" lon="-139.98917021"><ele>35.300</ele><time>2026-08-20T16:19:34Z</time><speed>2.208</speed><sat>28</sat></trkpt>
  <trkpt lat="-33.99500167" lon="-139.98917257"><ele>34.900</ele><time>2026-08-20T16:19:35Z</time><speed>1.986</speed><sat>28</sat></trkpt>
  <trkpt lat="-33.99501333" lon="-139.98917021"><ele>34.800</ele><time>2026-08-20T16:19:36Z</time><speed>1.704</speed><sat>28</sat></trkpt>
  <trkpt lat="-33.99501333" lon="-139.98917376"><ele>34.800</ele><time>2026-08-20T16:19:37Z</time><speed>1.338</speed><sat>26</sat></trkpt>
  <trkpt lat="-33.99501333" lon="-139.98918203"><ele>34.900</ele><time>2026-08-20T16:19:38Z</time><speed>0.964</speed><sat>28</sat></trkpt>
  <trkpt lat="-33.99501333" lon="-139.98918677"><ele>34.900</ele><time>2026-08-20T16:19:39Z</time><speed>0.625</speed><sat>28</sat></trkpt>
  <trkpt lat="-33.99501500" lon="-139.98918913"><ele>34.900</ele><time>2026-08-20T16:19:40Z</time><speed>0.000</speed><sat>28</sat></trkpt>
  <trkpt lat="-33.99501500" lon="-139.98919150"><ele>34.900</ele><time>2026-08-20T16:19:41Z</time><speed>0.000</speed><sat>28</sat></trkpt>
  <trkpt lat="-33.99501500" lon="-139.98919386"><ele>35.000</ele><time>2026-08-20T16:19:42Z</time><speed>0.000</speed><sat>28</sat></trkpt>
  <trkpt lat="-33.99501500" lon="-139.98919386"><ele>35.000</ele><time>2026-08-20T16:19:43Z</time><speed>0.000</speed><sat>28</sat></trkpt>
  <trkpt lat="-33.99501500" lon="-139.98919386"><ele>35.000</ele><time>2026-08-20T16:19:44Z</time><speed>0.000</speed><sat>28</sat></trkpt>
  <trkpt lat="-33.99501500" lon="-139.98919386"><ele>35.000</ele><time>2026-08-20T16:19:45Z</time><speed>0.000</speed><sat>28</sat></trkpt>
  <trkpt lat="-33.99501500" lon="-139.98919386"><ele>35.000</ele><time>2026-08-20T16:19:46Z</time><speed>0.000</speed><sat>28</sat></trkpt>
  <trkpt lat="-33.99501500" lon="-139.98919386"><ele>35.000</ele><time>2026-08-20T16:19:47Z</time><speed>0.000</speed><sat>27</sat></trkpt>
  <trkpt lat="-33.99501500" lon="-139.98919386"><ele>35.000</ele><time>2026-08-20T16:19:48Z</time><speed>0.000</speed><sat>26</sat></trkpt>
  <trkpt lat="-33.99501500" lon="-139.98919386"><ele>35.000</ele><time>2026-08-20T16:19:49Z</time><speed>0.000</speed><sat>26</sat></trkpt>
  <trkpt lat="-33.99501500" lon="-139.98919386"><ele>35.000</ele><time>2026-08-20T16:19:50Z</time><speed>0.000</speed><sat>24</sat></trkpt>
  <trkpt lat="-33.99501500" lon="-139.98919386"><ele>35.000</ele><time>2026-08-20T16:19:51Z</time><speed>0.000</speed><sat>23</sat></trkpt>
  <trkpt lat="-33.99501500" lon="-139.98919386"><ele>35.000</ele><time>2026-08-20T16:19:52Z</time><speed>0.000</speed><sat>23</sat></trkpt>
  <trkpt lat="-33.99501500" lon="-139.98919386"><ele>35.000</ele><time>2026-08-20T16:19:53Z</time><speed>0.000</speed><sat>24</sat></trkpt>
  <trkpt lat="-33.99501500" lon="-139.98919386"><ele>35.000</ele><time>2026-08-20T16:19:54Z</time><speed>0.000</speed><sat>25</sat></trkpt>
  <trkpt lat="-33.99501500" lon="-139.98919386"><ele>35.000</ele><time>2026-08-20T16:19:55Z</time><speed>0.000</speed><sat>26</sat></trkpt>
  <trkpt lat="-33.99501500" lon="-139.98919386"><ele>35.000</ele><time>2026-08-20T16:19:56Z</time><speed>0.000</speed><sat>26</sat></trkpt>
  <trkpt lat="-33.99501500" lon="-139.98919386"><ele>35.000</ele><time>2026-08-20T16:19:57Z</time><speed>0.000</speed><sat>26</sat></trkpt>
  <trkpt lat="-33.99501500" lon="-139.98919386"><ele>35.000</ele><time>2026-08-20T16:19:58Z</time><speed>0.000</speed><sat>25</sat></trkpt>
  <trkpt lat="-33.99501500" lon="-139.98919386"><ele>35.000</ele><time>2026-08-20T16:19:59Z</time><speed>0.000</speed><sat>26</sat></trkpt>
  <trkpt lat="-33.99501500" lon="-139.98919386"><ele>35.000</ele><time>2026-08-20T16:20:00Z</time><speed>0.000</speed><sat>27</sat></trkpt>
  <trkpt lat="-33.99501500" lon="-139.98919386"><ele>35.000</ele><time>2026-08-20T16:20:01Z</time><speed>0.000</speed><sat>27</sat></trkpt>
  <trkpt lat="-33.99501500" lon="-139.98919386"><ele>35.000</ele><time>2026-08-20T16:20:02Z</time><speed>0.000</speed><sat>26</sat></trkpt>
  <trkpt lat="-33.99501500" lon="-139.98919386"><ele>35.000</ele><time>2026-08-20T16:20:03Z</time><speed>0.000</speed><sat>27</sat></trkpt>
  <trkpt lat="-33.99501500" lon="-139.98919386"><ele>35.000</ele><time>2026-08-20T16:20:04Z</time><speed>0.000</speed><sat>26</sat></trkpt>
  <trkpt lat="-33.99501500" lon="-139.98919386"><ele>35.000</ele><time>2026-08-20T16:20:05Z</time><speed>0.000</speed><sat>27</sat></trkpt>
  <trkpt lat="-33.99501833" lon="-139.98911580"><ele>37.200</ele><time>2026-08-20T16:20:06Z</time><speed>0.645</speed><sat>28</sat></trkpt>
  <trkpt lat="-33.99499500" lon="-139.98908505"><ele>37.300</ele><time>2026-08-20T16:20:07Z</time><speed>0.933</speed><sat>28</sat></trkpt>
  <trkpt lat="-33.99495667" lon="-139.98905666"><ele>37.500</ele><time>2026-08-20T16:20:08Z</time><speed>1.260</speed><sat>28</sat></trkpt>
  <trkpt lat="-33.99491333" lon="-139.98902118"><ele>37.300</ele><time>2026-08-20T16:20:09Z</time><speed>1.659</speed><sat>28</sat></trkpt>
  <trkpt lat="-33.99486500" lon="-139.98897741"><ele>37.300</ele><time>2026-08-20T16:20:10Z</time><speed>2.072</speed><sat>27</sat></trkpt>
  <trkpt lat="-33.99481833" lon="-139.98894902"><ele>37.400</ele><time>2026-08-20T16:20:11Z</time><speed>2.456</speed><sat>28</sat></trkpt>
  <trkpt lat="-33.99479333" lon="-139.98891472"><ele>37.100</ele><time>2026-08-20T16:20:12Z</time><speed>2.713</speed><sat>29</sat></trkpt>
  <trkpt lat="-33.99478000" lon="-139.98888634"><ele>37.000</ele><time>2026-08-20T16:20:13Z</time><speed>2.957</speed><sat>29</sat></trkpt>
  <trkpt lat="-33.99477333" lon="-139.98886268"><ele>36.900</ele><time>2026-08-20T16:20:14Z</time><speed>3.152</speed><sat>28</sat></trkpt>
  <trkpt lat="-33.99476833" lon="-139.98885085"><ele>36.500</ele><time>2026-08-20T16:20:15Z</time><speed>2.984</speed><sat>29</sat></trkpt>
  <trkpt lat="-33.99477000" lon="-139.98884730"><ele>36.200</ele><time>2026-08-20T16:20:16Z</time><speed>2.759</speed><sat>28</sat></trkpt>
  <trkpt lat="-33.99476333" lon="-139.98883784"><ele>36.500</ele><time>2026-08-20T16:20:17Z</time><speed>2.527</speed><sat>29</sat></trkpt>
  <trkpt lat="-33.99475833" lon="-139.98881892"><ele>37.100</ele><time>2026-08-20T16:20:18Z</time><speed>2.280</speed><sat>29</sat></trkpt>
  <trkpt lat="-33.99475000" lon="-139.98879053"><ele>37.300</ele><time>2026-08-20T16:20:19Z</time><speed>2.029</speed><sat>29</sat></trkpt>
  <trkpt lat="-33.99474500" lon="-139.98875622"><ele>37.600</ele><time>2026-08-20T16:20:20Z</time><speed>1.779</speed><sat>29</sat></trkpt>
  <trkpt lat="-33.99473500" lon="-139.98872311"><ele>37.900</ele><time>2026-08-20T16:20:21Z</time><speed>1.565</speed><sat>29</sat></trkpt>
  <trkpt lat="-33.99472667" lon="-139.98869117"><ele>38.100</ele><time>2026-08-20T16:20:22Z</time><speed>1.495</speed><sat>30</sat></trkpt>
  <trkpt lat="-33.99472167" lon="-139.98866160"><ele>38.300</ele><time>2026-08-20T16:20:23Z</time><speed>1.446</speed><sat>30</sat></trkpt>
  <trkpt lat="-33.99471833" lon="-139.98862966"><ele>38.700</ele><time>2026-08-20T16:20:24Z</time><speed>1.408</speed><sat>29</sat></trkpt>
  <trkpt lat="-33.99472167" lon="-139.98859773"><ele>39.200</ele><time>2026-08-20T16:20:25Z</time><speed>1.501</speed><sat>29</sat></trkpt>
  <trkpt lat="-33.99472667" lon="-139.98856224"><ele>39.600</ele><time>2026-08-20T16:20:26Z</time><speed>1.639</speed><sat>30</sat></trkpt>
  <trkpt lat="-33.99473000" lon="-139.98852795"><ele>40.300</ele><time>2026-08-20T16:20:27Z</time><speed>1.726</speed><sat>30</sat></trkpt>
  <trkpt lat="-33.99473667" lon="-139.98850074"><ele>40.800</ele><time>2026-08-20T16:20:28Z</time><speed>1.754</speed><sat>29</sat></trkpt>
  <trkpt lat="-33.99474667" lon="-139.98848773"><ele>41.400</ele><time>2026-08-20T16:20:29Z</time><speed>1.659</speed><sat>28</sat></trkpt>
  <trkpt lat="-33.99475167" lon="-139.98848299"><ele>41.900</ele><time>2026-08-20T16:20:30Z</time><speed>1.476</speed><sat>30</sat></trkpt>
  <trkpt lat="-33.99475167" lon="-139.98848654"><ele>42.300</ele><time>2026-08-20T16:20:31Z</time><speed>1.320</speed><sat>31</sat></trkpt>
  <trkpt lat="-33.99475333" lon="-139.98849719"><ele>42.800</ele><time>2026-08-20T16:20:32Z</time><speed>1.188</speed><sat>31</sat></trkpt>
  <trkpt lat="-33.99474833" lon="-139.98851138"><ele>43.200</ele><time>2026-08-20T16:20:33Z</time><speed>1.083</speed><sat>31</sat></trkpt>
  <trkpt lat="-33.99474500" lon="-139.98853859"><ele>43.900</ele><time>2026-08-20T16:20:34Z</time><speed>1.058</speed><sat>31</sat></trkpt>
  <trkpt lat="-33.99473667" lon="-139.98857408"><ele>44.200</ele><time>2026-08-20T16:20:35Z</time><speed>1.097</speed><sat>31</sat></trkpt>
  <trkpt lat="-33.99473000" lon="-139.98860601"><ele>44.300</ele><time>2026-08-20T16:20:36Z</time><speed>1.112</speed><sat>31</sat></trkpt>
  <trkpt lat="-33.99472833" lon="-139.98864150"><ele>44.600</ele><time>2026-08-20T16:20:37Z</time><speed>1.178</speed><sat>31</sat></trkpt>
  <trkpt lat="-33.99473167" lon="-139.98866042"><ele>44.400</ele><time>2026-08-20T16:20:38Z</time><speed>1.186</speed><sat>31</sat></trkpt>
  <trkpt lat="-33.99472167" lon="-139.98866515"><ele>44.300</ele><time>2026-08-20T16:20:39Z</time><speed>1.169</speed><sat>31</sat></trkpt>
  <trkpt lat="-33.99472000" lon="-139.98865687"><ele>44.400</ele><time>2026-08-20T16:20:40Z</time><speed>1.202</speed><sat>31</sat></trkpt>
  <trkpt lat="-33.99471000" lon="-139.98864150"><ele>44.700</ele><time>2026-08-20T16:20:41Z</time><speed>1.257</speed><sat>30</sat></trkpt>
  <trkpt lat="-33.99469833" lon="-139.98861547"><ele>44.500</ele><time>2026-08-20T16:20:42Z</time><speed>1.296</speed><sat>30</sat></trkpt>
  <trkpt lat="-33.99469333" lon="-139.98858354"><ele>43.900</ele><time>2026-08-20T16:20:43Z</time><speed>1.365</speed><sat>30</sat></trkpt>
  <trkpt lat="-33.99469167" lon="-139.98854924"><ele>43.400</ele><time>2026-08-20T16:20:44Z</time><speed>1.399</speed><sat>29</sat></trkpt>
  <trkpt lat="-33.99468167" lon="-139.98850666"><ele>42.500</ele><time>2026-08-20T16:20:45Z</time><speed>1.384</speed><sat>28</sat></trkpt>
  <trkpt lat="-33.99466833" lon="-139.98845461"><ele>41.700</ele><time>2026-08-20T16:20:46Z</time><speed>1.515</speed><sat>26</sat></trkpt>
  <trkpt lat="-33.99465167" lon="-139.98839902"><ele>39.900</ele><time>2026-08-20T16:20:47Z</time><speed>1.622</speed><sat>26</sat></trkpt>
  <trkpt lat="-33.99464833" lon="-139.98834224"><ele>38.900</ele><time>2026-08-20T16:20:48Z</time><speed>1.820</speed><sat>27</sat></trkpt>
  <trkpt lat="-33.99464167" lon="-139.98830557"><ele>38.700</ele><time>2026-08-20T16:20:49Z</time><speed>2.081</speed><sat>28</sat></trkpt>
  <trkpt lat="-33.99463833" lon="-139.98827009"><ele>38.200</ele><time>2026-08-20T16:20:50Z</time><speed>2.295</speed><sat>28</sat></trkpt>
  <trkpt lat="-33.99464000" lon="-139.98821568"><ele>37.900</ele><time>2026-08-20T16:20:51Z</time><speed>2.463</speed><sat>28</sat></trkpt>
  <trkpt lat="-33.99464667" lon="-139.98816482"><ele>37.000</ele><time>2026-08-20T16:20:52Z</time><speed>2.586</speed><sat>30</sat></trkpt>
  <trkpt lat="-33.99465333" lon="-139.98811633"><ele>36.300</ele><time>2026-08-20T16:20:53Z</time><speed>2.688</speed><sat>30</sat></trkpt>
  <trkpt lat="-33.99465500" lon="-139.98807847"><ele>35.900</ele><time>2026-08-20T16:20:54Z</time><speed>2.726</speed><sat>30</sat></trkpt>
  <trkpt lat="-33.99465500" lon="-139.98806428"><ele>35.400</ele><time>2026-08-20T16:20:55Z</time><speed>2.568</speed><sat>30</sat></trkpt>
  <trkpt lat="-33.99465667" lon="-139.98805718"><ele>36.000</ele><time>2026-08-20T16:20:56Z</time><speed>2.276</speed><sat>29</sat></trkpt>
  <trkpt lat="-33.99466000" lon="-139.98804181"><ele>35.800</ele><time>2026-08-20T16:20:57Z</time><speed>2.001</speed><sat>30</sat></trkpt>
  <trkpt lat="-33.99466167" lon="-139.98803117"><ele>36.000</ele><time>2026-08-20T16:20:58Z</time><speed>1.717</speed><sat>30</sat></trkpt>
  <trkpt lat="-33.99466833" lon="-139.98801815"><ele>36.100</ele><time>2026-08-20T16:20:59Z</time><speed>1.471</speed><sat>30</sat></trkpt>
  <trkpt lat="-33.99467500" lon="-139.98800041"><ele>35.600</ele><time>2026-08-20T16:21:00Z</time><speed>1.295</speed><sat>29</sat></trkpt>
  <trkpt lat="-33.99467500" lon="-139.98797439"><ele>35.200</ele><time>2026-08-20T16:21:01Z</time><speed>1.163</speed><sat>30</sat></trkpt>
  <trkpt lat="-33.99467667" lon="-139.98794246"><ele>35.100</ele><time>2026-08-20T16:21:02Z</time><speed>1.104</speed><sat>30</sat></trkpt>
  <trkpt lat="-33.99467000" lon="-139.98791288"><ele>35.200</ele><time>2026-08-20T16:21:03Z</time><speed>1.030</speed><sat>29</sat></trkpt>
  <trkpt lat="-33.99466667" lon="-139.98787976"><ele>35.200</ele><time>2026-08-20T16:21:04Z</time><speed>0.986</speed><sat>30</sat></trkpt>
  <trkpt lat="-33.99465833" lon="-139.98786084"><ele>35.100</ele><time>2026-08-20T16:21:05Z</time><speed>1.074</speed><sat>30</sat></trkpt>
  <trkpt lat="-33.99465000" lon="-139.98785020"><ele>35.200</ele><time>2026-08-20T16:21:06Z</time><speed>1.144</speed><sat>28</sat></trkpt>
  <trkpt lat="-33.99464000" lon="-139.98783718"><ele>34.800</ele><time>2026-08-20T16:21:07Z</time><speed>1.182</speed><sat>29</sat></trkpt>
  <trkpt lat="-33.99462833" lon="-139.98783127"><ele>34.500</ele><time>2026-08-20T16:21:08Z</time><speed>1.253</speed><sat>30</sat></trkpt>
  <trkpt lat="-33.99461500" lon="-139.98782654"><ele>34.400</ele><time>2026-08-20T16:21:09Z</time><speed>1.339</speed><sat>30</sat></trkpt>
  <trkpt lat="-33.99459167" lon="-139.98782891"><ele>34.200</ele><time>2026-08-20T16:21:10Z</time><speed>1.399</speed><sat>30</sat></trkpt>
  <trkpt lat="-33.99457333" lon="-139.98783008"><ele>33.900</ele><time>2026-08-20T16:21:11Z</time><speed>1.393</speed><sat>30</sat></trkpt>
  <trkpt lat="-33.99456167" lon="-139.98783482"><ele>33.900</ele><time>2026-08-20T16:21:12Z</time><speed>1.309</speed><sat>28</sat></trkpt>
  <trkpt lat="-33.99455167" lon="-139.98783245"><ele>33.900</ele><time>2026-08-20T16:21:13Z</time><speed>1.212</speed><sat>29</sat></trkpt>
  <trkpt lat="-33.99454000" lon="-139.98781944"><ele>33.800</ele><time>2026-08-20T16:21:14Z</time><speed>1.145</speed><sat>29</sat></trkpt>
  <trkpt lat="-33.99453500" lon="-139.98781234"><ele>33.700</ele><time>2026-08-20T16:21:15Z</time><speed>1.102</speed><sat>29</sat></trkpt>
  <trkpt lat="-33.99453333" lon="-139.98780288"><ele>33.000</ele><time>2026-08-20T16:21:16Z</time><speed>1.070</speed><sat>30</sat></trkpt>
  <trkpt lat="-33.99452833" lon="-139.98779105"><ele>32.800</ele><time>2026-08-20T16:21:17Z</time><speed>1.049</speed><sat>30</sat></trkpt>
  <trkpt lat="-33.99452167" lon="-139.98777804"><ele>32.500</ele><time>2026-08-20T16:21:18Z</time><speed>1.034</speed><sat>30</sat></trkpt>
  <trkpt lat="-33.99451500" lon="-139.98776740"><ele>32.800</ele><time>2026-08-20T16:21:19Z</time><speed>0.968</speed><sat>30</sat></trkpt>
  <trkpt lat="-33.99451000" lon="-139.98776266"><ele>33.000</ele><time>2026-08-20T16:21:20Z</time><speed>0.881</speed><sat>29</sat></trkpt>
  <trkpt lat="-33.99451500" lon="-139.98776385"><ele>33.200</ele><time>2026-08-20T16:21:21Z</time><speed>0.763</speed><sat>29</sat></trkpt>
  <trkpt lat="-33.99453000" lon="-139.98776621"><ele>33.500</ele><time>2026-08-20T16:21:22Z</time><speed>0.766</speed><sat>29</sat></trkpt>
  <trkpt lat="-33.99455000" lon="-139.98776740"><ele>33.700</ele><time>2026-08-20T16:21:23Z</time><speed>0.816</speed><sat>29</sat></trkpt>
  <trkpt lat="-33.99457500" lon="-139.98776858"><ele>33.700</ele><time>2026-08-20T16:21:24Z</time><speed>0.902</speed><sat>29</sat></trkpt>
  <trkpt lat="-33.99460167" lon="-139.98777213"><ele>33.800</ele><time>2026-08-20T16:21:25Z</time><speed>0.975</speed><sat>29</sat></trkpt>
  <trkpt lat="-33.99462500" lon="-139.98776740"><ele>33.900</ele><time>2026-08-20T16:21:26Z</time><speed>1.061</speed><sat>29</sat></trkpt>
  <trkpt lat="-33.99464000" lon="-139.98775794"><ele>33.900</ele><time>2026-08-20T16:21:27Z</time><speed>1.132</speed><sat>28</sat></trkpt>
  <trkpt lat="-33.99465000" lon="-139.98773546"><ele>34.200</ele><time>2026-08-20T16:21:28Z</time><speed>1.164</speed><sat>28</sat></trkpt>
  <trkpt lat="-33.99465000" lon="-139.98770471"><ele>34.600</ele><time>2026-08-20T16:21:29Z</time><speed>1.269</speed><sat>29</sat></trkpt>
  <trkpt lat="-33.99465500" lon="-139.98766923"><ele>35.000</ele><time>2026-08-20T16:21:30Z</time><speed>1.438</speed><sat>30</sat></trkpt>
  <trkpt lat="-33.99465167" lon="-139.98763374"><ele>35.800</ele><time>2026-08-20T16:21:31Z</time><speed>1.627</speed><sat>30</sat></trkpt>
  <trkpt lat="-33.99464667" lon="-139.98761008"><ele>35.700</ele><time>2026-08-20T16:21:32Z</time><speed>1.656</speed><sat>28</sat></trkpt>
  <trkpt lat="-33.99463500" lon="-139.98760299"><ele>35.800</ele><time>2026-08-20T16:21:33Z</time><speed>1.588</speed><sat>29</sat></trkpt>
  <trkpt lat="-33.99462500" lon="-139.98760536"><ele>36.100</ele><time>2026-08-20T16:21:34Z</time><speed>1.480</speed><sat>29</sat></trkpt>
  <trkpt lat="-33.99461667" lon="-139.98760772"><ele>36.100</ele><time>2026-08-20T16:21:35Z</time><speed>1.407</speed><sat>29</sat></trkpt>
  <trkpt lat="-33.99460833" lon="-139.98760653"><ele>36.200</ele><time>2026-08-20T16:21:36Z</time><speed>1.322</speed><sat>30</sat></trkpt>
  <trkpt lat="-33.99460333" lon="-139.98759944"><ele>36.200</ele><time>2026-08-20T16:21:37Z</time><speed>1.244</speed><sat>30</sat></trkpt>
  <trkpt lat="-33.99459333" lon="-139.98759234"><ele>36.800</ele><time>2026-08-20T16:21:38Z</time><speed>1.170</speed><sat>29</sat></trkpt>
  <trkpt lat="-33.99459000" lon="-139.98757815"><ele>37.000</ele><time>2026-08-20T16:21:39Z</time><speed>1.075</speed><sat>29</sat></trkpt>
  <trkpt lat="-33.99459167" lon="-139.98755568"><ele>36.900</ele><time>2026-08-20T16:21:40Z</time><speed>0.957</speed><sat>28</sat></trkpt>
  <trkpt lat="-33.99459167" lon="-139.98753084"><ele>36.900</ele><time>2026-08-20T16:21:41Z</time><speed>0.881</speed><sat>28</sat></trkpt>
  <trkpt lat="-33.99459333" lon="-139.98751073"><ele>37.200</ele><time>2026-08-20T16:21:42Z</time><speed>0.846</speed><sat>30</sat></trkpt>
  <trkpt lat="-33.99460000" lon="-139.98749062"><ele>37.000</ele><time>2026-08-20T16:21:43Z</time><speed>0.845</speed><sat>30</sat></trkpt>
  <trkpt lat="-33.99460667" lon="-139.98747761"><ele>37.200</ele><time>2026-08-20T16:21:44Z</time><speed>0.844</speed><sat>30</sat></trkpt>
  <trkpt lat="-33.99461500" lon="-139.98746460"><ele>37.300</ele><time>2026-08-20T16:21:45Z</time><speed>0.834</speed><sat>29</sat></trkpt>
  <trkpt lat="-33.99462167" lon="-139.98744449"><ele>37.000</ele><time>2026-08-20T16:21:46Z</time><speed>0.857</speed><sat>29</sat></trkpt>
  <trkpt lat="-33.99462000" lon="-139.98742202"><ele>36.900</ele><time>2026-08-20T16:21:47Z</time><speed>0.924</speed><sat>29</sat></trkpt>
  <trkpt lat="-33.99462000" lon="-139.98739836"><ele>36.700</ele><time>2026-08-20T16:21:48Z</time><speed>0.977</speed><sat>30</sat></trkpt>
  <trkpt lat="-33.99462333" lon="-139.98736997"><ele>37.100</ele><time>2026-08-20T16:21:49Z</time><speed>1.043</speed><sat>29</sat></trkpt>
  <trkpt lat="-33.99462000" lon="-139.98733685"><ele>37.200</ele><time>2026-08-20T16:21:50Z</time><speed>1.098</speed><sat>30</sat></trkpt>
  <trkpt lat="-33.99461333" lon="-139.98730847"><ele>37.100</ele><time>2026-08-20T16:21:51Z</time><speed>1.106</speed><sat>30</sat></trkpt>
  <trkpt lat="-33.99460500" lon="-139.98728718"><ele>37.500</ele><time>2026-08-20T16:21:52Z</time><speed>1.108</speed><sat>29</sat></trkpt>
  <trkpt lat="-33.99460167" lon="-139.98726471"><ele>38.000</ele><time>2026-08-20T16:21:53Z</time><speed>1.186</speed><sat>30</sat></trkpt>
  <trkpt lat="-33.99460500" lon="-139.98726352"><ele>39.100</ele><time>2026-08-20T16:21:54Z</time><speed>1.278</speed><sat>30</sat></trkpt>
  <trkpt lat="-33.99460833" lon="-139.98727417"><ele>40.500</ele><time>2026-08-20T16:21:55Z</time><speed>1.301</speed><sat>28</sat></trkpt>
  <trkpt lat="-33.99461500" lon="-139.98728245"><ele>42.500</ele><time>2026-08-20T16:21:56Z</time><speed>1.336</speed><sat>29</sat></trkpt>
  <trkpt lat="-33.99462333" lon="-139.98726471"><ele>43.700</ele><time>2026-08-20T16:21:57Z</time><speed>1.375</speed><sat>28</sat></trkpt>
  <trkpt lat="-33.99461167" lon="-139.98723040"><ele>43.900</ele><time>2026-08-20T16:21:58Z</time><speed>1.483</speed><sat>29</sat></trkpt>
  <trkpt lat="-33.99460000" lon="-139.98721030"><ele>42.900</ele><time>2026-08-20T16:21:59Z</time><speed>1.545</speed><sat>29</sat></trkpt>
  <trkpt lat="-33.99459167" lon="-139.98718546"><ele>42.100</ele><time>2026-08-20T16:22:00Z</time><speed>1.578</speed><sat>30</sat></trkpt>
  <trkpt lat="-33.99458833" lon="-139.98715943"><ele>41.100</ele><time>2026-08-20T16:22:01Z</time><speed>1.616</speed><sat>30</sat></trkpt>
  <trkpt lat="-33.99459000" lon="-139.98713104"><ele>40.300</ele><time>2026-08-20T16:22:02Z</time><speed>1.646</speed><sat>30</sat></trkpt>
  <trkpt lat="-33.99459167" lon="-139.98710384"><ele>39.800</ele><time>2026-08-20T16:22:03Z</time><speed>1.615</speed><sat>30</sat></trkpt>
  <trkpt lat="-33.99459500" lon="-139.98707427"><ele>40.600</ele><time>2026-08-20T16:22:04Z</time><speed>1.564</speed><sat>30</sat></trkpt>
  <trkpt lat="-33.99460500" lon="-139.98705298"><ele>40.400</ele><time>2026-08-20T16:22:05Z</time><speed>1.611</speed><sat>30</sat></trkpt>
  <trkpt lat="-33.99461833" lon="-139.98702814"><ele>40.500</ele><time>2026-08-20T16:22:06Z</time><speed>1.618</speed><sat>30</sat></trkpt>
  <trkpt lat="-33.99463000" lon="-139.98700449"><ele>40.200</ele><time>2026-08-20T16:22:07Z</time><speed>1.596</speed><sat>30</sat></trkpt>
  <trkpt lat="-33.99463667" lon="-139.98697965"><ele>40.000</ele><time>2026-08-20T16:22:08Z</time><speed>1.531</speed><sat>30</sat></trkpt>
  <trkpt lat="-33.99463333" lon="-139.98694416"><ele>39.400</ele><time>2026-08-20T16:22:09Z</time><speed>1.505</speed><sat>30</sat></trkpt>
  <trkpt lat="-33.99462667" lon="-139.98690749"><ele>39.400</ele><time>2026-08-20T16:22:10Z</time><speed>1.511</speed><sat>29</sat></trkpt>
  <trkpt lat="-33.99462333" lon="-139.98688148"><ele>38.900</ele><time>2026-08-20T16:22:11Z</time><speed>1.518</speed><sat>29</sat></trkpt>
  <trkpt lat="-33.99462000" lon="-139.98684954"><ele>38.500</ele><time>2026-08-20T16:22:12Z</time><speed>1.534</speed><sat>29</sat></trkpt>
  <trkpt lat="-33.99461500" lon="-139.98682707"><ele>38.500</ele><time>2026-08-20T16:22:13Z</time><speed>1.499</speed><sat>29</sat></trkpt>
  <trkpt lat="-33.99461333" lon="-139.98681287"><ele>38.400</ele><time>2026-08-20T16:22:14Z</time><speed>1.431</speed><sat>29</sat></trkpt>
  <trkpt lat="-33.99461167" lon="-139.98679868"><ele>38.100</ele><time>2026-08-20T16:22:15Z</time><speed>1.322</speed><sat>29</sat></trkpt>
  <trkpt lat="-33.99460000" lon="-139.98680104"><ele>38.700</ele><time>2026-08-20T16:22:16Z</time><speed>1.279</speed><sat>29</sat></trkpt>
  <trkpt lat="-33.99458333" lon="-139.98679394"><ele>39.200</ele><time>2026-08-20T16:22:17Z</time><speed>1.283</speed><sat>30</sat></trkpt>
  <trkpt lat="-33.99456167" lon="-139.98678803"><ele>39.400</ele><time>2026-08-20T16:22:18Z</time><speed>1.301</speed><sat>30</sat></trkpt>
  <trkpt lat="-33.99454833" lon="-139.98678567"><ele>39.200</ele><time>2026-08-20T16:22:19Z</time><speed>1.250</speed><sat>30</sat></trkpt>
  <trkpt lat="-33.99453667" lon="-139.98679394"><ele>39.300</ele><time>2026-08-20T16:22:20Z</time><speed>1.140</speed><sat>30</sat></trkpt>
  <trkpt lat="-33.99452667" lon="-139.98680814"><ele>39.400</ele><time>2026-08-20T16:22:21Z</time><speed>1.056</speed><sat>30</sat></trkpt>
  <trkpt lat="-33.99452333" lon="-139.98682115"><ele>39.500</ele><time>2026-08-20T16:22:22Z</time><speed>0.924</speed><sat>30</sat></trkpt>
  <trkpt lat="-33.99450833" lon="-139.98681761"><ele>39.400</ele><time>2026-08-20T16:22:23Z</time><speed>0.877</speed><sat>30</sat></trkpt>
  <trkpt lat="-33.99450000" lon="-139.98680696"><ele>39.200</ele><time>2026-08-20T16:22:24Z</time><speed>0.934</speed><sat>31</sat></trkpt>
  <trkpt lat="-33.99449667" lon="-139.98679277"><ele>39.100</ele><time>2026-08-20T16:22:25Z</time><speed>0.990</speed><sat>31</sat></trkpt>
  <trkpt lat="-33.99450333" lon="-139.98677739"><ele>39.100</ele><time>2026-08-20T16:22:26Z</time><speed>0.973</speed><sat>31</sat></trkpt>
  <trkpt lat="-33.99451667" lon="-139.98677265"><ele>39.100</ele><time>2026-08-20T16:22:27Z</time><speed>0.918</speed><sat>31</sat></trkpt>
  <trkpt lat="-33.99453500" lon="-139.98676911"><ele>39.000</ele><time>2026-08-20T16:22:28Z</time><speed>0.866</speed><sat>31</sat></trkpt>
  <trkpt lat="-33.99456667" lon="-139.98676319"><ele>39.000</ele><time>2026-08-20T16:22:29Z</time><speed>0.921</speed><sat>31</sat></trkpt>
  <trkpt lat="-33.99459833" lon="-139.98676319"><ele>38.900</ele><time>2026-08-20T16:22:30Z</time><speed>1.029</speed><sat>30</sat></trkpt>
  <trkpt lat="-33.99462500" lon="-139.98675965"><ele>38.900</ele><time>2026-08-20T16:22:31Z</time><speed>1.123</speed><sat>30</sat></trkpt>
  <trkpt lat="-33.99464500" lon="-139.98676674"><ele>39.300</ele><time>2026-08-20T16:22:32Z</time><speed>1.316</speed><sat>30</sat></trkpt>
  <trkpt lat="-33.99466500" lon="-139.98677029"><ele>39.900</ele><time>2026-08-20T16:22:33Z</time><speed>1.431</speed><sat>30</sat></trkpt>
  <trkpt lat="-33.99469167" lon="-139.98676083"><ele>40.100</ele><time>2026-08-20T16:22:34Z</time><speed>1.509</speed><sat>29</sat></trkpt>
  <trkpt lat="-33.99471000" lon="-139.98675491"><ele>40.700</ele><time>2026-08-20T16:22:35Z</time><speed>1.573</speed><sat>29</sat></trkpt>
  <trkpt lat="-33.99472000" lon="-139.98674427"><ele>41.000</ele><time>2026-08-20T16:22:36Z</time><speed>1.603</speed><sat>30</sat></trkpt>
  <trkpt lat="-33.99472333" lon="-139.98674664"><ele>41.400</ele><time>2026-08-20T16:22:37Z</time><speed>1.538</speed><sat>30</sat></trkpt>
  <trkpt lat="-33.99471667" lon="-139.98675255"><ele>41.500</ele><time>2026-08-20T16:22:38Z</time><speed>1.463</speed><sat>30</sat></trkpt>
  <trkpt lat="-33.99470333" lon="-139.98675255"><ele>41.600</ele><time>2026-08-20T16:22:39Z</time><speed>1.354</speed><sat>30</sat></trkpt>
  <trkpt lat="-33.99468833" lon="-139.98675136"><ele>41.600</ele><time>2026-08-20T16:22:40Z</time><speed>1.245</speed><sat>30</sat></trkpt>
  <trkpt lat="-33.99467167" lon="-139.98674545"><ele>41.800</ele><time>2026-08-20T16:22:41Z</time><speed>1.155</speed><sat>30</sat></trkpt>
  <trkpt lat="-33.99466500" lon="-139.98673244"><ele>41.900</ele><time>2026-08-20T16:22:42Z</time><speed>1.027</speed><sat>30</sat></trkpt>
  <trkpt lat="-33.99465833" lon="-139.98672652"><ele>41.800</ele><time>2026-08-20T16:22:43Z</time><speed>0.944</speed><sat>30</sat></trkpt>
  <trkpt lat="-33.99465500" lon="-139.98672416"><ele>41.800</ele><time>2026-08-20T16:22:44Z</time><speed>0.805</speed><sat>29</sat></trkpt>
  <trkpt lat="-33.99464333" lon="-139.98672652"><ele>42.000</ele><time>2026-08-20T16:22:45Z</time><speed>0.719</speed><sat>28</sat></trkpt>
  <trkpt lat="-33.99463500" lon="-139.98672771"><ele>42.500</ele><time>2026-08-20T16:22:46Z</time><speed>0.666</speed><sat>26</sat></trkpt>
  <trkpt lat="-33.99462500" lon="-139.98673244"><ele>42.900</ele><time>2026-08-20T16:22:47Z</time><speed>0.660</speed><sat>27</sat></trkpt>
  <trkpt lat="-33.99462167" lon="-139.98673362"><ele>43.300</ele><time>2026-08-20T16:22:48Z</time><speed>0.641</speed><sat>28</sat></trkpt>
  <trkpt lat="-33.99461667" lon="-139.98673007"><ele>43.600</ele><time>2026-08-20T16:22:49Z</time><speed>0.584</speed><sat>28</sat></trkpt>
  <trkpt lat="-33.99461333" lon="-139.98672771"><ele>44.000</ele><time>2026-08-20T16:22:50Z</time><speed>0.509</speed><sat>28</sat></trkpt>
  <trkpt lat="-33.99461000" lon="-139.98672061"><ele>44.300</ele><time>2026-08-20T16:22:51Z</time><speed>0.445</speed><sat>28</sat></trkpt>
  <trkpt lat="-33.99460500" lon="-139.98670760"><ele>44.600</ele><time>2026-08-20T16:22:52Z</time><speed>0.435</speed><sat>28</sat></trkpt>
  <trkpt lat="-33.99459833" lon="-139.98669341"><ele>44.900</ele><time>2026-08-20T16:22:53Z</time><speed>0.468</speed><sat>28</sat></trkpt>
  <trkpt lat="-33.99459500" lon="-139.98667330"><ele>44.700</ele><time>2026-08-20T16:22:54Z</time><speed>0.561</speed><sat>28</sat></trkpt>
  <trkpt lat="-33.99459667" lon="-139.98664846"><ele>44.500</ele><time>2026-08-20T16:22:55Z</time><speed>0.637</speed><sat>29</sat></trkpt>
  <trkpt lat="-33.99459667" lon="-139.98661771"><ele>44.500</ele><time>2026-08-20T16:22:56Z</time><speed>0.772</speed><sat>29</sat></trkpt>
  <trkpt lat="-33.99460500" lon="-139.98659168"><ele>44.600</ele><time>2026-08-20T16:22:57Z</time><speed>0.895</speed><sat>28</sat></trkpt>
  <trkpt lat="-33.99462000" lon="-139.98656803"><ele>45.000</ele><time>2026-08-20T16:22:58Z</time><speed>1.010</speed><sat>29</sat></trkpt>
  <trkpt lat="-33.99464000" lon="-139.98655265"><ele>45.100</ele><time>2026-08-20T16:22:59Z</time><speed>1.145</speed><sat>29</sat></trkpt>
  <trkpt lat="-33.99466333" lon="-139.98653136"><ele>45.300</ele><time>2026-08-20T16:23:00Z</time><speed>1.344</speed><sat>28</sat></trkpt>
  <trkpt lat="-33.99467500" lon="-139.98651126"><ele>45.500</ele><time>2026-08-20T16:23:01Z</time><speed>1.466</speed><sat>28</sat></trkpt>
  <trkpt lat="-33.99467667" lon="-139.98649943"><ele>45.500</ele><time>2026-08-20T16:23:02Z</time><speed>0.000</speed><sat>28</sat></trkpt>
  <trkpt lat="-33.99467167" lon="-139.98649351"><ele>45.500</ele><time>2026-08-20T16:23:03Z</time><speed>1.460</speed><sat>27</sat></trkpt>
  <trkpt lat="-33.99466667" lon="-139.98648878"><ele>45.500</ele><time>2026-08-20T16:23:04Z</time><speed>1.377</speed><sat>28</sat></trkpt>
  <trkpt lat="-33.99466167" lon="-139.98648642"><ele>45.500</ele><time>2026-08-20T16:23:05Z</time><speed>1.301</speed><sat>29</sat></trkpt>
  <trkpt lat="-33.99465667" lon="-139.98648523"><ele>45.400</ele><time>2026-08-20T16:23:06Z</time><speed>1.152</speed><sat>29</sat></trkpt>
  <trkpt lat="-33.99465333" lon="-139.98647813"><ele>45.200</ele><time>2026-08-20T16:23:07Z</time><speed>1.059</speed><sat>29</sat></trkpt>
  <trkpt lat="-33.99464833" lon="-139.98646867"><ele>45.000</ele><time>2026-08-20T16:23:08Z</time><speed>0.971</speed><sat>28</sat></trkpt>
  <trkpt lat="-33.99464167" lon="-139.98646276"><ele>45.200</ele><time>2026-08-20T16:23:09Z</time><speed>0.863</speed><sat>28</sat></trkpt>
  <trkpt lat="-33.99463833" lon="-139.98645330"><ele>45.100</ele><time>2026-08-20T16:23:10Z</time><speed>0.704</speed><sat>27</sat></trkpt>
  <trkpt lat="-33.99463500" lon="-139.98644029"><ele>45.200</ele><time>2026-08-20T16:23:11Z</time><speed>0.622</speed><sat>27</sat></trkpt>
  <trkpt lat="-33.99463000" lon="-139.98642491"><ele>45.300</ele><time>2026-08-20T16:23:12Z</time><speed>0.614</speed><sat>28</sat></trkpt>
  <trkpt lat="-33.99461500" lon="-139.98640599"><ele>45.200</ele><time>2026-08-20T16:23:13Z</time><speed>0.681</speed><sat>28</sat></trkpt>
  <trkpt lat="-33.99460000" lon="-139.98638825"><ele>45.400</ele><time>2026-08-20T16:23:14Z</time><speed>0.773</speed><sat>30</sat></trkpt>
  <trkpt lat="-33.99459167" lon="-139.98636577"><ele>45.300</ele><time>2026-08-20T16:23:15Z</time><speed>0.843</speed><sat>30</sat></trkpt>
  <trkpt lat="-33.99459000" lon="-139.98633383"><ele>45.400</ele><time>2026-08-20T16:23:16Z</time><speed>0.989</speed><sat>30</sat></trkpt>
  <trkpt lat="-33.99458667" lon="-139.98630900"><ele>45.400</ele><time>2026-08-20T16:23:17Z</time><speed>1.099</speed><sat>30</sat></trkpt>
  <trkpt lat="-33.99458000" lon="-139.98627942"><ele>45.200</ele><time>2026-08-20T16:23:18Z</time><speed>1.210</speed><sat>30</sat></trkpt>
  <trkpt lat="-33.99457333" lon="-139.98625577"><ele>44.900</ele><time>2026-08-20T16:23:19Z</time><speed>1.271</speed><sat>30</sat></trkpt>
  <trkpt lat="-33.99456500" lon="-139.98623803"><ele>44.900</ele><time>2026-08-20T16:23:20Z</time><speed>1.303</speed><sat>30</sat></trkpt>
  <trkpt lat="-33.99455167" lon="-139.98622383"><ele>44.800</ele><time>2026-08-20T16:23:21Z</time><speed>1.316</speed><sat>30</sat></trkpt>
  <trkpt lat="-33.99453833" lon="-139.98620964"><ele>44.700</ele><time>2026-08-20T16:23:22Z</time><speed>1.317</speed><sat>30</sat></trkpt>
  <trkpt lat="-33.99452667" lon="-139.98620018"><ele>44.500</ele><time>2026-08-20T16:23:23Z</time><speed>1.250</speed><sat>30</sat></trkpt>
  <trkpt lat="-33.99451500" lon="-139.98618953"><ele>44.500</ele><time>2026-08-20T16:23:24Z</time><speed>1.177</speed><sat>30</sat></trkpt>
  <trkpt lat="-33.99450333" lon="-139.98618362"><ele>44.400</ele><time>2026-08-20T16:23:25Z</time><speed>1.143</speed><sat>29</sat></trkpt>
  <trkpt lat="-33.99449000" lon="-139.98618125"><ele>44.400</ele><time>2026-08-20T16:23:26Z</time><speed>1.079</speed><sat>29</sat></trkpt>
  <trkpt lat="-33.99447500" lon="-139.98618599"><ele>44.600</ele><time>2026-08-20T16:23:27Z</time><speed>1.053</speed><sat>29</sat></trkpt>
  <trkpt lat="-33.99446167" lon="-139.98619071"><ele>44.800</ele><time>2026-08-20T16:23:28Z</time><speed>1.006</speed><sat>29</sat></trkpt>
  <trkpt lat="-33.99444333" lon="-139.98618953"><ele>45.000</ele><time>2026-08-20T16:23:29Z</time><speed>0.987</speed><sat>29</sat></trkpt>
  <trkpt lat="-33.99443167" lon="-139.98618362"><ele>45.000</ele><time>2026-08-20T16:23:30Z</time><speed>1.003</speed><sat>29</sat></trkpt>
  <trkpt lat="-33.99441833" lon="-139.98617534"><ele>44.800</ele><time>2026-08-20T16:23:31Z</time><speed>1.000</speed><sat>30</sat></trkpt>
  <trkpt lat="-33.99439667" lon="-139.98615523"><ele>44.200</ele><time>2026-08-20T16:23:32Z</time><speed>0.988</speed><sat>30</sat></trkpt>
  <trkpt lat="-33.99438500" lon="-139.98614340"><ele>43.200</ele><time>2026-08-20T16:23:33Z</time><speed>1.001</speed><sat>30</sat></trkpt>
  <trkpt lat="-33.99437333" lon="-139.98613039"><ele>42.200</ele><time>2026-08-20T16:23:34Z</time><speed>1.009</speed><sat>29</sat></trkpt>
  <trkpt lat="-33.99436333" lon="-139.98611620"><ele>41.000</ele><time>2026-08-20T16:23:35Z</time><speed>0.997</speed><sat>29</sat></trkpt>
  <trkpt lat="-33.99436000" lon="-139.98609845"><ele>40.300</ele><time>2026-08-20T16:23:36Z</time><speed>0.969</speed><sat>29</sat></trkpt>
  <trkpt lat="-33.99436167" lon="-139.98608308"><ele>39.100</ele><time>2026-08-20T16:23:37Z</time><speed>0.913</speed><sat>29</sat></trkpt>
  <trkpt lat="-33.99436500" lon="-139.98606770"><ele>38.300</ele><time>2026-08-20T16:23:38Z</time><speed>0.872</speed><sat>29</sat></trkpt>
  <trkpt lat="-33.99437500" lon="-139.98605351"><ele>37.900</ele><time>2026-08-20T16:23:39Z</time><speed>0.876</speed><sat>29</sat></trkpt>
  <trkpt lat="-33.99438333" lon="-139.98604286"><ele>37.800</ele><time>2026-08-20T16:23:40Z</time><speed>0.866</speed><sat>29</sat></trkpt>
  <trkpt lat="-33.99439333" lon="-139.98603932"><ele>37.400</ele><time>2026-08-20T16:23:41Z</time><speed>0.880</speed><sat>28</sat></trkpt>
  <trkpt lat="-33.99440500" lon="-139.98603932"><ele>37.400</ele><time>2026-08-20T16:23:42Z</time><speed>0.893</speed><sat>28</sat></trkpt>
  <trkpt lat="-33.99441333" lon="-139.98603932"><ele>37.600</ele><time>2026-08-20T16:23:43Z</time><speed>0.917</speed><sat>29</sat></trkpt>
  <trkpt lat="-33.99442667" lon="-139.98604168"><ele>38.000</ele><time>2026-08-20T16:23:44Z</time><speed>0.978</speed><sat>29</sat></trkpt>
  <trkpt lat="-33.99444000" lon="-139.98603577"><ele>37.800</ele><time>2026-08-20T16:23:45Z</time><speed>0.983</speed><sat>29</sat></trkpt>
  <trkpt lat="-33.99445333" lon="-139.98602748"><ele>37.800</ele><time>2026-08-20T16:23:46Z</time><speed>1.012</speed><sat>29</sat></trkpt>
  <trkpt lat="-33.99446333" lon="-139.98601802"><ele>37.700</ele><time>2026-08-20T16:23:47Z</time><speed>1.049</speed><sat>29</sat></trkpt>
  <trkpt lat="-33.99448667" lon="-139.98599555"><ele>37.600</ele><time>2026-08-20T16:23:48Z</time><speed>1.154</speed><sat>29</sat></trkpt>
  <trkpt lat="-33.99450667" lon="-139.98597308"><ele>37.200</ele><time>2026-08-20T16:23:49Z</time><speed>1.261</speed><sat>29</sat></trkpt>
  <trkpt lat="-33.99451667" lon="-139.98594351"><ele>37.300</ele><time>2026-08-20T16:23:50Z</time><speed>1.392</speed><sat>29</sat></trkpt>
  <trkpt lat="-33.99452667" lon="-139.98590566"><ele>37.500</ele><time>2026-08-20T16:23:51Z</time><speed>1.560</speed><sat>28</sat></trkpt>
  <trkpt lat="-33.99453000" lon="-139.98586544"><ele>37.500</ele><time>2026-08-20T16:23:52Z</time><speed>1.731</speed><sat>29</sat></trkpt>
  <trkpt lat="-33.99453167" lon="-139.98582522"><ele>37.700</ele><time>2026-08-20T16:23:53Z</time><speed>1.817</speed><sat>29</sat></trkpt>
  <trkpt lat="-33.99453000" lon="-139.98579802"><ele>37.900</ele><time>2026-08-20T16:23:54Z</time><speed>1.808</speed><sat>29</sat></trkpt>
  <trkpt lat="-33.99453667" lon="-139.98577555"><ele>38.400</ele><time>2026-08-20T16:23:55Z</time><speed>1.851</speed><sat>29</sat></trkpt>
  <trkpt lat="-33.99453833" lon="-139.98575426"><ele>38.800</ele><time>2026-08-20T16:23:56Z</time><speed>1.869</speed><sat>29</sat></trkpt>
  <trkpt lat="-33.99453667" lon="-139.98572469"><ele>39.100</ele><time>2026-08-20T16:23:57Z</time><speed>1.910</speed><sat>29</sat></trkpt>
  <trkpt lat="-33.99453667" lon="-139.98569630"><ele>39.100</ele><time>2026-08-20T16:23:58Z</time><speed>1.859</speed><sat>28</sat></trkpt>
  <trkpt lat="-33.99453833" lon="-139.98567501"><ele>38.800</ele><time>2026-08-20T16:23:59Z</time><speed>1.719</speed><sat>27</sat></trkpt>
  <trkpt lat="-33.99453667" lon="-139.98567264"><ele>38.900</ele><time>2026-08-20T16:24:00Z</time><speed>1.515</speed><sat>29</sat></trkpt>
  <trkpt lat="-33.99453333" lon="-139.98567028"><ele>39.100</ele><time>2026-08-20T16:24:01Z</time><speed>1.277</speed><sat>28</sat></trkpt>
  <trkpt lat="-33.99453333" lon="-139.98566792"><ele>39.000</ele><time>2026-08-20T16:24:02Z</time><speed>1.037</speed><sat>28</sat></trkpt>
  <trkpt lat="-33.99453500" lon="-139.98566318"><ele>39.400</ele><time>2026-08-20T16:24:03Z</time><speed>0.851</speed><sat>28</sat></trkpt>
  <trkpt lat="-33.99452833" lon="-139.98565609"><ele>39.800</ele><time>2026-08-20T16:24:04Z</time><speed>0.737</speed><sat>28</sat></trkpt>
  <trkpt lat="-33.99452167" lon="-139.98564544"><ele>40.300</ele><time>2026-08-20T16:24:05Z</time><speed>0.617</speed><sat>28</sat></trkpt>
  <trkpt lat="-33.99451833" lon="-139.98564308"><ele>40.800</ele><time>2026-08-20T16:24:06Z</time><speed>0.500</speed><sat>27</sat></trkpt>
  <trkpt lat="-33.99451333" lon="-139.98563598"><ele>41.400</ele><time>2026-08-20T16:24:07Z</time><speed>0.000</speed><sat>29</sat></trkpt>
  <trkpt lat="-33.99450500" lon="-139.98562651"><ele>42.100</ele><time>2026-08-20T16:24:08Z</time><speed>0.000</speed><sat>29</sat></trkpt>
  <trkpt lat="-33.99450333" lon="-139.98560641"><ele>42.300</ele><time>2026-08-20T16:24:09Z</time><speed>0.392</speed><sat>29</sat></trkpt>
  <trkpt lat="-33.99450500" lon="-139.98557921"><ele>42.500</ele><time>2026-08-20T16:24:10Z</time><speed>0.537</speed><sat>29</sat></trkpt>
  <trkpt lat="-33.99450000" lon="-139.98554608"><ele>42.500</ele><time>2026-08-20T16:24:11Z</time><speed>0.702</speed><sat>29</sat></trkpt>
  <trkpt lat="-33.99450333" lon="-139.98551296"><ele>42.300</ele><time>2026-08-20T16:24:12Z</time><speed>0.872</speed><sat>29</sat></trkpt>
  <trkpt lat="-33.99450500" lon="-139.98547985"><ele>42.200</ele><time>2026-08-20T16:24:13Z</time><speed>1.062</speed><sat>30</sat></trkpt>
  <trkpt lat="-33.99450667" lon="-139.98544554"><ele>42.000</ele><time>2026-08-20T16:24:14Z</time><speed>1.246</speed><sat>30</sat></trkpt>
  <trkpt lat="-33.99450333" lon="-139.98541243"><ele>41.600</ele><time>2026-08-20T16:24:15Z</time><speed>1.439</speed><sat>30</sat></trkpt>
  <trkpt lat="-33.99449833" lon="-139.98537812"><ele>41.200</ele><time>2026-08-20T16:24:16Z</time><speed>1.638</speed><sat>29</sat></trkpt>
  <trkpt lat="-33.99449833" lon="-139.98534737"><ele>41.300</ele><time>2026-08-20T16:24:17Z</time><speed>1.762</speed><sat>30</sat></trkpt>
  <trkpt lat="-33.99450000" lon="-139.98532727"><ele>40.700</ele><time>2026-08-20T16:24:18Z</time><speed>1.769</speed><sat>30</sat></trkpt>
  <trkpt lat="-33.99450167" lon="-139.98531544"><ele>40.400</ele><time>2026-08-20T16:24:19Z</time><speed>1.663</speed><sat>30</sat></trkpt>
  <trkpt lat="-33.99449667" lon="-139.98530715"><ele>40.200</ele><time>2026-08-20T16:24:20Z</time><speed>1.512</speed><sat>30</sat></trkpt>
  <trkpt lat="-33.99449667" lon="-139.98529888"><ele>40.300</ele><time>2026-08-20T16:24:21Z</time><speed>1.343</speed><sat>29</sat></trkpt>
  <trkpt lat="-33.99449667" lon="-139.98529178"><ele>40.400</ele><time>2026-08-20T16:24:22Z</time><speed>1.181</speed><sat>29</sat></trkpt>
  <trkpt lat="-33.99449667" lon="-139.98527995"><ele>40.400</ele><time>2026-08-20T16:24:23Z</time><speed>1.019</speed><sat>29</sat></trkpt>
  <trkpt lat="-33.99450167" lon="-139.98526221"><ele>40.600</ele><time>2026-08-20T16:24:24Z</time><speed>0.879</speed><sat>30</sat></trkpt>
  <trkpt lat="-33.99450500" lon="-139.98523973"><ele>41.000</ele><time>2026-08-20T16:24:25Z</time><speed>0.776</speed><sat>30</sat></trkpt>
  <trkpt lat="-33.99451167" lon="-139.98521017"><ele>41.300</ele><time>2026-08-20T16:24:26Z</time><speed>0.679</speed><sat>30</sat></trkpt>
  <trkpt lat="-33.99452000" lon="-139.98517823"><ele>41.600</ele><time>2026-08-20T16:24:27Z</time><speed>0.639</speed><sat>30</sat></trkpt>
  <trkpt lat="-33.99452833" lon="-139.98514630"><ele>41.700</ele><time>2026-08-20T16:24:28Z</time><speed>0.606</speed><sat>30</sat></trkpt>
  <trkpt lat="-33.99453500" lon="-139.98513092"><ele>42.000</ele><time>2026-08-20T16:24:29Z</time><speed>0.621</speed><sat>29</sat></trkpt>
  <trkpt lat="-33.99453833" lon="-139.98512501"><ele>42.400</ele><time>2026-08-20T16:24:30Z</time><speed>0.660</speed><sat>29</sat></trkpt>
  <trkpt lat="-33.99454333" lon="-139.98512737"><ele>42.400</ele><time>2026-08-20T16:24:31Z</time><speed>0.706</speed><sat>30</sat></trkpt>
  <trkpt lat="-33.99454333" lon="-139.98513683"><ele>42.600</ele><time>2026-08-20T16:24:32Z</time><speed>0.773</speed><sat>30</sat></trkpt>
  <trkpt lat="-33.99454500" lon="-139.98515694"><ele>42.700</ele><time>2026-08-20T16:24:33Z</time><speed>0.890</speed><sat>30</sat></trkpt>
  <trkpt lat="-33.99454167" lon="-139.98518415"><ele>42.800</ele><time>2026-08-20T16:24:34Z</time><speed>0.995</speed><sat>30</sat></trkpt>
  <trkpt lat="-33.99454000" lon="-139.98520780"><ele>42.900</ele><time>2026-08-20T16:24:35Z</time><speed>1.058</speed><sat>30</sat></trkpt>
  <trkpt lat="-33.99454167" lon="-139.98523856"><ele>43.400</ele><time>2026-08-20T16:24:36Z</time><speed>1.157</speed><sat>29</sat></trkpt>
  <trkpt lat="-33.99454167" lon="-139.98526931"><ele>43.700</ele><time>2026-08-20T16:24:37Z</time><speed>1.227</speed><sat>30</sat></trkpt>
  <trkpt lat="-33.99454167" lon="-139.98529178"><ele>44.100</ele><time>2026-08-20T16:24:38Z</time><speed>1.293</speed><sat>30</sat></trkpt>
  <trkpt lat="-33.99453833" lon="-139.98530953"><ele>44.500</ele><time>2026-08-20T16:24:39Z</time><speed>1.332</speed><sat>31</sat></trkpt>
  <trkpt lat="-33.99454000" lon="-139.98532135"><ele>44.800</ele><time>2026-08-20T16:24:40Z</time><speed>1.344</speed><sat>31</sat></trkpt>
  <trkpt lat="-33.99454333" lon="-139.98531780"><ele>44.800</ele><time>2026-08-20T16:24:41Z</time><speed>1.306</speed><sat>32</sat></trkpt>
  <trkpt lat="-33.99454500" lon="-139.98530834"><ele>44.700</ele><time>2026-08-20T16:24:42Z</time><speed>1.280</speed><sat>32</sat></trkpt>
  <trkpt lat="-33.99453833" lon="-139.98529178"><ele>44.500</ele><time>2026-08-20T16:24:43Z</time><speed>1.247</speed><sat>31</sat></trkpt>
  <trkpt lat="-33.99453333" lon="-139.98526340"><ele>44.600</ele><time>2026-08-20T16:24:44Z</time><speed>1.257</speed><sat>31</sat></trkpt>
  <trkpt lat="-33.99452333" lon="-139.98522554"><ele>44.600</ele><time>2026-08-20T16:24:45Z</time><speed>1.300</speed><sat>31</sat></trkpt>
  <trkpt lat="-33.99451667" lon="-139.98518533"><ele>44.700</ele><time>2026-08-20T16:24:46Z</time><speed>1.331</speed><sat>31</sat></trkpt>
  <trkpt lat="-33.99451500" lon="-139.98513683"><ele>44.600</ele><time>2026-08-20T16:24:47Z</time><speed>1.392</speed><sat>32</sat></trkpt>
  <trkpt lat="-33.99451167" lon="-139.98509425"><ele>45.000</ele><time>2026-08-20T16:24:48Z</time><speed>1.513</speed><sat>31</sat></trkpt>
  <trkpt lat="-33.99451500" lon="-139.98505404"><ele>45.300</ele><time>2026-08-20T16:24:49Z</time><speed>1.700</speed><sat>31</sat></trkpt>
  <trkpt lat="-33.99451667" lon="-139.98501855"><ele>45.200</ele><time>2026-08-20T16:24:50Z</time><speed>1.881</speed><sat>31</sat></trkpt>
  <trkpt lat="-33.99452000" lon="-139.98498307"><ele>44.900</ele><time>2026-08-20T16:24:51Z</time><speed>2.069</speed><sat>31</sat></trkpt>
  <trkpt lat="-33.99452500" lon="-139.98495941"><ele>44.900</ele><time>2026-08-20T16:24:52Z</time><speed>2.157</speed><sat>31</sat></trkpt>
  <trkpt lat="-33.99452667" lon="-139.98494049"><ele>45.200</ele><time>2026-08-20T16:24:53Z</time><speed>2.167</speed><sat>28</sat></trkpt>
  <trkpt lat="-33.99453000" lon="-139.98492156"><ele>44.900</ele><time>2026-08-20T16:24:54Z</time><speed>2.115</speed><sat>30</sat></trkpt>
  <trkpt lat="-33.99453167" lon="-139.98490263"><ele>44.600</ele><time>2026-08-20T16:24:55Z</time><speed>2.005</speed><sat>29</sat></trkpt>
  <trkpt lat="-33.99452500" lon="-139.98488844"><ele>44.000</ele><time>2026-08-20T16:24:56Z</time><speed>1.835</speed><sat>29</sat></trkpt>
  <trkpt lat="-33.99452167" lon="-139.98486834"><ele>43.300</ele><time>2026-08-20T16:24:57Z</time><speed>1.674</speed><sat>30</sat></trkpt>
  <trkpt lat="-33.99451500" lon="-139.98484704"><ele>42.700</ele><time>2026-08-20T16:24:58Z</time><speed>1.539</speed><sat>31</sat></trkpt>
  <trkpt lat="-33.99451167" lon="-139.98481866"><ele>42.300</ele><time>2026-08-20T16:24:59Z</time><speed>1.431</speed><sat>30</sat></trkpt>
  <trkpt lat="-33.99450333" lon="-139.98479146"><ele>41.500</ele><time>2026-08-20T16:25:00Z</time><speed>1.371</speed><sat>30</sat></trkpt>
  <trkpt lat="-33.99449667" lon="-139.98476188"><ele>40.900</ele><time>2026-08-20T16:25:01Z</time><speed>1.367</speed><sat>30</sat></trkpt>
  <trkpt lat="-33.99449333" lon="-139.98473468"><ele>40.300</ele><time>2026-08-20T16:25:02Z</time><speed>1.405</speed><sat>31</sat></trkpt>
  <trkpt lat="-33.99449167" lon="-139.98471102"><ele>39.900</ele><time>2026-08-20T16:25:03Z</time><speed>1.445</speed><sat>30</sat></trkpt>
  <trkpt lat="-33.99449833" lon="-139.98468027"><ele>39.600</ele><time>2026-08-20T16:25:04Z</time><speed>1.495</speed><sat>31</sat></trkpt>
  <trkpt lat="-33.99450333" lon="-139.98465307"><ele>39.500</ele><time>2026-08-20T16:25:05Z</time><speed>1.527</speed><sat>31</sat></trkpt>
  <trkpt lat="-33.99449500" lon="-139.98462704"><ele>39.200</ele><time>2026-08-20T16:25:06Z</time><speed>1.617</speed><sat>32</sat></trkpt>
  <trkpt lat="-33.99448833" lon="-139.98460930"><ele>39.100</ele><time>2026-08-20T16:25:07Z</time><speed>1.632</speed><sat>32</sat></trkpt>
  <trkpt lat="-33.99448500" lon="-139.98459037"><ele>38.700</ele><time>2026-08-20T16:25:08Z</time><speed>1.600</speed><sat>32</sat></trkpt>
  <trkpt lat="-33.99448667" lon="-139.98457973"><ele>38.300</ele><time>2026-08-20T16:25:09Z</time><speed>1.491</speed><sat>32</sat></trkpt>
  <trkpt lat="-33.99448833" lon="-139.98457500"><ele>38.000</ele><time>2026-08-20T16:25:10Z</time><speed>1.312</speed><sat>31</sat></trkpt>
  <trkpt lat="-33.99449667" lon="-139.98457145"><ele>38.200</ele><time>2026-08-20T16:25:11Z</time><speed>1.118</speed><sat>31</sat></trkpt>
  <trkpt lat="-33.99451000" lon="-139.98456553"><ele>38.600</ele><time>2026-08-20T16:25:12Z</time><speed>0.955</speed><sat>32</sat></trkpt>
  <trkpt lat="-33.99452500" lon="-139.98455962"><ele>38.900</ele><time>2026-08-20T16:25:13Z</time><speed>0.814</speed><sat>31</sat></trkpt>
  <trkpt lat="-33.99453500" lon="-139.98455726"><ele>39.200</ele><time>2026-08-20T16:25:14Z</time><speed>0.657</speed><sat>30</sat></trkpt>
  <trkpt lat="-33.99454000" lon="-139.98455726"><ele>39.400</ele><time>2026-08-20T16:25:15Z</time><speed>0.526</speed><sat>32</sat></trkpt>
  <trkpt lat="-33.99454833" lon="-139.98455607"><ele>39.900</ele><time>2026-08-20T16:25:16Z</time><speed>0.000</speed><sat>32</sat></trkpt>
  <trkpt lat="-33.99455167" lon="-139.98455844"><ele>40.100</ele><time>2026-08-20T16:25:17Z</time><speed>0.000</speed><sat>32</sat></trkpt>
  <trkpt lat="-33.99456000" lon="-139.98455607"><ele>40.400</ele><time>2026-08-20T16:25:18Z</time><speed>0.000</speed><sat>31</sat></trkpt>
  <trkpt lat="-33.99456000" lon="-139.98455607"><ele>40.400</ele><time>2026-08-20T16:25:19Z</time><speed>0.000</speed><sat>31</sat></trkpt>
  <trkpt lat="-33.99456000" lon="-139.98455607"><ele>40.400</ele><time>2026-08-20T16:25:20Z</time><speed>0.000</speed><sat>31</sat></trkpt>
  <trkpt lat="-33.99456000" lon="-139.98455607"><ele>40.400</ele><time>2026-08-20T16:25:21Z</time><speed>0.000</speed><sat>31</sat></trkpt>
  <trkpt lat="-33.99456000" lon="-139.98455607"><ele>40.400</ele><time>2026-08-20T16:25:22Z</time><speed>0.000</speed><sat>32</sat></trkpt>
  <trkpt lat="-33.99456000" lon="-139.98455607"><ele>40.400</ele><time>2026-08-20T16:25:23Z</time><speed>0.000</speed><sat>31</sat></trkpt>
  <trkpt lat="-33.99452667" lon="-139.98452532"><ele>42.300</ele><time>2026-08-20T16:25:24Z</time><speed>0.333</speed><sat>31</sat></trkpt>
  <trkpt lat="-33.99451500" lon="-139.98452414"><ele>42.200</ele><time>2026-08-20T16:25:25Z</time><speed>0.389</speed><sat>31</sat></trkpt>
  <trkpt lat="-33.99450333" lon="-139.98452178"><ele>42.500</ele><time>2026-08-20T16:25:26Z</time><speed>0.434</speed><sat>31</sat></trkpt>
  <trkpt lat="-33.99448667" lon="-139.98451823"><ele>42.700</ele><time>2026-08-20T16:25:27Z</time><speed>0.493</speed><sat>30</sat></trkpt>
  <trkpt lat="-33.99447500" lon="-139.98450994"><ele>42.900</ele><time>2026-08-20T16:25:28Z</time><speed>0.548</speed><sat>32</sat></trkpt>
  <trkpt lat="-33.99446333" lon="-139.98450640"><ele>43.300</ele><time>2026-08-20T16:25:29Z</time><speed>0.609</speed><sat>32</sat></trkpt>
  <trkpt lat="-33.99445000" lon="-139.98451113"><ele>43.800</ele><time>2026-08-20T16:25:30Z</time><speed>0.678</speed><sat>32</sat></trkpt>
  <trkpt lat="-33.99443667" lon="-139.98451231"><ele>44.300</ele><time>2026-08-20T16:25:31Z</time><speed>0.710</speed><sat>31</sat></trkpt>
  <trkpt lat="-33.99442333" lon="-139.98451468"><ele>44.700</ele><time>2026-08-20T16:25:32Z</time><speed>0.709</speed><sat>32</sat></trkpt>
  <trkpt lat="-33.99441500" lon="-139.98451823"><ele>45.000</ele><time>2026-08-20T16:25:33Z</time><speed>0.670</speed><sat>32</sat></trkpt>
  <trkpt lat="-33.99441000" lon="-139.98451823"><ele>44.900</ele><time>2026-08-20T16:25:34Z</time><speed>0.594</speed><sat>32</sat></trkpt>
  <trkpt lat="-33.99440500" lon="-139.98451823"><ele>44.700</ele><time>2026-08-20T16:25:35Z</time><speed>0.564</speed><sat>32</sat></trkpt>
  <trkpt lat="-33.99440000" lon="-139.98451586"><ele>44.300</ele><time>2026-08-20T16:25:36Z</time><speed>0.543</speed><sat>32</sat></trkpt>
  <trkpt lat="-33.99439500" lon="-139.98451704"><ele>43.800</ele><time>2026-08-20T16:25:37Z</time><speed>0.513</speed><sat>31</sat></trkpt>
  <trkpt lat="-33.99438833" lon="-139.98452295"><ele>43.400</ele><time>2026-08-20T16:25:38Z</time><speed>0.482</speed><sat>31</sat></trkpt>
  <trkpt lat="-33.99438500" lon="-139.98452887"><ele>43.100</ele><time>2026-08-20T16:25:39Z</time><speed>0.437</speed><sat>31</sat></trkpt>
  <trkpt lat="-33.99438167" lon="-139.98453124"><ele>42.600</ele><time>2026-08-20T16:25:40Z</time><speed>0.000</speed><sat>32</sat></trkpt>
  <trkpt lat="-33.99437833" lon="-139.98453124"><ele>42.200</ele><time>2026-08-20T16:25:41Z</time><speed>0.000</speed><sat>32</sat></trkpt>
  <trkpt lat="-33.99438167" lon="-139.98452650"><ele>42.200</ele><time>2026-08-20T16:25:42Z</time><speed>0.000</speed><sat>32</sat></trkpt>
  <trkpt lat="-33.99438167" lon="-139.98452650"><ele>42.200</ele><time>2026-08-20T16:25:43Z</time><speed>0.000</speed><sat>32</sat></trkpt>
  <trkpt lat="-33.99438167" lon="-139.98452650"><ele>42.200</ele><time>2026-08-20T16:25:44Z</time><speed>0.000</speed><sat>30</sat></trkpt>
  <trkpt lat="-33.99442833" lon="-139.98450166"><ele>42.100</ele><time>2026-08-20T16:25:45Z</time><speed>0.462</speed><sat>31</sat></trkpt>
  <trkpt lat="-33.99444667" lon="-139.98449575"><ele>42.200</ele><time>2026-08-20T16:25:46Z</time><speed>0.541</speed><sat>31</sat></trkpt>
  <trkpt lat="-33.99447000" lon="-139.98449811"><ele>42.300</ele><time>2026-08-20T16:25:47Z</time><speed>0.627</speed><sat>31</sat></trkpt>
  <trkpt lat="-33.99448833" lon="-139.98450994"><ele>42.500</ele><time>2026-08-20T16:25:48Z</time><speed>0.718</speed><sat>31</sat></trkpt>
  <trkpt lat="-33.99450333" lon="-139.98453597"><ele>42.600</ele><time>2026-08-20T16:25:49Z</time><speed>0.836</speed><sat>31</sat></trkpt>
  <trkpt lat="-33.99451500" lon="-139.98457145"><ele>43.200</ele><time>2026-08-20T16:25:50Z</time><speed>1.016</speed><sat>31</sat></trkpt>
  <trkpt lat="-33.99451833" lon="-139.98461758"><ele>43.300</ele><time>2026-08-20T16:25:51Z</time><speed>1.232</speed><sat>31</sat></trkpt>
  <trkpt lat="-33.99451500" lon="-139.98466962"><ele>43.800</ele><time>2026-08-20T16:25:52Z</time><speed>1.520</speed><sat>31</sat></trkpt>
  <trkpt lat="-33.99451667" lon="-139.98471812"><ele>44.100</ele><time>2026-08-20T16:25:53Z</time><speed>1.794</speed><sat>31</sat></trkpt>
  <trkpt lat="-33.99452500" lon="-139.98475597"><ele>44.400</ele><time>2026-08-20T16:25:54Z</time><speed>1.960</speed><sat>31</sat></trkpt>
  <trkpt lat="-33.99454000" lon="-139.98478081"><ele>44.500</ele><time>2026-08-20T16:25:55Z</time><speed>2.061</speed><sat>31</sat></trkpt>
  <trkpt lat="-33.99455333" lon="-139.98480565"><ele>44.100</ele><time>2026-08-20T16:25:56Z</time><speed>2.120</speed><sat>31</sat></trkpt>
  <trkpt lat="-33.99456833" lon="-139.98480446"><ele>43.400</ele><time>2026-08-20T16:25:57Z</time><speed>2.069</speed><sat>31</sat></trkpt>
  <trkpt lat="-33.99457500" lon="-139.98480920"><ele>43.500</ele><time>2026-08-20T16:25:58Z</time><speed>1.978</speed><sat>31</sat></trkpt>
  <trkpt lat="-33.99457667" lon="-139.98481275"><ele>44.000</ele><time>2026-08-20T16:25:59Z</time><speed>0.000</speed><sat>30</sat></trkpt>
  <trkpt lat="-33.99458000" lon="-139.98482339"><ele>44.200</ele><time>2026-08-20T16:26:00Z</time><speed>1.739</speed><sat>28</sat></trkpt>
  <trkpt lat="-33.99457500" lon="-139.98482457"><ele>44.200</ele><time>2026-08-20T16:26:01Z</time><speed>1.564</speed><sat>28</sat></trkpt>
  <trkpt lat="-33.99457167" lon="-139.98481866"><ele>43.300</ele><time>2026-08-20T16:26:02Z</time><speed>1.334</speed><sat>31</sat></trkpt>
  <trkpt lat="-33.99456667" lon="-139.98480801"><ele>42.700</ele><time>2026-08-20T16:26:03Z</time><speed>1.119</speed><sat>31</sat></trkpt>
  <trkpt lat="-33.99456167" lon="-139.98479855"><ele>42.200</ele><time>2026-08-20T16:26:04Z</time><speed>0.925</speed><sat>31</sat></trkpt>
  <trkpt lat="-33.99456333" lon="-139.98478199"><ele>42.000</ele><time>2026-08-20T16:26:05Z</time><speed>0.794</speed><sat>30</sat></trkpt>
  <trkpt lat="-33.99456333" lon="-139.98476307"><ele>41.500</ele><time>2026-08-20T16:26:06Z</time><speed>0.706</speed><sat>29</sat></trkpt>
  <trkpt lat="-33.99456333" lon="-139.98474059"><ele>41.400</ele><time>2026-08-20T16:26:07Z</time><speed>0.712</speed><sat>30</sat></trkpt>
  <trkpt lat="-33.99456333" lon="-139.98472521"><ele>40.900</ele><time>2026-08-20T16:26:08Z</time><speed>0.744</speed><sat>29</sat></trkpt>
  <trkpt lat="-33.99456000" lon="-139.98470984"><ele>40.300</ele><time>2026-08-20T16:26:09Z</time><speed>0.742</speed><sat>29</sat></trkpt>
  <trkpt lat="-33.99456000" lon="-139.98470037"><ele>39.900</ele><time>2026-08-20T16:26:10Z</time><speed>0.722</speed><sat>26</sat></trkpt>
  <trkpt lat="-33.99455667" lon="-139.98469446"><ele>39.400</ele><time>2026-08-20T16:26:11Z</time><speed>0.720</speed><sat>27</sat></trkpt>
  <trkpt lat="-33.99455167" lon="-139.98468382"><ele>39.100</ele><time>2026-08-20T16:26:12Z</time><speed>0.720</speed><sat>29</sat></trkpt>
  <trkpt lat="-33.99455333" lon="-139.98467199"><ele>38.900</ele><time>2026-08-20T16:26:13Z</time><speed>0.710</speed><sat>29</sat></trkpt>
  <trkpt lat="-33.99455833" lon="-139.98465307"><ele>38.800</ele><time>2026-08-20T16:26:14Z</time><speed>0.733</speed><sat>29</sat></trkpt>
  <trkpt lat="-33.99456333" lon="-139.98463059"><ele>38.700</ele><time>2026-08-20T16:26:15Z</time><speed>0.763</speed><sat>29</sat></trkpt>
  <trkpt lat="-33.99456833" lon="-139.98461166"><ele>38.600</ele><time>2026-08-20T16:26:16Z</time><speed>0.792</speed><sat>29</sat></trkpt>
  <trkpt lat="-33.99457333" lon="-139.98458091"><ele>38.900</ele><time>2026-08-20T16:26:17Z</time><speed>0.852</speed><sat>29</sat></trkpt>
  <trkpt lat="-33.99457333" lon="-139.98455371"><ele>38.600</ele><time>2026-08-20T16:26:18Z</time><speed>0.910</speed><sat>29</sat></trkpt>
  <trkpt lat="-33.99457333" lon="-139.98452887"><ele>38.600</ele><time>2026-08-20T16:26:19Z</time><speed>0.984</speed><sat>31</sat></trkpt>
  <trkpt lat="-33.99457167" lon="-139.98450758"><ele>38.100</ele><time>2026-08-20T16:26:20Z</time><speed>1.069</speed><sat>31</sat></trkpt>
  <trkpt lat="-33.99457167" lon="-139.98448511"><ele>38.200</ele><time>2026-08-20T16:26:21Z</time><speed>1.145</speed><sat>31</sat></trkpt>
  <trkpt lat="-33.99457333" lon="-139.98446027"><ele>38.500</ele><time>2026-08-20T16:26:22Z</time><speed>1.188</speed><sat>31</sat></trkpt>
  <trkpt lat="-33.99457667" lon="-139.98444252"><ele>38.500</ele><time>2026-08-20T16:26:23Z</time><speed>1.208</speed><sat>28</sat></trkpt>
  <trkpt lat="-33.99458167" lon="-139.98442597"><ele>38.400</ele><time>2026-08-20T16:26:24Z</time><speed>1.173</speed><sat>29</sat></trkpt>
  <trkpt lat="-33.99458333" lon="-139.98441650"><ele>38.500</ele><time>2026-08-20T16:26:25Z</time><speed>1.141</speed><sat>30</sat></trkpt>
  <trkpt lat="-33.99458333" lon="-139.98441650"><ele>38.500</ele><time>2026-08-20T16:26:26Z</time><speed>1.126</speed><sat>31</sat></trkpt>
  <trkpt lat="-33.99457500" lon="-139.98440823"><ele>38.300</ele><time>2026-08-20T16:26:27Z</time><speed>1.048</speed><sat>31</sat></trkpt>
  <trkpt lat="-33.99456333" lon="-139.98439994"><ele>37.600</ele><time>2026-08-20T16:26:28Z</time><speed>1.021</speed><sat>30</sat></trkpt>
  <trkpt lat="-33.99455500" lon="-139.98438339"><ele>37.400</ele><time>2026-08-20T16:26:29Z</time><speed>1.018</speed><sat>31</sat></trkpt>
  <trkpt lat="-33.99455333" lon="-139.98436327"><ele>37.600</ele><time>2026-08-20T16:26:30Z</time><speed>1.006</speed><sat>32</sat></trkpt>
  <trkpt lat="-33.99454833" lon="-139.98433962"><ele>38.100</ele><time>2026-08-20T16:26:31Z</time><speed>0.994</speed><sat>31</sat></trkpt>
  <trkpt lat="-33.99454667" lon="-139.98431478"><ele>38.300</ele><time>2026-08-20T16:26:32Z</time><speed>1.013</speed><sat>31</sat></trkpt>
  <trkpt lat="-33.99454167" lon="-139.98428639"><ele>38.800</ele><time>2026-08-20T16:26:33Z</time><speed>1.076</speed><sat>32</sat></trkpt>
  <trkpt lat="-33.99454667" lon="-139.98426392"><ele>39.200</ele><time>2026-08-20T16:26:34Z</time><speed>1.103</speed><sat>32</sat></trkpt>
  <trkpt lat="-33.99455000" lon="-139.98425446"><ele>39.600</ele><time>2026-08-20T16:26:35Z</time><speed>1.051</speed><sat>32</sat></trkpt>
  <trkpt lat="-33.99455333" lon="-139.98425919"><ele>40.200</ele><time>2026-08-20T16:26:36Z</time><speed>0.965</speed><sat>32</sat></trkpt>
  <trkpt lat="-33.99455333" lon="-139.98427102"><ele>40.700</ele><time>2026-08-20T16:26:37Z</time><speed>0.980</speed><sat>32</sat></trkpt>
  <trkpt lat="-33.99455167" lon="-139.98429468"><ele>41.100</ele><time>2026-08-20T16:26:38Z</time><speed>1.011</speed><sat>32</sat></trkpt>
  <trkpt lat="-33.99454833" lon="-139.98432424"><ele>41.600</ele><time>2026-08-20T16:26:39Z</time><speed>1.065</speed><sat>32</sat></trkpt>
  <trkpt lat="-33.99454833" lon="-139.98435736"><ele>41.600</ele><time>2026-08-20T16:26:40Z</time><speed>1.143</speed><sat>32</sat></trkpt>
  <trkpt lat="-33.99454833" lon="-139.98438339"><ele>41.800</ele><time>2026-08-20T16:26:41Z</time><speed>1.210</speed><sat>33</sat></trkpt>
  <trkpt lat="-33.99454333" lon="-139.98441532"><ele>41.600</ele><time>2026-08-20T16:26:42Z</time><speed>1.267</speed><sat>33</sat></trkpt>
  <trkpt lat="-33.99453000" lon="-139.98444371"><ele>41.200</ele><time>2026-08-20T16:26:43Z</time><speed>1.325</speed><sat>32</sat></trkpt>
  <trkpt lat="-33.99450500" lon="-139.98446618"><ele>40.900</ele><time>2026-08-20T16:26:44Z</time><speed>1.459</speed><sat>32</sat></trkpt>
  <trkpt lat="-33.99447667" lon="-139.98448037"><ele>40.900</ele><time>2026-08-20T16:26:45Z</time><speed>1.648</speed><sat>33</sat></trkpt>
  <trkpt lat="-33.99444167" lon="-139.98447919"><ele>41.000</ele><time>2026-08-20T16:26:46Z</time><speed>1.851</speed><sat>33</sat></trkpt>
  <trkpt lat="-33.99442000" lon="-139.98447328"><ele>41.200</ele><time>2026-08-20T16:26:47Z</time><speed>1.947</speed><sat>33</sat></trkpt>
  <trkpt lat="-33.99440333" lon="-139.98446618"><ele>41.400</ele><time>2026-08-20T16:26:48Z</time><speed>1.932</speed><sat>31</sat></trkpt>
  <trkpt lat="-33.99438833" lon="-139.98446145"><ele>41.500</ele><time>2026-08-20T16:26:49Z</time><speed>1.844</speed><sat>31</sat></trkpt>
  <trkpt lat="-33.99438000" lon="-139.98445908"><ele>41.500</ele><time>2026-08-20T16:26:50Z</time><speed>1.695</speed><sat>31</sat></trkpt>
  <trkpt lat="-33.99437333" lon="-139.98445672"><ele>41.600</ele><time>2026-08-20T16:26:51Z</time><speed>1.546</speed><sat>32</sat></trkpt>
  <trkpt lat="-33.99436667" lon="-139.98445317"><ele>41.800</ele><time>2026-08-20T16:26:52Z</time><speed>1.377</speed><sat>32</sat></trkpt>
  <trkpt lat="-33.99436667" lon="-139.98445317"><ele>42.300</ele><time>2026-08-20T16:26:53Z</time><speed>1.173</speed><sat>31</sat></trkpt>
  <trkpt lat="-33.99437167" lon="-139.98445436"><ele>42.800</ele><time>2026-08-20T16:26:54Z</time><speed>0.970</speed><sat>30</sat></trkpt>
  <trkpt lat="-33.99438667" lon="-139.98445908"><ele>43.200</ele><time>2026-08-20T16:26:55Z</time><speed>0.832</speed><sat>30</sat></trkpt>
  <trkpt lat="-33.99441000" lon="-139.98446736"><ele>43.200</ele><time>2026-08-20T16:26:56Z</time><speed>0.726</speed><sat>30</sat></trkpt>
  <trkpt lat="-33.99443167" lon="-139.98446027"><ele>43.000</ele><time>2026-08-20T16:26:57Z</time><speed>0.671</speed><sat>31</sat></trkpt>
  <trkpt lat="-33.99444667" lon="-139.98445081"><ele>42.800</ele><time>2026-08-20T16:26:58Z</time><speed>0.624</speed><sat>30</sat></trkpt>
  <trkpt lat="-33.99445500" lon="-139.98444134"><ele>42.600</ele><time>2026-08-20T16:26:59Z</time><speed>0.565</speed><sat>30</sat></trkpt>
  <trkpt lat="-33.99446000" lon="-139.98443543"><ele>42.600</ele><time>2026-08-20T16:27:00Z</time><speed>0.551</speed><sat>31</sat></trkpt>
  <trkpt lat="-33.99446333" lon="-139.98442952"><ele>42.600</ele><time>2026-08-20T16:27:01Z</time><speed>0.534</speed><sat>31</sat></trkpt>
  <trkpt lat="-33.99447333" lon="-139.98442478"><ele>42.300</ele><time>2026-08-20T16:27:02Z</time><speed>0.581</speed><sat>31</sat></trkpt>
  <trkpt lat="-33.99448500" lon="-139.98441887"><ele>42.200</ele><time>2026-08-20T16:27:03Z</time><speed>0.645</speed><sat>30</sat></trkpt>
  <trkpt lat="-33.99449500" lon="-139.98440586"><ele>42.100</ele><time>2026-08-20T16:27:04Z</time><speed>0.708</speed><sat>30</sat></trkpt>
  <trkpt lat="-33.99450000" lon="-139.98439640"><ele>41.900</ele><time>2026-08-20T16:27:05Z</time><speed>0.670</speed><sat>30</sat></trkpt>
  <trkpt lat="-33.99449833" lon="-139.98438811"><ele>41.900</ele><time>2026-08-20T16:27:06Z</time><speed>0.602</speed><sat>31</sat></trkpt>
  <trkpt lat="-33.99449667" lon="-139.98438102"><ele>41.800</ele><time>2026-08-20T16:27:07Z</time><speed>0.549</speed><sat>31</sat></trkpt>
  <trkpt lat="-33.99449833" lon="-139.98437510"><ele>41.800</ele><time>2026-08-20T16:27:08Z</time><speed>0.492</speed><sat>31</sat></trkpt>
  <trkpt lat="-33.99450000" lon="-139.98436801"><ele>42.200</ele><time>2026-08-20T16:27:09Z</time><speed>0.503</speed><sat>31</sat></trkpt>
  <trkpt lat="-33.99449500" lon="-139.98435973"><ele>42.300</ele><time>2026-08-20T16:27:10Z</time><speed>0.574</speed><sat>31</sat></trkpt>
  <trkpt lat="-33.99448333" lon="-139.98434790"><ele>42.400</ele><time>2026-08-20T16:27:11Z</time><speed>0.691</speed><sat>31</sat></trkpt>
  <trkpt lat="-33.99446833" lon="-139.98433016"><ele>42.200</ele><time>2026-08-20T16:27:12Z</time><speed>0.795</speed><sat>31</sat></trkpt>
  <trkpt lat="-33.99445333" lon="-139.98431005"><ele>42.700</ele><time>2026-08-20T16:27:13Z</time><speed>0.895</speed><sat>31</sat></trkpt>
  <trkpt lat="-33.99444333" lon="-139.98429231"><ele>42.400</ele><time>2026-08-20T16:27:14Z</time><speed>0.964</speed><sat>32</sat></trkpt>
  <trkpt lat="-33.99444000" lon="-139.98428285"><ele>42.400</ele><time>2026-08-20T16:27:15Z</time><speed>1.005</speed><sat>32</sat></trkpt>
  <trkpt lat="-33.99443833" lon="-139.98428048"><ele>42.200</ele><time>2026-08-20T16:27:16Z</time><speed>1.004</speed><sat>32</sat></trkpt>
  <trkpt lat="-33.99444500" lon="-139.98427811"><ele>41.800</ele><time>2026-08-20T16:27:17Z</time><speed>0.964</speed><sat>32</sat></trkpt>
  <trkpt lat="-33.99445500" lon="-139.98427693"><ele>41.900</ele><time>2026-08-20T16:27:18Z</time><speed>0.997</speed><sat>32</sat></trkpt>
  <trkpt lat="-33.99447000" lon="-139.98427102"><ele>41.900</ele><time>2026-08-20T16:27:19Z</time><speed>1.041</speed><sat>32</sat></trkpt>
  <trkpt lat="-33.99448667" lon="-139.98426037"><ele>42.000</ele><time>2026-08-20T16:27:20Z</time><speed>1.046</speed><sat>32</sat></trkpt>
  <trkpt lat="-33.99449667" lon="-139.98424855"><ele>42.100</ele><time>2026-08-20T16:27:21Z</time><speed>1.002</speed><sat>32</sat></trkpt>
  <trkpt lat="-33.99451333" lon="-139.98423790"><ele>41.900</ele><time>2026-08-20T16:27:22Z</time><speed>0.906</speed><sat>30</sat></trkpt>
  <trkpt lat="-33.99452667" lon="-139.98422489"><ele>42.300</ele><time>2026-08-20T16:27:23Z</time><speed>0.791</speed><sat>30</sat></trkpt>
  <trkpt lat="-33.99453000" lon="-139.98422726"><ele>42.300</ele><time>2026-08-20T16:27:24Z</time><speed>0.696</speed><sat>30</sat></trkpt>
  <trkpt lat="-33.99453333" lon="-139.98423317"><ele>42.200</ele><time>2026-08-20T16:27:25Z</time><speed>0.673</speed><sat>30</sat></trkpt>
  <trkpt lat="-33.99452833" lon="-139.98423553"><ele>42.300</ele><time>2026-08-20T16:27:26Z</time><speed>0.648</speed><sat>30</sat></trkpt>
  <trkpt lat="-33.99452500" lon="-139.98424026"><ele>42.800</ele><time>2026-08-20T16:27:27Z</time><speed>0.634</speed><sat>30</sat></trkpt>
  <trkpt lat="-33.99452833" lon="-139.98424381"><ele>43.200</ele><time>2026-08-20T16:27:28Z</time><speed>0.607</speed><sat>30</sat></trkpt>
  <trkpt lat="-33.99452833" lon="-139.98424855"><ele>43.500</ele><time>2026-08-20T16:27:29Z</time><speed>0.535</speed><sat>30</sat></trkpt>
  <trkpt lat="-33.99452667" lon="-139.98425564"><ele>44.000</ele><time>2026-08-20T16:27:30Z</time><speed>0.456</speed><sat>31</sat></trkpt>
  <trkpt lat="-33.99452333" lon="-139.98426865"><ele>44.500</ele><time>2026-08-20T16:27:31Z</time><speed>0.000</speed><sat>30</sat></trkpt>
  <trkpt lat="-33.99451833" lon="-139.98428403"><ele>44.800</ele><time>2026-08-20T16:27:32Z</time><speed>0.392</speed><sat>30</sat></trkpt>
  <trkpt lat="-33.99451167" lon="-139.98430295"><ele>45.300</ele><time>2026-08-20T16:27:33Z</time><speed>0.431</speed><sat>30</sat></trkpt>
  <trkpt lat="-33.99450333" lon="-139.98431951"><ele>45.700</ele><time>2026-08-20T16:27:34Z</time><speed>0.433</speed><sat>32</sat></trkpt>
  <trkpt lat="-33.99450000" lon="-139.98432069"><ele>46.100</ele><time>2026-08-20T16:27:35Z</time><speed>0.000</speed><sat>32</sat></trkpt>
  <trkpt lat="-33.99450167" lon="-139.98431123"><ele>46.000</ele><time>2026-08-20T16:27:36Z</time><speed>0.000</speed><sat>32</sat></trkpt>
  <trkpt lat="-33.99450500" lon="-139.98429231"><ele>45.900</ele><time>2026-08-20T16:27:37Z</time><speed>0.502</speed><sat>32</sat></trkpt>
  <trkpt lat="-33.99450167" lon="-139.98426865"><ele>45.800</ele><time>2026-08-20T16:27:38Z</time><speed>0.629</speed><sat>32</sat></trkpt>
  <trkpt lat="-33.99449833" lon="-139.98424026"><ele>45.800</ele><time>2026-08-20T16:27:39Z</time><speed>0.803</speed><sat>32</sat></trkpt>
  <trkpt lat="-33.99449833" lon="-139.98420359"><ele>45.700</ele><time>2026-08-20T16:27:40Z</time><speed>0.988</speed><sat>32</sat></trkpt>
  <trkpt lat="-33.99450333" lon="-139.98416811"><ele>45.300</ele><time>2026-08-20T16:27:41Z</time><speed>1.115</speed><sat>32</sat></trkpt>
  <trkpt lat="-33.99450833" lon="-139.98414327"><ele>45.000</ele><time>2026-08-20T16:27:42Z</time><speed>1.193</speed><sat>32</sat></trkpt>
  <trkpt lat="-33.99451000" lon="-139.98413026"><ele>44.600</ele><time>2026-08-20T16:27:43Z</time><speed>1.192</speed><sat>32</sat></trkpt>
  <trkpt lat="-33.99451500" lon="-139.98412435"><ele>44.300</ele><time>2026-08-20T16:27:44Z</time><speed>1.215</speed><sat>32</sat></trkpt>
  <trkpt lat="-33.99451667" lon="-139.98411607"><ele>44.000</ele><time>2026-08-20T16:27:45Z</time><speed>1.285</speed><sat>32</sat></trkpt>
  <trkpt lat="-33.99451667" lon="-139.98410424"><ele>44.000</ele><time>2026-08-20T16:27:46Z</time><speed>1.325</speed><sat>32</sat></trkpt>
  <trkpt lat="-33.99451500" lon="-139.98408532"><ele>43.700</ele><time>2026-08-20T16:27:47Z</time><speed>1.334</speed><sat>31</sat></trkpt>
  <trkpt lat="-33.99451333" lon="-139.98405693"><ele>43.400</ele><time>2026-08-20T16:27:48Z</time><speed>1.324</speed><sat>32</sat></trkpt>
  <trkpt lat="-33.99451500" lon="-139.98401908"><ele>43.000</ele><time>2026-08-20T16:27:49Z</time><speed>1.312</speed><sat>32</sat></trkpt>
  <trkpt lat="-33.99450667" lon="-139.98399187"><ele>42.700</ele><time>2026-08-20T16:27:50Z</time><speed>1.232</speed><sat>32</sat></trkpt>
  <trkpt lat="-33.99449667" lon="-139.98397768"><ele>42.600</ele><time>2026-08-20T16:27:51Z</time><speed>1.161</speed><sat>32</sat></trkpt>
  <trkpt lat="-33.99448667" lon="-139.98396585"><ele>42.500</ele><time>2026-08-20T16:27:52Z</time><speed>1.101</speed><sat>32</sat></trkpt>
  <trkpt lat="-33.99447667" lon="-139.98395994"><ele>42.200</ele><time>2026-08-20T16:27:53Z</time><speed>1.108</speed><sat>32</sat></trkpt>
  <trkpt lat="-33.99446000" lon="-139.98395048"><ele>42.000</ele><time>2026-08-20T16:27:54Z</time><speed>1.151</speed><sat>32</sat></trkpt>
  <trkpt lat="-33.99445167" lon="-139.98393274"><ele>42.100</ele><time>2026-08-20T16:27:55Z</time><speed>1.211</speed><sat>32</sat></trkpt>
  <trkpt lat="-33.99444500" lon="-139.98391617"><ele>42.100</ele><time>2026-08-20T16:27:56Z</time><speed>1.229</speed><sat>31</sat></trkpt>
  <trkpt lat="-33.99444000" lon="-139.98389725"><ele>42.000</ele><time>2026-08-20T16:27:57Z</time><speed>1.192</speed><sat>30</sat></trkpt>
  <trkpt lat="-33.99443833" lon="-139.98388542"><ele>42.000</ele><time>2026-08-20T16:27:58Z</time><speed>1.125</speed><sat>30</sat></trkpt>
  <trkpt lat="-33.99443667" lon="-139.98387123"><ele>41.900</ele><time>2026-08-20T16:27:59Z</time><speed>0.984</speed><sat>29</sat></trkpt>
  <trkpt lat="-33.99444167" lon="-139.98385822"><ele>42.000</ele><time>2026-08-20T16:28:00Z</time><speed>0.919</speed><sat>30</sat></trkpt>
  <trkpt lat="-33.99444667" lon="-139.98385349"><ele>42.200</ele><time>2026-08-20T16:28:01Z</time><speed>0.868</speed><sat>31</sat></trkpt>
  <trkpt lat="-33.99445167" lon="-139.98385112"><ele>42.200</ele><time>2026-08-20T16:28:02Z</time><speed>0.816</speed><sat>31</sat></trkpt>
  <trkpt lat="-33.99446167" lon="-139.98384520"><ele>42.300</ele><time>2026-08-20T16:28:03Z</time><speed>0.756</speed><sat>31</sat></trkpt>
  <trkpt lat="-33.99447167" lon="-139.98384520"><ele>42.200</ele><time>2026-08-20T16:28:04Z</time><speed>0.690</speed><sat>30</sat></trkpt>
  <trkpt lat="-33.99448333" lon="-139.98384520"><ele>42.200</ele><time>2026-08-20T16:28:05Z</time><speed>0.622</speed><sat>30</sat></trkpt>
  <trkpt lat="-33.99449167" lon="-139.98383693"><ele>42.700</ele><time>2026-08-20T16:28:06Z</time><speed>0.575</speed><sat>31</sat></trkpt>
  <trkpt lat="-33.99449833" lon="-139.98383220"><ele>43.100</ele><time>2026-08-20T16:28:07Z</time><speed>0.552</speed><sat>31</sat></trkpt>
  <trkpt lat="-33.99450833" lon="-139.98382274"><ele>43.400</ele><time>2026-08-20T16:28:08Z</time><speed>0.538</speed><sat>31</sat></trkpt>
  <trkpt lat="-33.99451833" lon="-139.98381564"><ele>43.600</ele><time>2026-08-20T16:28:09Z</time><speed>0.562</speed><sat>31</sat></trkpt>
  <trkpt lat="-33.99452667" lon="-139.98380499"><ele>43.700</ele><time>2026-08-20T16:28:10Z</time><speed>0.553</speed><sat>31</sat></trkpt>
  <trkpt lat="-33.99453167" lon="-139.98379671"><ele>43.700</ele><time>2026-08-20T16:28:11Z</time><speed>0.555</speed><sat>31</sat></trkpt>
  <trkpt lat="-33.99454000" lon="-139.98378607"><ele>44.000</ele><time>2026-08-20T16:28:12Z</time><speed>0.571</speed><sat>31</sat></trkpt>
  <trkpt lat="-33.99454500" lon="-139.98377542"><ele>44.000</ele><time>2026-08-20T16:28:13Z</time><speed>0.588</speed><sat>31</sat></trkpt>
  <trkpt lat="-33.99454833" lon="-139.98376832"><ele>44.000</ele><time>2026-08-20T16:28:14Z</time><speed>0.589</speed><sat>30</sat></trkpt>
  <trkpt lat="-33.99455167" lon="-139.98375649"><ele>43.900</ele><time>2026-08-20T16:28:15Z</time><speed>0.586</speed><sat>31</sat></trkpt>
  <trkpt lat="-33.99455833" lon="-139.98374467"><ele>43.900</ele><time>2026-08-20T16:28:16Z</time><speed>0.601</speed><sat>32</sat></trkpt>
  <trkpt lat="-33.99456000" lon="-139.98372929"><ele>43.900</ele><time>2026-08-20T16:28:17Z</time><speed>0.612</speed><sat>32</sat></trkpt>
  <trkpt lat="-33.99456167" lon="-139.98371036"><ele>44.000</ele><time>2026-08-20T16:28:18Z</time><speed>0.624</speed><sat>32</sat></trkpt>
  <trkpt lat="-33.99456000" lon="-139.98369026"><ele>44.000</ele><time>2026-08-20T16:28:19Z</time><speed>0.629</speed><sat>32</sat></trkpt>
  <trkpt lat="-33.99455833" lon="-139.98367961"><ele>44.100</ele><time>2026-08-20T16:28:20Z</time><speed>0.636</speed><sat>30</sat></trkpt>
  <trkpt lat="-33.99455500" lon="-139.98366778"><ele>43.800</ele><time>2026-08-20T16:28:21Z</time><speed>0.649</speed><sat>31</sat></trkpt>
  <trkpt lat="-33.99454667" lon="-139.98365596"><ele>43.600</ele><time>2026-08-20T16:28:22Z</time><speed>0.656</speed><sat>30</sat></trkpt>
  <trkpt lat="-33.99454167" lon="-139.98363940"><ele>43.300</ele><time>2026-08-20T16:28:23Z</time><speed>0.668</speed><sat>30</sat></trkpt>
  <trkpt lat="-33.99453833" lon="-139.98362639"><ele>43.000</ele><time>2026-08-20T16:28:24Z</time><speed>0.672</speed><sat>31</sat></trkpt>
  <trkpt lat="-33.99453333" lon="-139.98361574"><ele>42.700</ele><time>2026-08-20T16:28:25Z</time><speed>0.666</speed><sat>31</sat></trkpt>
  <trkpt lat="-33.99453500" lon="-139.98359918"><ele>42.700</ele><time>2026-08-20T16:28:26Z</time><speed>0.652</speed><sat>30</sat></trkpt>
  <trkpt lat="-33.99453500" lon="-139.98358972"><ele>42.800</ele><time>2026-08-20T16:28:27Z</time><speed>0.625</speed><sat>30</sat></trkpt>
  <trkpt lat="-33.99453333" lon="-139.98358144"><ele>42.800</ele><time>2026-08-20T16:28:28Z</time><speed>0.595</speed><sat>31</sat></trkpt>
  <trkpt lat="-33.99453500" lon="-139.98357552"><ele>42.600</ele><time>2026-08-20T16:28:29Z</time><speed>0.552</speed><sat>30</sat></trkpt>
  <trkpt lat="-33.99453000" lon="-139.98356843"><ele>42.600</ele><time>2026-08-20T16:28:30Z</time><speed>0.506</speed><sat>30</sat></trkpt>
  <trkpt lat="-33.99453000" lon="-139.98356252"><ele>42.500</ele><time>2026-08-20T16:28:31Z</time><speed>0.476</speed><sat>30</sat></trkpt>
  <trkpt lat="-33.99453333" lon="-139.98355660"><ele>42.400</ele><time>2026-08-20T16:28:32Z</time><speed>0.451</speed><sat>29</sat></trkpt>
  <trkpt lat="-33.99453333" lon="-139.98354714"><ele>42.200</ele><time>2026-08-20T16:28:33Z</time><speed>0.425</speed><sat>30</sat></trkpt>
  <trkpt lat="-33.99453333" lon="-139.98353531"><ele>42.100</ele><time>2026-08-20T16:28:34Z</time><speed>0.415</speed><sat>30</sat></trkpt>
  <trkpt lat="-33.99453667" lon="-139.98352230"><ele>41.600</ele><time>2026-08-20T16:28:35Z</time><speed>0.420</speed><sat>29</sat></trkpt>
  <trkpt lat="-33.99452833" lon="-139.98350574"><ele>41.300</ele><time>2026-08-20T16:28:36Z</time><speed>0.423</speed><sat>30</sat></trkpt>
  <trkpt lat="-33.99453000" lon="-139.98349391"><ele>40.900</ele><time>2026-08-20T16:28:37Z</time><speed>0.427</speed><sat>30</sat></trkpt>
  <trkpt lat="-33.99452833" lon="-139.98348090"><ele>40.500</ele><time>2026-08-20T16:28:38Z</time><speed>0.442</speed><sat>29</sat></trkpt>
  <trkpt lat="-33.99452167" lon="-139.98346080"><ele>39.800</ele><time>2026-08-20T16:28:39Z</time><speed>0.513</speed><sat>30</sat></trkpt>
  <trkpt lat="-33.99452000" lon="-139.98343951"><ele>39.400</ele><time>2026-08-20T16:28:40Z</time><speed>0.606</speed><sat>29</sat></trkpt>
  <trkpt lat="-33.99451667" lon="-139.98341584"><ele>38.800</ele><time>2026-08-20T16:28:41Z</time><speed>0.638</speed><sat>30</sat></trkpt>
  <trkpt lat="-33.99451333" lon="-139.98340402"><ele>38.400</ele><time>2026-08-20T16:28:42Z</time><speed>0.647</speed><sat>28</sat></trkpt>
  <trkpt lat="-33.99451167" lon="-139.98339929"><ele>38.300</ele><time>2026-08-20T16:28:43Z</time><speed>0.639</speed><sat>26</sat></trkpt>
  <trkpt lat="-33.99450833" lon="-139.98339692"><ele>38.200</ele><time>2026-08-20T16:28:44Z</time><speed>0.000</speed><sat>28</sat></trkpt>
  <trkpt lat="-33.99450667" lon="-139.98339455"><ele>38.100</ele><time>2026-08-20T16:28:45Z</time><speed>0.595</speed><sat>28</sat></trkpt>
  <trkpt lat="-33.99450667" lon="-139.98338391"><ele>37.600</ele><time>2026-08-20T16:28:46Z</time><speed>0.601</speed><sat>26</sat></trkpt>
  <trkpt lat="-33.99450333" lon="-139.98337918"><ele>37.300</ele><time>2026-08-20T16:28:47Z</time><speed>0.617</speed><sat>27</sat></trkpt>
  <trkpt lat="-33.99449167" lon="-139.98336972"><ele>36.700</ele><time>2026-08-20T16:28:48Z</time><speed>0.583</speed><sat>28</sat></trkpt>
  <trkpt lat="-33.99448833" lon="-139.98336144"><ele>36.100</ele><time>2026-08-20T16:28:49Z</time><speed>0.505</speed><sat>28</sat></trkpt>
  <trkpt lat="-33.99449667" lon="-139.98336380"><ele>36.200</ele><time>2026-08-20T16:28:50Z</time><speed>0.427</speed><sat>29</sat></trkpt>
  <trkpt lat="-33.99450667" lon="-139.98336617"><ele>35.700</ele><time>2026-08-20T16:28:51Z</time><speed>0.405</speed><sat>29</sat></trkpt>
  <trkpt lat="-33.99451167" lon="-139.98336735"><ele>35.600</ele><time>2026-08-20T16:28:52Z</time><speed>0.000</speed><sat>30</sat></trkpt>
  <trkpt lat="-33.99451333" lon="-139.98337090"><ele>35.800</ele><time>2026-08-20T16:28:53Z</time><speed>0.000</speed><sat>30</sat></trkpt>
  <trkpt lat="-33.99451000" lon="-139.98336972"><ele>36.000</ele><time>2026-08-20T16:28:54Z</time><speed>0.000</speed><sat>29</sat></trkpt>
  <trkpt lat="-33.99451000" lon="-139.98336972"><ele>36.000</ele><time>2026-08-20T16:28:55Z</time><speed>0.000</speed><sat>30</sat></trkpt>
  <trkpt lat="-33.99451000" lon="-139.98336972"><ele>36.000</ele><time>2026-08-20T16:28:56Z</time><speed>0.000</speed><sat>29</sat></trkpt>
  <trkpt lat="-33.99452833" lon="-139.98338036"><ele>36.500</ele><time>2026-08-20T16:28:57Z</time><speed>0.374</speed><sat>31</sat></trkpt>
  <trkpt lat="-33.99452833" lon="-139.98340757"><ele>36.800</ele><time>2026-08-20T16:28:58Z</time><speed>0.470</speed><sat>30</sat></trkpt>
  <trkpt lat="-33.99453000" lon="-139.98342531"><ele>36.900</ele><time>2026-08-20T16:28:59Z</time><speed>0.553</speed><sat>30</sat></trkpt>
  <trkpt lat="-33.99452833" lon="-139.98344778"><ele>36.900</ele><time>2026-08-20T16:29:00Z</time><speed>0.645</speed><sat>30</sat></trkpt>
  <trkpt lat="-33.99452833" lon="-139.98346907"><ele>37.100</ele><time>2026-08-20T16:29:01Z</time><speed>0.733</speed><sat>29</sat></trkpt>
  <trkpt lat="-33.99453000" lon="-139.98349273"><ele>37.100</ele><time>2026-08-20T16:29:02Z</time><speed>0.845</speed><sat>29</sat></trkpt>
  <trkpt lat="-33.99452833" lon="-139.98351047"><ele>37.100</ele><time>2026-08-20T16:29:03Z</time><speed>0.911</speed><sat>30</sat></trkpt>
  <trkpt lat="-33.99452833" lon="-139.98352112"><ele>37.400</ele><time>2026-08-20T16:29:04Z</time><speed>0.932</speed><sat>30</sat></trkpt>
  <trkpt lat="-33.99453000" lon="-139.98352822"><ele>37.700</ele><time>2026-08-20T16:29:05Z</time><speed>0.980</speed><sat>30</sat></trkpt>
  <trkpt lat="-33.99452833" lon="-139.98354122"><ele>37.900</ele><time>2026-08-20T16:29:06Z</time><speed>1.026</speed><sat>30</sat></trkpt>
  <trkpt lat="-33.99452833" lon="-139.98355660"><ele>38.500</ele><time>2026-08-20T16:29:07Z</time><speed>1.044</speed><sat>30</sat></trkpt>
  <trkpt lat="-33.99452667" lon="-139.98357552"><ele>38.900</ele><time>2026-08-20T16:29:08Z</time><speed>1.057</speed><sat>30</sat></trkpt>
  <trkpt lat="-33.99452667" lon="-139.98359564"><ele>38.900</ele><time>2026-08-20T16:29:09Z</time><speed>1.071</speed><sat>30</sat></trkpt>
  <trkpt lat="-33.99452667" lon="-139.98361101"><ele>39.100</ele><time>2026-08-20T16:29:10Z</time><speed>1.011</speed><sat>28</sat></trkpt>
  <trkpt lat="-33.99452500" lon="-139.98361929"><ele>39.100</ele><time>2026-08-20T16:29:11Z</time><speed>0.000</speed><sat>27</sat></trkpt>
  <trkpt lat="-33.99452833" lon="-139.98362165"><ele>38.800</ele><time>2026-08-20T16:29:12Z</time><speed>0.779</speed><sat>28</sat></trkpt>
  <trkpt lat="-33.99453333" lon="-139.98362994"><ele>38.300</ele><time>2026-08-20T16:29:13Z</time><speed>0.709</speed><sat>29</sat></trkpt>
  <trkpt lat="-33.99453167" lon="-139.98362757"><ele>38.400</ele><time>2026-08-20T16:29:14Z</time><speed>0.705</speed><sat>30</sat></trkpt>
  <trkpt lat="-33.99453000" lon="-139.98362994"><ele>38.400</ele><time>2026-08-20T16:29:15Z</time><speed>0.000</speed><sat>30</sat></trkpt>
  <trkpt lat="-33.99452500" lon="-139.98363703"><ele>38.500</ele><time>2026-08-20T16:29:16Z</time><speed>0.580</speed><sat>30</sat></trkpt>
  <trkpt lat="-33.99452167" lon="-139.98364768"><ele>38.700</ele><time>2026-08-20T16:29:17Z</time><speed>0.517</speed><sat>30</sat></trkpt>
  <trkpt lat="-33.99452000" lon="-139.98365714"><ele>38.700</ele><time>2026-08-20T16:29:18Z</time><speed>0.460</speed><sat>30</sat></trkpt>
  <trkpt lat="-33.99451667" lon="-139.98367370"><ele>38.600</ele><time>2026-08-20T16:29:19Z</time><speed>0.422</speed><sat>30</sat></trkpt>
  <trkpt lat="-33.99451667" lon="-139.98369026"><ele>38.600</ele><time>2026-08-20T16:29:20Z</time><speed>0.454</speed><sat>30</sat></trkpt>
  <trkpt lat="-33.99451833" lon="-139.98370564"><ele>38.500</ele><time>2026-08-20T16:29:21Z</time><speed>0.495</speed><sat>30</sat></trkpt>
  <trkpt lat="-33.99451667" lon="-139.98372101"><ele>38.400</ele><time>2026-08-20T16:29:22Z</time><speed>0.513</speed><sat>29</sat></trkpt>
  <trkpt lat="-33.99451667" lon="-139.98373048"><ele>38.500</ele><time>2026-08-20T16:29:23Z</time><speed>0.511</speed><sat>30</sat></trkpt>
  <trkpt lat="-33.99452167" lon="-139.98373875"><ele>38.200</ele><time>2026-08-20T16:29:24Z</time><speed>0.498</speed><sat>30</sat></trkpt>
  <trkpt lat="-33.99452000" lon="-139.98374467"><ele>38.300</ele><time>2026-08-20T16:29:25Z</time><speed>0.519</speed><sat>29</sat></trkpt>
  <trkpt lat="-33.99452000" lon="-139.98375058"><ele>38.000</ele><time>2026-08-20T16:29:26Z</time><speed>0.512</speed><sat>30</sat></trkpt>
  <trkpt lat="-33.99452000" lon="-139.98375413"><ele>37.900</ele><time>2026-08-20T16:29:27Z</time><speed>0.481</speed><sat>30</sat></trkpt>
  <trkpt lat="-33.99452000" lon="-139.98375413"><ele>37.800</ele><time>2026-08-20T16:29:28Z</time><speed>0.423</speed><sat>29</sat></trkpt>
  <trkpt lat="-33.99451833" lon="-139.98375413"><ele>37.900</ele><time>2026-08-20T16:29:29Z</time><speed>0.000</speed><sat>29</sat></trkpt>
  <trkpt lat="-33.99451833" lon="-139.98375768"><ele>38.100</ele><time>2026-08-20T16:29:30Z</time><speed>0.000</speed><sat>28</sat></trkpt>
  <trkpt lat="-33.99451500" lon="-139.98376359"><ele>38.300</ele><time>2026-08-20T16:29:31Z</time><speed>0.000</speed><sat>29</sat></trkpt>
  <trkpt lat="-33.99451500" lon="-139.98376359"><ele>38.300</ele><time>2026-08-20T16:29:32Z</time><speed>0.000</speed><sat>28</sat></trkpt>
  <trkpt lat="-33.99450500" lon="-139.98378252"><ele>38.600</ele><time>2026-08-20T16:29:33Z</time><speed>0.307</speed><sat>29</sat></trkpt>
  <trkpt lat="-33.99450333" lon="-139.98379790"><ele>38.800</ele><time>2026-08-20T16:29:34Z</time><speed>0.366</speed><sat>29</sat></trkpt>
  <trkpt lat="-33.99450000" lon="-139.98381327"><ele>38.800</ele><time>2026-08-20T16:29:35Z</time><speed>0.432</speed><sat>30</sat></trkpt>
  <trkpt lat="-33.99449667" lon="-139.98383338"><ele>38.800</ele><time>2026-08-20T16:29:36Z</time><speed>0.505</speed><sat>30</sat></trkpt>
  <trkpt lat="-33.99449333" lon="-139.98385349"><ele>39.000</ele><time>2026-08-20T16:29:37Z</time><speed>0.585</speed><sat>30</sat></trkpt>
  <trkpt lat="-33.99449500" lon="-139.98387359"><ele>39.400</ele><time>2026-08-20T16:29:38Z</time><speed>0.665</speed><sat>29</sat></trkpt>
  <trkpt lat="-33.99449167" lon="-139.98389133"><ele>39.600</ele><time>2026-08-20T16:29:39Z</time><speed>0.000</speed><sat>30</sat></trkpt>
  <trkpt lat="-33.99449000" lon="-139.98390435"><ele>39.900</ele><time>2026-08-20T16:29:40Z</time><speed>0.789</speed><sat>30</sat></trkpt>
  <trkpt lat="-33.99448833" lon="-139.98391381"><ele>40.100</ele><time>2026-08-20T16:29:41Z</time><speed>0.000</speed><sat>29</sat></trkpt>
  <trkpt lat="-33.99448833" lon="-139.98391854"><ele>40.400</ele><time>2026-08-20T16:29:42Z</time><speed>0.797</speed><sat>30</sat></trkpt>
  <trkpt lat="-33.99448833" lon="-139.98392091"><ele>40.200</ele><time>2026-08-20T16:29:43Z</time><speed>0.761</speed><sat>30</sat></trkpt>
  <trkpt lat="-33.99449000" lon="-139.98392564"><ele>39.900</ele><time>2026-08-20T16:29:44Z</time><speed>0.000</speed><sat>29</sat></trkpt>
  <trkpt lat="-33.99449500" lon="-139.98392682"><ele>40.000</ele><time>2026-08-20T16:29:45Z</time><speed>0.000</speed><sat>29</sat></trkpt>
  <trkpt lat="-33.99449833" lon="-139.98393037"><ele>39.900</ele><time>2026-08-20T16:29:46Z</time><speed>0.000</speed><sat>30</sat></trkpt>
  <trkpt lat="-33.99450000" lon="-139.98393155"><ele>40.100</ele><time>2026-08-20T16:29:47Z</time><speed>0.000</speed><sat>30</sat></trkpt>
  <trkpt lat="-33.99449833" lon="-139.98393746"><ele>40.200</ele><time>2026-08-20T16:29:48Z</time><speed>0.000</speed><sat>29</sat></trkpt>
  <trkpt lat="-33.99450167" lon="-139.98394456"><ele>40.400</ele><time>2026-08-20T16:29:49Z</time><speed>0.000</speed><sat>30</sat></trkpt>
  <trkpt lat="-33.99450167" lon="-139.98395521"><ele>40.400</ele><time>2026-08-20T16:29:50Z</time><speed>0.000</speed><sat>30</sat></trkpt>
  <trkpt lat="-33.99450000" lon="-139.98396467"><ele>40.700</ele><time>2026-08-20T16:29:51Z</time><speed>0.000</speed><sat>31</sat></trkpt>
  <trkpt lat="-33.99449167" lon="-139.98397177"><ele>40.600</ele><time>2026-08-20T16:29:52Z</time><speed>0.281</speed><sat>31</sat></trkpt>
  <trkpt lat="-33.99448333" lon="-139.98397768"><ele>40.800</ele><time>2026-08-20T16:29:53Z</time><speed>0.340</speed><sat>31</sat></trkpt>
  <trkpt lat="-33.99447667" lon="-139.98398241"><ele>40.800</ele><time>2026-08-20T16:29:54Z</time><speed>0.000</speed><sat>30</sat></trkpt>
  <trkpt lat="-33.99446833" lon="-139.98398596"><ele>40.600</ele><time>2026-08-20T16:29:55Z</time><speed>0.000</speed><sat>31</sat></trkpt>
  <trkpt lat="-33.99445833" lon="-139.98399897"><ele>40.200</ele><time>2026-08-20T16:29:56Z</time><speed>0.542</speed><sat>31</sat></trkpt>
  <trkpt lat="-33.99445500" lon="-139.98401080"><ele>40.200</ele><time>2026-08-20T16:29:57Z</time><speed>0.000</speed><sat>29</sat></trkpt>
  <trkpt lat="-33.99444833" lon="-139.98402145"><ele>40.100</ele><time>2026-08-20T16:29:58Z</time><speed>0.000</speed><sat>30</sat></trkpt>
  <trkpt lat="-33.99444333" lon="-139.98403682"><ele>40.100</ele><time>2026-08-20T16:29:59Z</time><speed>0.000</speed><sat>30</sat></trkpt>
  <trkpt lat="-33.99443833" lon="-139.98404865"><ele>40.000</ele><time>2026-08-20T16:30:00Z</time><speed>0.000</speed><sat>30</sat></trkpt>
  <trkpt lat="-33.99443333" lon="-139.98406284"><ele>40.100</ele><time>2026-08-20T16:30:01Z</time><speed>0.000</speed><sat>31</sat></trkpt>
  <trkpt lat="-33.99442333" lon="-139.98407349"><ele>40.400</ele><time>2026-08-20T16:30:02Z</time><speed>0.000</speed><sat>31</sat></trkpt>
  <trkpt lat="-33.99441000" lon="-139.98408650"><ele>40.800</ele><time>2026-08-20T16:30:03Z</time><speed>0.000</speed><sat>31</sat></trkpt>
  <trkpt lat="-33.99439833" lon="-139.98410306"><ele>41.100</ele><time>2026-08-20T16:30:04Z</time><speed>0.857</speed><sat>29</sat></trkpt>
  <trkpt lat="-33.99438500" lon="-139.98412080"><ele>41.500</ele><time>2026-08-20T16:30:05Z</time><speed>0.873</speed><sat>29</sat></trkpt>
  <trkpt lat="-33.99437667" lon="-139.98414091"><ele>41.700</ele><time>2026-08-20T16:30:06Z</time><speed>0.882</speed><sat>28</sat></trkpt>
  <trkpt lat="-33.99436333" lon="-139.98416101"><ele>41.700</ele><time>2026-08-20T16:30:07Z</time><speed>0.000</speed><sat>29</sat></trkpt>
  <trkpt lat="-33.99435667" lon="-139.98418230"><ele>41.600</ele><time>2026-08-20T16:30:08Z</time><speed>0.000</speed><sat>30</sat></trkpt>
  <trkpt lat="-33.99435167" lon="-139.98419768"><ele>41.500</ele><time>2026-08-20T16:30:09Z</time><speed>0.000</speed><sat>30</sat></trkpt>
  <trkpt lat="-33.99434500" lon="-139.98421661"><ele>41.000</ele><time>2026-08-20T16:30:10Z</time><speed>1.028</speed><sat>30</sat></trkpt>
  <trkpt lat="-33.99434667" lon="-139.98423553"><ele>40.600</ele><time>2026-08-20T16:30:11Z</time><speed>1.017</speed><sat>29</sat></trkpt>
  <trkpt lat="-33.99435500" lon="-139.98424736"><ele>40.300</ele><time>2026-08-20T16:30:12Z</time><speed>0.989</speed><sat>29</sat></trkpt>
  <trkpt lat="-33.99436500" lon="-139.98425682"><ele>39.900</ele><time>2026-08-20T16:30:13Z</time><speed>0.968</speed><sat>29</sat></trkpt>
  <trkpt lat="-33.99438000" lon="-139.98426747"><ele>39.400</ele><time>2026-08-20T16:30:14Z</time><speed>0.971</speed><sat>31</sat></trkpt>
  <trkpt lat="-33.99439667" lon="-139.98427811"><ele>39.200</ele><time>2026-08-20T16:30:15Z</time><speed>0.951</speed><sat>32</sat></trkpt>
  <trkpt lat="-33.99441000" lon="-139.98427930"><ele>39.300</ele><time>2026-08-20T16:30:16Z</time><speed>0.934</speed><sat>32</sat></trkpt>
  <trkpt lat="-33.99442500" lon="-139.98427693"><ele>39.100</ele><time>2026-08-20T16:30:17Z</time><speed>0.906</speed><sat>32</sat></trkpt>
  <trkpt lat="-33.99443667" lon="-139.98428048"><ele>39.200</ele><time>2026-08-20T16:30:18Z</time><speed>0.859</speed><sat>32</sat></trkpt>
  <trkpt lat="-33.99445000" lon="-139.98427930"><ele>39.200</ele><time>2026-08-20T16:30:19Z</time><speed>0.783</speed><sat>32</sat></trkpt>
  <trkpt lat="-33.99447000" lon="-139.98427811"><ele>39.100</ele><time>2026-08-20T16:30:20Z</time><speed>0.748</speed><sat>30</sat></trkpt>
  <trkpt lat="-33.99448000" lon="-139.98428758"><ele>39.200</ele><time>2026-08-20T16:30:21Z</time><speed>0.750</speed><sat>31</sat></trkpt>
  <trkpt lat="-33.99448500" lon="-139.98430650"><ele>39.200</ele><time>2026-08-20T16:30:22Z</time><speed>0.786</speed><sat>30</sat></trkpt>
  <trkpt lat="-33.99448000" lon="-139.98433134"><ele>39.000</ele><time>2026-08-20T16:30:23Z</time><speed>0.831</speed><sat>31</sat></trkpt>
  <trkpt lat="-33.99447000" lon="-139.98435855"><ele>38.700</ele><time>2026-08-20T16:30:24Z</time><speed>0.846</speed><sat>31</sat></trkpt>
  <trkpt lat="-33.99445833" lon="-139.98438220"><ele>38.000</ele><time>2026-08-20T16:30:25Z</time><speed>0.904</speed><sat>31</sat></trkpt>
  <trkpt lat="-33.99444667" lon="-139.98440940"><ele>37.300</ele><time>2026-08-20T16:30:26Z</time><speed>0.963</speed><sat>31</sat></trkpt>
  <trkpt lat="-33.99443333" lon="-139.98442833"><ele>36.900</ele><time>2026-08-20T16:30:27Z</time><speed>1.003</speed><sat>31</sat></trkpt>
  <trkpt lat="-33.99442000" lon="-139.98443661"><ele>36.600</ele><time>2026-08-20T16:30:28Z</time><speed>1.005</speed><sat>30</sat></trkpt>
  <trkpt lat="-33.99441667" lon="-139.98444371"><ele>36.100</ele><time>2026-08-20T16:30:29Z</time><speed>0.981</speed><sat>31</sat></trkpt>
  <trkpt lat="-33.99441833" lon="-139.98445081"><ele>35.800</ele><time>2026-08-20T16:30:30Z</time><speed>0.935</speed><sat>31</sat></trkpt>
  <trkpt lat="-33.99442500" lon="-139.98445317"><ele>35.600</ele><time>2026-08-20T16:30:31Z</time><speed>0.924</speed><sat>31</sat></trkpt>
  <trkpt lat="-33.99443500" lon="-139.98445081"><ele>35.400</ele><time>2026-08-20T16:30:32Z</time><speed>0.897</speed><sat>31</sat></trkpt>
  <trkpt lat="-33.99445000" lon="-139.98444371"><ele>35.500</ele><time>2026-08-20T16:30:33Z</time><speed>0.888</speed><sat>32</sat></trkpt>
  <trkpt lat="-33.99447167" lon="-139.98444252"><ele>36.100</ele><time>2026-08-20T16:30:34Z</time><speed>0.896</speed><sat>32</sat></trkpt>
  <trkpt lat="-33.99449167" lon="-139.98444844"><ele>36.200</ele><time>2026-08-20T16:30:35Z</time><speed>0.917</speed><sat>31</sat></trkpt>
  <trkpt lat="-33.99450167" lon="-139.98445908"><ele>36.200</ele><time>2026-08-20T16:30:36Z</time><speed>0.889</speed><sat>30</sat></trkpt>
  <trkpt lat="-33.99450833" lon="-139.98447210"><ele>35.900</ele><time>2026-08-20T16:30:37Z</time><speed>0.848</speed><sat>30</sat></trkpt>
  <trkpt lat="-33.99450833" lon="-139.98448037"><ele>35.700</ele><time>2026-08-20T16:30:38Z</time><speed>0.809</speed><sat>31</sat></trkpt>
  <trkpt lat="-33.99450833" lon="-139.98448984"><ele>35.800</ele><time>2026-08-20T16:30:39Z</time><speed>0.821</speed><sat>31</sat></trkpt>
  <trkpt lat="-33.99450833" lon="-139.98449339"><ele>35.300</ele><time>2026-08-20T16:30:40Z</time><speed>0.836</speed><sat>31</sat></trkpt>
  <trkpt lat="-33.99451333" lon="-139.98450048"><ele>35.200</ele><time>2026-08-20T16:30:41Z</time><speed>0.815</speed><sat>31</sat></trkpt>
  <trkpt lat="-33.99451833" lon="-139.98451586"><ele>35.000</ele><time>2026-08-20T16:30:42Z</time><speed>0.798</speed><sat>31</sat></trkpt>
  <trkpt lat="-33.99451833" lon="-139.98453715"><ele>35.100</ele><time>2026-08-20T16:30:43Z</time><speed>0.772</speed><sat>31</sat></trkpt>
  <trkpt lat="-33.99451667" lon="-139.98456553"><ele>35.500</ele><time>2026-08-20T16:30:44Z</time><speed>0.803</speed><sat>31</sat></trkpt>
  <trkpt lat="-33.99451667" lon="-139.98460339"><ele>35.900</ele><time>2026-08-20T16:30:45Z</time><speed>0.817</speed><sat>32</sat></trkpt>
  <trkpt lat="-33.99451167" lon="-139.98463650"><ele>36.300</ele><time>2026-08-20T16:30:46Z</time><speed>0.886</speed><sat>32</sat></trkpt>
  <trkpt lat="-33.99450667" lon="-139.98466962"><ele>36.700</ele><time>2026-08-20T16:30:47Z</time><speed>0.986</speed><sat>32</sat></trkpt>
  <trkpt lat="-33.99450333" lon="-139.98470392"><ele>37.100</ele><time>2026-08-20T16:30:48Z</time><speed>1.123</speed><sat>32</sat></trkpt>
  <trkpt lat="-33.99450167" lon="-139.98472521"><ele>37.500</ele><time>2026-08-20T16:30:49Z</time><speed>1.187</speed><sat>32</sat></trkpt>
  <trkpt lat="-33.99450333" lon="-139.98474296"><ele>37.800</ele><time>2026-08-20T16:30:50Z</time><speed>1.213</speed><sat>31</sat></trkpt>
  <trkpt lat="-33.99451167" lon="-139.98475597"><ele>38.300</ele><time>2026-08-20T16:30:51Z</time><speed>1.255</speed><sat>31</sat></trkpt>
  <trkpt lat="-33.99451667" lon="-139.98476307"><ele>38.900</ele><time>2026-08-20T16:30:52Z</time><speed>1.270</speed><sat>32</sat></trkpt>
  <trkpt lat="-33.99453167" lon="-139.98476543"><ele>39.600</ele><time>2026-08-20T16:30:53Z</time><speed>1.264</speed><sat>32</sat></trkpt>
  <trkpt lat="-33.99454167" lon="-139.98477134"><ele>40.300</ele><time>2026-08-20T16:30:54Z</time><speed>1.156</speed><sat>31</sat></trkpt>
  <trkpt lat="-33.99455667" lon="-139.98477726"><ele>41.000</ele><time>2026-08-20T16:30:55Z</time><speed>1.057</speed><sat>32</sat></trkpt>
  <trkpt lat="-33.99456833" lon="-139.98478554"><ele>41.500</ele><time>2026-08-20T16:30:56Z</time><speed>0.953</speed><sat>32</sat></trkpt>
  <trkpt lat="-33.99457667" lon="-139.98479737"><ele>41.800</ele><time>2026-08-20T16:30:57Z</time><speed>0.891</speed><sat>32</sat></trkpt>
  <trkpt lat="-33.99458333" lon="-139.98481275"><ele>42.200</ele><time>2026-08-20T16:30:58Z</time><speed>0.848</speed><sat>32</sat></trkpt>
  <trkpt lat="-33.99458833" lon="-139.98483640"><ele>42.000</ele><time>2026-08-20T16:30:59Z</time><speed>0.861</speed><sat>31</sat></trkpt>
  <trkpt lat="-33.99459000" lon="-139.98485059"><ele>41.800</ele><time>2026-08-20T16:31:00Z</time><speed>0.883</speed><sat>32</sat></trkpt>
  <trkpt lat="-33.99458333" lon="-139.98485296"><ele>41.700</ele><time>2026-08-20T16:31:01Z</time><speed>0.881</speed><sat>32</sat></trkpt>
  <trkpt lat="-33.99457333" lon="-139.98485178"><ele>41.600</ele><time>2026-08-20T16:31:02Z</time><speed>0.919</speed><sat>32</sat></trkpt>
  <trkpt lat="-33.99456167" lon="-139.98484704"><ele>41.400</ele><time>2026-08-20T16:31:03Z</time><speed>0.954</speed><sat>32</sat></trkpt>
  <trkpt lat="-33.99455333" lon="-139.98485414"><ele>41.300</ele><time>2026-08-20T16:31:04Z</time><speed>0.998</speed><sat>32</sat></trkpt>
  <trkpt lat="-33.99454333" lon="-139.98486479"><ele>41.700</ele><time>2026-08-20T16:31:05Z</time><speed>1.016</speed><sat>32</sat></trkpt>
  <trkpt lat="-33.99453500" lon="-139.98487898"><ele>42.000</ele><time>2026-08-20T16:31:06Z</time><speed>1.050</speed><sat>32</sat></trkpt>
  <trkpt lat="-33.99452833" lon="-139.98489909"><ele>42.500</ele><time>2026-08-20T16:31:07Z</time><speed>1.069</speed><sat>32</sat></trkpt>
  <trkpt lat="-33.99452333" lon="-139.98491565"><ele>42.600</ele><time>2026-08-20T16:31:08Z</time><speed>1.077</speed><sat>32</sat></trkpt>
  <trkpt lat="-33.99452000" lon="-139.98493694"><ele>42.900</ele><time>2026-08-20T16:31:09Z</time><speed>1.078</speed><sat>32</sat></trkpt>
  <trkpt lat="-33.99452167" lon="-139.98495941"><ele>43.200</ele><time>2026-08-20T16:31:10Z</time><speed>1.159</speed><sat>32</sat></trkpt>
  <trkpt lat="-33.99452333" lon="-139.98498543"><ele>43.300</ele><time>2026-08-20T16:31:11Z</time><speed>1.227</speed><sat>32</sat></trkpt>
  <trkpt lat="-33.99452667" lon="-139.98500436"><ele>43.500</ele><time>2026-08-20T16:31:12Z</time><speed>1.216</speed><sat>32</sat></trkpt>
  <trkpt lat="-33.99453167" lon="-139.98501382"><ele>43.800</ele><time>2026-08-20T16:31:13Z</time><speed>1.164</speed><sat>32</sat></trkpt>
  <trkpt lat="-33.99454000" lon="-139.98502328"><ele>44.100</ele><time>2026-08-20T16:31:14Z</time><speed>1.149</speed><sat>32</sat></trkpt>
  <trkpt lat="-33.99454667" lon="-139.98502565"><ele>44.000</ele><time>2026-08-20T16:31:15Z</time><speed>1.154</speed><sat>32</sat></trkpt>
  <trkpt lat="-33.99456000" lon="-139.98502920"><ele>44.100</ele><time>2026-08-20T16:31:16Z</time><speed>1.131</speed><sat>32</sat></trkpt>
  <trkpt lat="-33.99457000" lon="-139.98503038"><ele>43.800</ele><time>2026-08-20T16:31:17Z</time><speed>1.083</speed><sat>32</sat></trkpt>
  <trkpt lat="-33.99458167" lon="-139.98503393"><ele>43.700</ele><time>2026-08-20T16:31:18Z</time><speed>1.012</speed><sat>32</sat></trkpt>
  <trkpt lat="-33.99458333" lon="-139.98503393"><ele>43.800</ele><time>2026-08-20T16:31:19Z</time><speed>0.940</speed><sat>31</sat></trkpt>
  <trkpt lat="-33.99458000" lon="-139.98503275"><ele>43.900</ele><time>2026-08-20T16:31:20Z</time><speed>0.846</speed><sat>31</sat></trkpt>
  <trkpt lat="-33.99456667" lon="-139.98504812"><ele>43.900</ele><time>2026-08-20T16:31:21Z</time><speed>0.832</speed><sat>32</sat></trkpt>
  <trkpt lat="-33.99455833" lon="-139.98505877"><ele>43.800</ele><time>2026-08-20T16:31:22Z</time><speed>0.883</speed><sat>32</sat></trkpt>
  <trkpt lat="-33.99454333" lon="-139.98507769"><ele>43.700</ele><time>2026-08-20T16:31:23Z</time><speed>0.998</speed><sat>32</sat></trkpt>
  <trkpt lat="-33.99453500" lon="-139.98509898"><ele>43.900</ele><time>2026-08-20T16:31:24Z</time><speed>1.055</speed><sat>32</sat></trkpt>
  <trkpt lat="-33.99453167" lon="-139.98511909"><ele>44.400</ele><time>2026-08-20T16:31:25Z</time><speed>1.093</speed><sat>32</sat></trkpt>
  <trkpt lat="-33.99452667" lon="-139.98513802"><ele>44.800</ele><time>2026-08-20T16:31:26Z</time><speed>1.097</speed><sat>32</sat></trkpt>
  <trkpt lat="-33.99452500" lon="-139.98515576"><ele>45.100</ele><time>2026-08-20T16:31:27Z</time><speed>1.100</speed><sat>33</sat></trkpt>
  <trkpt lat="-33.99453167" lon="-139.98515694"><ele>44.800</ele><time>2026-08-20T16:31:28Z</time><speed>1.071</speed><sat>32</sat></trkpt>
  <trkpt lat="-33.99452667" lon="-139.98516285"><ele>44.200</ele><time>2026-08-20T16:31:29Z</time><speed>1.048</speed><sat>30</sat></trkpt>
  <trkpt lat="-33.99452333" lon="-139.98516759"><ele>43.400</ele><time>2026-08-20T16:31:30Z</time><speed>1.002</speed><sat>31</sat></trkpt>
  <trkpt lat="-33.99453000" lon="-139.98516167"><ele>43.300</ele><time>2026-08-20T16:31:31Z</time><speed>0.889</speed><sat>31</sat></trkpt>
  <trkpt lat="-33.99453833" lon="-139.98516167"><ele>43.300</ele><time>2026-08-20T16:31:32Z</time><speed>0.764</speed><sat>32</sat></trkpt>
  <trkpt lat="-33.99453833" lon="-139.98517586"><ele>42.900</ele><time>2026-08-20T16:31:33Z</time><speed>0.634</speed><sat>32</sat></trkpt>
  <trkpt lat="-33.99454000" lon="-139.98519715"><ele>42.800</ele><time>2026-08-20T16:31:34Z</time><speed>0.543</speed><sat>32</sat></trkpt>
  <trkpt lat="-33.99454167" lon="-139.98522673"><ele>42.900</ele><time>2026-08-20T16:31:35Z</time><speed>0.544</speed><sat>32</sat></trkpt>
  <trkpt lat="-33.99453833" lon="-139.98526221"><ele>43.200</ele><time>2026-08-20T16:31:36Z</time><speed>0.643</speed><sat>32</sat></trkpt>
  <trkpt lat="-33.99453500" lon="-139.98529888"><ele>43.800</ele><time>2026-08-20T16:31:37Z</time><speed>0.769</speed><sat>33</sat></trkpt>
  <trkpt lat="-33.99453333" lon="-139.98533673"><ele>44.400</ele><time>2026-08-20T16:31:38Z</time><speed>0.916</speed><sat>33</sat></trkpt>
  <trkpt lat="-33.99453333" lon="-139.98536157"><ele>44.500</ele><time>2026-08-20T16:31:39Z</time><speed>1.038</speed><sat>33</sat></trkpt>
  <trkpt lat="-33.99453333" lon="-139.98537695"><ele>44.600</ele><time>2026-08-20T16:31:40Z</time><speed>1.096</speed><sat>32</sat></trkpt>
  <trkpt lat="-33.99453667" lon="-139.98538759"><ele>44.500</ele><time>2026-08-20T16:31:41Z</time><speed>1.134</speed><sat>32</sat></trkpt>
  <trkpt lat="-33.99454000" lon="-139.98539587"><ele>44.300</ele><time>2026-08-20T16:31:42Z</time><speed>1.117</speed><sat>33</sat></trkpt>
  <trkpt lat="-33.99454833" lon="-139.98540415"><ele>43.800</ele><time>2026-08-20T16:31:43Z</time><speed>1.075</speed><sat>31</sat></trkpt>
  <trkpt lat="-33.99455500" lon="-139.98540533"><ele>43.900</ele><time>2026-08-20T16:31:44Z</time><speed>0.000</speed><sat>32</sat></trkpt>
  <trkpt lat="-33.99456000" lon="-139.98541006"><ele>43.800</ele><time>2026-08-20T16:31:45Z</time><speed>0.945</speed><sat>30</sat></trkpt>
  <trkpt lat="-33.99456667" lon="-139.98541479"><ele>43.800</ele><time>2026-08-20T16:31:46Z</time><speed>0.773</speed><sat>31</sat></trkpt>
  <trkpt lat="-33.99457000" lon="-139.98541834"><ele>43.700</ele><time>2026-08-20T16:31:47Z</time><speed>0.578</speed><sat>31</sat></trkpt>
  <trkpt lat="-33.99457167" lon="-139.98543135"><ele>43.900</ele><time>2026-08-20T16:31:48Z</time><speed>0.459</speed><sat>32</sat></trkpt>
  <trkpt lat="-33.99457333" lon="-139.98544791"><ele>44.100</ele><time>2026-08-20T16:31:49Z</time><speed>0.411</speed><sat>32</sat></trkpt>
  <trkpt lat="-33.99457167" lon="-139.98546802"><ele>44.500</ele><time>2026-08-20T16:31:50Z</time><speed>0.433</speed><sat>33</sat></trkpt>
  <trkpt lat="-33.99456500" lon="-139.98549049"><ele>44.900</ele><time>2026-08-20T16:31:51Z</time><speed>0.497</speed><sat>33</sat></trkpt>
  <trkpt lat="-33.99456000" lon="-139.98551533"><ele>45.200</ele><time>2026-08-20T16:31:52Z</time><speed>0.606</speed><sat>33</sat></trkpt>
  <trkpt lat="-33.99455167" lon="-139.98554490"><ele>45.800</ele><time>2026-08-20T16:31:53Z</time><speed>0.737</speed><sat>32</sat></trkpt>
  <trkpt lat="-33.99454833" lon="-139.98557211"><ele>46.200</ele><time>2026-08-20T16:31:54Z</time><speed>0.809</speed><sat>33</sat></trkpt>
  <trkpt lat="-33.99455000" lon="-139.98558275"><ele>46.800</ele><time>2026-08-20T16:31:55Z</time><speed>0.791</speed><sat>32</sat></trkpt>
  <trkpt lat="-33.99455500" lon="-139.98558512"><ele>47.500</ele><time>2026-08-20T16:31:56Z</time><speed>0.785</speed><sat>32</sat></trkpt>
  <trkpt lat="-33.99455667" lon="-139.98559221"><ele>47.800</ele><time>2026-08-20T16:31:57Z</time><speed>0.784</speed><sat>31</sat></trkpt>
  <trkpt lat="-33.99455833" lon="-139.98559813"><ele>48.100</ele><time>2026-08-20T16:31:58Z</time><speed>0.746</speed><sat>32</sat></trkpt>
  <trkpt lat="-33.99456333" lon="-139.98560050"><ele>48.200</ele><time>2026-08-20T16:31:59Z</time><speed>0.000</speed><sat>33</sat></trkpt>
  <trkpt lat="-33.99456667" lon="-139.98560404"><ele>48.400</ele><time>2026-08-20T16:32:00Z</time><speed>0.587</speed><sat>32</sat></trkpt>
  <trkpt lat="-33.99456333" lon="-139.98561114"><ele>48.600</ele><time>2026-08-20T16:32:01Z</time><speed>0.485</speed><sat>31</sat></trkpt>
  <trkpt lat="-33.99456500" lon="-139.98562060"><ele>48.700</ele><time>2026-08-20T16:32:02Z</time><speed>0.000</speed><sat>31</sat></trkpt>
  <trkpt lat="-33.99456167" lon="-139.98563598"><ele>48.300</ele><time>2026-08-20T16:32:03Z</time><speed>0.000</speed><sat>31</sat></trkpt>
  <trkpt lat="-33.99455667" lon="-139.98565254"><ele>48.400</ele><time>2026-08-20T16:32:04Z</time><speed>0.277</speed><sat>31</sat></trkpt>
  <trkpt lat="-33.99455333" lon="-139.98567856"><ele>48.500</ele><time>2026-08-20T16:32:05Z</time><speed>0.423</speed><sat>31</sat></trkpt>
  <trkpt lat="-33.99455833" lon="-139.98569867"><ele>48.500</ele><time>2026-08-20T16:32:06Z</time><speed>0.535</speed><sat>32</sat></trkpt>
  <trkpt lat="-33.99455333" lon="-139.98572114"><ele>48.600</ele><time>2026-08-20T16:32:07Z</time><speed>0.675</speed><sat>32</sat></trkpt>
  <trkpt lat="-33.99454667" lon="-139.98574834"><ele>48.600</ele><time>2026-08-20T16:32:08Z</time><speed>0.846</speed><sat>32</sat></trkpt>
  <trkpt lat="-33.99454500" lon="-139.98578028"><ele>48.700</ele><time>2026-08-20T16:32:09Z</time><speed>1.004</speed><sat>32</sat></trkpt>
  <trkpt lat="-33.99454333" lon="-139.98581103"><ele>48.400</ele><time>2026-08-20T16:32:10Z</time><speed>1.167</speed><sat>33</sat></trkpt>
  <trkpt lat="-33.99454000" lon="-139.98584060"><ele>48.200</ele><time>2026-08-20T16:32:11Z</time><speed>1.342</speed><sat>33</sat></trkpt>
  <trkpt lat="-33.99453667" lon="-139.98587254"><ele>48.000</ele><time>2026-08-20T16:32:12Z</time><speed>1.512</speed><sat>33</sat></trkpt>
  <trkpt lat="-33.99454000" lon="-139.98590211"><ele>47.600</ele><time>2026-08-20T16:32:13Z</time><speed>1.686</speed><sat>33</sat></trkpt>
  <trkpt lat="-33.99454167" lon="-139.98592931"><ele>47.200</ele><time>2026-08-20T16:32:14Z</time><speed>1.839</speed><sat>33</sat></trkpt>
  <trkpt lat="-33.99454333" lon="-139.98595652"><ele>46.700</ele><time>2026-08-20T16:32:15Z</time><speed>1.855</speed><sat>33</sat></trkpt>
  <trkpt lat="-33.99454167" lon="-139.98597308"><ele>46.100</ele><time>2026-08-20T16:32:16Z</time><speed>1.847</speed><sat>33</sat></trkpt>
  <trkpt lat="-33.99453500" lon="-139.98598609"><ele>45.900</ele><time>2026-08-20T16:32:17Z</time><speed>1.763</speed><sat>31</sat></trkpt>
  <trkpt lat="-33.99453833" lon="-139.98599082"><ele>45.700</ele><time>2026-08-20T16:32:18Z</time><speed>1.625</speed><sat>32</sat></trkpt>
  <trkpt lat="-33.99453667" lon="-139.98599555"><ele>45.300</ele><time>2026-08-20T16:32:19Z</time><speed>1.485</speed><sat>32</sat></trkpt>
  <trkpt lat="-33.99453167" lon="-139.98600974"><ele>45.300</ele><time>2026-08-20T16:32:20Z</time><speed>1.340</speed><sat>32</sat></trkpt>
  <trkpt lat="-33.99453667" lon="-139.98601566"><ele>45.500</ele><time>2026-08-20T16:32:21Z</time><speed>1.180</speed><sat>32</sat></trkpt>
  <trkpt lat="-33.99453833" lon="-139.98602986"><ele>45.700</ele><time>2026-08-20T16:32:22Z</time><speed>1.034</speed><sat>31</sat></trkpt>
  <trkpt lat="-33.99453833" lon="-139.98604996"><ele>46.100</ele><time>2026-08-20T16:32:23Z</time><speed>0.923</speed><sat>32</sat></trkpt>
  <trkpt lat="-33.99454167" lon="-139.98607480"><ele>46.300</ele><time>2026-08-20T16:32:24Z</time><speed>0.837</speed><sat>32</sat></trkpt>
  <trkpt lat="-33.99454000" lon="-139.98611383"><ele>46.800</ele><time>2026-08-20T16:32:25Z</time><speed>0.894</speed><sat>32</sat></trkpt>
  <trkpt lat="-33.99454000" lon="-139.98615641"><ele>47.200</ele><time>2026-08-20T16:32:26Z</time><speed>1.053</speed><sat>32</sat></trkpt>
  <trkpt lat="-33.99454000" lon="-139.98620136"><ele>47.700</ele><time>2026-08-20T16:32:27Z</time><speed>1.267</speed><sat>31</sat></trkpt>
  <trkpt lat="-33.99454500" lon="-139.98623329"><ele>48.400</ele><time>2026-08-20T16:32:28Z</time><speed>1.408</speed><sat>31</sat></trkpt>
  <trkpt lat="-33.99455000" lon="-139.98625577"><ele>48.500</ele><time>2026-08-20T16:32:29Z</time><speed>1.473</speed><sat>33</sat></trkpt>
  <trkpt lat="-33.99455167" lon="-139.98625222"><ele>49.500</ele><time>2026-08-20T16:32:30Z</time><speed>1.453</speed><sat>30</sat></trkpt>
  <trkpt lat="-33.99455667" lon="-139.98624986"><ele>50.200</ele><time>2026-08-20T16:32:31Z</time><speed>1.440</speed><sat>28</sat></trkpt>
  <trkpt lat="-33.99456333" lon="-139.98624986"><ele>50.500</ele><time>2026-08-20T16:32:32Z</time><speed>1.411</speed><sat>27</sat></trkpt>
  <trkpt lat="-33.99456500" lon="-139.98625104"><ele>51.100</ele><time>2026-08-20T16:32:33Z</time><speed>1.318</speed><sat>28</sat></trkpt>
  <trkpt lat="-33.99456667" lon="-139.98624867"><ele>51.600</ele><time>2026-08-20T16:32:34Z</time><speed>1.179</speed><sat>28</sat></trkpt>
  <trkpt lat="-33.99456833" lon="-139.98624986"><ele>51.800</ele><time>2026-08-20T16:32:35Z</time><speed>0.947</speed><sat>29</sat></trkpt>
  <trkpt lat="-33.99457000" lon="-139.98625104"><ele>51.800</ele><time>2026-08-20T16:32:36Z</time><speed>0.680</speed><sat>29</sat></trkpt>
  <trkpt lat="-33.99457167" lon="-139.98625104"><ele>51.900</ele><time>2026-08-20T16:32:37Z</time><speed>0.409</speed><sat>28</sat></trkpt>
  <trkpt lat="-33.99457500" lon="-139.98624986"><ele>51.900</ele><time>2026-08-20T16:32:38Z</time><speed>0.000</speed><sat>25</sat></trkpt>
  <trkpt lat="-33.99457500" lon="-139.98625577"><ele>52.400</ele><time>2026-08-20T16:32:39Z</time><speed>0.000</speed><sat>28</sat></trkpt>
  <trkpt lat="-33.99457167" lon="-139.98626996"><ele>52.700</ele><time>2026-08-20T16:32:40Z</time><speed>0.000</speed><sat>30</sat></trkpt>
  <trkpt lat="-33.99456500" lon="-139.98629125"><ele>53.100</ele><time>2026-08-20T16:32:41Z</time><speed>0.309</speed><sat>31</sat></trkpt>
  <trkpt lat="-33.99454333" lon="-139.98631846"><ele>53.400</ele><time>2026-08-20T16:32:42Z</time><speed>0.441</speed><sat>31</sat></trkpt>
  <trkpt lat="-33.99452833" lon="-139.98634093"><ele>53.600</ele><time>2026-08-20T16:32:43Z</time><speed>0.579</speed><sat>31</sat></trkpt>
  <trkpt lat="-33.99451000" lon="-139.98635749"><ele>53.700</ele><time>2026-08-20T16:32:44Z</time><speed>0.726</speed><sat>31</sat></trkpt>
  <trkpt lat="-33.99449667" lon="-139.98637760"><ele>54.100</ele><time>2026-08-20T16:32:45Z</time><speed>0.848</speed><sat>31</sat></trkpt>
  <trkpt lat="-33.99448333" lon="-139.98639534"><ele>54.200</ele><time>2026-08-20T16:32:46Z</time><speed>0.977</speed><sat>31</sat></trkpt>
  <trkpt lat="-33.99446833" lon="-139.98641426"><ele>54.100</ele><time>2026-08-20T16:32:47Z</time><speed>1.089</speed><sat>31</sat></trkpt>
  <trkpt lat="-33.99445833" lon="-139.98644029"><ele>53.900</ele><time>2026-08-20T16:32:48Z</time><speed>1.177</speed><sat>30</sat></trkpt>
  <trkpt lat="-33.99444667" lon="-139.98645448"><ele>53.600</ele><time>2026-08-20T16:32:49Z</time><speed>1.197</speed><sat>31</sat></trkpt>
  <trkpt lat="-33.99443667" lon="-139.98645567"><ele>53.200</ele><time>2026-08-20T16:32:50Z</time><speed>1.181</speed><sat>29</sat></trkpt>
  <trkpt lat="-33.99443000" lon="-139.98644738"><ele>52.700</ele><time>2026-08-20T16:32:51Z</time><speed>1.116</speed><sat>29</sat></trkpt>
  <trkpt lat="-33.99443167" lon="-139.98644265"><ele>52.800</ele><time>2026-08-20T16:32:52Z</time><speed>0.994</speed><sat>30</sat></trkpt>
  <trkpt lat="-33.99443833" lon="-139.98644384"><ele>52.700</ele><time>2026-08-20T16:32:53Z</time><speed>0.876</speed><sat>30</sat></trkpt>
  <trkpt lat="-33.99445333" lon="-139.98645330"><ele>52.300</ele><time>2026-08-20T16:32:54Z</time><speed>0.807</speed><sat>30</sat></trkpt>
  <trkpt lat="-33.99447167" lon="-139.98646513"><ele>52.200</ele><time>2026-08-20T16:32:55Z</time><speed>0.818</speed><sat>28</sat></trkpt>
  <trkpt lat="-33.99449333" lon="-139.98647696"><ele>51.800</ele><time>2026-08-20T16:32:56Z</time><speed>0.000</speed><sat>29</sat></trkpt>
  <trkpt lat="-33.99451000" lon="-139.98649233"><ele>51.300</ele><time>2026-08-20T16:32:57Z</time><speed>0.888</speed><sat>30</sat></trkpt>
  <trkpt lat="-33.99452167" lon="-139.98649943"><ele>51.100</ele><time>2026-08-20T16:32:58Z</time><speed>0.860</speed><sat>29</sat></trkpt>
  <trkpt lat="-33.99452000" lon="-139.98649943"><ele>50.800</ele><time>2026-08-20T16:32:59Z</time><speed>0.833</speed><sat>30</sat></trkpt>
  <trkpt lat="-33.99451833" lon="-139.98650416"><ele>50.600</ele><time>2026-08-20T16:33:00Z</time><speed>0.810</speed><sat>29</sat></trkpt>
  <trkpt lat="-33.99451167" lon="-139.98651599"><ele>50.300</ele><time>2026-08-20T16:33:01Z</time><speed>0.862</speed><sat>30</sat></trkpt>
  <trkpt lat="-33.99450667" lon="-139.98653136"><ele>50.000</ele><time>2026-08-20T16:33:02Z</time><speed>0.940</speed><sat>30</sat></trkpt>
  <trkpt lat="-33.99449167" lon="-139.98655029"><ele>49.500</ele><time>2026-08-20T16:33:03Z</time><speed>1.085</speed><sat>30</sat></trkpt>
  <trkpt lat="-33.99448000" lon="-139.98657513"><ele>49.000</ele><time>2026-08-20T16:33:04Z</time><speed>1.170</speed><sat>31</sat></trkpt>
  <trkpt lat="-33.99447000" lon="-139.98659760"><ele>48.700</ele><time>2026-08-20T16:33:05Z</time><speed>1.205</speed><sat>30</sat></trkpt>
  <trkpt lat="-33.99446500" lon="-139.98662599"><ele>48.400</ele><time>2026-08-20T16:33:06Z</time><speed>1.196</speed><sat>30</sat></trkpt>
  <trkpt lat="-33.99445500" lon="-139.98665556"><ele>48.000</ele><time>2026-08-20T16:33:07Z</time><speed>1.280</speed><sat>30</sat></trkpt>
  <trkpt lat="-33.99443667" lon="-139.98668394"><ele>47.300</ele><time>2026-08-20T16:33:08Z</time><speed>1.469</speed><sat>30</sat></trkpt>
  <trkpt lat="-33.99442000" lon="-139.98670051"><ele>46.900</ele><time>2026-08-20T16:33:09Z</time><speed>1.686</speed><sat>30</sat></trkpt>
  <trkpt lat="-33.99440333" lon="-139.98671943"><ele>46.800</ele><time>2026-08-20T16:33:10Z</time><speed>1.831</speed><sat>30</sat></trkpt>
  <trkpt lat="-33.99439667" lon="-139.98672652"><ele>47.000</ele><time>2026-08-20T16:33:11Z</time><speed>1.836</speed><sat>30</sat></trkpt>
  <trkpt lat="-33.99440333" lon="-139.98673007"><ele>47.000</ele><time>2026-08-20T16:33:12Z</time><speed>1.754</speed><sat>30</sat></trkpt>
  <trkpt lat="-33.99442000" lon="-139.98672889"><ele>47.300</ele><time>2026-08-20T16:33:13Z</time><speed>1.640</speed><sat>29</sat></trkpt>
  <trkpt lat="-33.99444000" lon="-139.98671825"><ele>47.300</ele><time>2026-08-20T16:33:14Z</time><speed>1.566</speed><sat>29</sat></trkpt>
  <trkpt lat="-33.99445000" lon="-139.98670642"><ele>47.300</ele><time>2026-08-20T16:33:15Z</time><speed>1.447</speed><sat>30</sat></trkpt>
  <trkpt lat="-33.99446500" lon="-139.98670406"><ele>47.200</ele><time>2026-08-20T16:33:16Z</time><speed>1.324</speed><sat>30</sat></trkpt>
  <trkpt lat="-33.99447667" lon="-139.98670287"><ele>47.400</ele><time>2026-08-20T16:33:17Z</time><speed>1.152</speed><sat>30</sat></trkpt>
  <trkpt lat="-33.99448333" lon="-139.98670406"><ele>47.800</ele><time>2026-08-20T16:33:18Z</time><speed>0.930</speed><sat>30</sat></trkpt>
  <trkpt lat="-33.99449333" lon="-139.98670169"><ele>47.800</ele><time>2026-08-20T16:33:19Z</time><speed>0.736</speed><sat>30</sat></trkpt>
  <trkpt lat="-33.99450000" lon="-139.98670051"><ele>47.600</ele><time>2026-08-20T16:33:20Z</time><speed>0.597</speed><sat>29</sat></trkpt>
  <trkpt lat="-33.99450667" lon="-139.98669341"><ele>47.500</ele><time>2026-08-20T16:33:21Z</time><speed>0.534</speed><sat>29</sat></trkpt>
  <trkpt lat="-33.99452000" lon="-139.98669577"><ele>47.800</ele><time>2026-08-20T16:33:22Z</time><speed>0.562</speed><sat>29</sat></trkpt>
  <trkpt lat="-33.99453333" lon="-139.98670642"><ele>48.300</ele><time>2026-08-20T16:33:23Z</time><speed>0.613</speed><sat>29</sat></trkpt>
  <trkpt lat="-33.99455500" lon="-139.98671115"><ele>48.800</ele><time>2026-08-20T16:33:24Z</time><speed>0.679</speed><sat>29</sat></trkpt>
  <trkpt lat="-33.99458000" lon="-139.98672298"><ele>49.400</ele><time>2026-08-20T16:33:25Z</time><speed>0.813</speed><sat>30</sat></trkpt>
  <trkpt lat="-33.99459167" lon="-139.98674072"><ele>50.000</ele><time>2026-08-20T16:33:26Z</time><speed>0.888</speed><sat>30</sat></trkpt>
  <trkpt lat="-33.99459833" lon="-139.98676083"><ele>50.500</ele><time>2026-08-20T16:33:27Z</time><speed>0.964</speed><sat>30</sat></trkpt>
  <trkpt lat="-33.99460000" lon="-139.98678922"><ele>50.900</ele><time>2026-08-20T16:33:28Z</time><speed>1.074</speed><sat>29</sat></trkpt>
  <trkpt lat="-33.99460000" lon="-139.98681878"><ele>51.200</ele><time>2026-08-20T16:33:29Z</time><speed>1.229</speed><sat>29</sat></trkpt>
  <trkpt lat="-33.99460000" lon="-139.98685072"><ele>51.400</ele><time>2026-08-20T16:33:30Z</time><speed>1.329</speed><sat>29</sat></trkpt>
  <trkpt lat="-33.99459833" lon="-139.98688266"><ele>51.700</ele><time>2026-08-20T16:33:31Z</time><speed>1.463</speed><sat>29</sat></trkpt>
  <trkpt lat="-33.99459833" lon="-139.98691578"><ele>52.100</ele><time>2026-08-20T16:33:32Z</time><speed>1.604</speed><sat>29</sat></trkpt>
  <trkpt lat="-33.99459833" lon="-139.98695362"><ele>52.200</ele><time>2026-08-20T16:33:33Z</time><speed>1.707</speed><sat>29</sat></trkpt>
  <trkpt lat="-33.99460167" lon="-139.98698674"><ele>52.800</ele><time>2026-08-20T16:33:34Z</time><speed>1.759</speed><sat>29</sat></trkpt>
  <trkpt lat="-33.99460167" lon="-139.98701277"><ele>53.000</ele><time>2026-08-20T16:33:35Z</time><speed>1.766</speed><sat>29</sat></trkpt>
  <trkpt lat="-33.99460333" lon="-139.98703879"><ele>53.100</ele><time>2026-08-20T16:33:36Z</time><speed>1.797</speed><sat>31</sat></trkpt>
  <trkpt lat="-33.99460833" lon="-139.98706245"><ele>53.200</ele><time>2026-08-20T16:33:37Z</time><speed>1.818</speed><sat>31</sat></trkpt>
  <trkpt lat="-33.99461333" lon="-139.98707782"><ele>52.900</ele><time>2026-08-20T16:33:38Z</time><speed>1.733</speed><sat>30</sat></trkpt>
  <trkpt lat="-33.99462167" lon="-139.98708255"><ele>52.700</ele><time>2026-08-20T16:33:39Z</time><speed>1.598</speed><sat>29</sat></trkpt>
  <trkpt lat="-33.99463500" lon="-139.98708729"><ele>53.000</ele><time>2026-08-20T16:33:40Z</time><speed>1.552</speed><sat>30</sat></trkpt>
  <trkpt lat="-33.99465000" lon="-139.98709201"><ele>52.700</ele><time>2026-08-20T16:33:41Z</time><speed>1.480</speed><sat>28</sat></trkpt>
  <trkpt lat="-33.99466667" lon="-139.98709911"><ele>52.600</ele><time>2026-08-20T16:33:42Z</time><speed>1.405</speed><sat>28</sat></trkpt>
  <trkpt lat="-33.99468000" lon="-139.98710858"><ele>53.000</ele><time>2026-08-20T16:33:43Z</time><speed>1.321</speed><sat>28</sat></trkpt>
  <trkpt lat="-33.99469000" lon="-139.98712632"><ele>53.300</ele><time>2026-08-20T16:33:44Z</time><speed>1.243</speed><sat>28</sat></trkpt>
  <trkpt lat="-33.99470333" lon="-139.98713933"><ele>53.300</ele><time>2026-08-20T16:33:45Z</time><speed>1.177</speed><sat>28</sat></trkpt>
  <trkpt lat="-33.99471333" lon="-139.98716417"><ele>53.500</ele><time>2026-08-20T16:33:46Z</time><speed>1.140</speed><sat>27</sat></trkpt>
  <trkpt lat="-33.99472167" lon="-139.98719019"><ele>53.500</ele><time>2026-08-20T16:33:47Z</time><speed>1.145</speed><sat>27</sat></trkpt>
  <trkpt lat="-33.99473000" lon="-139.98722094"><ele>53.400</ele><time>2026-08-20T16:33:48Z</time><speed>1.248</speed><sat>27</sat></trkpt>
  <trkpt lat="-33.99473167" lon="-139.98724933"><ele>53.400</ele><time>2026-08-20T16:33:49Z</time><speed>1.361</speed><sat>27</sat></trkpt>
  <trkpt lat="-33.99473167" lon="-139.98728481"><ele>53.600</ele><time>2026-08-20T16:33:50Z</time><speed>1.442</speed><sat>27</sat></trkpt>
  <trkpt lat="-33.99473833" lon="-139.98732739"><ele>53.700</ele><time>2026-08-20T16:33:51Z</time><speed>1.574</speed><sat>27</sat></trkpt>
  <trkpt lat="-33.99475000" lon="-139.98736761"><ele>54.200</ele><time>2026-08-20T16:33:52Z</time><speed>1.741</speed><sat>27</sat></trkpt>
  <trkpt lat="-33.99476333" lon="-139.98741610"><ele>54.400</ele><time>2026-08-20T16:33:53Z</time><speed>1.939</speed><sat>27</sat></trkpt>
  <trkpt lat="-33.99477000" lon="-139.98746460"><ele>54.900</ele><time>2026-08-20T16:33:54Z</time><speed>2.169</speed><sat>27</sat></trkpt>
  <trkpt lat="-33.99478667" lon="-139.98751901"><ele>55.300</ele><time>2026-08-20T16:33:55Z</time><speed>2.439</speed><sat>27</sat></trkpt>
  <trkpt lat="-33.99479833" lon="-139.98757460"><ele>55.600</ele><time>2026-08-20T16:33:56Z</time><speed>2.741</speed><sat>27</sat></trkpt>
  <trkpt lat="-33.99481167" lon="-139.98763256"><ele>55.300</ele><time>2026-08-20T16:33:57Z</time><speed>3.010</speed><sat>27</sat></trkpt>
  <trkpt lat="-33.99482500" lon="-139.98768933"><ele>54.900</ele><time>2026-08-20T16:33:58Z</time><speed>3.229</speed><sat>26</sat></trkpt>
  <trkpt lat="-33.99483667" lon="-139.98774137"><ele>54.800</ele><time>2026-08-20T16:33:59Z</time><speed>3.451</speed><sat>27</sat></trkpt>
  <trkpt lat="-33.99484167" lon="-139.98778750"><ele>54.600</ele><time>2026-08-20T16:34:00Z</time><speed>3.618</speed><sat>27</sat></trkpt>
  <trkpt lat="-33.99484667" lon="-139.98782181"><ele>54.600</ele><time>2026-08-20T16:34:01Z</time><speed>3.658</speed><sat>27</sat></trkpt>
  <trkpt lat="-33.99484667" lon="-139.98785729"><ele>54.300</ele><time>2026-08-20T16:34:02Z</time><speed>3.620</speed><sat>27</sat></trkpt>
  <trkpt lat="-33.99484167" lon="-139.98787504"><ele>54.000</ele><time>2026-08-20T16:34:03Z</time><speed>3.450</speed><sat>27</sat></trkpt>
  <trkpt lat="-33.99483167" lon="-139.98790224"><ele>53.900</ele><time>2026-08-20T16:34:04Z</time><speed>3.195</speed><sat>27</sat></trkpt>
  <trkpt lat="-33.99482500" lon="-139.98792353"><ele>53.500</ele><time>2026-08-20T16:34:05Z</time><speed>2.933</speed><sat>27</sat></trkpt>
  <trkpt lat="-33.99481667" lon="-139.98793536"><ele>52.600</ele><time>2026-08-20T16:34:06Z</time><speed>2.621</speed><sat>27</sat></trkpt>
  <trkpt lat="-33.99480833" lon="-139.98794600"><ele>51.800</ele><time>2026-08-20T16:34:07Z</time><speed>2.321</speed><sat>27</sat></trkpt>
  <trkpt lat="-33.99480000" lon="-139.98796492"><ele>51.600</ele><time>2026-08-20T16:34:08Z</time><speed>2.079</speed><sat>27</sat></trkpt>
  <trkpt lat="-33.99479333" lon="-139.98797794"><ele>51.200</ele><time>2026-08-20T16:34:09Z</time><speed>1.813</speed><sat>27</sat></trkpt>
  <trkpt lat="-33.99479000" lon="-139.98800396"><ele>50.200</ele><time>2026-08-20T16:34:10Z</time><speed>1.626</speed><sat>26</sat></trkpt>
  <trkpt lat="-33.99478500" lon="-139.98801460"><ele>49.700</ele><time>2026-08-20T16:34:11Z</time><speed>1.474</speed><sat>26</sat></trkpt>
  <trkpt lat="-33.99477833" lon="-139.98804181"><ele>48.900</ele><time>2026-08-20T16:34:12Z</time><speed>1.370</speed><sat>26</sat></trkpt>
  <trkpt lat="-33.99476333" lon="-139.98805718"><ele>48.300</ele><time>2026-08-20T16:34:13Z</time><speed>1.387</speed><sat>26</sat></trkpt>
  <trkpt lat="-33.99474500" lon="-139.98808557"><ele>47.500</ele><time>2026-08-20T16:34:14Z</time><speed>1.488</speed><sat>25</sat></trkpt>
  <trkpt lat="-33.99472500" lon="-139.98812460"><ele>46.400</ele><time>2026-08-20T16:34:15Z</time><speed>1.595</speed><sat>25</sat></trkpt>
  <trkpt lat="-33.99470167" lon="-139.98816364"><ele>45.200</ele><time>2026-08-20T16:34:16Z</time><speed>1.709</speed><sat>25</sat></trkpt>
  <trkpt lat="-33.99469000" lon="-139.98819321"><ele>44.700</ele><time>2026-08-20T16:34:17Z</time><speed>1.777</speed><sat>26</sat></trkpt>
  <trkpt lat="-33.99468833" lon="-139.98822160"><ele>43.800</ele><time>2026-08-20T16:34:18Z</time><speed>1.733</speed><sat>26</sat></trkpt>
  <trkpt lat="-33.99468667" lon="-139.98822396"><ele>42.700</ele><time>2026-08-20T16:34:19Z</time><speed>1.662</speed><sat>27</sat></trkpt>
  <trkpt lat="-33.99468333" lon="-139.98822751"><ele>41.400</ele><time>2026-08-20T16:34:20Z</time><speed>1.583</speed><sat>28</sat></trkpt>
  <trkpt lat="-33.99468833" lon="-139.98824762"><ele>40.600</ele><time>2026-08-20T16:34:21Z</time><speed>1.524</speed><sat>29</sat></trkpt>
  <trkpt lat="-33.99469167" lon="-139.98824762"><ele>39.600</ele><time>2026-08-20T16:34:22Z</time><speed>1.437</speed><sat>28</sat></trkpt>
  <trkpt lat="-33.99468833" lon="-139.98823106"><ele>39.000</ele><time>2026-08-20T16:34:23Z</time><speed>1.353</speed><sat>28</sat></trkpt>
  <trkpt lat="-33.99468833" lon="-139.98818256"><ele>38.500</ele><time>2026-08-20T16:34:24Z</time><speed>1.555</speed><sat>27</sat></trkpt>
  <trkpt lat="-33.99468667" lon="-139.98812815"><ele>38.100</ele><time>2026-08-20T16:34:25Z</time><speed>1.721</speed><sat>27</sat></trkpt>
  <trkpt lat="-33.99468167" lon="-139.98807375"><ele>37.700</ele><time>2026-08-20T16:34:26Z</time><speed>1.941</speed><sat>27</sat></trkpt>
  <trkpt lat="-33.99467833" lon="-139.98801697"><ele>37.300</ele><time>2026-08-20T16:34:27Z</time><speed>2.215</speed><sat>27</sat></trkpt>
  <trkpt lat="-33.99467167" lon="-139.98794009"><ele>36.700</ele><time>2026-08-20T16:34:28Z</time><speed>2.565</speed><sat>27</sat></trkpt>
  <trkpt lat="-33.99466667" lon="-139.98787385"><ele>35.900</ele><time>2026-08-20T16:34:29Z</time><speed>2.929</speed><sat>27</sat></trkpt>
  <trkpt lat="-33.99466167" lon="-139.98782417"><ele>34.800</ele><time>2026-08-20T16:34:30Z</time><speed>3.213</speed><sat>27</sat></trkpt>
  <trkpt lat="-33.99465000" lon="-139.98777686"><ele>34.100</ele><time>2026-08-20T16:34:31Z</time><speed>3.494</speed><sat>27</sat></trkpt>
  <trkpt lat="-33.99464333" lon="-139.98774492"><ele>34.300</ele><time>2026-08-20T16:34:32Z</time><speed>3.691</speed><sat>27</sat></trkpt>
  <trkpt lat="-33.99463833" lon="-139.98771181"><ele>33.900</ele><time>2026-08-20T16:34:33Z</time><speed>3.782</speed><sat>28</sat></trkpt>
  <trkpt lat="-33.99463833" lon="-139.98769407"><ele>33.900</ele><time>2026-08-20T16:34:34Z</time><speed>3.462</speed><sat>28</sat></trkpt>
  <trkpt lat="-33.99464000" lon="-139.98768460"><ele>34.200</ele><time>2026-08-20T16:34:35Z</time><speed>3.067</speed><sat>26</sat></trkpt>
  <trkpt lat="-33.99464333" lon="-139.98767632"><ele>34.700</ele><time>2026-08-20T16:34:36Z</time><speed>2.649</speed><sat>28</sat></trkpt>
  <trkpt lat="-33.99464500" lon="-139.98768224"><ele>35.100</ele><time>2026-08-20T16:34:37Z</time><speed>2.254</speed><sat>28</sat></trkpt>
  <trkpt lat="-33.99464333" lon="-139.98769524"><ele>35.000</ele><time>2026-08-20T16:34:38Z</time><speed>1.896</speed><sat>29</sat></trkpt>
  <trkpt lat="-33.99464500" lon="-139.98770707"><ele>35.400</ele><time>2026-08-20T16:34:39Z</time><speed>1.579</speed><sat>30</sat></trkpt>
  <trkpt lat="-33.99464667" lon="-139.98772600"><ele>35.500</ele><time>2026-08-20T16:34:40Z</time><speed>1.339</speed><sat>30</sat></trkpt>
  <trkpt lat="-33.99465333" lon="-139.98775202"><ele>36.000</ele><time>2026-08-20T16:34:41Z</time><speed>1.164</speed><sat>30</sat></trkpt>
  <trkpt lat="-33.99465500" lon="-139.98778514"><ele>36.200</ele><time>2026-08-20T16:34:42Z</time><speed>1.082</speed><sat>30</sat></trkpt>
  <trkpt lat="-33.99466000" lon="-139.98782181"><ele>36.600</ele><time>2026-08-20T16:34:43Z</time><speed>1.125</speed><sat>29</sat></trkpt>
  <trkpt lat="-33.99466167" lon="-139.98785729"><ele>36.800</ele><time>2026-08-20T16:34:44Z</time><speed>1.267</speed><sat>29</sat></trkpt>
  <trkpt lat="-33.99466167" lon="-139.98789278"><ele>37.400</ele><time>2026-08-20T16:34:45Z</time><speed>1.458</speed><sat>30</sat></trkpt>
  <trkpt lat="-33.99466500" lon="-139.98793063"><ele>37.900</ele><time>2026-08-20T16:34:46Z</time><speed>1.719</speed><sat>29</sat></trkpt>
  <trkpt lat="-33.99466667" lon="-139.98796729"><ele>38.200</ele><time>2026-08-20T16:34:47Z</time><speed>1.971</speed><sat>29</sat></trkpt>
  <trkpt lat="-33.99466833" lon="-139.98799923"><ele>38.700</ele><time>2026-08-20T16:34:48Z</time><speed>2.128</speed><sat>28</sat></trkpt>
  <trkpt lat="-33.99466667" lon="-139.98802407"><ele>39.000</ele><time>2026-08-20T16:34:49Z</time><speed>2.240</speed><sat>28</sat></trkpt>
  <trkpt lat="-33.99466667" lon="-139.98805363"><ele>39.900</ele><time>2026-08-20T16:34:50Z</time><speed>2.355</speed><sat>29</sat></trkpt>
  <trkpt lat="-33.99466500" lon="-139.98809030"><ele>40.500</ele><time>2026-08-20T16:34:51Z</time><speed>2.440</speed><sat>28</sat></trkpt>
  <trkpt lat="-33.99465667" lon="-139.98812815"><ele>41.200</ele><time>2026-08-20T16:34:52Z</time><speed>2.543</speed><sat>28</sat></trkpt>
  <trkpt lat="-33.99465000" lon="-139.98816127"><ele>42.400</ele><time>2026-08-20T16:34:53Z</time><speed>2.554</speed><sat>30</sat></trkpt>
  <trkpt lat="-33.99464500" lon="-139.98819085"><ele>42.800</ele><time>2026-08-20T16:34:54Z</time><speed>2.537</speed><sat>29</sat></trkpt>
  <trkpt lat="-33.99463667" lon="-139.98822041"><ele>43.500</ele><time>2026-08-20T16:34:55Z</time><speed>2.531</speed><sat>29</sat></trkpt>
  <trkpt lat="-33.99462833" lon="-139.98825353"><ele>43.400</ele><time>2026-08-20T16:34:56Z</time><speed>2.463</speed><sat>28</sat></trkpt>
  <trkpt lat="-33.99462833" lon="-139.98829375"><ele>43.500</ele><time>2026-08-20T16:34:57Z</time><speed>2.468</speed><sat>28</sat></trkpt>
  <trkpt lat="-33.99461500" lon="-139.98833751"><ele>43.900</ele><time>2026-08-20T16:34:58Z</time><speed>2.533</speed><sat>27</sat></trkpt>
  <trkpt lat="-33.99460333" lon="-139.98836827"><ele>43.000</ele><time>2026-08-20T16:34:59Z</time><speed>2.603</speed><sat>27</sat></trkpt>
  <trkpt lat="-33.99460000" lon="-139.98841557"><ele>43.300</ele><time>2026-08-20T16:35:00Z</time><speed>2.632</speed><sat>26</sat></trkpt>
  <trkpt lat="-33.99460167" lon="-139.98845934"><ele>44.400</ele><time>2026-08-20T16:35:01Z</time><speed>2.637</speed><sat>27</sat></trkpt>
  <trkpt lat="-33.99460333" lon="-139.98849837"><ele>45.400</ele><time>2026-08-20T16:35:02Z</time><speed>2.623</speed><sat>27</sat></trkpt>
  <trkpt lat="-33.99459833" lon="-139.98853741"><ele>45.600</ele><time>2026-08-20T16:35:03Z</time><speed>2.625</speed><sat>27</sat></trkpt>
  <trkpt lat="-33.99459167" lon="-139.98856579"><ele>45.000</ele><time>2026-08-20T16:35:04Z</time><speed>2.630</speed><sat>28</sat></trkpt>
  <trkpt lat="-33.99458667" lon="-139.98859300"><ele>43.700</ele><time>2026-08-20T16:35:05Z</time><speed>2.646</speed><sat>28</sat></trkpt>
  <trkpt lat="-33.99458167" lon="-139.98860246"><ele>42.600</ele><time>2026-08-20T16:35:06Z</time><speed>2.541</speed><sat>27</sat></trkpt>
  <trkpt lat="-33.99458333" lon="-139.98860719"><ele>42.600</ele><time>2026-08-20T16:35:07Z</time><speed>2.279</speed><sat>27</sat></trkpt>
  <trkpt lat="-33.99458500" lon="-139.98860837"><ele>42.600</ele><time>2026-08-20T16:35:08Z</time><speed>1.981</speed><sat>26</sat></trkpt>
  <trkpt lat="-33.99458833" lon="-139.98860837"><ele>42.200</ele><time>2026-08-20T16:35:09Z</time><speed>1.709</speed><sat>26</sat></trkpt>
  <trkpt lat="-33.99458333" lon="-139.98860837"><ele>41.300</ele><time>2026-08-20T16:35:10Z</time><speed>1.464</speed><sat>26</sat></trkpt>
  <trkpt lat="-33.99458500" lon="-139.98860956"><ele>40.800</ele><time>2026-08-20T16:35:11Z</time><speed>1.223</speed><sat>25</sat></trkpt>
  <trkpt lat="-33.99458833" lon="-139.98861192"><ele>40.700</ele><time>2026-08-20T16:35:12Z</time><speed>0.983</speed><sat>25</sat></trkpt>
  <trkpt lat="-33.99459000" lon="-139.98861311"><ele>40.800</ele><time>2026-08-20T16:35:13Z</time><speed>0.750</speed><sat>27</sat></trkpt>
  <trkpt lat="-33.99459167" lon="-139.98861783"><ele>40.500</ele><time>2026-08-20T16:35:14Z</time><speed>0.529</speed><sat>27</sat></trkpt>
  <trkpt lat="-33.99460000" lon="-139.98862966"><ele>40.600</ele><time>2026-08-20T16:35:15Z</time><speed>0.000</speed><sat>27</sat></trkpt>
  <trkpt lat="-33.99460167" lon="-139.98864504"><ele>40.500</ele><time>2026-08-20T16:35:16Z</time><speed>0.000</speed><sat>27</sat></trkpt>
  <trkpt lat="-33.99460167" lon="-139.98866042"><ele>40.600</ele><time>2026-08-20T16:35:17Z</time><speed>0.000</speed><sat>26</sat></trkpt>
  <trkpt lat="-33.99460500" lon="-139.98867934"><ele>40.700</ele><time>2026-08-20T16:35:18Z</time><speed>0.249</speed><sat>27</sat></trkpt>
  <trkpt lat="-33.99461500" lon="-139.98870182"><ele>41.200</ele><time>2026-08-20T16:35:19Z</time><speed>0.308</speed><sat>27</sat></trkpt>
  <trkpt lat="-33.99462667" lon="-139.98872192"><ele>42.000</ele><time>2026-08-20T16:35:20Z</time><speed>0.375</speed><sat>27</sat></trkpt>
  <trkpt lat="-33.99464667" lon="-139.98874085"><ele>42.400</ele><time>2026-08-20T16:35:21Z</time><speed>0.484</speed><sat>27</sat></trkpt>
  <trkpt lat="-33.99467000" lon="-139.98875150"><ele>42.900</ele><time>2026-08-20T16:35:22Z</time><speed>0.537</speed><sat>28</sat></trkpt>
  <trkpt lat="-33.99467833" lon="-139.98875622"><ele>43.300</ele><time>2026-08-20T16:35:23Z</time><speed>0.551</speed><sat>28</sat></trkpt>
  <trkpt lat="-33.99468333" lon="-139.98875859"><ele>43.900</ele><time>2026-08-20T16:35:24Z</time><speed>0.569</speed><sat>28</sat></trkpt>
  <trkpt lat="-33.99469333" lon="-139.98875741"><ele>44.400</ele><time>2026-08-20T16:35:25Z</time><speed>0.582</speed><sat>28</sat></trkpt>
  <trkpt lat="-33.99470333" lon="-139.98876096"><ele>44.900</ele><time>2026-08-20T16:35:26Z</time><speed>0.577</speed><sat>28</sat></trkpt>
  <trkpt lat="-33.99470333" lon="-139.98876687"><ele>45.200</ele><time>2026-08-20T16:35:27Z</time><speed>0.554</speed><sat>28</sat></trkpt>
  <trkpt lat="-33.99470167" lon="-139.98877396"><ele>45.500</ele><time>2026-08-20T16:35:28Z</time><speed>0.533</speed><sat>28</sat></trkpt>
  <trkpt lat="-33.99470667" lon="-139.98877634"><ele>45.700</ele><time>2026-08-20T16:35:29Z</time><speed>0.484</speed><sat>28</sat></trkpt>
  <trkpt lat="-33.99471167" lon="-139.98877279"><ele>46.000</ele><time>2026-08-20T16:35:30Z</time><speed>0.410</speed><sat>29</sat></trkpt>
  <trkpt lat="-33.99471500" lon="-139.98876450"><ele>46.000</ele><time>2026-08-20T16:35:31Z</time><speed>0.000</speed><sat>29</sat></trkpt>
  <trkpt lat="-33.99472167" lon="-139.98876332"><ele>46.000</ele><time>2026-08-20T16:35:32Z</time><speed>0.000</speed><sat>30</sat></trkpt>
  <trkpt lat="-33.99472333" lon="-139.98876332"><ele>46.000</ele><time>2026-08-20T16:35:33Z</time><speed>0.000</speed><sat>30</sat></trkpt>
  <trkpt lat="-33.99472333" lon="-139.98876332"><ele>46.000</ele><time>2026-08-20T16:35:34Z</time><speed>0.000</speed><sat>30</sat></trkpt>
  <trkpt lat="-33.99472333" lon="-139.98876332"><ele>46.000</ele><time>2026-08-20T16:35:35Z</time><speed>0.000</speed><sat>29</sat></trkpt>
  <trkpt lat="-33.99472333" lon="-139.98876332"><ele>46.000</ele><time>2026-08-20T16:35:36Z</time><speed>0.000</speed><sat>29</sat></trkpt>
  <trkpt lat="-33.99472333" lon="-139.98876332"><ele>46.000</ele><time>2026-08-20T16:35:37Z</time><speed>0.000</speed><sat>29</sat></trkpt>
  <trkpt lat="-33.99472333" lon="-139.98876332"><ele>46.000</ele><time>2026-08-20T16:35:38Z</time><speed>0.000</speed><sat>29</sat></trkpt>
  <trkpt lat="-33.99472333" lon="-139.98876332"><ele>46.000</ele><time>2026-08-20T16:35:39Z</time><speed>0.000</speed><sat>27</sat></trkpt>
  <trkpt lat="-33.99472333" lon="-139.98876332"><ele>46.000</ele><time>2026-08-20T16:35:40Z</time><speed>0.000</speed><sat>28</sat></trkpt>
  <trkpt lat="-33.99472333" lon="-139.98876332"><ele>46.000</ele><time>2026-08-20T16:35:41Z</time><speed>0.000</speed><sat>28</sat></trkpt>
  <trkpt lat="-33.99472333" lon="-139.98876332"><ele>46.000</ele><time>2026-08-20T16:35:42Z</time><speed>0.000</speed><sat>29</sat></trkpt>
  <trkpt lat="-33.99472333" lon="-139.98876332"><ele>46.000</ele><time>2026-08-20T16:35:43Z</time><speed>0.000</speed><sat>28</sat></trkpt>
  <trkpt lat="-33.99472333" lon="-139.98876332"><ele>46.000</ele><time>2026-08-20T16:35:44Z</time><speed>0.000</speed><sat>27</sat></trkpt>
  <trkpt lat="-33.99472333" lon="-139.98876332"><ele>46.000</ele><time>2026-08-20T16:35:45Z</time><speed>0.000</speed><sat>27</sat></trkpt>
  <trkpt lat="-33.99472333" lon="-139.98876332"><ele>46.000</ele><time>2026-08-20T16:35:46Z</time><speed>0.000</speed><sat>26</sat></trkpt>
  <trkpt lat="-33.99472333" lon="-139.98876332"><ele>46.000</ele><time>2026-08-20T16:35:47Z</time><speed>0.000</speed><sat>26</sat></trkpt>
  <trkpt lat="-33.99472333" lon="-139.98876332"><ele>46.000</ele><time>2026-08-20T16:35:48Z</time><speed>0.000</speed><sat>27</sat></trkpt>
  <trkpt lat="-33.99472333" lon="-139.98876332"><ele>46.000</ele><time>2026-08-20T16:35:49Z</time><speed>0.000</speed><sat>27</sat></trkpt>
  <trkpt lat="-33.99472333" lon="-139.98876332"><ele>46.000</ele><time>2026-08-20T16:35:50Z</time><speed>0.000</speed><sat>27</sat></trkpt>
  <trkpt lat="-33.99472333" lon="-139.98876332"><ele>46.000</ele><time>2026-08-20T16:35:51Z</time><speed>0.000</speed><sat>28</sat></trkpt>
  <trkpt lat="-33.99472333" lon="-139.98876332"><ele>46.000</ele><time>2026-08-20T16:35:52Z</time><speed>0.000</speed><sat>28</sat></trkpt>
  <trkpt lat="-33.99472333" lon="-139.98876332"><ele>46.000</ele><time>2026-08-20T16:35:53Z</time><speed>0.000</speed><sat>28</sat></trkpt>
  <trkpt lat="-33.99472333" lon="-139.98876332"><ele>46.000</ele><time>2026-08-20T16:35:54Z</time><speed>0.000</speed><sat>27</sat></trkpt>
  <trkpt lat="-33.99472333" lon="-139.98876332"><ele>46.000</ele><time>2026-08-20T16:35:55Z</time><speed>0.000</speed><sat>27</sat></trkpt>
  <trkpt lat="-33.99472333" lon="-139.98876332"><ele>46.000</ele><time>2026-08-20T16:35:56Z</time><speed>0.000</speed><sat>27</sat></trkpt>
  <trkpt lat="-33.99472333" lon="-139.98876332"><ele>46.000</ele><time>2026-08-20T16:35:57Z</time><speed>0.000</speed><sat>27</sat></trkpt>
  <trkpt lat="-33.99472333" lon="-139.98876332"><ele>46.000</ele><time>2026-08-20T16:35:58Z</time><speed>0.000</speed><sat>27</sat></trkpt>
  <trkpt lat="-33.99472333" lon="-139.98876332"><ele>46.000</ele><time>2026-08-20T16:35:59Z</time><speed>0.000</speed><sat>27</sat></trkpt>
  <trkpt lat="-33.99472333" lon="-139.98876332"><ele>46.000</ele><time>2026-08-20T16:36:00Z</time><speed>0.000</speed><sat>27</sat></trkpt>
  <trkpt lat="-33.99472333" lon="-139.98876332"><ele>46.000</ele><time>2026-08-20T16:36:01Z</time><speed>0.000</speed><sat>27</sat></trkpt>
  <trkpt lat="-33.99472333" lon="-139.98876332"><ele>46.000</ele><time>2026-08-20T16:36:02Z</time><speed>0.000</speed><sat>26</sat></trkpt>
  <trkpt lat="-33.99472333" lon="-139.98876332"><ele>46.000</ele><time>2026-08-20T16:36:03Z</time><speed>0.000</speed><sat>27</sat></trkpt>
  <trkpt lat="-33.99472333" lon="-139.98876332"><ele>46.000</ele><time>2026-08-20T16:36:04Z</time><speed>0.000</speed><sat>27</sat></trkpt>
  <trkpt lat="-33.99472333" lon="-139.98876332"><ele>46.000</ele><time>2026-08-20T16:36:05Z</time><speed>0.000</speed><sat>28</sat></trkpt>
  <trkpt lat="-33.99472333" lon="-139.98876332"><ele>46.000</ele><time>2026-08-20T16:36:06Z</time><speed>0.000</speed><sat>28</sat></trkpt>
  <trkpt lat="-33.99472333" lon="-139.98876332"><ele>46.000</ele><time>2026-08-20T16:36:07Z</time><speed>0.000</speed><sat>28</sat></trkpt>
  <trkpt lat="-33.99470167" lon="-139.98877988"><ele>40.500</ele><time>2026-08-20T16:36:08Z</time><speed>0.308</speed><sat>28</sat></trkpt>
  <trkpt lat="-33.99470500" lon="-139.98877160"><ele>40.700</ele><time>2026-08-20T16:36:09Z</time><speed>0.000</speed><sat>28</sat></trkpt>
  <trkpt lat="-33.99471500" lon="-139.98877160"><ele>41.000</ele><time>2026-08-20T16:36:10Z</time><speed>0.000</speed><sat>28</sat></trkpt>
  <trkpt lat="-33.99472500" lon="-139.98877279"><ele>41.100</ele><time>2026-08-20T16:36:11Z</time><speed>0.399</speed><sat>28</sat></trkpt>
  <trkpt lat="-33.99473667" lon="-139.98877988"><ele>41.400</ele><time>2026-08-20T16:36:12Z</time><speed>0.494</speed><sat>28</sat></trkpt>
  <trkpt lat="-33.99475000" lon="-139.98878934"><ele>41.500</ele><time>2026-08-20T16:36:13Z</time><speed>0.595</speed><sat>28</sat></trkpt>
  <trkpt lat="-33.99476333" lon="-139.98880354"><ele>41.700</ele><time>2026-08-20T16:36:14Z</time><speed>0.702</speed><sat>28</sat></trkpt>
  <trkpt lat="-33.99476833" lon="-139.98882364"><ele>41.900</ele><time>2026-08-20T16:36:15Z</time><speed>0.815</speed><sat>28</sat></trkpt>
  <trkpt lat="-33.99477333" lon="-139.98884257"><ele>42.100</ele><time>2026-08-20T16:36:16Z</time><speed>0.891</speed><sat>28</sat></trkpt>
  <trkpt lat="-33.99477667" lon="-139.98885795"><ele>42.100</ele><time>2026-08-20T16:36:17Z</time><speed>0.907</speed><sat>28</sat></trkpt>
  <trkpt lat="-33.99477667" lon="-139.98887214"><ele>42.100</ele><time>2026-08-20T16:36:18Z</time><speed>0.913</speed><sat>28</sat></trkpt>
  <trkpt lat="-33.99477000" lon="-139.98887569"><ele>41.800</ele><time>2026-08-20T16:36:19Z</time><speed>0.936</speed><sat>28</sat></trkpt>
  <trkpt lat="-33.99476500" lon="-139.98888515"><ele>41.900</ele><time>2026-08-20T16:36:20Z</time><speed>0.950</speed><sat>29</sat></trkpt>
  <trkpt lat="-33.99475833" lon="-139.98889816"><ele>42.000</ele><time>2026-08-20T16:36:21Z</time><speed>0.981</speed><sat>29</sat></trkpt>
  <trkpt lat="-33.99474833" lon="-139.98891709"><ele>42.300</ele><time>2026-08-20T16:36:22Z</time><speed>1.013</speed><sat>29</sat></trkpt>
  <trkpt lat="-33.99473833" lon="-139.98894193"><ele>42.800</ele><time>2026-08-20T16:36:23Z</time><speed>1.065</speed><sat>29</sat></trkpt>
  <trkpt lat="-33.99473000" lon="-139.98896322"><ele>43.000</ele><time>2026-08-20T16:36:24Z</time><speed>0.959</speed><sat>29</sat></trkpt>
  <trkpt lat="-33.99473167" lon="-139.98897505"><ele>44.000</ele><time>2026-08-20T16:36:25Z</time><speed>0.899</speed><sat>29</sat></trkpt>
  <trkpt lat="-33.99473000" lon="-139.98899515"><ele>44.600</ele><time>2026-08-20T16:36:26Z</time><speed>0.875</speed><sat>29</sat></trkpt>
  <trkpt lat="-33.99473000" lon="-139.98901408"><ele>45.500</ele><time>2026-08-20T16:36:27Z</time><speed>0.852</speed><sat>29</sat></trkpt>
  <trkpt lat="-33.99472833" lon="-139.98903300"><ele>46.100</ele><time>2026-08-20T16:36:28Z</time><speed>0.850</speed><sat>28</sat></trkpt>
  <trkpt lat="-33.99472000" lon="-139.98905666"><ele>46.400</ele><time>2026-08-20T16:36:29Z</time><speed>0.836</speed><sat>28</sat></trkpt>
  <trkpt lat="-33.99471500" lon="-139.98906376"><ele>46.100</ele><time>2026-08-20T16:36:30Z</time><speed>0.793</speed><sat>28</sat></trkpt>
  <trkpt lat="-33.99471167" lon="-139.98907440"><ele>45.700</ele><time>2026-08-20T16:36:31Z</time><speed>0.697</speed><sat>28</sat></trkpt>
  <trkpt lat="-33.99471000" lon="-139.98909215"><ele>45.300</ele><time>2026-08-20T16:36:32Z</time><speed>0.592</speed><sat>28</sat></trkpt>
  <trkpt lat="-33.99470833" lon="-139.98911107"><ele>45.000</ele><time>2026-08-20T16:36:33Z</time><speed>0.464</speed><sat>28</sat></trkpt>
  <trkpt lat="-33.99471167" lon="-139.98913236"><ele>44.700</ele><time>2026-08-20T16:36:34Z</time><speed>0.553</speed><sat>27</sat></trkpt>
  <trkpt lat="-33.99470833" lon="-139.98916784"><ele>44.600</ele><time>2026-08-20T16:36:35Z</time><speed>0.557</speed><sat>28</sat></trkpt>
  <trkpt lat="-33.99470500" lon="-139.98919268"><ele>44.200</ele><time>2026-08-20T16:36:36Z</time><speed>0.575</speed><sat>28</sat></trkpt>
  <trkpt lat="-33.99470333" lon="-139.98923053"><ele>43.900</ele><time>2026-08-20T16:36:37Z</time><speed>0.668</speed><sat>28</sat></trkpt>
  <trkpt lat="-33.99470167" lon="-139.98926247"><ele>43.100</ele><time>2026-08-20T16:36:38Z</time><speed>0.801</speed><sat>28</sat></trkpt>
  <trkpt lat="-33.99470000" lon="-139.98929441"><ele>42.400</ele><time>2026-08-20T16:36:39Z</time><speed>0.946</speed><sat>28</sat></trkpt>
  <trkpt lat="-33.99469667" lon="-139.98931924"><ele>42.000</ele><time>2026-08-20T16:36:40Z</time><speed>1.055</speed><sat>28</sat></trkpt>
  <trkpt lat="-33.99469500" lon="-139.98933816"><ele>40.800</ele><time>2026-08-20T16:36:41Z</time><speed>1.169</speed><sat>28</sat></trkpt>
  <trkpt lat="-33.99469833" lon="-139.98935118"><ele>40.100</ele><time>2026-08-20T16:36:42Z</time><speed>1.233</speed><sat>28</sat></trkpt>
  <trkpt lat="-33.99470500" lon="-139.98936537"><ele>39.600</ele><time>2026-08-20T16:36:43Z</time><speed>1.319</speed><sat>27</sat></trkpt>
  <trkpt lat="-33.99470833" lon="-139.98936537"><ele>38.900</ele><time>2026-08-20T16:36:44Z</time><speed>1.227</speed><sat>27</sat></trkpt>
  <trkpt lat="-33.99471167" lon="-139.98936655"><ele>39.000</ele><time>2026-08-20T16:36:45Z</time><speed>1.165</speed><sat>27</sat></trkpt>
  <trkpt lat="-33.99472000" lon="-139.98937129"><ele>39.100</ele><time>2026-08-20T16:36:46Z</time><speed>1.100</speed><sat>28</sat></trkpt>
  <trkpt lat="-33.99473000" lon="-139.98937483"><ele>39.000</ele><time>2026-08-20T16:36:47Z</time><speed>1.007</speed><sat>27</sat></trkpt>
  <trkpt lat="-33.99474000" lon="-139.98937838"><ele>39.000</ele><time>2026-08-20T16:36:48Z</time><speed>0.876</speed><sat>27</sat></trkpt>
  <trkpt lat="-33.99475667" lon="-139.98937957"><ele>39.300</ele><time>2026-08-20T16:36:49Z</time><speed>0.773</speed><sat>27</sat></trkpt>
  <trkpt lat="-33.99477167" lon="-139.98938548"><ele>39.100</ele><time>2026-08-20T16:36:50Z</time><speed>0.742</speed><sat>27</sat></trkpt>
  <trkpt lat="-33.99478000" lon="-139.98938903"><ele>39.100</ele><time>2026-08-20T16:36:51Z</time><speed>0.690</speed><sat>27</sat></trkpt>
  <trkpt lat="-33.99478500" lon="-139.98940086"><ele>39.100</ele><time>2026-08-20T16:36:52Z</time><speed>0.620</speed><sat>27</sat></trkpt>
  <trkpt lat="-33.99479333" lon="-139.98941150"><ele>38.900</ele><time>2026-08-20T16:36:53Z</time><speed>0.544</speed><sat>27</sat></trkpt>
  <trkpt lat="-33.99480333" lon="-139.98942570"><ele>38.800</ele><time>2026-08-20T16:36:54Z</time><speed>0.598</speed><sat>27</sat></trkpt>
  <trkpt lat="-33.99480667" lon="-139.98944344"><ele>38.500</ele><time>2026-08-20T16:36:55Z</time><speed>0.661</speed><sat>27</sat></trkpt>
  <trkpt lat="-33.99480667" lon="-139.98946236"><ele>38.200</ele><time>2026-08-20T16:36:56Z</time><speed>0.710</speed><sat>26</sat></trkpt>
  <trkpt lat="-33.99480667" lon="-139.98948129"><ele>37.900</ele><time>2026-08-20T16:36:57Z</time><speed>0.756</speed><sat>28</sat></trkpt>
  <trkpt lat="-33.99480500" lon="-139.98950494"><ele>37.700</ele><time>2026-08-20T16:36:58Z</time><speed>0.795</speed><sat>28</sat></trkpt>
  <trkpt lat="-33.99479333" lon="-139.98952387"><ele>37.100</ele><time>2026-08-20T16:36:59Z</time><speed>0.861</speed><sat>28</sat></trkpt>
  <trkpt lat="-33.99478333" lon="-139.98954397"><ele>36.700</ele><time>2026-08-20T16:37:00Z</time><speed>0.910</speed><sat>28</sat></trkpt>
  <trkpt lat="-33.99477333" lon="-139.98956290"><ele>36.200</ele><time>2026-08-20T16:37:01Z</time><speed>0.986</speed><sat>28</sat></trkpt>
  <trkpt lat="-33.99476000" lon="-139.98958538"><ele>35.600</ele><time>2026-08-20T16:37:02Z</time><speed>1.106</speed><sat>28</sat></trkpt>
  <trkpt lat="-33.99475333" lon="-139.98960667"><ele>35.500</ele><time>2026-08-20T16:37:03Z</time><speed>1.172</speed><sat>28</sat></trkpt>
  <trkpt lat="-33.99474333" lon="-139.98962559"><ele>35.300</ele><time>2026-08-20T16:37:04Z</time><speed>1.208</speed><sat>28</sat></trkpt>
  <trkpt lat="-33.99474000" lon="-139.98963860"><ele>35.000</ele><time>2026-08-20T16:37:05Z</time><speed>1.190</speed><sat>26</sat></trkpt>
  <trkpt lat="-33.99474167" lon="-139.98964806"><ele>34.900</ele><time>2026-08-20T16:37:06Z</time><speed>1.142</speed><sat>28</sat></trkpt>
  <trkpt lat="-33.99474167" lon="-139.98965516"><ele>34.800</ele><time>2026-08-20T16:37:07Z</time><speed>1.072</speed><sat>28</sat></trkpt>
  <trkpt lat="-33.99473833" lon="-139.98966580"><ele>34.800</ele><time>2026-08-20T16:37:08Z</time><speed>1.000</speed><sat>28</sat></trkpt>
  <trkpt lat="-33.99473667" lon="-139.98968118"><ele>34.900</ele><time>2026-08-20T16:37:09Z</time><speed>0.882</speed><sat>27</sat></trkpt>
  <trkpt lat="-33.99474000" lon="-139.98969538"><ele>35.300</ele><time>2026-08-20T16:37:10Z</time><speed>0.797</speed><sat>28</sat></trkpt>
  <trkpt lat="-33.99474500" lon="-139.98971312"><ele>35.500</ele><time>2026-08-20T16:37:11Z</time><speed>0.779</speed><sat>28</sat></trkpt>
  <trkpt lat="-33.99475167" lon="-139.98973441"><ele>35.700</ele><time>2026-08-20T16:37:12Z</time><speed>0.708</speed><sat>28</sat></trkpt>
  <trkpt lat="-33.99475833" lon="-139.98976161"><ele>36.100</ele><time>2026-08-20T16:37:13Z</time><speed>0.741</speed><sat>28</sat></trkpt>
  <trkpt lat="-33.99476500" lon="-139.98978527"><ele>36.300</ele><time>2026-08-20T16:37:14Z</time><speed>0.754</speed><sat>28</sat></trkpt>
  <trkpt lat="-33.99477000" lon="-139.98979828"><ele>36.400</ele><time>2026-08-20T16:37:15Z</time><speed>0.764</speed><sat>29</sat></trkpt>
  <trkpt lat="-33.99477333" lon="-139.98980893"><ele>36.500</ele><time>2026-08-20T16:37:16Z</time><speed>0.808</speed><sat>28</sat></trkpt>
  <trkpt lat="-33.99477667" lon="-139.98982194"><ele>36.600</ele><time>2026-08-20T16:37:17Z</time><speed>0.855</speed><sat>27</sat></trkpt>
  <trkpt lat="-33.99477833" lon="-139.98983258"><ele>36.800</ele><time>2026-08-20T16:37:18Z</time><speed>0.865</speed><sat>28</sat></trkpt>
  <trkpt lat="-33.99478000" lon="-139.98983731"><ele>36.900</ele><time>2026-08-20T16:37:19Z</time><speed>0.000</speed><sat>28</sat></trkpt>
  <trkpt lat="-33.99478500" lon="-139.98984796"><ele>36.800</ele><time>2026-08-20T16:37:20Z</time><speed>0.842</speed><sat>28</sat></trkpt>
  <trkpt lat="-33.99479167" lon="-139.98985269"><ele>36.700</ele><time>2026-08-20T16:37:21Z</time><speed>0.742</speed><sat>28</sat></trkpt>
  <trkpt lat="-33.99479167" lon="-139.98985742"><ele>36.900</ele><time>2026-08-20T16:37:22Z</time><speed>0.666</speed><sat>28</sat></trkpt>
  <trkpt lat="-33.99479667" lon="-139.98985860"><ele>37.300</ele><time>2026-08-20T16:37:23Z</time><speed>0.546</speed><sat>28</sat></trkpt>
  <trkpt lat="-33.99480000" lon="-139.98986097"><ele>37.300</ele><time>2026-08-20T16:37:24Z</time><speed>0.450</speed><sat>27</sat></trkpt>
  <trkpt lat="-33.99480167" lon="-139.98986688"><ele>37.400</ele><time>2026-08-20T16:37:25Z</time><speed>0.000</speed><sat>27</sat></trkpt>
  <trkpt lat="-33.99480167" lon="-139.98987280"><ele>37.600</ele><time>2026-08-20T16:37:26Z</time><speed>0.000</speed><sat>27</sat></trkpt>
  <trkpt lat="-33.99479833" lon="-139.98987280"><ele>37.700</ele><time>2026-08-20T16:37:27Z</time><speed>0.000</speed><sat>27</sat></trkpt>
  <trkpt lat="-33.99479833" lon="-139.98987280"><ele>37.700</ele><time>2026-08-20T16:37:28Z</time><speed>0.000</speed><sat>27</sat></trkpt>
  <trkpt lat="-33.99479833" lon="-139.98987280"><ele>37.700</ele><time>2026-08-20T16:37:29Z</time><speed>0.000</speed><sat>27</sat></trkpt>
  <trkpt lat="-33.99479833" lon="-139.98987280"><ele>37.700</ele><time>2026-08-20T16:37:30Z</time><speed>0.000</speed><sat>26</sat></trkpt>
  <trkpt lat="-33.99479833" lon="-139.98987280"><ele>37.700</ele><time>2026-08-20T16:37:31Z</time><speed>0.000</speed><sat>27</sat></trkpt>
  <trkpt lat="-33.99476833" lon="-139.98984796"><ele>39.700</ele><time>2026-08-20T16:37:32Z</time><speed>0.288</speed><sat>27</sat></trkpt>
  <trkpt lat="-33.99476667" lon="-139.98984086"><ele>39.800</ele><time>2026-08-20T16:37:33Z</time><speed>0.000</speed><sat>27</sat></trkpt>
  <trkpt lat="-33.99476667" lon="-139.98983377"><ele>40.000</ele><time>2026-08-20T16:37:34Z</time><speed>0.000</speed><sat>27</sat></trkpt>
  <trkpt lat="-33.99475667" lon="-139.98981957"><ele>40.100</ele><time>2026-08-20T16:37:35Z</time><speed>0.356</speed><sat>27</sat></trkpt>
  <trkpt lat="-33.99475167" lon="-139.98980301"><ele>40.200</ele><time>2026-08-20T16:37:36Z</time><speed>0.430</speed><sat>27</sat></trkpt>
  <trkpt lat="-33.99474833" lon="-139.98978764"><ele>40.300</ele><time>2026-08-20T16:37:37Z</time><speed>0.499</speed><sat>28</sat></trkpt>
  <trkpt lat="-33.99474667" lon="-139.98977581"><ele>40.100</ele><time>2026-08-20T16:37:38Z</time><speed>0.552</speed><sat>28</sat></trkpt>
  <trkpt lat="-33.99474833" lon="-139.98975806"><ele>39.900</ele><time>2026-08-20T16:37:39Z</time><speed>0.605</speed><sat>28</sat></trkpt>
  <trkpt lat="-33.99475667" lon="-139.98974860"><ele>39.800</ele><time>2026-08-20T16:37:40Z</time><speed>0.623</speed><sat>28</sat></trkpt>
  <trkpt lat="-33.99476333" lon="-139.98973559"><ele>39.800</ele><time>2026-08-20T16:37:41Z</time><speed>0.635</speed><sat>28</sat></trkpt>
  <trkpt lat="-33.99477000" lon="-139.98973086"><ele>39.700</ele><time>2026-08-20T16:37:42Z</time><speed>0.637</speed><sat>28</sat></trkpt>
  <trkpt lat="-33.99477500" lon="-139.98972968"><ele>39.800</ele><time>2026-08-20T16:37:43Z</time><speed>0.640</speed><sat>28</sat></trkpt>
  <trkpt lat="-33.99477833" lon="-139.98973204"><ele>39.900</ele><time>2026-08-20T16:37:44Z</time><speed>0.628</speed><sat>28</sat></trkpt>
  <trkpt lat="-33.99477500" lon="-139.98973677"><ele>39.900</ele><time>2026-08-20T16:37:45Z</time><speed>0.585</speed><sat>28</sat></trkpt>
  <trkpt lat="-33.99477167" lon="-139.98974268"><ele>40.000</ele><time>2026-08-20T16:37:46Z</time><speed>0.521</speed><sat>28</sat></trkpt>
  <trkpt lat="-33.99476167" lon="-139.98974623"><ele>40.000</ele><time>2026-08-20T16:37:47Z</time><speed>0.514</speed><sat>28</sat></trkpt>
  <trkpt lat="-33.99474833" lon="-139.98974978"><ele>39.700</ele><time>2026-08-20T16:37:48Z</time><speed>0.521</speed><sat>28</sat></trkpt>
  <trkpt lat="-33.99473500" lon="-139.98975215"><ele>39.600</ele><time>2026-08-20T16:37:49Z</time><speed>0.526</speed><sat>28</sat></trkpt>
  <trkpt lat="-33.99472167" lon="-139.98975097"><ele>39.300</ele><time>2026-08-20T16:37:50Z</time><speed>0.576</speed><sat>28</sat></trkpt>
  <trkpt lat="-33.99471000" lon="-139.98974623"><ele>39.000</ele><time>2026-08-20T16:37:51Z</time><speed>0.620</speed><sat>28</sat></trkpt>
  <trkpt lat="-33.99470167" lon="-139.98974268"><ele>39.100</ele><time>2026-08-20T16:37:52Z</time><speed>0.661</speed><sat>29</sat></trkpt>
  <trkpt lat="-33.99469000" lon="-139.98974506"><ele>39.400</ele><time>2026-08-20T16:37:53Z</time><speed>0.665</speed><sat>28</sat></trkpt>
  <trkpt lat="-33.99468167" lon="-139.98974623"><ele>39.500</ele><time>2026-08-20T16:37:54Z</time><speed>0.669</speed><sat>29</sat></trkpt>
  <trkpt lat="-33.99468333" lon="-139.98974860"><ele>39.800</ele><time>2026-08-20T16:37:55Z</time><speed>0.676</speed><sat>28</sat></trkpt>
  <trkpt lat="-33.99468667" lon="-139.98975452"><ele>39.800</ele><time>2026-08-20T16:37:56Z</time><speed>0.687</speed><sat>29</sat></trkpt>
  <trkpt lat="-33.99468833" lon="-139.98976398"><ele>39.700</ele><time>2026-08-20T16:37:57Z</time><speed>0.673</speed><sat>28</sat></trkpt>
  <trkpt lat="-33.99469167" lon="-139.98977462"><ele>39.600</ele><time>2026-08-20T16:37:58Z</time><speed>0.653</speed><sat>28</sat></trkpt>
  <trkpt lat="-33.99469500" lon="-139.98978645"><ele>39.700</ele><time>2026-08-20T16:37:59Z</time><speed>0.655</speed><sat>28</sat></trkpt>
  <trkpt lat="-33.99469000" lon="-139.98980419"><ele>39.400</ele><time>2026-08-20T16:38:00Z</time><speed>0.635</speed><sat>28</sat></trkpt>
  <trkpt lat="-33.99469000" lon="-139.98981602"><ele>39.300</ele><time>2026-08-20T16:38:01Z</time><speed>0.600</speed><sat>28</sat></trkpt>
  <trkpt lat="-33.99468833" lon="-139.98982785"><ele>39.300</ele><time>2026-08-20T16:38:02Z</time><speed>0.588</speed><sat>29</sat></trkpt>
  <trkpt lat="-33.99468667" lon="-139.98984086"><ele>39.500</ele><time>2026-08-20T16:38:03Z</time><speed>0.619</speed><sat>29</sat></trkpt>
  <trkpt lat="-33.99468500" lon="-139.98985742"><ele>39.500</ele><time>2026-08-20T16:38:04Z</time><speed>0.000</speed><sat>28</sat></trkpt>
  <trkpt lat="-33.99468500" lon="-139.98987161"><ele>39.400</ele><time>2026-08-20T16:38:05Z</time><speed>0.000</speed><sat>27</sat></trkpt>
  <trkpt lat="-33.99468000" lon="-139.98989054"><ele>39.300</ele><time>2026-08-20T16:38:06Z</time><speed>0.817</speed><sat>26</sat></trkpt>
  <trkpt lat="-33.99467500" lon="-139.98991656"><ele>39.300</ele><time>2026-08-20T16:38:07Z</time><speed>0.871</speed><sat>27</sat></trkpt>
  <trkpt lat="-33.99466833" lon="-139.98994494"><ele>39.300</ele><time>2026-08-20T16:38:08Z</time><speed>0.853</speed><sat>26</sat></trkpt>
  <trkpt lat="-33.99466667" lon="-139.98995796"><ele>39.100</ele><time>2026-08-20T16:38:09Z</time><speed>0.777</speed><sat>26</sat></trkpt>
  <trkpt lat="-33.99466500" lon="-139.98996861"><ele>38.800</ele><time>2026-08-20T16:38:10Z</time><speed>0.721</speed><sat>26</sat></trkpt>
  <trkpt lat="-33.99466667" lon="-139.98997925"><ele>39.000</ele><time>2026-08-20T16:38:11Z</time><speed>0.689</speed><sat>25</sat></trkpt>
  <trkpt lat="-33.99467000" lon="-139.98998753"><ele>39.100</ele><time>2026-08-20T16:38:12Z</time><speed>0.631</speed><sat>25</sat></trkpt>
  <trkpt lat="-33.99467000" lon="-139.98999344"><ele>39.500</ele><time>2026-08-20T16:38:13Z</time><speed>0.565</speed><sat>24</sat></trkpt>
  <trkpt lat="-33.99467333" lon="-139.98999817"><ele>39.600</ele><time>2026-08-20T16:38:14Z</time><speed>0.471</speed><sat>26</sat></trkpt>
  <trkpt lat="-33.99467333" lon="-139.99000645"><ele>39.700</ele><time>2026-08-20T16:38:15Z</time><speed>0.000</speed><sat>25</sat></trkpt>
  <trkpt lat="-33.99467833" lon="-139.99002065"><ele>39.600</ele><time>2026-08-20T16:38:16Z</time><speed>0.000</speed><sat>25</sat></trkpt>
  <trkpt lat="-33.99468833" lon="-139.99003603"><ele>39.600</ele><time>2026-08-20T16:38:17Z</time><speed>0.000</speed><sat>25</sat></trkpt>
  <trkpt lat="-33.99470000" lon="-139.99004549"><ele>39.300</ele><time>2026-08-20T16:38:18Z</time><speed>0.265</speed><sat>26</sat></trkpt>
  <trkpt lat="-33.99471167" lon="-139.99004903"><ele>39.300</ele><time>2026-08-20T16:38:19Z</time><speed>0.307</speed><sat>26</sat></trkpt>
  <trkpt lat="-33.99472833" lon="-139.99005022"><ele>39.400</ele><time>2026-08-20T16:38:20Z</time><speed>0.364</speed><sat>26</sat></trkpt>
  <trkpt lat="-33.99474333" lon="-139.99004903"><ele>39.200</ele><time>2026-08-20T16:38:21Z</time><speed>0.398</speed><sat>26</sat></trkpt>
  <trkpt lat="-33.99475167" lon="-139.99005022"><ele>39.400</ele><time>2026-08-20T16:38:22Z</time><speed>0.423</speed><sat>27</sat></trkpt>
  <trkpt lat="-33.99476167" lon="-139.99004903"><ele>39.600</ele><time>2026-08-20T16:38:23Z</time><speed>0.475</speed><sat>26</sat></trkpt>
  <trkpt lat="-33.99477333" lon="-139.99005140"><ele>39.500</ele><time>2026-08-20T16:38:24Z</time><speed>0.517</speed><sat>26</sat></trkpt>
  <trkpt lat="-33.99478500" lon="-139.99005377"><ele>39.900</ele><time>2026-08-20T16:38:25Z</time><speed>0.546</speed><sat>26</sat></trkpt>
  <trkpt lat="-33.99479500" lon="-139.99005495"><ele>40.200</ele><time>2026-08-20T16:38:26Z</time><speed>0.572</speed><sat>25</sat></trkpt>
  <trkpt lat="-33.99480000" lon="-139.99005849"><ele>40.200</ele><time>2026-08-20T16:38:27Z</time><speed>0.563</speed><sat>25</sat></trkpt>
  <trkpt lat="-33.99480333" lon="-139.99007151"><ele>40.200</ele><time>2026-08-20T16:38:28Z</time><speed>0.595</speed><sat>26</sat></trkpt>
  <trkpt lat="-33.99479667" lon="-139.99008688"><ele>40.200</ele><time>2026-08-20T16:38:29Z</time><speed>0.613</speed><sat>26</sat></trkpt>
  <trkpt lat="-33.99479333" lon="-139.99009990"><ele>40.400</ele><time>2026-08-20T16:38:30Z</time><speed>0.567</speed><sat>26</sat></trkpt>
  <trkpt lat="-33.99479000" lon="-139.99011054"><ele>40.400</ele><time>2026-08-20T16:38:31Z</time><speed>0.552</speed><sat>26</sat></trkpt>
  <trkpt lat="-33.99478500" lon="-139.99012474"><ele>40.400</ele><time>2026-08-20T16:38:32Z</time><speed>0.577</speed><sat>26</sat></trkpt>
  <trkpt lat="-33.99477833" lon="-139.99013538"><ele>40.600</ele><time>2026-08-20T16:38:33Z</time><speed>0.562</speed><sat>25</sat></trkpt>
  <trkpt lat="-33.99477500" lon="-139.99014248"><ele>40.500</ele><time>2026-08-20T16:38:34Z</time><speed>0.557</speed><sat>26</sat></trkpt>
  <trkpt lat="-33.99477500" lon="-139.99014366"><ele>40.400</ele><time>2026-08-20T16:38:35Z</time><speed>0.544</speed><sat>27</sat></trkpt>
  <trkpt lat="-33.99477167" lon="-139.99015075"><ele>40.600</ele><time>2026-08-20T16:38:36Z</time><speed>0.524</speed><sat>25</sat></trkpt>
  <trkpt lat="-33.99477000" lon="-139.99016258"><ele>40.900</ele><time>2026-08-20T16:38:37Z</time><speed>0.540</speed><sat>26</sat></trkpt>
  <trkpt lat="-33.99476500" lon="-139.99018861"><ele>41.300</ele><time>2026-08-20T16:38:38Z</time><speed>0.589</speed><sat>26</sat></trkpt>
  <trkpt lat="-33.99476000" lon="-139.99021345"><ele>41.800</ele><time>2026-08-20T16:38:39Z</time><speed>0.654</speed><sat>27</sat></trkpt>
  <trkpt lat="-33.99475833" lon="-139.99023474"><ele>42.100</ele><time>2026-08-20T16:38:40Z</time><speed>0.722</speed><sat>27</sat></trkpt>
  <trkpt lat="-33.99475667" lon="-139.99025839"><ele>42.300</ele><time>2026-08-20T16:38:41Z</time><speed>0.781</speed><sat>26</sat></trkpt>
  <trkpt lat="-33.99475000" lon="-139.99027850"><ele>42.700</ele><time>2026-08-20T16:38:42Z</time><speed>0.000</speed><sat>26</sat></trkpt>
  <trkpt lat="-33.99474000" lon="-139.99030097"><ele>43.100</ele><time>2026-08-20T16:38:43Z</time><speed>0.000</speed><sat>26</sat></trkpt>
  <trkpt lat="-33.99473000" lon="-139.99032463"><ele>43.100</ele><time>2026-08-20T16:38:44Z</time><speed>1.072</speed><sat>26</sat></trkpt>
  <trkpt lat="-33.99472333" lon="-139.99034592"><ele>43.200</ele><time>2026-08-20T16:38:45Z</time><speed>1.178</speed><sat>26</sat></trkpt>
  <trkpt lat="-33.99471333" lon="-139.99036011"><ele>43.200</ele><time>2026-08-20T16:38:46Z</time><speed>0.000</speed><sat>26</sat></trkpt>
  <trkpt lat="-33.99470333" lon="-139.99036958"><ele>43.000</ele><time>2026-08-20T16:38:47Z</time><speed>0.000</speed><sat>26</sat></trkpt>
  <trkpt lat="-33.99470000" lon="-139.99037667"><ele>43.100</ele><time>2026-08-20T16:38:48Z</time><speed>0.000</speed><sat>26</sat></trkpt>
  <trkpt lat="-33.99469833" lon="-139.99038140"><ele>43.400</ele><time>2026-08-20T16:38:49Z</time><speed>1.058</speed><sat>26</sat></trkpt>
  <trkpt lat="-33.99469667" lon="-139.99038613"><ele>43.500</ele><time>2026-08-20T16:38:50Z</time><speed>0.967</speed><sat>26</sat></trkpt>
  <trkpt lat="-33.99470000" lon="-139.99038732"><ele>43.400</ele><time>2026-08-20T16:38:51Z</time><speed>0.873</speed><sat>25</sat></trkpt>
  <trkpt lat="-33.99470167" lon="-139.99039205"><ele>43.500</ele><time>2026-08-20T16:38:52Z</time><speed>0.000</speed><sat>25</sat></trkpt>
  <trkpt lat="-33.99470000" lon="-139.99039323"><ele>43.600</ele><time>2026-08-20T16:38:53Z</time><speed>0.605</speed><sat>27</sat></trkpt>
  <trkpt lat="-33.99470000" lon="-139.99039796"><ele>43.400</ele><time>2026-08-20T16:38:54Z</time><speed>0.470</speed><sat>26</sat></trkpt>
  <trkpt lat="-33.99470500" lon="-139.99039678"><ele>43.500</ele><time>2026-08-20T16:38:55Z</time><speed>0.000</speed><sat>26</sat></trkpt>
  <trkpt lat="-33.99470833" lon="-139.99039678"><ele>43.800</ele><time>2026-08-20T16:38:56Z</time><speed>0.000</speed><sat>25</sat></trkpt>
  <trkpt lat="-33.99471500" lon="-139.99040388"><ele>44.400</ele><time>2026-08-20T16:38:57Z</time><speed>0.000</speed><sat>25</sat></trkpt>
  <trkpt lat="-33.99471500" lon="-139.99040388"><ele>44.400</ele><time>2026-08-20T16:38:58Z</time><speed>0.000</speed><sat>26</sat></trkpt>
  <trkpt lat="-33.99471500" lon="-139.99040388"><ele>44.400</ele><time>2026-08-20T16:38:59Z</time><speed>0.000</speed><sat>26</sat></trkpt>
  <trkpt lat="-33.99471500" lon="-139.99040388"><ele>44.400</ele><time>2026-08-20T16:39:00Z</time><speed>0.000</speed><sat>27</sat></trkpt>
  <trkpt lat="-33.99471500" lon="-139.99040388"><ele>44.400</ele><time>2026-08-20T16:39:01Z</time><speed>0.000</speed><sat>26</sat></trkpt>
  <trkpt lat="-33.99471500" lon="-139.99040388"><ele>44.400</ele><time>2026-08-20T16:39:02Z</time><speed>0.000</speed><sat>27</sat></trkpt>
  <trkpt lat="-33.99471500" lon="-139.99040388"><ele>44.400</ele><time>2026-08-20T16:39:03Z</time><speed>0.000</speed><sat>26</sat></trkpt>
  <trkpt lat="-33.99471500" lon="-139.99040388"><ele>44.400</ele><time>2026-08-20T16:39:04Z</time><speed>0.000</speed><sat>25</sat></trkpt>
  <trkpt lat="-33.99471500" lon="-139.99040388"><ele>44.400</ele><time>2026-08-20T16:39:05Z</time><speed>0.000</speed><sat>26</sat></trkpt>
  <trkpt lat="-33.99471500" lon="-139.99040388"><ele>44.400</ele><time>2026-08-20T16:39:06Z</time><speed>0.000</speed><sat>27</sat></trkpt>
  <trkpt lat="-33.99471500" lon="-139.99040388"><ele>44.400</ele><time>2026-08-20T16:39:07Z</time><speed>0.000</speed><sat>26</sat></trkpt>
  <trkpt lat="-33.99471500" lon="-139.99040388"><ele>44.400</ele><time>2026-08-20T16:39:08Z</time><speed>0.000</speed><sat>26</sat></trkpt>
  <trkpt lat="-33.99471500" lon="-139.99040388"><ele>44.400</ele><time>2026-08-20T16:39:09Z</time><speed>0.000</speed><sat>26</sat></trkpt>
  <trkpt lat="-33.99471500" lon="-139.99040388"><ele>44.400</ele><time>2026-08-20T16:39:10Z</time><speed>0.000</speed><sat>26</sat></trkpt>
  <trkpt lat="-33.99471500" lon="-139.99040388"><ele>44.400</ele><time>2026-08-20T16:39:11Z</time><speed>0.000</speed><sat>26</sat></trkpt>
  <trkpt lat="-33.99471500" lon="-139.99040388"><ele>44.400</ele><time>2026-08-20T16:39:12Z</time><speed>0.000</speed><sat>26</sat></trkpt>
  <trkpt lat="-33.99471500" lon="-139.99040388"><ele>44.400</ele><time>2026-08-20T16:39:13Z</time><speed>0.000</speed><sat>26</sat></trkpt>
  <trkpt lat="-33.99471500" lon="-139.99040388"><ele>44.400</ele><time>2026-08-20T16:39:14Z</time><speed>0.000</speed><sat>26</sat></trkpt>
  <trkpt lat="-33.99471500" lon="-139.99040388"><ele>44.400</ele><time>2026-08-20T16:39:15Z</time><speed>0.000</speed><sat>26</sat></trkpt>
  <trkpt lat="-33.99471500" lon="-139.99040388"><ele>44.400</ele><time>2026-08-20T16:39:16Z</time><speed>0.000</speed><sat>25</sat></trkpt>
  <trkpt lat="-33.99471500" lon="-139.99040388"><ele>44.400</ele><time>2026-08-20T16:39:17Z</time><speed>0.000</speed><sat>25</sat></trkpt>
  <trkpt lat="-33.99471500" lon="-139.99040388"><ele>44.400</ele><time>2026-08-20T16:39:18Z</time><speed>0.000</speed><sat>26</sat></trkpt>
  <trkpt lat="-33.99471500" lon="-139.99040388"><ele>44.400</ele><time>2026-08-20T16:39:19Z</time><speed>0.000</speed><sat>26</sat></trkpt>
  <trkpt lat="-33.99471500" lon="-139.99040388"><ele>44.400</ele><time>2026-08-20T16:39:20Z</time><speed>0.000</speed><sat>26</sat></trkpt>
  <trkpt lat="-33.99471500" lon="-139.99040388"><ele>44.400</ele><time>2026-08-20T16:39:21Z</time><speed>0.000</speed><sat>26</sat></trkpt>
  <trkpt lat="-33.99471500" lon="-139.99040388"><ele>44.400</ele><time>2026-08-20T16:39:22Z</time><speed>0.000</speed><sat>26</sat></trkpt>
  <trkpt lat="-33.99471500" lon="-139.99040388"><ele>44.400</ele><time>2026-08-20T16:39:23Z</time><speed>0.000</speed><sat>26</sat></trkpt>
  <trkpt lat="-33.99471500" lon="-139.99040388"><ele>44.400</ele><time>2026-08-20T16:39:24Z</time><speed>0.000</speed><sat>26</sat></trkpt>
  <trkpt lat="-33.99471500" lon="-139.99040388"><ele>44.400</ele><time>2026-08-20T16:39:25Z</time><speed>0.000</speed><sat>26</sat></trkpt>
  <trkpt lat="-33.99471500" lon="-139.99040388"><ele>44.400</ele><time>2026-08-20T16:39:26Z</time><speed>0.000</speed><sat>26</sat></trkpt>
  <trkpt lat="-33.99471500" lon="-139.99040388"><ele>44.400</ele><time>2026-08-20T16:39:27Z</time><speed>0.000</speed><sat>26</sat></trkpt>
  <trkpt lat="-33.99471500" lon="-139.99040388"><ele>44.400</ele><time>2026-08-20T16:39:28Z</time><speed>0.000</speed><sat>26</sat></trkpt>
  <trkpt lat="-33.99471500" lon="-139.99040388"><ele>44.400</ele><time>2026-08-20T16:39:29Z</time><speed>0.000</speed><sat>26</sat></trkpt>
  <trkpt lat="-33.99471500" lon="-139.99040388"><ele>44.400</ele><time>2026-08-20T16:39:30Z</time><speed>0.000</speed><sat>26</sat></trkpt>
  <trkpt lat="-33.99471500" lon="-139.99040388"><ele>44.400</ele><time>2026-08-20T16:39:31Z</time><speed>0.000</speed><sat>26</sat></trkpt>
  <trkpt lat="-33.99471500" lon="-139.99040388"><ele>44.400</ele><time>2026-08-20T16:39:32Z</time><speed>0.000</speed><sat>26</sat></trkpt>
  <trkpt lat="-33.99471500" lon="-139.99040388"><ele>44.400</ele><time>2026-08-20T16:39:33Z</time><speed>0.000</speed><sat>26</sat></trkpt>
  <trkpt lat="-33.99471500" lon="-139.99040388"><ele>44.400</ele><time>2026-08-20T16:39:34Z</time><speed>0.000</speed><sat>25</sat></trkpt>
  <trkpt lat="-33.99471500" lon="-139.99040388"><ele>44.400</ele><time>2026-08-20T16:39:35Z</time><speed>0.000</speed><sat>26</sat></trkpt>
  <trkpt lat="-33.99471500" lon="-139.99040388"><ele>44.400</ele><time>2026-08-20T16:39:36Z</time><speed>0.000</speed><sat>25</sat></trkpt>
  <trkpt lat="-33.99471500" lon="-139.99040388"><ele>44.400</ele><time>2026-08-20T16:39:37Z</time><speed>0.000</speed><sat>26</sat></trkpt>
  <trkpt lat="-33.99471500" lon="-139.99040388"><ele>44.400</ele><time>2026-08-20T16:39:38Z</time><speed>0.000</speed><sat>26</sat></trkpt>
  <trkpt lat="-33.99471500" lon="-139.99040388"><ele>44.400</ele><time>2026-08-20T16:39:39Z</time><speed>0.000</speed><sat>26</sat></trkpt>
  <trkpt lat="-33.99471500" lon="-139.99040388"><ele>44.400</ele><time>2026-08-20T16:39:40Z</time><speed>0.000</speed><sat>25</sat></trkpt>
  <trkpt lat="-33.99471500" lon="-139.99040388"><ele>44.400</ele><time>2026-08-20T16:39:41Z</time><speed>0.000</speed><sat>25</sat></trkpt>
  <trkpt lat="-33.99471500" lon="-139.99040388"><ele>44.400</ele><time>2026-08-20T16:39:42Z</time><speed>0.000</speed><sat>26</sat></trkpt>
  <trkpt lat="-33.99471500" lon="-139.99040388"><ele>44.400</ele><time>2026-08-20T16:39:43Z</time><speed>0.000</speed><sat>26</sat></trkpt>
  <trkpt lat="-33.99471500" lon="-139.99040388"><ele>44.400</ele><time>2026-08-20T16:39:44Z</time><speed>0.000</speed><sat>25</sat></trkpt>
  <trkpt lat="-33.99471500" lon="-139.99040388"><ele>44.400</ele><time>2026-08-20T16:39:45Z</time><speed>0.000</speed><sat>26</sat></trkpt>
  <trkpt lat="-33.99471500" lon="-139.99040388"><ele>44.400</ele><time>2026-08-20T16:39:46Z</time><speed>0.000</speed><sat>26</sat></trkpt>
  <trkpt lat="-33.99471500" lon="-139.99040388"><ele>44.400</ele><time>2026-08-20T16:39:47Z</time><speed>0.000</speed><sat>25</sat></trkpt>
  <trkpt lat="-33.99471500" lon="-139.99040388"><ele>44.400</ele><time>2026-08-20T16:39:48Z</time><speed>0.000</speed><sat>25</sat></trkpt>
  <trkpt lat="-33.99471500" lon="-139.99040388"><ele>44.400</ele><time>2026-08-20T16:39:49Z</time><speed>0.000</speed><sat>25</sat></trkpt>
  <trkpt lat="-33.99471500" lon="-139.99040388"><ele>44.400</ele><time>2026-08-20T16:39:50Z</time><speed>0.000</speed><sat>24</sat></trkpt>
  <trkpt lat="-33.99471500" lon="-139.99040388"><ele>44.400</ele><time>2026-08-20T16:39:51Z</time><speed>0.000</speed><sat>26</sat></trkpt>
  <trkpt lat="-33.99471500" lon="-139.99040388"><ele>44.400</ele><time>2026-08-20T16:39:52Z</time><speed>0.000</speed><sat>25</sat></trkpt>
  <trkpt lat="-33.99471500" lon="-139.99040388"><ele>44.400</ele><time>2026-08-20T16:39:53Z</time><speed>0.000</speed><sat>25</sat></trkpt>
  <trkpt lat="-33.99471500" lon="-139.99040388"><ele>44.400</ele><time>2026-08-20T16:39:54Z</time><speed>0.000</speed><sat>25</sat></trkpt>
  <trkpt lat="-33.99471500" lon="-139.99040388"><ele>44.400</ele><time>2026-08-20T16:39:55Z</time><speed>0.000</speed><sat>25</sat></trkpt>
  <trkpt lat="-33.99471500" lon="-139.99040388"><ele>44.400</ele><time>2026-08-20T16:39:56Z</time><speed>0.000</speed><sat>24</sat></trkpt>
  <trkpt lat="-33.99471500" lon="-139.99040388"><ele>44.400</ele><time>2026-08-20T16:39:57Z</time><speed>0.000</speed><sat>25</sat></trkpt>
  <trkpt lat="-33.99471500" lon="-139.99040388"><ele>44.400</ele><time>2026-08-20T16:39:58Z</time><speed>0.000</speed><sat>25</sat></trkpt>
  <trkpt lat="-33.99471500" lon="-139.99040388"><ele>44.400</ele><time>2026-08-20T16:39:59Z</time><speed>0.000</speed><sat>25</sat></trkpt>
  <trkpt lat="-33.99471500" lon="-139.99040388"><ele>44.400</ele><time>2026-08-20T16:40:00Z</time><speed>0.000</speed><sat>25</sat></trkpt>
  <trkpt lat="-33.99471500" lon="-139.99040388"><ele>44.400</ele><time>2026-08-20T16:40:01Z</time><speed>0.000</speed><sat>25</sat></trkpt>
  <trkpt lat="-33.99471500" lon="-139.99040388"><ele>44.400</ele><time>2026-08-20T16:40:02Z</time><speed>0.000</speed><sat>25</sat></trkpt>
  <trkpt lat="-33.99471500" lon="-139.99040388"><ele>44.400</ele><time>2026-08-20T16:40:03Z</time><speed>0.000</speed><sat>26</sat></trkpt>
  <trkpt lat="-33.99471500" lon="-139.99040388"><ele>44.400</ele><time>2026-08-20T16:40:04Z</time><speed>0.000</speed><sat>26</sat></trkpt>
  <trkpt lat="-33.99471500" lon="-139.99040388"><ele>44.400</ele><time>2026-08-20T16:40:05Z</time><speed>0.000</speed><sat>26</sat></trkpt>
  <trkpt lat="-33.99471500" lon="-139.99040388"><ele>44.400</ele><time>2026-08-20T16:40:06Z</time><speed>0.000</speed><sat>26</sat></trkpt>
  <trkpt lat="-33.99471500" lon="-139.99040388"><ele>44.400</ele><time>2026-08-20T16:40:07Z</time><speed>0.000</speed><sat>26</sat></trkpt>
  <trkpt lat="-33.99471500" lon="-139.99040388"><ele>44.400</ele><time>2026-08-20T16:40:08Z</time><speed>0.000</speed><sat>26</sat></trkpt>
  <trkpt lat="-33.99471500" lon="-139.99040388"><ele>44.400</ele><time>2026-08-20T16:40:09Z</time><speed>0.000</speed><sat>26</sat></trkpt>
  <trkpt lat="-33.99471500" lon="-139.99040388"><ele>44.400</ele><time>2026-08-20T16:40:10Z</time><speed>0.000</speed><sat>26</sat></trkpt>
  <trkpt lat="-33.99471500" lon="-139.99040388"><ele>44.400</ele><time>2026-08-20T16:40:11Z</time><speed>0.000</speed><sat>26</sat></trkpt>
  <trkpt lat="-33.99471333" lon="-139.99039796"><ele>48.300</ele><time>2026-08-20T16:40:12Z</time><speed>0.000</speed><sat>26</sat></trkpt>
  <trkpt lat="-33.99470500" lon="-139.99042043"><ele>48.300</ele><time>2026-08-20T16:40:13Z</time><speed>0.413</speed><sat>26</sat></trkpt>
  <trkpt lat="-33.99469500" lon="-139.99044764"><ele>48.300</ele><time>2026-08-20T16:40:14Z</time><speed>0.511</speed><sat>26</sat></trkpt>
  <trkpt lat="-33.99469167" lon="-139.99047011"><ele>48.300</ele><time>2026-08-20T16:40:15Z</time><speed>0.600</speed><sat>26</sat></trkpt>
  <trkpt lat="-33.99469333" lon="-139.99049377"><ele>48.400</ele><time>2026-08-20T16:40:16Z</time><speed>0.701</speed><sat>26</sat></trkpt>
  <trkpt lat="-33.99470500" lon="-139.99051624"><ele>48.400</ele><time>2026-08-20T16:40:17Z</time><speed>0.846</speed><sat>26</sat></trkpt>
  <trkpt lat="-33.99472667" lon="-139.99054227"><ele>48.200</ele><time>2026-08-20T16:40:18Z</time><speed>1.040</speed><sat>26</sat></trkpt>
  <trkpt lat="-33.99474667" lon="-139.99057775"><ele>48.400</ele><time>2026-08-20T16:40:19Z</time><speed>1.258</speed><sat>26</sat></trkpt>
  <trkpt lat="-33.99475333" lon="-139.99062861"><ele>48.400</ele><time>2026-08-20T16:40:20Z</time><speed>1.505</speed><sat>26</sat></trkpt>
  <trkpt lat="-33.99475667" lon="-139.99068775"><ele>48.600</ele><time>2026-08-20T16:40:21Z</time><speed>1.760</speed><sat>26</sat></trkpt>
  <trkpt lat="-33.99475667" lon="-139.99074571"><ele>48.300</ele><time>2026-08-20T16:40:22Z</time><speed>2.014</speed><sat>26</sat></trkpt>
  <trkpt lat="-33.99475833" lon="-139.99078237"><ele>48.300</ele><time>2026-08-20T16:40:23Z</time><speed>2.196</speed><sat>26</sat></trkpt>
  <trkpt lat="-33.99476000" lon="-139.99083797"><ele>47.900</ele><time>2026-08-20T16:40:24Z</time><speed>2.379</speed><sat>26</sat></trkpt>
  <trkpt lat="-33.99475833" lon="-139.99086162"><ele>46.600</ele><time>2026-08-20T16:40:25Z</time><speed>2.302</speed><sat>26</sat></trkpt>
  <trkpt lat="-33.99475833" lon="-139.99087345"><ele>45.900</ele><time>2026-08-20T16:40:26Z</time><speed>2.195</speed><sat>26</sat></trkpt>
  <trkpt lat="-33.99476500" lon="-139.99088765"><ele>44.600</ele><time>2026-08-20T16:40:27Z</time><speed>2.050</speed><sat>25</sat></trkpt>
  <trkpt lat="-33.99476667" lon="-139.99089356"><ele>43.700</ele><time>2026-08-20T16:40:28Z</time><speed>1.899</speed><sat>26</sat></trkpt>
  <trkpt lat="-33.99477167" lon="-139.99089356"><ele>42.900</ele><time>2026-08-20T16:40:29Z</time><speed>1.706</speed><sat>26</sat></trkpt>
  <trkpt lat="-33.99477667" lon="-139.99089474"><ele>42.000</ele><time>2026-08-20T16:40:30Z</time><speed>1.467</speed><sat>27</sat></trkpt>
  <trkpt lat="-33.99478667" lon="-139.99090184"><ele>41.200</ele><time>2026-08-20T16:40:31Z</time><speed>1.197</speed><sat>28</sat></trkpt>
  <trkpt lat="-33.99479500" lon="-139.99091012"><ele>40.500</ele><time>2026-08-20T16:40:32Z</time><speed>0.923</speed><sat>28</sat></trkpt>
  <trkpt lat="-33.99480333" lon="-139.99092431"><ele>40.000</ele><time>2026-08-20T16:40:33Z</time><speed>0.699</speed><sat>27</sat></trkpt>
  <trkpt lat="-33.99480667" lon="-139.99094442"><ele>39.400</ele><time>2026-08-20T16:40:34Z</time><speed>0.496</speed><sat>27</sat></trkpt>
  <trkpt lat="-33.99480667" lon="-139.99097281"><ele>38.900</ele><time>2026-08-20T16:40:35Z</time><speed>0.599</speed><sat>29</sat></trkpt>
  <trkpt lat="-33.99480333" lon="-139.99100947"><ele>38.900</ele><time>2026-08-20T16:40:36Z</time><speed>0.736</speed><sat>29</sat></trkpt>
  <trkpt lat="-33.99480667" lon="-139.99104850"><ele>39.300</ele><time>2026-08-20T16:40:37Z</time><speed>0.888</speed><sat>28</sat></trkpt>
  <trkpt lat="-33.99480333" lon="-139.99109582"><ele>39.500</ele><time>2026-08-20T16:40:38Z</time><speed>1.102</speed><sat>29</sat></trkpt>
  <trkpt lat="-33.99480000" lon="-139.99114076"><ele>39.800</ele><time>2026-08-20T16:40:39Z</time><speed>1.295</speed><sat>28</sat></trkpt>
  <trkpt lat="-33.99479833" lon="-139.99118098"><ele>40.100</ele><time>2026-08-20T16:40:40Z</time><speed>1.484</speed><sat>30</sat></trkpt>
  <trkpt lat="-33.99480000" lon="-139.99121292"><ele>40.000</ele><time>2026-08-20T16:40:41Z</time><speed>1.634</speed><sat>29</sat></trkpt>
  <trkpt lat="-33.99480333" lon="-139.99124959"><ele>39.400</ele><time>2026-08-20T16:40:42Z</time><speed>1.778</speed><sat>29</sat></trkpt>
  <trkpt lat="-33.99481500" lon="-139.99128507"><ele>39.400</ele><time>2026-08-20T16:40:43Z</time><speed>1.868</speed><sat>30</sat></trkpt>
  <trkpt lat="-33.99482667" lon="-139.99131937"><ele>38.900</ele><time>2026-08-20T16:40:44Z</time><speed>1.960</speed><sat>30</sat></trkpt>
  <trkpt lat="-33.99483333" lon="-139.99134657"><ele>38.400</ele><time>2026-08-20T16:40:45Z</time><speed>1.982</speed><sat>30</sat></trkpt>
  <trkpt lat="-33.99483667" lon="-139.99137496"><ele>38.300</ele><time>2026-08-20T16:40:46Z</time><speed>1.949</speed><sat>28</sat></trkpt>
  <trkpt lat="-33.99483500" lon="-139.99139862"><ele>38.300</ele><time>2026-08-20T16:40:47Z</time><speed>1.876</speed><sat>29</sat></trkpt>
  <trkpt lat="-33.99482833" lon="-139.99141873"><ele>38.600</ele><time>2026-08-20T16:40:48Z</time><speed>1.750</speed><sat>29</sat></trkpt>
  <trkpt lat="-33.99482167" lon="-139.99144356"><ele>38.700</ele><time>2026-08-20T16:40:49Z</time><speed>1.680</speed><sat>28</sat></trkpt>
  <trkpt lat="-33.99481167" lon="-139.99146604"><ele>39.000</ele><time>2026-08-20T16:40:50Z</time><speed>1.611</speed><sat>29</sat></trkpt>
  <trkpt lat="-33.99480500" lon="-139.99148141"><ele>39.600</ele><time>2026-08-20T16:40:51Z</time><speed>1.524</speed><sat>29</sat></trkpt>
  <trkpt lat="-33.99480333" lon="-139.99149443"><ele>40.000</ele><time>2026-08-20T16:40:52Z</time><speed>1.380</speed><sat>29</sat></trkpt>
  <trkpt lat="-33.99480333" lon="-139.99150389"><ele>40.400</ele><time>2026-08-20T16:40:53Z</time><speed>1.241</speed><sat>29</sat></trkpt>
  <trkpt lat="-33.99480667" lon="-139.99151217"><ele>40.700</ele><time>2026-08-20T16:40:54Z</time><speed>1.067</speed><sat>28</sat></trkpt>
  <trkpt lat="-33.99480667" lon="-139.99151808"><ele>40.700</ele><time>2026-08-20T16:40:55Z</time><speed>0.920</speed><sat>28</sat></trkpt>
  <trkpt lat="-33.99480667" lon="-139.99152518"><ele>40.600</ele><time>2026-08-20T16:40:56Z</time><speed>0.836</speed><sat>29</sat></trkpt>
  <trkpt lat="-33.99480167" lon="-139.99152991"><ele>40.700</ele><time>2026-08-20T16:40:57Z</time><speed>0.782</speed><sat>30</sat></trkpt>
  <trkpt lat="-33.99479667" lon="-139.99153464"><ele>40.500</ele><time>2026-08-20T16:40:58Z</time><speed>0.000</speed><sat>30</sat></trkpt>
  <trkpt lat="-33.99479333" lon="-139.99153228"><ele>40.300</ele><time>2026-08-20T16:40:59Z</time><speed>0.000</speed><sat>30</sat></trkpt>
  <trkpt lat="-33.99479000" lon="-139.99153582"><ele>40.200</ele><time>2026-08-20T16:41:00Z</time><speed>0.419</speed><sat>30</sat></trkpt>
  <trkpt lat="-33.99479167" lon="-139.99153582"><ele>40.100</ele><time>2026-08-20T16:41:01Z</time><speed>0.000</speed><sat>30</sat></trkpt>
  <trkpt lat="-33.99479167" lon="-139.99153346"><ele>40.200</ele><time>2026-08-20T16:41:02Z</time><speed>0.000</speed><sat>30</sat></trkpt>
  <trkpt lat="-33.99479333" lon="-139.99153701"><ele>39.900</ele><time>2026-08-20T16:41:03Z</time><speed>0.000</speed><sat>30</sat></trkpt>
  <trkpt lat="-33.99479500" lon="-139.99153701"><ele>39.800</ele><time>2026-08-20T16:41:04Z</time><speed>0.000</speed><sat>31</sat></trkpt>
  <trkpt lat="-33.99479000" lon="-139.99154292"><ele>39.700</ele><time>2026-08-20T16:41:05Z</time><speed>0.000</speed><sat>29</sat></trkpt>
  <trkpt lat="-33.99479000" lon="-139.99154292"><ele>39.700</ele><time>2026-08-20T16:41:06Z</time><speed>0.000</speed><sat>30</sat></trkpt>
  <trkpt lat="-33.99479000" lon="-139.99154292"><ele>39.700</ele><time>2026-08-20T16:41:07Z</time><speed>0.000</speed><sat>31</sat></trkpt>
  <trkpt lat="-33.99479000" lon="-139.99154292"><ele>39.700</ele><time>2026-08-20T16:41:08Z</time><speed>0.000</speed><sat>31</sat></trkpt>
  <trkpt lat="-33.99479000" lon="-139.99156303"><ele>40.300</ele><time>2026-08-20T16:41:09Z</time><speed>0.339</speed><sat>30</sat></trkpt>
  <trkpt lat="-33.99479500" lon="-139.99159024"><ele>40.400</ele><time>2026-08-20T16:41:10Z</time><speed>0.445</speed><sat>29</sat></trkpt>
  <trkpt lat="-33.99479833" lon="-139.99162927"><ele>40.600</ele><time>2026-08-20T16:41:11Z</time><speed>0.592</speed><sat>29</sat></trkpt>
  <trkpt lat="-33.99479667" lon="-139.99167658"><ele>40.600</ele><time>2026-08-20T16:41:12Z</time><speed>0.815</speed><sat>30</sat></trkpt>
  <trkpt lat="-33.99479333" lon="-139.99173099"><ele>40.700</ele><time>2026-08-20T16:41:13Z</time><speed>1.135</speed><sat>30</sat></trkpt>
  <trkpt lat="-33.99479500" lon="-139.99179131"><ele>40.400</ele><time>2026-08-20T16:41:14Z</time><speed>1.497</speed><sat>30</sat></trkpt>
  <trkpt lat="-33.99479500" lon="-139.99183625"><ele>40.300</ele><time>2026-08-20T16:41:15Z</time><speed>1.829</speed><sat>30</sat></trkpt>
  <trkpt lat="-33.99479500" lon="-139.99187056"><ele>40.300</ele><time>2026-08-20T16:41:16Z</time><speed>2.091</speed><sat>30</sat></trkpt>
  <trkpt lat="-33.99479833" lon="-139.99190013"><ele>39.800</ele><time>2026-08-20T16:41:17Z</time><speed>2.284</speed><sat>30</sat></trkpt>
  <trkpt lat="-33.99481000" lon="-139.99192497"><ele>38.800</ele><time>2026-08-20T16:41:18Z</time><speed>2.386</speed><sat>30</sat></trkpt>
  <trkpt lat="-33.99483000" lon="-139.99194744"><ele>38.000</ele><time>2026-08-20T16:41:19Z</time><speed>2.419</speed><sat>28</sat></trkpt>
  <trkpt lat="-33.99485167" lon="-139.99196045"><ele>37.600</ele><time>2026-08-20T16:41:20Z</time><speed>2.374</speed><sat>29</sat></trkpt>
  <trkpt lat="-33.99486167" lon="-139.99196045"><ele>37.300</ele><time>2026-08-20T16:41:21Z</time><speed>2.213</speed><sat>28</sat></trkpt>
  <trkpt lat="-33.99486833" lon="-139.99195809"><ele>37.000</ele><time>2026-08-20T16:41:22Z</time><speed>1.977</speed><sat>29</sat></trkpt>
  <trkpt lat="-33.99486833" lon="-139.99195454"><ele>37.200</ele><time>2026-08-20T16:41:23Z</time><speed>1.676</speed><sat>29</sat></trkpt>
  <trkpt lat="-33.99486833" lon="-139.99195217"><ele>37.300</ele><time>2026-08-20T16:41:24Z</time><speed>1.310</speed><sat>28</sat></trkpt>
  <trkpt lat="-33.99486667" lon="-139.99194980"><ele>37.200</ele><time>2026-08-20T16:41:25Z</time><speed>1.019</speed><sat>27</sat></trkpt>
  <trkpt lat="-33.99486500" lon="-139.99194863"><ele>37.300</ele><time>2026-08-20T16:41:26Z</time><speed>0.796</speed><sat>31</sat></trkpt>
  <trkpt lat="-33.99486833" lon="-139.99194626"><ele>37.500</ele><time>2026-08-20T16:41:27Z</time><speed>0.613</speed><sat>30</sat></trkpt>
  <trkpt lat="-33.99487167" lon="-139.99195335"><ele>37.600</ele><time>2026-08-20T16:41:28Z</time><speed>0.521</speed><sat>29</sat></trkpt>
  <trkpt lat="-33.99487500" lon="-139.99196045"><ele>37.800</ele><time>2026-08-20T16:41:29Z</time><speed>0.000</speed><sat>30</sat></trkpt>
  <trkpt lat="-33.99487667" lon="-139.99196400"><ele>37.800</ele><time>2026-08-20T16:41:30Z</time><speed>0.000</speed><sat>29</sat></trkpt>
  <trkpt lat="-33.99487667" lon="-139.99196637"><ele>37.800</ele><time>2026-08-20T16:41:31Z</time><speed>0.000</speed><sat>29</sat></trkpt>
  <trkpt lat="-33.99487667" lon="-139.99197109"><ele>38.000</ele><time>2026-08-20T16:41:32Z</time><speed>0.000</speed><sat>28</sat></trkpt>
  <trkpt lat="-33.99487667" lon="-139.99197109"><ele>38.000</ele><time>2026-08-20T16:41:33Z</time><speed>0.000</speed><sat>27</sat></trkpt>
  <trkpt lat="-33.99487667" lon="-139.99197109"><ele>38.000</ele><time>2026-08-20T16:41:34Z</time><speed>0.000</speed><sat>29</sat></trkpt>
  <trkpt lat="-33.99487667" lon="-139.99197109"><ele>38.000</ele><time>2026-08-20T16:41:35Z</time><speed>0.000</speed><sat>28</sat></trkpt>
  <trkpt lat="-33.99487667" lon="-139.99197109"><ele>38.000</ele><time>2026-08-20T16:41:36Z</time><speed>0.000</speed><sat>28</sat></trkpt>
  <trkpt lat="-33.99487667" lon="-139.99197109"><ele>38.000</ele><time>2026-08-20T16:41:37Z</time><speed>0.000</speed><sat>28</sat></trkpt>
  <trkpt lat="-33.99487667" lon="-139.99197109"><ele>38.000</ele><time>2026-08-20T16:41:38Z</time><speed>0.000</speed><sat>28</sat></trkpt>
  <trkpt lat="-33.99489167" lon="-139.99200658"><ele>39.100</ele><time>2026-08-20T16:41:39Z</time><speed>0.301</speed><sat>28</sat></trkpt>
  <trkpt lat="-33.99488500" lon="-139.99202905"><ele>39.000</ele><time>2026-08-20T16:41:40Z</time><speed>0.399</speed><sat>28</sat></trkpt>
  <trkpt lat="-33.99487000" lon="-139.99206454"><ele>39.100</ele><time>2026-08-20T16:41:41Z</time><speed>0.568</speed><sat>29</sat></trkpt>
  <trkpt lat="-33.99485667" lon="-139.99210121"><ele>39.400</ele><time>2026-08-20T16:41:42Z</time><speed>0.726</speed><sat>29</sat></trkpt>
  <trkpt lat="-33.99484667" lon="-139.99212605"><ele>39.500</ele><time>2026-08-20T16:41:43Z</time><speed>0.859</speed><sat>29</sat></trkpt>
  <trkpt lat="-33.99483500" lon="-139.99216153"><ele>39.900</ele><time>2026-08-20T16:41:44Z</time><speed>1.048</speed><sat>28</sat></trkpt>
  <trkpt lat="-33.99482500" lon="-139.99219347"><ele>40.100</ele><time>2026-08-20T16:41:45Z</time><speed>1.231</speed><sat>28</sat></trkpt>
  <trkpt lat="-33.99481833" lon="-139.99222185"><ele>40.100</ele><time>2026-08-20T16:41:46Z</time><speed>1.366</speed><sat>28</sat></trkpt>
  <trkpt lat="-33.99481333" lon="-139.99223841"><ele>40.400</ele><time>2026-08-20T16:41:47Z</time><speed>1.424</speed><sat>28</sat></trkpt>
  <trkpt lat="-33.99481000" lon="-139.99224906"><ele>40.700</ele><time>2026-08-20T16:41:48Z</time><speed>1.437</speed><sat>28</sat></trkpt>
  <trkpt lat="-33.99480500" lon="-139.99225852"><ele>40.900</ele><time>2026-08-20T16:41:49Z</time><speed>0.000</speed><sat>28</sat></trkpt>
  <trkpt lat="-33.99480000" lon="-139.99226798"><ele>41.100</ele><time>2026-08-20T16:41:50Z</time><speed>1.347</speed><sat>28</sat></trkpt>
  <trkpt lat="-33.99479667" lon="-139.99227863"><ele>41.200</ele><time>2026-08-20T16:41:51Z</time><speed>1.223</speed><sat>27</sat></trkpt>
  <trkpt lat="-33.99479833" lon="-139.99228927"><ele>41.000</ele><time>2026-08-20T16:41:52Z</time><speed>1.089</speed><sat>27</sat></trkpt>
  <trkpt lat="-33.99480500" lon="-139.99229519"><ele>41.100</ele><time>2026-08-20T16:41:53Z</time><speed>0.982</speed><sat>28</sat></trkpt>
  <trkpt lat="-33.99481333" lon="-139.99230465"><ele>40.900</ele><time>2026-08-20T16:41:54Z</time><speed>0.846</speed><sat>27</sat></trkpt>
  <trkpt lat="-33.99482000" lon="-139.99231884"><ele>40.800</ele><time>2026-08-20T16:41:55Z</time><speed>0.712</speed><sat>27</sat></trkpt>
  <trkpt lat="-33.99482500" lon="-139.99234368"><ele>40.800</ele><time>2026-08-20T16:41:56Z</time><speed>0.652</speed><sat>28</sat></trkpt>
  <trkpt lat="-33.99482833" lon="-139.99237562"><ele>40.700</ele><time>2026-08-20T16:41:57Z</time><speed>0.704</speed><sat>26</sat></trkpt>
  <trkpt lat="-33.99482833" lon="-139.99241228"><ele>40.800</ele><time>2026-08-20T16:41:58Z</time><speed>0.836</speed><sat>28</sat></trkpt>
  <trkpt lat="-33.99482500" lon="-139.99245250"><ele>41.100</ele><time>2026-08-20T16:41:59Z</time><speed>1.020</speed><sat>28</sat></trkpt>
  <trkpt lat="-33.99482333" lon="-139.99248916"><ele>41.200</ele><time>2026-08-20T16:42:00Z</time><speed>1.202</speed><sat>28</sat></trkpt>
  <trkpt lat="-33.99481500" lon="-139.99253175"><ele>40.700</ele><time>2026-08-20T16:42:01Z</time><speed>1.407</speed><sat>28</sat></trkpt>
  <trkpt lat="-33.99480833" lon="-139.99255186"><ele>40.200</ele><time>2026-08-20T16:42:02Z</time><speed>1.575</speed><sat>28</sat></trkpt>
  <trkpt lat="-33.99480000" lon="-139.99256250"><ele>39.700</ele><time>2026-08-20T16:42:03Z</time><speed>1.705</speed><sat>28</sat></trkpt>
  <trkpt lat="-33.99479000" lon="-139.99256960"><ele>39.000</ele><time>2026-08-20T16:42:04Z</time><speed>1.806</speed><sat>28</sat></trkpt>
  <trkpt lat="-33.99477167" lon="-139.99257551"><ele>38.500</ele><time>2026-08-20T16:42:05Z</time><speed>1.906</speed><sat>28</sat></trkpt>
  <trkpt lat="-33.99475333" lon="-139.99257788"><ele>38.100</ele><time>2026-08-20T16:42:06Z</time><speed>1.997</speed><sat>28</sat></trkpt>
  <trkpt lat="-33.99473167" lon="-139.99257906"><ele>37.500</ele><time>2026-08-20T16:42:07Z</time><speed>2.038</speed><sat>28</sat></trkpt>
  <trkpt lat="-33.99471000" lon="-139.99257670"><ele>37.000</ele><time>2026-08-20T16:42:08Z</time><speed>2.021</speed><sat>29</sat></trkpt>
  <trkpt lat="-33.99468833" lon="-139.99257670"><ele>36.200</ele><time>2026-08-20T16:42:09Z</time><speed>1.958</speed><sat>29</sat></trkpt>
  <trkpt lat="-33.99467333" lon="-139.99258025"><ele>35.800</ele><time>2026-08-20T16:42:10Z</time><speed>1.883</speed><sat>29</sat></trkpt>
  <trkpt lat="-33.99466167" lon="-139.99258971"><ele>36.100</ele><time>2026-08-20T16:42:11Z</time><speed>1.711</speed><sat>29</sat></trkpt>
  <trkpt lat="-33.99465667" lon="-139.99260035"><ele>36.100</ele><time>2026-08-20T16:42:12Z</time><speed>1.563</speed><sat>29</sat></trkpt>
  <trkpt lat="-33.99466000" lon="-139.99260390"><ele>36.300</ele><time>2026-08-20T16:42:13Z</time><speed>1.428</speed><sat>29</sat></trkpt>
  <trkpt lat="-33.99467500" lon="-139.99260626"><ele>36.600</ele><time>2026-08-20T16:42:14Z</time><speed>1.352</speed><sat>29</sat></trkpt>
  <trkpt lat="-33.99470500" lon="-139.99260154"><ele>36.800</ele><time>2026-08-20T16:42:15Z</time><speed>1.349</speed><sat>30</sat></trkpt>
  <trkpt lat="-33.99474500" lon="-139.99259207"><ele>37.000</ele><time>2026-08-20T16:42:16Z</time><speed>1.385</speed><sat>30</sat></trkpt>
  <trkpt lat="-33.99478333" lon="-139.99259089"><ele>36.800</ele><time>2026-08-20T16:42:17Z</time><speed>1.446</speed><sat>30</sat></trkpt>
  <trkpt lat="-33.99481500" lon="-139.99259799"><ele>36.200</ele><time>2026-08-20T16:42:18Z</time><speed>1.496</speed><sat>30</sat></trkpt>
  <trkpt lat="-33.99483167" lon="-139.99261336"><ele>36.000</ele><time>2026-08-20T16:42:19Z</time><speed>1.490</speed><sat>30</sat></trkpt>
  <trkpt lat="-33.99484000" lon="-139.99263347"><ele>35.500</ele><time>2026-08-20T16:42:20Z</time><speed>1.480</speed><sat>30</sat></trkpt>
  <trkpt lat="-33.99484167" lon="-139.99265358"><ele>35.100</ele><time>2026-08-20T16:42:21Z</time><speed>1.493</speed><sat>30</sat></trkpt>
  <trkpt lat="-33.99484167" lon="-139.99267605"><ele>34.300</ele><time>2026-08-20T16:42:22Z</time><speed>1.547</speed><sat>30</sat></trkpt>
  <trkpt lat="-33.99484000" lon="-139.99270207"><ele>33.600</ele><time>2026-08-20T16:42:23Z</time><speed>1.625</speed><sat>30</sat></trkpt>
  <trkpt lat="-33.99484167" lon="-139.99272573"><ele>32.900</ele><time>2026-08-20T16:42:24Z</time><speed>1.639</speed><sat>30</sat></trkpt>
  <trkpt lat="-33.99484833" lon="-139.99274229"><ele>32.100</ele><time>2026-08-20T16:42:25Z</time><speed>1.567</speed><sat>31</sat></trkpt>
  <trkpt lat="-33.99485167" lon="-139.99275884"><ele>30.900</ele><time>2026-08-20T16:42:26Z</time><speed>1.377</speed><sat>31</sat></trkpt>
  <trkpt lat="-33.99485167" lon="-139.99276713"><ele>30.300</ele><time>2026-08-20T16:42:27Z</time><speed>1.143</speed><sat>31</sat></trkpt>
  <trkpt lat="-33.99485167" lon="-139.99277068"><ele>30.000</ele><time>2026-08-20T16:42:28Z</time><speed>0.953</speed><sat>31</sat></trkpt>
  <trkpt lat="-33.99484667" lon="-139.99277422"><ele>29.800</ele><time>2026-08-20T16:42:29Z</time><speed>0.834</speed><sat>31</sat></trkpt>
  <trkpt lat="-33.99484167" lon="-139.99277659"><ele>29.600</ele><time>2026-08-20T16:42:30Z</time><speed>0.737</speed><sat>31</sat></trkpt>
  <trkpt lat="-33.99483833" lon="-139.99277777"><ele>29.200</ele><time>2026-08-20T16:42:31Z</time><speed>0.686</speed><sat>30</sat></trkpt>
  <trkpt lat="-33.99484000" lon="-139.99278605"><ele>29.000</ele><time>2026-08-20T16:42:32Z</time><speed>0.633</speed><sat>30</sat></trkpt>
  <trkpt lat="-33.99484333" lon="-139.99280143"><ele>28.800</ele><time>2026-08-20T16:42:33Z</time><speed>0.636</speed><sat>29</sat></trkpt>
  <trkpt lat="-33.99484000" lon="-139.99281917"><ele>28.600</ele><time>2026-08-20T16:42:34Z</time><speed>0.678</speed><sat>29</sat></trkpt>
  <trkpt lat="-33.99483667" lon="-139.99284519"><ele>28.200</ele><time>2026-08-20T16:42:35Z</time><speed>0.745</speed><sat>28</sat></trkpt>
  <trkpt lat="-33.99483333" lon="-139.99287713"><ele>27.800</ele><time>2026-08-20T16:42:36Z</time><speed>0.901</speed><sat>28</sat></trkpt>
  <trkpt lat="-33.99483167" lon="-139.99291261"><ele>27.400</ele><time>2026-08-20T16:42:37Z</time><speed>1.069</speed><sat>28</sat></trkpt>
  <trkpt lat="-33.99483000" lon="-139.99294455"><ele>27.100</ele><time>2026-08-20T16:42:38Z</time><speed>1.206</speed><sat>28</sat></trkpt>
  <trkpt lat="-33.99483833" lon="-139.99297885"><ele>26.700</ele><time>2026-08-20T16:42:39Z</time><speed>1.287</speed><sat>27</sat></trkpt>
  <trkpt lat="-33.99484500" lon="-139.99301433"><ele>26.000</ele><time>2026-08-20T16:42:40Z</time><speed>1.342</speed><sat>26</sat></trkpt>
  <trkpt lat="-33.99485500" lon="-139.99303444"><ele>26.000</ele><time>2026-08-20T16:42:41Z</time><speed>1.359</speed><sat>26</sat></trkpt>
  <trkpt lat="-33.99486500" lon="-139.99304390"><ele>25.800</ele><time>2026-08-20T16:42:42Z</time><speed>1.361</speed><sat>27</sat></trkpt>
  <trkpt lat="-33.99487500" lon="-139.99305691"><ele>25.600</ele><time>2026-08-20T16:42:43Z</time><speed>1.301</speed><sat>27</sat></trkpt>
  <trkpt lat="-33.99489000" lon="-139.99306874"><ele>25.500</ele><time>2026-08-20T16:42:44Z</time><speed>1.243</speed><sat>26</sat></trkpt>
  <trkpt lat="-33.99489833" lon="-139.99307229"><ele>25.700</ele><time>2026-08-20T16:42:45Z</time><speed>1.144</speed><sat>28</sat></trkpt>
  <trkpt lat="-33.99490500" lon="-139.99306874"><ele>25.800</ele><time>2026-08-20T16:42:46Z</time><speed>1.031</speed><sat>28</sat></trkpt>
  <trkpt lat="-33.99490667" lon="-139.99306756"><ele>25.900</ele><time>2026-08-20T16:42:47Z</time><speed>0.926</speed><sat>28</sat></trkpt>
  <trkpt lat="-33.99491000" lon="-139.99306993"><ele>26.100</ele><time>2026-08-20T16:42:48Z</time><speed>0.780</speed><sat>27</sat></trkpt>
  <trkpt lat="-33.99491000" lon="-139.99306874"><ele>26.300</ele><time>2026-08-20T16:42:49Z</time><speed>0.701</speed><sat>28</sat></trkpt>
  <trkpt lat="-33.99491167" lon="-139.99307229"><ele>26.400</ele><time>2026-08-20T16:42:50Z</time><speed>0.597</speed><sat>28</sat></trkpt>
  <trkpt lat="-33.99491333" lon="-139.99307111"><ele>26.700</ele><time>2026-08-20T16:42:51Z</time><speed>0.532</speed><sat>28</sat></trkpt>
  <trkpt lat="-33.99491667" lon="-139.99307229"><ele>26.900</ele><time>2026-08-20T16:42:52Z</time><speed>0.476</speed><sat>28</sat></trkpt>
  <trkpt lat="-33.99491833" lon="-139.99307465"><ele>27.300</ele><time>2026-08-20T16:42:53Z</time><speed>0.000</speed><sat>28</sat></trkpt>
  <trkpt lat="-33.99492167" lon="-139.99307229"><ele>27.600</ele><time>2026-08-20T16:42:54Z</time><speed>0.428</speed><sat>28</sat></trkpt>
  <trkpt lat="-33.99492333" lon="-139.99306993"><ele>28.100</ele><time>2026-08-20T16:42:55Z</time><speed>0.427</speed><sat>28</sat></trkpt>
  <trkpt lat="-33.99492833" lon="-139.99306401"><ele>28.200</ele><time>2026-08-20T16:42:56Z</time><speed>0.398</speed><sat>28</sat></trkpt>
  <trkpt lat="-33.99493667" lon="-139.99305928"><ele>28.500</ele><time>2026-08-20T16:42:57Z</time><speed>0.380</speed><sat>28</sat></trkpt>
  <trkpt lat="-33.99494667" lon="-139.99305455"><ele>28.700</ele><time>2026-08-20T16:42:58Z</time><speed>0.000</speed><sat>28</sat></trkpt>
  <trkpt lat="-33.99495667" lon="-139.99304982"><ele>28.900</ele><time>2026-08-20T16:42:59Z</time><speed>0.000</speed><sat>28</sat></trkpt>
  <trkpt lat="-33.99496333" lon="-139.99305336"><ele>29.000</ele><time>2026-08-20T16:43:00Z</time><speed>0.000</speed><sat>28</sat></trkpt>
  <trkpt lat="-33.99497000" lon="-139.99306283"><ele>29.000</ele><time>2026-08-20T16:43:01Z</time><speed>0.481</speed><sat>27</sat></trkpt>
  <trkpt lat="-33.99497833" lon="-139.99306993"><ele>29.100</ele><time>2026-08-20T16:43:02Z</time><speed>0.544</speed><sat>27</sat></trkpt>
  <trkpt lat="-33.99498167" lon="-139.99307348"><ele>29.200</ele><time>2026-08-20T16:43:03Z</time><speed>0.521</speed><sat>27</sat></trkpt>
  <trkpt lat="-33.99498333" lon="-139.99307111"><ele>29.200</ele><time>2026-08-20T16:43:04Z</time><speed>0.528</speed><sat>27</sat></trkpt>
  <trkpt lat="-33.99498667" lon="-139.99306756"><ele>29.400</ele><time>2026-08-20T16:43:05Z</time><speed>0.000</speed><sat>26</sat></trkpt>
  <trkpt lat="-33.99499167" lon="-139.99306283"><ele>29.600</ele><time>2026-08-20T16:43:06Z</time><speed>0.000</speed><sat>26</sat></trkpt>
  <trkpt lat="-33.99499667" lon="-139.99306756"><ele>29.700</ele><time>2026-08-20T16:43:07Z</time><speed>0.484</speed><sat>25</sat></trkpt>
  <trkpt lat="-33.99500333" lon="-139.99308057"><ele>30.000</ele><time>2026-08-20T16:43:08Z</time><speed>0.000</speed><sat>25</sat></trkpt>
  <trkpt lat="-33.99501167" lon="-139.99309713"><ele>30.200</ele><time>2026-08-20T16:43:09Z</time><speed>0.605</speed><sat>26</sat></trkpt>
  <trkpt lat="-33.99501500" lon="-139.99311251"><ele>30.200</ele><time>2026-08-20T16:43:10Z</time><speed>0.625</speed><sat>27</sat></trkpt>
  <trkpt lat="-33.99501667" lon="-139.99311724"><ele>30.800</ele><time>2026-08-20T16:43:11Z</time><speed>0.547</speed><sat>27</sat></trkpt>
  <trkpt lat="-33.99502500" lon="-139.99311842"><ele>30.900</ele><time>2026-08-20T16:43:12Z</time><speed>0.494</speed><sat>27</sat></trkpt>
  <trkpt lat="-33.99502667" lon="-139.99311961"><ele>31.300</ele><time>2026-08-20T16:43:13Z</time><speed>0.478</speed><sat>27</sat></trkpt>
  <trkpt lat="-33.99502833" lon="-139.99312197"><ele>31.400</ele><time>2026-08-20T16:43:14Z</time><speed>0.446</speed><sat>28</sat></trkpt>
  <trkpt lat="-33.99503000" lon="-139.99312433"><ele>31.500</ele><time>2026-08-20T16:43:15Z</time><speed>0.416</speed><sat>27</sat></trkpt>
  <trkpt lat="-33.99502833" lon="-139.99312907"><ele>31.700</ele><time>2026-08-20T16:43:16Z</time><speed>0.427</speed><sat>27</sat></trkpt>
  <trkpt lat="-33.99502500" lon="-139.99313498"><ele>31.600</ele><time>2026-08-20T16:43:17Z</time><speed>0.407</speed><sat>27</sat></trkpt>
  <trkpt lat="-33.99501167" lon="-139.99314562"><ele>31.400</ele><time>2026-08-20T16:43:18Z</time><speed>0.443</speed><sat>27</sat></trkpt>
  <trkpt lat="-33.99499000" lon="-139.99316337"><ele>31.400</ele><time>2026-08-20T16:43:19Z</time><speed>0.489</speed><sat>27</sat></trkpt>
  <trkpt lat="-33.99496667" lon="-139.99320240"><ele>31.600</ele><time>2026-08-20T16:43:20Z</time><speed>0.735</speed><sat>26</sat></trkpt>
  <trkpt lat="-33.99494833" lon="-139.99324971"><ele>31.500</ele><time>2026-08-20T16:43:21Z</time><speed>1.086</speed><sat>26</sat></trkpt>
  <trkpt lat="-33.99494167" lon="-139.99329703"><ele>31.400</ele><time>2026-08-20T16:43:22Z</time><speed>1.514</speed><sat>26</sat></trkpt>
  <trkpt lat="-33.99493167" lon="-139.99335143"><ele>31.400</ele><time>2026-08-20T16:43:23Z</time><speed>1.946</speed><sat>27</sat></trkpt>
  <trkpt lat="-33.99492333" lon="-139.99340348"><ele>31.500</ele><time>2026-08-20T16:43:24Z</time><speed>2.381</speed><sat>27</sat></trkpt>
  <trkpt lat="-33.99491333" lon="-139.99345434"><ele>32.000</ele><time>2026-08-20T16:43:25Z</time><speed>2.798</speed><sat>27</sat></trkpt>
  <trkpt lat="-33.99491333" lon="-139.99350875"><ele>32.700</ele><time>2026-08-20T16:43:26Z</time><speed>3.220</speed><sat>24</sat></trkpt>
  <trkpt lat="-33.99490833" lon="-139.99353832"><ele>33.000</ele><time>2026-08-20T16:43:27Z</time><speed>3.341</speed><sat>25</sat></trkpt>
  <trkpt lat="-33.99491167" lon="-139.99356434"><ele>32.800</ele><time>2026-08-20T16:43:28Z</time><speed>3.315</speed><sat>26</sat></trkpt>
  <trkpt lat="-33.99491833" lon="-139.99357735"><ele>32.700</ele><time>2026-08-20T16:43:29Z</time><speed>3.235</speed><sat>26</sat></trkpt>
  <trkpt lat="-33.99492167" lon="-139.99360219"><ele>32.000</ele><time>2026-08-20T16:43:30Z</time><speed>2.999</speed><sat>26</sat></trkpt>
  <trkpt lat="-33.99492167" lon="-139.99361993"><ele>31.400</ele><time>2026-08-20T16:43:31Z</time><speed>2.709</speed><sat>26</sat></trkpt>
  <trkpt lat="-33.99492167" lon="-139.99362939"><ele>31.200</ele><time>2026-08-20T16:43:32Z</time><speed>2.299</speed><sat>26</sat></trkpt>
  <trkpt lat="-33.99492333" lon="-139.99364359"><ele>30.700</ele><time>2026-08-20T16:43:33Z</time><speed>1.890</speed><sat>25</sat></trkpt>
  <trkpt lat="-33.99492500" lon="-139.99365542"><ele>30.300</ele><time>2026-08-20T16:43:34Z</time><speed>1.496</speed><sat>25</sat></trkpt>
  <trkpt lat="-33.99493000" lon="-139.99366724"><ele>29.800</ele><time>2026-08-20T16:43:35Z</time><speed>1.115</speed><sat>27</sat></trkpt>
  <trkpt lat="-33.99493167" lon="-139.99368262"><ele>29.700</ele><time>2026-08-20T16:43:36Z</time><speed>0.735</speed><sat>26</sat></trkpt>
  <trkpt lat="-33.99493667" lon="-139.99369918"><ele>29.500</ele><time>2026-08-20T16:43:37Z</time><speed>0.628</speed><sat>25</sat></trkpt>
  <trkpt lat="-33.99493333" lon="-139.99371929"><ele>29.200</ele><time>2026-08-20T16:43:38Z</time><speed>0.604</speed><sat>26</sat></trkpt>
  <trkpt lat="-33.99493333" lon="-139.99374058"><ele>28.700</ele><time>2026-08-20T16:43:39Z</time><speed>0.606</speed><sat>26</sat></trkpt>
  <trkpt lat="-33.99492833" lon="-139.99376305"><ele>28.200</ele><time>2026-08-20T16:43:40Z</time><speed>0.671</speed><sat>26</sat></trkpt>
  <trkpt lat="-33.99492667" lon="-139.99378671"><ele>27.500</ele><time>2026-08-20T16:43:41Z</time><speed>0.719</speed><sat>26</sat></trkpt>
  <trkpt lat="-33.99492167" lon="-139.99380918"><ele>27.100</ele><time>2026-08-20T16:43:42Z</time><speed>0.784</speed><sat>26</sat></trkpt>
  <trkpt lat="-33.99492667" lon="-139.99383165"><ele>26.600</ele><time>2026-08-20T16:43:43Z</time><speed>0.806</speed><sat>26</sat></trkpt>
  <trkpt lat="-33.99492167" lon="-139.99385176"><ele>26.100</ele><time>2026-08-20T16:43:44Z</time><speed>0.782</speed><sat>25</sat></trkpt>
  <trkpt lat="-33.99492333" lon="-139.99386240"><ele>26.200</ele><time>2026-08-20T16:43:45Z</time><speed>0.754</speed><sat>28</sat></trkpt>
  <trkpt lat="-33.99492000" lon="-139.99387897"><ele>26.100</ele><time>2026-08-20T16:43:46Z</time><speed>0.754</speed><sat>28</sat></trkpt>
  <trkpt lat="-33.99492000" lon="-139.99390262"><ele>26.000</ele><time>2026-08-20T16:43:47Z</time><speed>0.803</speed><sat>28</sat></trkpt>
  <trkpt lat="-33.99491833" lon="-139.99392510"><ele>26.300</ele><time>2026-08-20T16:43:48Z</time><speed>0.763</speed><sat>28</sat></trkpt>
  <trkpt lat="-33.99491833" lon="-139.99394166"><ele>26.900</ele><time>2026-08-20T16:43:49Z</time><speed>0.693</speed><sat>28</sat></trkpt>
  <trkpt lat="-33.99491833" lon="-139.99394875"><ele>27.800</ele><time>2026-08-20T16:43:50Z</time><speed>0.566</speed><sat>28</sat></trkpt>
  <trkpt lat="-33.99491667" lon="-139.99395703"><ele>28.200</ele><time>2026-08-20T16:43:51Z</time><speed>0.455</speed><sat>28</sat></trkpt>
  <trkpt lat="-33.99492167" lon="-139.99396649"><ele>28.600</ele><time>2026-08-20T16:43:52Z</time><speed>0.000</speed><sat>27</sat></trkpt>
  <trkpt lat="-33.99492500" lon="-139.99397950"><ele>28.700</ele><time>2026-08-20T16:43:53Z</time><speed>0.000</speed><sat>28</sat></trkpt>
  <trkpt lat="-33.99493000" lon="-139.99399488"><ele>28.900</ele><time>2026-08-20T16:43:54Z</time><speed>0.000</speed><sat>28</sat></trkpt>
  <trkpt lat="-33.99493000" lon="-139.99399488"><ele>28.900</ele><time>2026-08-20T16:43:55Z</time><speed>0.000</speed><sat>27</sat></trkpt>
  <trkpt lat="-33.99493167" lon="-139.99399843"><ele>28.800</ele><time>2026-08-20T16:43:56Z</time><speed>0.434</speed><sat>26</sat></trkpt>
  <trkpt lat="-33.99493333" lon="-139.99398187"><ele>28.600</ele><time>2026-08-20T16:43:57Z</time><speed>0.464</speed><sat>27</sat></trkpt>
  <trkpt lat="-33.99493500" lon="-139.99396295"><ele>28.500</ele><time>2026-08-20T16:43:58Z</time><speed>0.519</speed><sat>28</sat></trkpt>
  <trkpt lat="-33.99493500" lon="-139.99395349"><ele>28.700</ele><time>2026-08-20T16:43:59Z</time><speed>0.578</speed><sat>27</sat></trkpt>
  <trkpt lat="-33.99493333" lon="-139.99394875"><ele>29.100</ele><time>2026-08-20T16:44:00Z</time><speed>0.613</speed><sat>27</sat></trkpt>
  <trkpt lat="-33.99493333" lon="-139.99395230"><ele>29.700</ele><time>2026-08-20T16:44:01Z</time><speed>0.629</speed><sat>27</sat></trkpt>
  <trkpt lat="-33.99493500" lon="-139.99396531"><ele>30.400</ele><time>2026-08-20T16:44:02Z</time><speed>0.661</speed><sat>27</sat></trkpt>
  <trkpt lat="-33.99493000" lon="-139.99398660"><ele>31.100</ele><time>2026-08-20T16:44:03Z</time><speed>0.757</speed><sat>27</sat></trkpt>
  <trkpt lat="-33.99492333" lon="-139.99401381"><ele>31.600</ele><time>2026-08-20T16:44:04Z</time><speed>0.907</speed><sat>27</sat></trkpt>
  <trkpt lat="-33.99492000" lon="-139.99404929"><ele>32.400</ele><time>2026-08-20T16:44:05Z</time><speed>1.071</speed><sat>28</sat></trkpt>
  <trkpt lat="-33.99492000" lon="-139.99409069"><ele>32.600</ele><time>2026-08-20T16:44:06Z</time><speed>1.161</speed><sat>28</sat></trkpt>
  <trkpt lat="-33.99491500" lon="-139.99413091"><ele>33.000</ele><time>2026-08-20T16:44:07Z</time><speed>1.281</speed><sat>28</sat></trkpt>
  <trkpt lat="-33.99491333" lon="-139.99417585"><ele>33.200</ele><time>2026-08-20T16:44:08Z</time><speed>1.455</speed><sat>28</sat></trkpt>
  <trkpt lat="-33.99491167" lon="-139.99422789"><ele>33.300</ele><time>2026-08-20T16:44:09Z</time><speed>1.707</speed><sat>27</sat></trkpt>
  <trkpt lat="-33.99491500" lon="-139.99427876"><ele>33.600</ele><time>2026-08-20T16:44:10Z</time><speed>1.986</speed><sat>28</sat></trkpt>
  <trkpt lat="-33.99491833" lon="-139.99432725"><ele>33.600</ele><time>2026-08-20T16:44:11Z</time><speed>2.245</speed><sat>28</sat></trkpt>
  <trkpt lat="-33.99491833" lon="-139.99435682"><ele>33.600</ele><time>2026-08-20T16:44:12Z</time><speed>2.436</speed><sat>28</sat></trkpt>
  <trkpt lat="-33.99492667" lon="-139.99439467"><ele>32.800</ele><time>2026-08-20T16:44:13Z</time><speed>2.558</speed><sat>27</sat></trkpt>
  <trkpt lat="-33.99492833" lon="-139.99442543"><ele>32.800</ele><time>2026-08-20T16:44:14Z</time><speed>2.534</speed><sat>28</sat></trkpt>
  <trkpt lat="-33.99493500" lon="-139.99445381"><ele>33.200</ele><time>2026-08-20T16:44:15Z</time><speed>2.489</speed><sat>28</sat></trkpt>
  <trkpt lat="-33.99494167" lon="-139.99448220"><ele>33.300</ele><time>2026-08-20T16:44:16Z</time><speed>2.411</speed><sat>28</sat></trkpt>
  <trkpt lat="-33.99495500" lon="-139.99450349"><ele>33.000</ele><time>2026-08-20T16:44:17Z</time><speed>2.277</speed><sat>28</sat></trkpt>
  <trkpt lat="-33.99496833" lon="-139.99450585"><ele>32.700</ele><time>2026-08-20T16:44:18Z</time><speed>2.068</speed><sat>29</sat></trkpt>
  <trkpt lat="-33.99497667" lon="-139.99450585"><ele>32.500</ele><time>2026-08-20T16:44:19Z</time><speed>1.790</speed><sat>29</sat></trkpt>
  <trkpt lat="-33.99498000" lon="-139.99450940"><ele>32.700</ele><time>2026-08-20T16:44:20Z</time><speed>1.483</speed><sat>29</sat></trkpt>
  <trkpt lat="-33.99497833" lon="-139.99450940"><ele>32.600</ele><time>2026-08-20T16:44:21Z</time><speed>1.228</speed><sat>29</sat></trkpt>
  <trkpt lat="-33.99498500" lon="-139.99451059"><ele>32.400</ele><time>2026-08-20T16:44:22Z</time><speed>1.008</speed><sat>29</sat></trkpt>
  <trkpt lat="-33.99498500" lon="-139.99451414"><ele>32.500</ele><time>2026-08-20T16:44:23Z</time><speed>0.782</speed><sat>29</sat></trkpt>
  <trkpt lat="-33.99498667" lon="-139.99451295"><ele>32.500</ele><time>2026-08-20T16:44:24Z</time><speed>0.655</speed><sat>26</sat></trkpt>
  <trkpt lat="-33.99499000" lon="-139.99451650"><ele>32.100</ele><time>2026-08-20T16:44:25Z</time><speed>0.498</speed><sat>26</sat></trkpt>
  <trkpt lat="-33.99499167" lon="-139.99451886"><ele>31.800</ele><time>2026-08-20T16:44:26Z</time><speed>0.000</speed><sat>25</sat></trkpt>
  <trkpt lat="-33.99499667" lon="-139.99452123"><ele>31.700</ele><time>2026-08-20T16:44:27Z</time><speed>0.000</speed><sat>25</sat></trkpt>
  <trkpt lat="-33.99499833" lon="-139.99452241"><ele>31.700</ele><time>2026-08-20T16:44:28Z</time><speed>0.000</speed><sat>26</sat></trkpt>
  <trkpt lat="-33.99499833" lon="-139.99452241"><ele>31.700</ele><time>2026-08-20T16:44:29Z</time><speed>0.000</speed><sat>27</sat></trkpt>
  <trkpt lat="-33.99499833" lon="-139.99452241"><ele>31.700</ele><time>2026-08-20T16:44:30Z</time><speed>0.000</speed><sat>26</sat></trkpt>
  <trkpt lat="-33.99499833" lon="-139.99452241"><ele>31.700</ele><time>2026-08-20T16:44:31Z</time><speed>0.000</speed><sat>27</sat></trkpt>
  <trkpt lat="-33.99499833" lon="-139.99452241"><ele>31.700</ele><time>2026-08-20T16:44:32Z</time><speed>0.000</speed><sat>26</sat></trkpt>
  <trkpt lat="-33.99499833" lon="-139.99452241"><ele>31.700</ele><time>2026-08-20T16:44:33Z</time><speed>0.000</speed><sat>27</sat></trkpt>
  <trkpt lat="-33.99499833" lon="-139.99452241"><ele>31.700</ele><time>2026-08-20T16:44:34Z</time><speed>0.000</speed><sat>27</sat></trkpt>
  <trkpt lat="-33.99499833" lon="-139.99452241"><ele>31.700</ele><time>2026-08-20T16:44:35Z</time><speed>0.000</speed><sat>27</sat></trkpt>
  <trkpt lat="-33.99499833" lon="-139.99452241"><ele>31.700</ele><time>2026-08-20T16:44:36Z</time><speed>0.000</speed><sat>27</sat></trkpt>
  <trkpt lat="-33.99501500" lon="-139.99457209"><ele>30.800</ele><time>2026-08-20T16:44:37Z</time><speed>0.000</speed><sat>28</sat></trkpt>
  <trkpt lat="-33.99500500" lon="-139.99459338"><ele>30.700</ele><time>2026-08-20T16:44:38Z</time><speed>0.601</speed><sat>28</sat></trkpt>
  <trkpt lat="-33.99499000" lon="-139.99462295"><ele>30.400</ele><time>2026-08-20T16:44:39Z</time><speed>0.743</speed><sat>27</sat></trkpt>
  <trkpt lat="-33.99498000" lon="-139.99465489"><ele>30.100</ele><time>2026-08-20T16:44:40Z</time><speed>0.913</speed><sat>26</sat></trkpt>
  <trkpt lat="-33.99496667" lon="-139.99468801"><ele>29.900</ele><time>2026-08-20T16:44:41Z</time><speed>1.096</speed><sat>27</sat></trkpt>
  <trkpt lat="-33.99496000" lon="-139.99470575"><ele>29.100</ele><time>2026-08-20T16:44:42Z</time><speed>1.144</speed><sat>27</sat></trkpt>
  <trkpt lat="-33.99496000" lon="-139.99471166"><ele>28.700</ele><time>2026-08-20T16:44:43Z</time><speed>1.173</speed><sat>27</sat></trkpt>
  <trkpt lat="-33.99496333" lon="-139.99471521"><ele>28.400</ele><time>2026-08-20T16:44:44Z</time><speed>0.000</speed><sat>27</sat></trkpt>
  <trkpt lat="-33.99496667" lon="-139.99471995"><ele>28.300</ele><time>2026-08-20T16:44:45Z</time><speed>1.174</speed><sat>27</sat></trkpt>
  <trkpt lat="-33.99496833" lon="-139.99473059"><ele>28.300</ele><time>2026-08-20T16:44:46Z</time><speed>1.094</speed><sat>27</sat></trkpt>
  <trkpt lat="-33.99497167" lon="-139.99474360"><ele>28.100</ele><time>2026-08-20T16:44:47Z</time><speed>1.006</speed><sat>27</sat></trkpt>
  <trkpt lat="-33.99497167" lon="-139.99476134"><ele>28.200</ele><time>2026-08-20T16:44:48Z</time><speed>0.950</speed><sat>26</sat></trkpt>
  <trkpt lat="-33.99497667" lon="-139.99479209"><ele>28.300</ele><time>2026-08-20T16:44:49Z</time><speed>0.990</speed><sat>27</sat></trkpt>
  <trkpt lat="-33.99498167" lon="-139.99482166"><ele>28.200</ele><time>2026-08-20T16:44:50Z</time><speed>1.021</speed><sat>27</sat></trkpt>
  <trkpt lat="-33.99498333" lon="-139.99486425"><ele>28.300</ele><time>2026-08-20T16:44:51Z</time><speed>1.048</speed><sat>27</sat></trkpt>
  <trkpt lat="-33.99498000" lon="-139.99490446"><ele>28.200</ele><time>2026-08-20T16:44:52Z</time><speed>1.158</speed><sat>27</sat></trkpt>
  <trkpt lat="-33.99497500" lon="-139.99493403"><ele>28.100</ele><time>2026-08-20T16:44:53Z</time><speed>1.260</speed><sat>27</sat></trkpt>
  <trkpt lat="-33.99497000" lon="-139.99495532"><ele>28.100</ele><time>2026-08-20T16:44:54Z</time><speed>1.351</speed><sat>27</sat></trkpt>
  <trkpt lat="-33.99496333" lon="-139.99497425"><ele>28.200</ele><time>2026-08-20T16:44:55Z</time><speed>1.431</speed><sat>27</sat></trkpt>
  <trkpt lat="-33.99495500" lon="-139.99499435"><ele>28.200</ele><time>2026-08-20T16:44:56Z</time><speed>1.498</speed><sat>27</sat></trkpt>
  <trkpt lat="-33.99494667" lon="-139.99500973"><ele>28.300</ele><time>2026-08-20T16:44:57Z</time><speed>1.512</speed><sat>27</sat></trkpt>
  <trkpt lat="-33.99493667" lon="-139.99502629"><ele>28.400</ele><time>2026-08-20T16:44:58Z</time><speed>1.503</speed><sat>27</sat></trkpt>
  <trkpt lat="-33.99493000" lon="-139.99504285"><ele>28.300</ele><time>2026-08-20T16:44:59Z</time><speed>1.393</speed><sat>26</sat></trkpt>
  <trkpt lat="-33.99492000" lon="-139.99506059"><ele>28.000</ele><time>2026-08-20T16:45:00Z</time><speed>1.228</speed><sat>27</sat></trkpt>
  <trkpt lat="-33.99491500" lon="-139.99506887"><ele>28.100</ele><time>2026-08-20T16:45:01Z</time><speed>1.023</speed><sat>26</sat></trkpt>
  <trkpt lat="-33.99491500" lon="-139.99507124"><ele>28.000</ele><time>2026-08-20T16:45:02Z</time><speed>0.865</speed><sat>25</sat></trkpt>
  <trkpt lat="-33.99491667" lon="-139.99507597"><ele>28.000</ele><time>2026-08-20T16:45:03Z</time><speed>0.728</speed><sat>26</sat></trkpt>
  <trkpt lat="-33.99491833" lon="-139.99508306"><ele>27.900</ele><time>2026-08-20T16:45:04Z</time><speed>0.620</speed><sat>26</sat></trkpt>
  <trkpt lat="-33.99492167" lon="-139.99508543"><ele>27.900</ele><time>2026-08-20T16:45:05Z</time><speed>0.000</speed><sat>25</sat></trkpt>
  <trkpt lat="-33.99492500" lon="-139.99509134"><ele>28.100</ele><time>2026-08-20T16:45:06Z</time><speed>0.000</speed><sat>25</sat></trkpt>
  <trkpt lat="-33.99492500" lon="-139.99509963"><ele>28.200</ele><time>2026-08-20T16:45:07Z</time><speed>0.000</speed><sat>26</sat></trkpt>
  <trkpt lat="-33.99492333" lon="-139.99511264"><ele>28.600</ele><time>2026-08-20T16:45:08Z</time><speed>0.409</speed><sat>26</sat></trkpt>
  <trkpt lat="-33.99492500" lon="-139.99513038"><ele>28.700</ele><time>2026-08-20T16:45:09Z</time><speed>0.385</speed><sat>26</sat></trkpt>
  <trkpt lat="-33.99492000" lon="-139.99514457"><ele>28.700</ele><time>2026-08-20T16:45:10Z</time><speed>0.000</speed><sat>26</sat></trkpt>
  <trkpt lat="-33.99491167" lon="-139.99516350"><ele>28.900</ele><time>2026-08-20T16:45:11Z</time><speed>0.000</speed><sat>26</sat></trkpt>
  <trkpt lat="-33.99490167" lon="-139.99518360"><ele>29.300</ele><time>2026-08-20T16:45:12Z</time><speed>0.526</speed><sat>26</sat></trkpt>
  <trkpt lat="-33.99489167" lon="-139.99520489"><ele>29.500</ele><time>2026-08-20T16:45:13Z</time><speed>0.671</speed><sat>26</sat></trkpt>
  <trkpt lat="-33.99488667" lon="-139.99522618"><ele>29.500</ele><time>2026-08-20T16:45:14Z</time><speed>0.000</speed><sat>25</sat></trkpt>
  <trkpt lat="-33.99488667" lon="-139.99524156"><ele>29.400</ele><time>2026-08-20T16:45:15Z</time><speed>0.000</speed><sat>25</sat></trkpt>
  <trkpt lat="-33.99488833" lon="-139.99525931"><ele>29.400</ele><time>2026-08-20T16:45:16Z</time><speed>0.000</speed><sat>26</sat></trkpt>
  <trkpt lat="-33.99489333" lon="-139.99527941"><ele>29.200</ele><time>2026-08-20T16:45:17Z</time><speed>0.000</speed><sat>26</sat></trkpt>
  <trkpt lat="-33.99490333" lon="-139.99530306"><ele>29.100</ele><time>2026-08-20T16:45:18Z</time><speed>0.987</speed><sat>26</sat></trkpt>
  <trkpt lat="-33.99491500" lon="-139.99533145"><ele>28.400</ele><time>2026-08-20T16:45:19Z</time><speed>1.058</speed><sat>26</sat></trkpt>
  <trkpt lat="-33.99493000" lon="-139.99534683"><ele>28.500</ele><time>2026-08-20T16:45:20Z</time><speed>1.131</speed><sat>26</sat></trkpt>
  <trkpt lat="-33.99494833" lon="-139.99535511"><ele>28.600</ele><time>2026-08-20T16:45:21Z</time><speed>1.155</speed><sat>26</sat></trkpt>
  <trkpt lat="-33.99495667" lon="-139.99536457"><ele>28.900</ele><time>2026-08-20T16:45:22Z</time><speed>1.103</speed><sat>25</sat></trkpt>
  <trkpt lat="-33.99496333" lon="-139.99537758"><ele>29.300</ele><time>2026-08-20T16:45:23Z</time><speed>1.032</speed><sat>26</sat></trkpt>
  <trkpt lat="-33.99496500" lon="-139.99539532"><ele>29.800</ele><time>2026-08-20T16:45:24Z</time><speed>1.038</speed><sat>26</sat></trkpt>
  <trkpt lat="-33.99497333" lon="-139.99541307"><ele>30.000</ele><time>2026-08-20T16:45:25Z</time><speed>1.055</speed><sat>25</sat></trkpt>
  <trkpt lat="-33.99498333" lon="-139.99542963"><ele>30.200</ele><time>2026-08-20T16:45:26Z</time><speed>1.091</speed><sat>27</sat></trkpt>
  <trkpt lat="-33.99499333" lon="-139.99543673"><ele>30.200</ele><time>2026-08-20T16:45:27Z</time><speed>1.074</speed><sat>27</sat></trkpt>
  <trkpt lat="-33.99500500" lon="-139.99544264"><ele>30.400</ele><time>2026-08-20T16:45:28Z</time><speed>1.024</speed><sat>27</sat></trkpt>
  <trkpt lat="-33.99501333" lon="-139.99544974"><ele>30.700</ele><time>2026-08-20T16:45:29Z</time><speed>0.960</speed><sat>27</sat></trkpt>
  <trkpt lat="-33.99502333" lon="-139.99546393"><ele>31.200</ele><time>2026-08-20T16:45:30Z</time><speed>0.957</speed><sat>27</sat></trkpt>
  <trkpt lat="-33.99502833" lon="-139.99548049"><ele>31.400</ele><time>2026-08-20T16:45:31Z</time><speed>0.959</speed><sat>27</sat></trkpt>
  <trkpt lat="-33.99503000" lon="-139.99550533"><ele>31.400</ele><time>2026-08-20T16:45:32Z</time><speed>0.988</speed><sat>27</sat></trkpt>
  <trkpt lat="-33.99502500" lon="-139.99552425"><ele>31.300</ele><time>2026-08-20T16:45:33Z</time><speed>1.029</speed><sat>27</sat></trkpt>
  <trkpt lat="-33.99501833" lon="-139.99554199"><ele>31.400</ele><time>2026-08-20T16:45:34Z</time><speed>1.029</speed><sat>27</sat></trkpt>
  <trkpt lat="-33.99501167" lon="-139.99556210"><ele>31.100</ele><time>2026-08-20T16:45:35Z</time><speed>1.039</speed><sat>27</sat></trkpt>
  <trkpt lat="-33.99500500" lon="-139.99558339"><ele>30.900</ele><time>2026-08-20T16:45:36Z</time><speed>1.072</speed><sat>27</sat></trkpt>
  <trkpt lat="-33.99499500" lon="-139.99560468"><ele>30.400</ele><time>2026-08-20T16:45:37Z</time><speed>1.076</speed><sat>26</sat></trkpt>
  <trkpt lat="-33.99499833" lon="-139.99561887"><ele>30.200</ele><time>2026-08-20T16:45:38Z</time><speed>1.033</speed><sat>26</sat></trkpt>
  <trkpt lat="-33.99500000" lon="-139.99562952"><ele>30.100</ele><time>2026-08-20T16:45:39Z</time><speed>1.023</speed><sat>26</sat></trkpt>
  <trkpt lat="-33.99500167" lon="-139.99564963"><ele>30.300</ele><time>2026-08-20T16:45:40Z</time><speed>1.019</speed><sat>26</sat></trkpt>
  <trkpt lat="-33.99500167" lon="-139.99567802"><ele>30.100</ele><time>2026-08-20T16:45:41Z</time><speed>1.112</speed><sat>27</sat></trkpt>
  <trkpt lat="-33.99499667" lon="-139.99570404"><ele>30.200</ele><time>2026-08-20T16:45:42Z</time><speed>1.197</speed><sat>27</sat></trkpt>
  <trkpt lat="-33.99499167" lon="-139.99572651"><ele>30.200</ele><time>2026-08-20T16:45:43Z</time><speed>1.232</speed><sat>27</sat></trkpt>
  <trkpt lat="-33.99499500" lon="-139.99575490"><ele>30.000</ele><time>2026-08-20T16:45:44Z</time><speed>1.309</speed><sat>27</sat></trkpt>
  <trkpt lat="-33.99499667" lon="-139.99577264"><ele>29.800</ele><time>2026-08-20T16:45:45Z</time><speed>1.324</speed><sat>27</sat></trkpt>
  <trkpt lat="-33.99499833" lon="-139.99579630"><ele>29.500</ele><time>2026-08-20T16:45:46Z</time><speed>1.330</speed><sat>28</sat></trkpt>
  <trkpt lat="-33.99500000" lon="-139.99581996"><ele>29.400</ele><time>2026-08-20T16:45:47Z</time><speed>1.396</speed><sat>29</sat></trkpt>
  <trkpt lat="-33.99500167" lon="-139.99584597"><ele>29.100</ele><time>2026-08-20T16:45:48Z</time><speed>1.485</speed><sat>28</sat></trkpt>
  <trkpt lat="-33.99500000" lon="-139.99586963"><ele>28.700</ele><time>2026-08-20T16:45:49Z</time><speed>1.497</speed><sat>28</sat></trkpt>
  <trkpt lat="-33.99500167" lon="-139.99588146"><ele>28.300</ele><time>2026-08-20T16:45:50Z</time><speed>1.412</speed><sat>28</sat></trkpt>
  <trkpt lat="-33.99500833" lon="-139.99587791"><ele>28.000</ele><time>2026-08-20T16:45:51Z</time><speed>1.262</speed><sat>29</sat></trkpt>
  <trkpt lat="-33.99501000" lon="-139.99587791"><ele>27.800</ele><time>2026-08-20T16:45:52Z</time><speed>1.096</speed><sat>29</sat></trkpt>
  <trkpt lat="-33.99501833" lon="-139.99587909"><ele>27.700</ele><time>2026-08-20T16:45:53Z</time><speed>0.978</speed><sat>29</sat></trkpt>
  <trkpt lat="-33.99502000" lon="-139.99587909"><ele>27.300</ele><time>2026-08-20T16:45:54Z</time><speed>0.813</speed><sat>28</sat></trkpt>
  <trkpt lat="-33.99502500" lon="-139.99588264"><ele>27.300</ele><time>2026-08-20T16:45:55Z</time><speed>0.706</speed><sat>29</sat></trkpt>
  <trkpt lat="-33.99502667" lon="-139.99589093"><ele>27.300</ele><time>2026-08-20T16:45:56Z</time><speed>0.579</speed><sat>28</sat></trkpt>
  <trkpt lat="-33.99502667" lon="-139.99590157"><ele>27.200</ele><time>2026-08-20T16:45:57Z</time><speed>0.452</speed><sat>28</sat></trkpt>
  <trkpt lat="-33.99502167" lon="-139.99590512"><ele>27.100</ele><time>2026-08-20T16:45:58Z</time><speed>0.000</speed><sat>27</sat></trkpt>
  <trkpt lat="-33.99501500" lon="-139.99590393"><ele>26.800</ele><time>2026-08-20T16:45:59Z</time><speed>0.359</speed><sat>27</sat></trkpt>
  <trkpt lat="-33.99501000" lon="-139.99590393"><ele>27.000</ele><time>2026-08-20T16:46:00Z</time><speed>0.000</speed><sat>28</sat></trkpt>
  <trkpt lat="-33.99500667" lon="-139.99589684"><ele>27.200</ele><time>2026-08-20T16:46:01Z</time><speed>0.000</speed><sat>28</sat></trkpt>
  <trkpt lat="-33.99500667" lon="-139.99588855"><ele>27.300</ele><time>2026-08-20T16:46:02Z</time><speed>0.424</speed><sat>29</sat></trkpt>
  <trkpt lat="-33.99501000" lon="-139.99588264"><ele>27.900</ele><time>2026-08-20T16:46:03Z</time><speed>0.431</speed><sat>29</sat></trkpt>
  <trkpt lat="-33.99500833" lon="-139.99588738"><ele>28.000</ele><time>2026-08-20T16:46:04Z</time><speed>0.424</speed><sat>29</sat></trkpt>
  <trkpt lat="-33.99500333" lon="-139.99589802"><ele>28.000</ele><time>2026-08-20T16:46:05Z</time><speed>0.452</speed><sat>30</sat></trkpt>
  <trkpt lat="-33.99499500" lon="-139.99590867"><ele>28.200</ele><time>2026-08-20T16:46:06Z</time><speed>0.520</speed><sat>30</sat></trkpt>
  <trkpt lat="-33.99498333" lon="-139.99592877"><ele>28.400</ele><time>2026-08-20T16:46:07Z</time><speed>0.604</speed><sat>30</sat></trkpt>
  <trkpt lat="-33.99496833" lon="-139.99595006"><ele>28.600</ele><time>2026-08-20T16:46:08Z</time><speed>0.648</speed><sat>30</sat></trkpt>
  <trkpt lat="-33.99496000" lon="-139.99597017"><ele>28.700</ele><time>2026-08-20T16:46:09Z</time><speed>0.674</speed><sat>30</sat></trkpt>
  <trkpt lat="-33.99495833" lon="-139.99598436"><ele>29.000</ele><time>2026-08-20T16:46:10Z</time><speed>0.000</speed><sat>30</sat></trkpt>
  <trkpt lat="-33.99495833" lon="-139.99599856"><ele>29.100</ele><time>2026-08-20T16:46:11Z</time><speed>0.716</speed><sat>29</sat></trkpt>
  <trkpt lat="-33.99496333" lon="-139.99600802"><ele>29.200</ele><time>2026-08-20T16:46:12Z</time><speed>0.707</speed><sat>30</sat></trkpt>
  <trkpt lat="-33.99496833" lon="-139.99601512"><ele>29.200</ele><time>2026-08-20T16:46:13Z</time><speed>0.701</speed><sat>29</sat></trkpt>
  <trkpt lat="-33.99498000" lon="-139.99601867"><ele>29.200</ele><time>2026-08-20T16:46:14Z</time><speed>0.762</speed><sat>29</sat></trkpt>
  <trkpt lat="-33.99499167" lon="-139.99601512"><ele>29.000</ele><time>2026-08-20T16:46:15Z</time><speed>0.773</speed><sat>29</sat></trkpt>
  <trkpt lat="-33.99500667" lon="-139.99601039"><ele>29.000</ele><time>2026-08-20T16:46:16Z</time><speed>0.761</speed><sat>29</sat></trkpt>
  <trkpt lat="-33.99501833" lon="-139.99600684"><ele>28.900</ele><time>2026-08-20T16:46:17Z</time><speed>0.717</speed><sat>29</sat></trkpt>
  <trkpt lat="-33.99502333" lon="-139.99600565"><ele>28.900</ele><time>2026-08-20T16:46:18Z</time><speed>0.673</speed><sat>29</sat></trkpt>
  <trkpt lat="-33.99502833" lon="-139.99601157"><ele>28.800</ele><time>2026-08-20T16:46:19Z</time><speed>0.644</speed><sat>29</sat></trkpt>
  <trkpt lat="-33.99503667" lon="-139.99602813"><ele>28.900</ele><time>2026-08-20T16:46:20Z</time><speed>0.622</speed><sat>28</sat></trkpt>
  <trkpt lat="-33.99504000" lon="-139.99603641"><ele>28.600</ele><time>2026-08-20T16:46:21Z</time><speed>0.605</speed><sat>28</sat></trkpt>
  <trkpt lat="-33.99504000" lon="-139.99605060"><ele>28.400</ele><time>2026-08-20T16:46:22Z</time><speed>0.599</speed><sat>26</sat></trkpt>
  <trkpt lat="-33.99503833" lon="-139.99606480"><ele>28.200</ele><time>2026-08-20T16:46:23Z</time><speed>0.626</speed><sat>26</sat></trkpt>
  <trkpt lat="-33.99503333" lon="-139.99608490"><ele>27.900</ele><time>2026-08-20T16:46:24Z</time><speed>0.653</speed><sat>26</sat></trkpt>
  <trkpt lat="-33.99502500" lon="-139.99610146"><ele>27.500</ele><time>2026-08-20T16:46:25Z</time><speed>0.674</speed><sat>26</sat></trkpt>
  <trkpt lat="-33.99502167" lon="-139.99611684"><ele>27.300</ele><time>2026-08-20T16:46:26Z</time><speed>0.664</speed><sat>26</sat></trkpt>
  <trkpt lat="-33.99501167" lon="-139.99612985"><ele>27.000</ele><time>2026-08-20T16:46:27Z</time><speed>0.677</speed><sat>26</sat></trkpt>
  <trkpt lat="-33.99500167" lon="-139.99614168"><ele>27.100</ele><time>2026-08-20T16:46:28Z</time><speed>0.702</speed><sat>27</sat></trkpt>
  <trkpt lat="-33.99500000" lon="-139.99614049"><ele>27.300</ele><time>2026-08-20T16:46:29Z</time><speed>0.664</speed><sat>27</sat></trkpt>
  <trkpt lat="-33.99500000" lon="-139.99613813"><ele>27.700</ele><time>2026-08-20T16:46:30Z</time><speed>0.620</speed><sat>27</sat></trkpt>
  <trkpt lat="-33.99500333" lon="-139.99613340"><ele>28.000</ele><time>2026-08-20T16:46:31Z</time><speed>0.594</speed><sat>28</sat></trkpt>
  <trkpt lat="-33.99501167" lon="-139.99612985"><ele>28.600</ele><time>2026-08-20T16:46:32Z</time><speed>0.572</speed><sat>27</sat></trkpt>
  <trkpt lat="-33.99501167" lon="-139.99612748"><ele>29.000</ele><time>2026-08-20T16:46:33Z</time><speed>0.522</speed><sat>27</sat></trkpt>
  <trkpt lat="-33.99501667" lon="-139.99611920"><ele>29.400</ele><time>2026-08-20T16:46:34Z</time><speed>0.440</speed><sat>27</sat></trkpt>
  <trkpt lat="-33.99502500" lon="-139.99610974"><ele>30.000</ele><time>2026-08-20T16:46:35Z</time><speed>0.000</speed><sat>29</sat></trkpt>
  <trkpt lat="-33.99503167" lon="-139.99610265"><ele>30.800</ele><time>2026-08-20T16:46:36Z</time><speed>0.000</speed><sat>28</sat></trkpt>
  <trkpt lat="-33.99503500" lon="-139.99609555"><ele>31.100</ele><time>2026-08-20T16:46:37Z</time><speed>0.000</speed><sat>29</sat></trkpt>
  <trkpt lat="-33.99503500" lon="-139.99609555"><ele>31.100</ele><time>2026-08-20T16:46:38Z</time><speed>0.000</speed><sat>28</sat></trkpt>
  <trkpt lat="-33.99503500" lon="-139.99609555"><ele>31.100</ele><time>2026-08-20T16:46:39Z</time><speed>0.000</speed><sat>28</sat></trkpt>
  <trkpt lat="-33.99503500" lon="-139.99609555"><ele>31.100</ele><time>2026-08-20T16:46:40Z</time><speed>0.000</speed><sat>28</sat></trkpt>
  <trkpt lat="-33.99503500" lon="-139.99609555"><ele>31.100</ele><time>2026-08-20T16:46:41Z</time><speed>0.000</speed><sat>28</sat></trkpt>
  <trkpt lat="-33.99503500" lon="-139.99609555"><ele>31.100</ele><time>2026-08-20T16:46:42Z</time><speed>0.000</speed><sat>28</sat></trkpt>
  <trkpt lat="-33.99503500" lon="-139.99609555"><ele>31.100</ele><time>2026-08-20T16:46:43Z</time><speed>0.000</speed><sat>28</sat></trkpt>
  <trkpt lat="-33.99503500" lon="-139.99609555"><ele>31.100</ele><time>2026-08-20T16:46:44Z</time><speed>0.000</speed><sat>28</sat></trkpt>
  <trkpt lat="-33.99503500" lon="-139.99609555"><ele>31.100</ele><time>2026-08-20T16:46:45Z</time><speed>0.000</speed><sat>28</sat></trkpt>
  <trkpt lat="-33.99503500" lon="-139.99609555"><ele>31.100</ele><time>2026-08-20T16:46:46Z</time><speed>0.000</speed><sat>29</sat></trkpt>
  <trkpt lat="-33.99503500" lon="-139.99609555"><ele>31.100</ele><time>2026-08-20T16:46:47Z</time><speed>0.000</speed><sat>29</sat></trkpt>
  <trkpt lat="-33.99503500" lon="-139.99609555"><ele>31.100</ele><time>2026-08-20T16:46:48Z</time><speed>0.000</speed><sat>28</sat></trkpt>
  <trkpt lat="-33.99503500" lon="-139.99609555"><ele>31.100</ele><time>2026-08-20T16:46:49Z</time><speed>0.000</speed><sat>27</sat></trkpt>
  <trkpt lat="-33.99505833" lon="-139.99609436"><ele>33.900</ele><time>2026-08-20T16:46:50Z</time><speed>0.324</speed><sat>27</sat></trkpt>
  <trkpt lat="-33.99505333" lon="-139.99611448"><ele>34.000</ele><time>2026-08-20T16:46:51Z</time><speed>0.381</speed><sat>27</sat></trkpt>
  <trkpt lat="-33.99505833" lon="-139.99613577"><ele>34.200</ele><time>2026-08-20T16:46:52Z</time><speed>0.000</speed><sat>28</sat></trkpt>
  <trkpt lat="-33.99505500" lon="-139.99614523"><ele>34.100</ele><time>2026-08-20T16:46:53Z</time><speed>0.000</speed><sat>28</sat></trkpt>
  <trkpt lat="-33.99504833" lon="-139.99615114"><ele>34.100</ele><time>2026-08-20T16:46:54Z</time><speed>0.000</speed><sat>29</sat></trkpt>
  <trkpt lat="-33.99504167" lon="-139.99614641"><ele>34.000</ele><time>2026-08-20T16:46:55Z</time><speed>0.464</speed><sat>29</sat></trkpt>
  <trkpt lat="-33.99503333" lon="-139.99613458"><ele>34.100</ele><time>2026-08-20T16:46:56Z</time><speed>0.548</speed><sat>29</sat></trkpt>
  <trkpt lat="-33.99503000" lon="-139.99612394"><ele>33.800</ele><time>2026-08-20T16:46:57Z</time><speed>0.607</speed><sat>29</sat></trkpt>
  <trkpt lat="-33.99502500" lon="-139.99611448"><ele>33.600</ele><time>2026-08-20T16:46:58Z</time><speed>0.634</speed><sat>30</sat></trkpt>
  <trkpt lat="-33.99503333" lon="-139.99611802"><ele>33.500</ele><time>2026-08-20T16:46:59Z</time><speed>0.599</speed><sat>28</sat></trkpt>
  <trkpt lat="-33.99503500" lon="-139.99611920"><ele>33.500</ele><time>2026-08-20T16:47:00Z</time><speed>0.518</speed><sat>28</sat></trkpt>
  <trkpt lat="-33.99503833" lon="-139.99611802"><ele>33.500</ele><time>2026-08-20T16:47:01Z</time><speed>0.449</speed><sat>28</sat></trkpt>
  <trkpt lat="-33.99504167" lon="-139.99611802"><ele>33.300</ele><time>2026-08-20T16:47:02Z</time><speed>0.442</speed><sat>28</sat></trkpt>
  <trkpt lat="-33.99504500" lon="-139.99612275"><ele>33.500</ele><time>2026-08-20T16:47:03Z</time><speed>0.439</speed><sat>28</sat></trkpt>
  <trkpt lat="-33.99505000" lon="-139.99612867"><ele>33.600</ele><time>2026-08-20T16:47:04Z</time><speed>0.413</speed><sat>29</sat></trkpt>
  <trkpt lat="-33.99505000" lon="-139.99612748"><ele>33.600</ele><time>2026-08-20T16:47:05Z</time><speed>0.000</speed><sat>29</sat></trkpt>
  <trkpt lat="-33.99504500" lon="-139.99612157"><ele>33.400</ele><time>2026-08-20T16:47:06Z</time><speed>0.000</speed><sat>30</sat></trkpt>
  <trkpt lat="-33.99503167" lon="-139.99610856"><ele>33.400</ele><time>2026-08-20T16:47:07Z</time><speed>0.297</speed><sat>29</sat></trkpt>
  <trkpt lat="-33.99500500" lon="-139.99609319"><ele>33.400</ele><time>2026-08-20T16:47:08Z</time><speed>0.432</speed><sat>29</sat></trkpt>
  <trkpt lat="-33.99497667" lon="-139.99607426"><ele>33.400</ele><time>2026-08-20T16:47:09Z</time><speed>0.603</speed><sat>29</sat></trkpt>
  <trkpt lat="-33.99495667" lon="-139.99605060"><ele>33.600</ele><time>2026-08-20T16:47:10Z</time><speed>0.723</speed><sat>28</sat></trkpt>
  <trkpt lat="-33.99494167" lon="-139.99603759"><ele>33.900</ele><time>2026-08-20T16:47:11Z</time><speed>0.789</speed><sat>28</sat></trkpt>
  <trkpt lat="-33.99493833" lon="-139.99602458"><ele>34.300</ele><time>2026-08-20T16:47:12Z</time><speed>0.868</speed><sat>28</sat></trkpt>
  <trkpt lat="-33.99494167" lon="-139.99600684"><ele>34.600</ele><time>2026-08-20T16:47:13Z</time><speed>0.955</speed><sat>28</sat></trkpt>
  <trkpt lat="-33.99495167" lon="-139.99598910"><ele>35.000</ele><time>2026-08-20T16:47:14Z</time><speed>1.061</speed><sat>28</sat></trkpt>
  <trkpt lat="-33.99496667" lon="-139.99597727"><ele>35.200</ele><time>2026-08-20T16:47:15Z</time><speed>1.160</speed><sat>28</sat></trkpt>
  <trkpt lat="-33.99498167" lon="-139.99596899"><ele>35.400</ele><time>2026-08-20T16:47:16Z</time><speed>1.196</speed><sat>28</sat></trkpt>
  <trkpt lat="-33.99499833" lon="-139.99596426"><ele>35.500</ele><time>2026-08-20T16:47:17Z</time><speed>1.117</speed><sat>28</sat></trkpt>
  <trkpt lat="-33.99500667" lon="-139.99596307"><ele>35.800</ele><time>2026-08-20T16:47:18Z</time><speed>0.935</speed><sat>27</sat></trkpt>
  <trkpt lat="-33.99500667" lon="-139.99596071"><ele>35.800</ele><time>2026-08-20T16:47:19Z</time><speed>0.782</speed><sat>27</sat></trkpt>
  <trkpt lat="-33.99500500" lon="-139.99595006"><ele>36.000</ele><time>2026-08-20T16:47:20Z</time><speed>0.698</speed><sat>27</sat></trkpt>
  <trkpt lat="-33.99499667" lon="-139.99594060"><ele>36.000</ele><time>2026-08-20T16:47:21Z</time><speed>0.693</speed><sat>27</sat></trkpt>
  <trkpt lat="-33.99498833" lon="-139.99593705"><ele>35.900</ele><time>2026-08-20T16:47:22Z</time><speed>0.699</speed><sat>27</sat></trkpt>
  <trkpt lat="-33.99498333" lon="-139.99594060"><ele>36.200</ele><time>2026-08-20T16:47:23Z</time><speed>0.697</speed><sat>28</sat></trkpt>
  <trkpt lat="-33.99497667" lon="-139.99595361"><ele>36.400</ele><time>2026-08-20T16:47:24Z</time><speed>0.701</speed><sat>28</sat></trkpt>
  <trkpt lat="-33.99497500" lon="-139.99596899"><ele>36.400</ele><time>2026-08-20T16:47:25Z</time><speed>0.700</speed><sat>29</sat></trkpt>
  <trkpt lat="-33.99498333" lon="-139.99598200"><ele>36.400</ele><time>2026-08-20T16:47:26Z</time><speed>0.728</speed><sat>29</sat></trkpt>
  <trkpt lat="-33.99499167" lon="-139.99599619"><ele>36.700</ele><time>2026-08-20T16:47:27Z</time><speed>0.789</speed><sat>29</sat></trkpt>
  <trkpt lat="-33.99499167" lon="-139.99600802"><ele>36.400</ele><time>2026-08-20T16:47:28Z</time><speed>0.845</speed><sat>29</sat></trkpt>
  <trkpt lat="-33.99498500" lon="-139.99601275"><ele>36.400</ele><time>2026-08-20T16:47:29Z</time><speed>0.869</speed><sat>29</sat></trkpt>
  <trkpt lat="-33.99497167" lon="-139.99601157"><ele>36.000</ele><time>2026-08-20T16:47:30Z</time><speed>0.893</speed><sat>29</sat></trkpt>
  <trkpt lat="-33.99496000" lon="-139.99600329"><ele>35.800</ele><time>2026-08-20T16:47:31Z</time><speed>0.915</speed><sat>29</sat></trkpt>
  <trkpt lat="-33.99495667" lon="-139.99599738"><ele>35.600</ele><time>2026-08-20T16:47:32Z</time><speed>0.862</speed><sat>29</sat></trkpt>
  <trkpt lat="-33.99495667" lon="-139.99599856"><ele>36.100</ele><time>2026-08-20T16:47:33Z</time><speed>0.792</speed><sat>30</sat></trkpt>
  <trkpt lat="-33.99495667" lon="-139.99600565"><ele>36.400</ele><time>2026-08-20T16:47:34Z</time><speed>0.689</speed><sat>30</sat></trkpt>
  <trkpt lat="-33.99496167" lon="-139.99601157"><ele>36.400</ele><time>2026-08-20T16:47:35Z</time><speed>0.619</speed><sat>30</sat></trkpt>
  <trkpt lat="-33.99497167" lon="-139.99601512"><ele>36.400</ele><time>2026-08-20T16:47:36Z</time><speed>0.558</speed><sat>30</sat></trkpt>
  <trkpt lat="-33.99497833" lon="-139.99601985"><ele>36.200</ele><time>2026-08-20T16:47:37Z</time><speed>0.498</speed><sat>30</sat></trkpt>
  <trkpt lat="-33.99498500" lon="-139.99602813"><ele>35.800</ele><time>2026-08-20T16:47:38Z</time><speed>0.467</speed><sat>30</sat></trkpt>
  <trkpt lat="-33.99499333" lon="-139.99603286"><ele>35.500</ele><time>2026-08-20T16:47:39Z</time><speed>0.453</speed><sat>30</sat></trkpt>
  <trkpt lat="-33.99500167" lon="-139.99604114"><ele>35.400</ele><time>2026-08-20T16:47:40Z</time><speed>0.433</speed><sat>29</sat></trkpt>
  <trkpt lat="-33.99500667" lon="-139.99604706"><ele>35.200</ele><time>2026-08-20T16:47:41Z</time><speed>0.399</speed><sat>29</sat></trkpt>
  <trkpt lat="-33.99501500" lon="-139.99605652"><ele>35.200</ele><time>2026-08-20T16:47:42Z</time><speed>0.415</speed><sat>29</sat></trkpt>
  <trkpt lat="-33.99501667" lon="-139.99606598"><ele>34.900</ele><time>2026-08-20T16:47:43Z</time><speed>0.446</speed><sat>30</sat></trkpt>
  <trkpt lat="-33.99502000" lon="-139.99608135"><ele>34.600</ele><time>2026-08-20T16:47:44Z</time><speed>0.506</speed><sat>29</sat></trkpt>
  <trkpt lat="-33.99502000" lon="-139.99609436"><ele>34.400</ele><time>2026-08-20T16:47:45Z</time><speed>0.550</speed><sat>30</sat></trkpt>
  <trkpt lat="-33.99501833" lon="-139.99610738"><ele>34.200</ele><time>2026-08-20T16:47:46Z</time><speed>0.609</speed><sat>31</sat></trkpt>
  <trkpt lat="-33.99501500" lon="-139.99612985"><ele>34.000</ele><time>2026-08-20T16:47:47Z</time><speed>0.694</speed><sat>31</sat></trkpt>
  <trkpt lat="-33.99501167" lon="-139.99615587"><ele>33.500</ele><time>2026-08-20T16:47:48Z</time><speed>0.773</speed><sat>30</sat></trkpt>
  <trkpt lat="-33.99500833" lon="-139.99617361"><ele>33.000</ele><time>2026-08-20T16:47:49Z</time><speed>0.858</speed><sat>30</sat></trkpt>
  <trkpt lat="-33.99500833" lon="-139.99619727"><ele>32.900</ele><time>2026-08-20T16:47:50Z</time><speed>0.903</speed><sat>29</sat></trkpt>
  <trkpt lat="-33.99501500" lon="-139.99621501"><ele>32.600</ele><time>2026-08-20T16:47:51Z</time><speed>0.982</speed><sat>29</sat></trkpt>
  <trkpt lat="-33.99501667" lon="-139.99623394"><ele>32.300</ele><time>2026-08-20T16:47:52Z</time><speed>1.023</speed><sat>29</sat></trkpt>
  <trkpt lat="-33.99501833" lon="-139.99624813"><ele>32.000</ele><time>2026-08-20T16:47:53Z</time><speed>1.070</speed><sat>29</sat></trkpt>
  <trkpt lat="-33.99501667" lon="-139.99626587"><ele>32.000</ele><time>2026-08-20T16:47:54Z</time><speed>1.089</speed><sat>29</sat></trkpt>
  <trkpt lat="-33.99501833" lon="-139.99628243"><ele>31.800</ele><time>2026-08-20T16:47:55Z</time><speed>1.095</speed><sat>29</sat></trkpt>
  <trkpt lat="-33.99501667" lon="-139.99629899"><ele>31.600</ele><time>2026-08-20T16:47:56Z</time><speed>1.115</speed><sat>29</sat></trkpt>
  <trkpt lat="-33.99501667" lon="-139.99631674"><ele>31.700</ele><time>2026-08-20T16:47:57Z</time><speed>1.090</speed><sat>29</sat></trkpt>
  <trkpt lat="-33.99501833" lon="-139.99632974"><ele>31.700</ele><time>2026-08-20T16:47:58Z</time><speed>1.051</speed><sat>29</sat></trkpt>
  <trkpt lat="-33.99501833" lon="-139.99634985"><ele>31.600</ele><time>2026-08-20T16:47:59Z</time><speed>1.033</speed><sat>29</sat></trkpt>
  <trkpt lat="-33.99501667" lon="-139.99636759"><ele>31.900</ele><time>2026-08-20T16:48:00Z</time><speed>1.033</speed><sat>29</sat></trkpt>
  <trkpt lat="-33.99501167" lon="-139.99638416"><ele>32.000</ele><time>2026-08-20T16:48:01Z</time><speed>0.982</speed><sat>29</sat></trkpt>
  <trkpt lat="-33.99500833" lon="-139.99639835"><ele>32.100</ele><time>2026-08-20T16:48:02Z</time><speed>0.983</speed><sat>29</sat></trkpt>
  <trkpt lat="-33.99500833" lon="-139.99641491"><ele>32.100</ele><time>2026-08-20T16:48:03Z</time><speed>0.950</speed><sat>28</sat></trkpt>
  <trkpt lat="-33.99501000" lon="-139.99642674"><ele>32.000</ele><time>2026-08-20T16:48:04Z</time><speed>0.942</speed><sat>29</sat></trkpt>
  <trkpt lat="-33.99501000" lon="-139.99643975"><ele>32.200</ele><time>2026-08-20T16:48:05Z</time><speed>0.900</speed><sat>29</sat></trkpt>
  <trkpt lat="-33.99501167" lon="-139.99645394"><ele>32.400</ele><time>2026-08-20T16:48:06Z</time><speed>0.850</speed><sat>29</sat></trkpt>
  <trkpt lat="-33.99501667" lon="-139.99646932"><ele>32.500</ele><time>2026-08-20T16:48:07Z</time><speed>0.863</speed><sat>29</sat></trkpt>
  <trkpt lat="-33.99502000" lon="-139.99649179"><ele>32.400</ele><time>2026-08-20T16:48:08Z</time><speed>0.937</speed><sat>28</sat></trkpt>
  <trkpt lat="-33.99502333" lon="-139.99650598"><ele>32.500</ele><time>2026-08-20T16:48:09Z</time><speed>0.924</speed><sat>27</sat></trkpt>
  <trkpt lat="-33.99502833" lon="-139.99651663"><ele>32.600</ele><time>2026-08-20T16:48:10Z</time><speed>0.907</speed><sat>28</sat></trkpt>
  <trkpt lat="-33.99503333" lon="-139.99653555"><ele>32.900</ele><time>2026-08-20T16:48:11Z</time><speed>0.984</speed><sat>28</sat></trkpt>
  <trkpt lat="-33.99503833" lon="-139.99655448"><ele>33.000</ele><time>2026-08-20T16:48:12Z</time><speed>1.034</speed><sat>28</sat></trkpt>
  <trkpt lat="-33.99503667" lon="-139.99656867"><ele>33.400</ele><time>2026-08-20T16:48:13Z</time><speed>1.049</speed><sat>28</sat></trkpt>
  <trkpt lat="-33.99503667" lon="-139.99658050"><ele>33.700</ele><time>2026-08-20T16:48:14Z</time><speed>1.057</speed><sat>27</sat></trkpt>
  <trkpt lat="-33.99503500" lon="-139.99659588"><ele>34.100</ele><time>2026-08-20T16:48:15Z</time><speed>1.126</speed><sat>27</sat></trkpt>
  <trkpt lat="-33.99502833" lon="-139.99661007"><ele>34.400</ele><time>2026-08-20T16:48:16Z</time><speed>1.112</speed><sat>28</sat></trkpt>
  <trkpt lat="-33.99503000" lon="-139.99662426"><ele>34.800</ele><time>2026-08-20T16:48:17Z</time><speed>1.070</speed><sat>28</sat></trkpt>
  <trkpt lat="-33.99503333" lon="-139.99664082"><ele>35.100</ele><time>2026-08-20T16:48:18Z</time><speed>1.015</speed><sat>27</sat></trkpt>
  <trkpt lat="-33.99503667" lon="-139.99665265"><ele>35.100</ele><time>2026-08-20T16:48:19Z</time><speed>1.004</speed><sat>28</sat></trkpt>
  <trkpt lat="-33.99504000" lon="-139.99666921"><ele>35.300</ele><time>2026-08-20T16:48:20Z</time><speed>1.024</speed><sat>28</sat></trkpt>
  <trkpt lat="-33.99503833" lon="-139.99668695"><ele>35.900</ele><time>2026-08-20T16:48:21Z</time><speed>1.017</speed><sat>28</sat></trkpt>
  <trkpt lat="-33.99503833" lon="-139.99671061"><ele>36.200</ele><time>2026-08-20T16:48:22Z</time><speed>1.051</speed><sat>27</sat></trkpt>
  <trkpt lat="-33.99503500" lon="-139.99673663"><ele>36.100</ele><time>2026-08-20T16:48:23Z</time><speed>1.127</speed><sat>25</sat></trkpt>
  <trkpt lat="-33.99503500" lon="-139.99675437"><ele>36.600</ele><time>2026-08-20T16:48:24Z</time><speed>1.117</speed><sat>25</sat></trkpt>
  <trkpt lat="-33.99504500" lon="-139.99676856"><ele>37.100</ele><time>2026-08-20T16:48:25Z</time><speed>1.088</speed><sat>24</sat></trkpt>
  <trkpt lat="-33.99505500" lon="-139.99678158"><ele>37.600</ele><time>2026-08-20T16:48:26Z</time><speed>1.150</speed><sat>27</sat></trkpt>
  <trkpt lat="-33.99507167" lon="-139.99678039"><ele>38.100</ele><time>2026-08-20T16:48:27Z</time><speed>1.194</speed><sat>28</sat></trkpt>
  <trkpt lat="-33.99509667" lon="-139.99677921"><ele>37.800</ele><time>2026-08-20T16:48:28Z</time><speed>1.252</speed><sat>29</sat></trkpt>
  <trkpt lat="-33.99511500" lon="-139.99676975"><ele>37.600</ele><time>2026-08-20T16:48:29Z</time><speed>1.295</speed><sat>29</sat></trkpt>
  <trkpt lat="-33.99513500" lon="-139.99676502"><ele>37.600</ele><time>2026-08-20T16:48:30Z</time><speed>1.344</speed><sat>29</sat></trkpt>
  <trkpt lat="-33.99515167" lon="-139.99675674"><ele>37.400</ele><time>2026-08-20T16:48:31Z</time><speed>1.344</speed><sat>29</sat></trkpt>
  <trkpt lat="-33.99517333" lon="-139.99674964"><ele>37.200</ele><time>2026-08-20T16:48:32Z</time><speed>1.308</speed><sat>29</sat></trkpt>
  <trkpt lat="-33.99519167" lon="-139.99674727"><ele>36.300</ele><time>2026-08-20T16:48:33Z</time><speed>1.240</speed><sat>29</sat></trkpt>
  <trkpt lat="-33.99520167" lon="-139.99674136"><ele>36.000</ele><time>2026-08-20T16:48:34Z</time><speed>1.198</speed><sat>29</sat></trkpt>
  <trkpt lat="-33.99520833" lon="-139.99673426"><ele>35.600</ele><time>2026-08-20T16:48:35Z</time><speed>1.127</speed><sat>29</sat></trkpt>
  <trkpt lat="-33.99521167" lon="-139.99673190"><ele>35.100</ele><time>2026-08-20T16:48:36Z</time><speed>1.011</speed><sat>29</sat></trkpt>
  <trkpt lat="-33.99521333" lon="-139.99673072"><ele>34.600</ele><time>2026-08-20T16:48:37Z</time><speed>0.907</speed><sat>29</sat></trkpt>
  <trkpt lat="-33.99521333" lon="-139.99673308"><ele>34.500</ele><time>2026-08-20T16:48:38Z</time><speed>0.760</speed><sat>31</sat></trkpt>
  <trkpt lat="-33.99521500" lon="-139.99673308"><ele>34.300</ele><time>2026-08-20T16:48:39Z</time><speed>0.641</speed><sat>31</sat></trkpt>
  <trkpt lat="-33.99521333" lon="-139.99673781"><ele>33.800</ele><time>2026-08-20T16:48:40Z</time><speed>0.503</speed><sat>30</sat></trkpt>
  <trkpt lat="-33.99521333" lon="-139.99673900"><ele>33.700</ele><time>2026-08-20T16:48:41Z</time><speed>0.000</speed><sat>29</sat></trkpt>
  <trkpt lat="-33.99521333" lon="-139.99674491"><ele>33.700</ele><time>2026-08-20T16:48:42Z</time><speed>0.000</speed><sat>30</sat></trkpt>
  <trkpt lat="-33.99522000" lon="-139.99674610"><ele>33.500</ele><time>2026-08-20T16:48:43Z</time><speed>0.000</speed><sat>30</sat></trkpt>
  <trkpt lat="-33.99522000" lon="-139.99674610"><ele>33.500</ele><time>2026-08-20T16:48:44Z</time><speed>0.000</speed><sat>30</sat></trkpt>
  <trkpt lat="-33.99523167" lon="-139.99674846"><ele>33.600</ele><time>2026-08-20T16:48:45Z</time><speed>0.287</speed><sat>29</sat></trkpt>
  <trkpt lat="-33.99524000" lon="-139.99674491"><ele>33.600</ele><time>2026-08-20T16:48:46Z</time><speed>0.400</speed><sat>29</sat></trkpt>
  <trkpt lat="-33.99525333" lon="-139.99673663"><ele>33.500</ele><time>2026-08-20T16:48:47Z</time><speed>0.523</speed><sat>29</sat></trkpt>
  <trkpt lat="-33.99526167" lon="-139.99672953"><ele>33.300</ele><time>2026-08-20T16:48:48Z</time><speed>0.595</speed><sat>29</sat></trkpt>
  <trkpt lat="-33.99527000" lon="-139.99672480"><ele>33.100</ele><time>2026-08-20T16:48:49Z</time><speed>0.678</speed><sat>29</sat></trkpt>
  <trkpt lat="-33.99528167" lon="-139.99672126"><ele>32.900</ele><time>2026-08-20T16:48:50Z</time><speed>0.770</speed><sat>30</sat></trkpt>
  <trkpt lat="-33.99529000" lon="-139.99671297"><ele>32.800</ele><time>2026-08-20T16:48:51Z</time><speed>0.824</speed><sat>30</sat></trkpt>
  <trkpt lat="-33.99529667" lon="-139.99671179"><ele>33.100</ele><time>2026-08-20T16:48:52Z</time><speed>0.875</speed><sat>30</sat></trkpt>
  <trkpt lat="-33.99531500" lon="-139.99670943"><ele>33.200</ele><time>2026-08-20T16:48:53Z</time><speed>0.943</speed><sat>30</sat></trkpt>
  <trkpt lat="-33.99532500" lon="-139.99670469"><ele>33.300</ele><time>2026-08-20T16:48:54Z</time><speed>0.936</speed><sat>29</sat></trkpt>
  <trkpt lat="-33.99533833" lon="-139.99669997"><ele>33.400</ele><time>2026-08-20T16:48:55Z</time><speed>0.928</speed><sat>30</sat></trkpt>
  <trkpt lat="-33.99536000" lon="-139.99669287"><ele>33.300</ele><time>2026-08-20T16:48:56Z</time><speed>0.951</speed><sat>30</sat></trkpt>
  <trkpt lat="-33.99537833" lon="-139.99667985"><ele>32.800</ele><time>2026-08-20T16:48:57Z</time><speed>0.934</speed><sat>31</sat></trkpt>
  <trkpt lat="-33.99538833" lon="-139.99665856"><ele>32.000</ele><time>2026-08-20T16:48:58Z</time><speed>0.934</speed><sat>30</sat></trkpt>
  <trkpt lat="-33.99539500" lon="-139.99664910"><ele>31.200</ele><time>2026-08-20T16:48:59Z</time><speed>0.903</speed><sat>31</sat></trkpt>
  <trkpt lat="-33.99540000" lon="-139.99663491"><ele>31.300</ele><time>2026-08-20T16:49:00Z</time><speed>0.873</speed><sat>30</sat></trkpt>
  <trkpt lat="-33.99540333" lon="-139.99662426"><ele>30.800</ele><time>2026-08-20T16:49:01Z</time><speed>0.835</speed><sat>29</sat></trkpt>
  <trkpt lat="-33.99540500" lon="-139.99661480"><ele>30.600</ele><time>2026-08-20T16:49:02Z</time><speed>0.807</speed><sat>29</sat></trkpt>
  <trkpt lat="-33.99541167" lon="-139.99660534"><ele>30.200</ele><time>2026-08-20T16:49:03Z</time><speed>0.736</speed><sat>29</sat></trkpt>
  <trkpt lat="-33.99541000" lon="-139.99660297"><ele>29.800</ele><time>2026-08-20T16:49:04Z</time><speed>0.692</speed><sat>29</sat></trkpt>
  <trkpt lat="-33.99541500" lon="-139.99659942"><ele>29.800</ele><time>2026-08-20T16:49:05Z</time><speed>0.648</speed><sat>29</sat></trkpt>
  <trkpt lat="-33.99542833" lon="-139.99659588"><ele>29.300</ele><time>2026-08-20T16:49:06Z</time><speed>0.569</speed><sat>30</sat></trkpt>
  <trkpt lat="-33.99543333" lon="-139.99658878"><ele>28.800</ele><time>2026-08-20T16:49:07Z</time><speed>0.505</speed><sat>30</sat></trkpt>
  <trkpt lat="-33.99543500" lon="-139.99658759"><ele>28.700</ele><time>2026-08-20T16:49:08Z</time><speed>0.456</speed><sat>30</sat></trkpt>
  <trkpt lat="-33.99543833" lon="-139.99658405"><ele>28.200</ele><time>2026-08-20T16:49:09Z</time><speed>0.431</speed><sat>29</sat></trkpt>
  <trkpt lat="-33.99544333" lon="-139.99658168"><ele>27.900</ele><time>2026-08-20T16:49:10Z</time><speed>0.403</speed><sat>30</sat></trkpt>
  <trkpt lat="-33.99545000" lon="-139.99657932"><ele>27.700</ele><time>2026-08-20T16:49:11Z</time><speed>0.428</speed><sat>30</sat></trkpt>
  <trkpt lat="-33.99546000" lon="-139.99657222"><ele>27.600</ele><time>2026-08-20T16:49:12Z</time><speed>0.458</speed><sat>31</sat></trkpt>
  <trkpt lat="-33.99547333" lon="-139.99656749"><ele>27.500</ele><time>2026-08-20T16:49:13Z</time><speed>0.504</speed><sat>31</sat></trkpt>
  <trkpt lat="-33.99548333" lon="-139.99656276"><ele>27.500</ele><time>2026-08-20T16:49:14Z</time><speed>0.502</speed><sat>31</sat></trkpt>
  <trkpt lat="-33.99549000" lon="-139.99655684"><ele>27.500</ele><time>2026-08-20T16:49:15Z</time><speed>0.508</speed><sat>31</sat></trkpt>
  <trkpt lat="-33.99549667" lon="-139.99655330"><ele>27.500</ele><time>2026-08-20T16:49:16Z</time><speed>0.496</speed><sat>31</sat></trkpt>
  <trkpt lat="-33.99550667" lon="-139.99654975"><ele>27.500</ele><time>2026-08-20T16:49:17Z</time><speed>0.523</speed><sat>31</sat></trkpt>
  <trkpt lat="-33.99551500" lon="-139.99654975"><ele>27.500</ele><time>2026-08-20T16:49:18Z</time><speed>0.583</speed><sat>31</sat></trkpt>
  <trkpt lat="-33.99552500" lon="-139.99654620"><ele>27.100</ele><time>2026-08-20T16:49:19Z</time><speed>0.639</speed><sat>31</sat></trkpt>
  <trkpt lat="-33.99554167" lon="-139.99654856"><ele>26.900</ele><time>2026-08-20T16:49:20Z</time><speed>0.693</speed><sat>31</sat></trkpt>
  <trkpt lat="-33.99555167" lon="-139.99654738"><ele>26.600</ele><time>2026-08-20T16:49:21Z</time><speed>0.707</speed><sat>31</sat></trkpt>
  <trkpt lat="-33.99556500" lon="-139.99654975"><ele>26.500</ele><time>2026-08-20T16:49:22Z</time><speed>0.732</speed><sat>31</sat></trkpt>
  <trkpt lat="-33.99557500" lon="-139.99655093"><ele>26.300</ele><time>2026-08-20T16:49:23Z</time><speed>0.725</speed><sat>31</sat></trkpt>
  <trkpt lat="-33.99558000" lon="-139.99654856"><ele>26.500</ele><time>2026-08-20T16:49:24Z</time><speed>0.767</speed><sat>32</sat></trkpt>
  <trkpt lat="-33.99559000" lon="-139.99655330"><ele>26.400</ele><time>2026-08-20T16:49:25Z</time><speed>0.815</speed><sat>32</sat></trkpt>
  <trkpt lat="-33.99560667" lon="-139.99656039"><ele>26.200</ele><time>2026-08-20T16:49:26Z</time><speed>0.867</speed><sat>32</sat></trkpt>
  <trkpt lat="-33.99563000" lon="-139.99656158"><ele>26.400</ele><time>2026-08-20T16:49:27Z</time><speed>0.967</speed><sat>32</sat></trkpt>
  <trkpt lat="-33.99566333" lon="-139.99656867"><ele>26.500</ele><time>2026-08-20T16:49:28Z</time><speed>1.150</speed><sat>32</sat></trkpt>
  <trkpt lat="-33.99570500" lon="-139.99658050"><ele>27.000</ele><time>2026-08-20T16:49:29Z</time><speed>1.396</speed><sat>31</sat></trkpt>
  <trkpt lat="-33.99574333" lon="-139.99658878"><ele>27.500</ele><time>2026-08-20T16:49:30Z</time><speed>1.625</speed><sat>30</sat></trkpt>
  <trkpt lat="-33.99577500" lon="-139.99659824"><ele>27.300</ele><time>2026-08-20T16:49:31Z</time><speed>1.840</speed><sat>28</sat></trkpt>
  <trkpt lat="-33.99579500" lon="-139.99660771"><ele>27.400</ele><time>2026-08-20T16:49:32Z</time><speed>1.963</speed><sat>30</sat></trkpt>
  <trkpt lat="-33.99580667" lon="-139.99661480"><ele>27.400</ele><time>2026-08-20T16:49:33Z</time><speed>2.028</speed><sat>30</sat></trkpt>
  <trkpt lat="-33.99580833" lon="-139.99661835"><ele>27.500</ele><time>2026-08-20T16:49:34Z</time><speed>2.045</speed><sat>30</sat></trkpt>
  <trkpt lat="-33.99581333" lon="-139.99662190"><ele>27.800</ele><time>2026-08-20T16:49:35Z</time><speed>2.017</speed><sat>30</sat></trkpt>
  <trkpt lat="-33.99581500" lon="-139.99662663"><ele>27.900</ele><time>2026-08-20T16:49:36Z</time><speed>1.953</speed><sat>30</sat></trkpt>
  <trkpt lat="-33.99581833" lon="-139.99662900"><ele>28.000</ele><time>2026-08-20T16:49:37Z</time><speed>1.814</speed><sat>29</sat></trkpt>
  <trkpt lat="-33.99582500" lon="-139.99663255"><ele>28.100</ele><time>2026-08-20T16:49:38Z</time><speed>1.585</speed><sat>29</sat></trkpt>
  <trkpt lat="-33.99584167" lon="-139.99663136"><ele>28.300</ele><time>2026-08-20T16:49:39Z</time><speed>1.314</speed><sat>29</sat></trkpt>
  <trkpt lat="-33.99584833" lon="-139.99663372"><ele>28.300</ele><time>2026-08-20T16:49:40Z</time><speed>1.015</speed><sat>30</sat></trkpt>
  <trkpt lat="-33.99585500" lon="-139.99663846"><ele>28.700</ele><time>2026-08-20T16:49:41Z</time><speed>0.782</speed><sat>30</sat></trkpt>
  <trkpt lat="-33.99586833" lon="-139.99664555"><ele>29.000</ele><time>2026-08-20T16:49:42Z</time><speed>0.661</speed><sat>30</sat></trkpt>
  <trkpt lat="-33.99588333" lon="-139.99665501"><ele>28.900</ele><time>2026-08-20T16:49:43Z</time><speed>0.630</speed><sat>29</sat></trkpt>
  <trkpt lat="-33.99590000" lon="-139.99666803"><ele>29.100</ele><time>2026-08-20T16:49:44Z</time><speed>0.691</speed><sat>30</sat></trkpt>
  <trkpt lat="-33.99591333" lon="-139.99667513"><ele>29.500</ele><time>2026-08-20T16:49:45Z</time><speed>0.727</speed><sat>30</sat></trkpt>
  <trkpt lat="-33.99592667" lon="-139.99667630"><ele>29.700</ele><time>2026-08-20T16:49:46Z</time><speed>0.748</speed><sat>30</sat></trkpt>
  <trkpt lat="-33.99593667" lon="-139.99666684"><ele>29.900</ele><time>2026-08-20T16:49:47Z</time><speed>0.799</speed><sat>30</sat></trkpt>
  <trkpt lat="-33.99594000" lon="-139.99665384"><ele>30.200</ele><time>2026-08-20T16:49:48Z</time><speed>0.870</speed><sat>31</sat></trkpt>
  <trkpt lat="-33.99594000" lon="-139.99663964"><ele>30.500</ele><time>2026-08-20T16:49:49Z</time><speed>0.877</speed><sat>31</sat></trkpt>
  <trkpt lat="-33.99593167" lon="-139.99662663"><ele>30.300</ele><time>2026-08-20T16:49:50Z</time><speed>0.946</speed><sat>31</sat></trkpt>
  <trkpt lat="-33.99593000" lon="-139.99661243"><ele>30.400</ele><time>2026-08-20T16:49:51Z</time><speed>0.987</speed><sat>31</sat></trkpt>
  <trkpt lat="-33.99593500" lon="-139.99659588"><ele>30.400</ele><time>2026-08-20T16:49:52Z</time><speed>0.974</speed><sat>31</sat></trkpt>
  <trkpt lat="-33.99594500" lon="-139.99657695"><ele>30.300</ele><time>2026-08-20T16:49:53Z</time><speed>1.003</speed><sat>31</sat></trkpt>
  <trkpt lat="-33.99596167" lon="-139.99655921"><ele>30.000</ele><time>2026-08-20T16:49:54Z</time><speed>0.978</speed><sat>31</sat></trkpt>
  <trkpt lat="-33.99598500" lon="-139.99654975"><ele>29.800</ele><time>2026-08-20T16:49:55Z</time><speed>0.986</speed><sat>32</sat></trkpt>
  <trkpt lat="-33.99599833" lon="-139.99655093"><ele>30.000</ele><time>2026-08-20T16:49:56Z</time><speed>1.037</speed><sat>32</sat></trkpt>
  <trkpt lat="-33.99601667" lon="-139.99655093"><ele>29.900</ele><time>2026-08-20T16:49:57Z</time><speed>1.069</speed><sat>32</sat></trkpt>
  <trkpt lat="-33.99603333" lon="-139.99655921"><ele>30.000</ele><time>2026-08-20T16:49:58Z</time><speed>1.105</speed><sat>32</sat></trkpt>
  <trkpt lat="-33.99605000" lon="-139.99656630"><ele>30.200</ele><time>2026-08-20T16:49:59Z</time><speed>1.173</speed><sat>32</sat></trkpt>
  <trkpt lat="-33.99606333" lon="-139.99657577"><ele>30.300</ele><time>2026-08-20T16:50:00Z</time><speed>1.213</speed><sat>32</sat></trkpt>
  <trkpt lat="-33.99607500" lon="-139.99658405"><ele>30.300</ele><time>2026-08-20T16:50:01Z</time><speed>1.223</speed><sat>32</sat></trkpt>
  <trkpt lat="-33.99608167" lon="-139.99659588"><ele>30.200</ele><time>2026-08-20T16:50:02Z</time><speed>1.226</speed><sat>32</sat></trkpt>
  <trkpt lat="-33.99608500" lon="-139.99661007"><ele>30.100</ele><time>2026-08-20T16:50:03Z</time><speed>1.195</speed><sat>32</sat></trkpt>
  <trkpt lat="-33.99607833" lon="-139.99662781"><ele>30.400</ele><time>2026-08-20T16:50:04Z</time><speed>1.202</speed><sat>30</sat></trkpt>
  <trkpt lat="-33.99607667" lon="-139.99664201"><ele>30.400</ele><time>2026-08-20T16:50:05Z</time><speed>1.175</speed><sat>30</sat></trkpt>
  <trkpt lat="-33.99607833" lon="-139.99665029"><ele>30.300</ele><time>2026-08-20T16:50:06Z</time><speed>1.087</speed><sat>30</sat></trkpt>
  <trkpt lat="-33.99608667" lon="-139.99665147"><ele>29.800</ele><time>2026-08-20T16:50:07Z</time><speed>0.984</speed><sat>30</sat></trkpt>
  <trkpt lat="-33.99609833" lon="-139.99665265"><ele>29.900</ele><time>2026-08-20T16:50:08Z</time><speed>0.902</speed><sat>30</sat></trkpt>
  <trkpt lat="-33.99612000" lon="-139.99665147"><ele>30.100</ele><time>2026-08-20T16:50:09Z</time><speed>0.878</speed><sat>31</sat></trkpt>
  <trkpt lat="-33.99614500" lon="-139.99664910"><ele>30.100</ele><time>2026-08-20T16:50:10Z</time><speed>0.889</speed><sat>31</sat></trkpt>
  <trkpt lat="-33.99616667" lon="-139.99665384"><ele>30.300</ele><time>2026-08-20T16:50:11Z</time><speed>0.946</speed><sat>31</sat></trkpt>
  <trkpt lat="-33.99619500" lon="-139.99665029"><ele>30.600</ele><time>2026-08-20T16:50:12Z</time><speed>1.032</speed><sat>31</sat></trkpt>
  <trkpt lat="-33.99621167" lon="-139.99664910"><ele>30.900</ele><time>2026-08-20T16:50:13Z</time><speed>1.037</speed><sat>31</sat></trkpt>
  <trkpt lat="-33.99622333" lon="-139.99665029"><ele>31.200</ele><time>2026-08-20T16:50:14Z</time><speed>0.986</speed><sat>31</sat></trkpt>
  <trkpt lat="-33.99623167" lon="-139.99665384"><ele>31.400</ele><time>2026-08-20T16:50:15Z</time><speed>0.964</speed><sat>30</sat></trkpt>
  <trkpt lat="-33.99624333" lon="-139.99665975"><ele>31.700</ele><time>2026-08-20T16:50:16Z</time><speed>0.999</speed><sat>30</sat></trkpt>
  <trkpt lat="-33.99626167" lon="-139.99666921"><ele>32.300</ele><time>2026-08-20T16:50:17Z</time><speed>1.048</speed><sat>32</sat></trkpt>
  <trkpt lat="-33.99628000" lon="-139.99668222"><ele>32.600</ele><time>2026-08-20T16:50:18Z</time><speed>1.070</speed><sat>32</sat></trkpt>
  <trkpt lat="-33.99630333" lon="-139.99669405"><ele>33.200</ele><time>2026-08-20T16:50:19Z</time><speed>1.128</speed><sat>32</sat></trkpt>
  <trkpt lat="-33.99633000" lon="-139.99670588"><ele>33.500</ele><time>2026-08-20T16:50:20Z</time><speed>1.176</speed><sat>32</sat></trkpt>
  <trkpt lat="-33.99634667" lon="-139.99670588"><ele>33.700</ele><time>2026-08-20T16:50:21Z</time><speed>1.096</speed><sat>32</sat></trkpt>
  <trkpt lat="-33.99636000" lon="-139.99670233"><ele>33.900</ele><time>2026-08-20T16:50:22Z</time><speed>1.020</speed><sat>32</sat></trkpt>
  <trkpt lat="-33.99636333" lon="-139.99671061"><ele>33.800</ele><time>2026-08-20T16:50:23Z</time><speed>0.000</speed><sat>31</sat></trkpt>
  <trkpt lat="-33.99637167" lon="-139.99671534"><ele>33.600</ele><time>2026-08-20T16:50:24Z</time><speed>0.902</speed><sat>32</sat></trkpt>
  <trkpt lat="-33.99637667" lon="-139.99672480"><ele>33.500</ele><time>2026-08-20T16:50:25Z</time><speed>0.905</speed><sat>30</sat></trkpt>
  <trkpt lat="-33.99638167" lon="-139.99673663"><ele>33.300</ele><time>2026-08-20T16:50:26Z</time><speed>0.915</speed><sat>31</sat></trkpt>
  <trkpt lat="-33.99638667" lon="-139.99674136"><ele>33.200</ele><time>2026-08-20T16:50:27Z</time><speed>0.902</speed><sat>31</sat></trkpt>
  <trkpt lat="-33.99639500" lon="-139.99674491"><ele>33.100</ele><time>2026-08-20T16:50:28Z</time><speed>0.000</speed><sat>31</sat></trkpt>
  <trkpt lat="-33.99640167" lon="-139.99674255"><ele>33.000</ele><time>2026-08-20T16:50:29Z</time><speed>0.744</speed><sat>31</sat></trkpt>
  <trkpt lat="-33.99641000" lon="-139.99674372"><ele>32.900</ele><time>2026-08-20T16:50:30Z</time><speed>0.608</speed><sat>31</sat></trkpt>
  <trkpt lat="-33.99641833" lon="-139.99674846"><ele>32.800</ele><time>2026-08-20T16:50:31Z</time><speed>0.596</speed><sat>31</sat></trkpt>
  <trkpt lat="-33.99642500" lon="-139.99675201"><ele>32.500</ele><time>2026-08-20T16:50:32Z</time><speed>0.000</speed><sat>31</sat></trkpt>
  <trkpt lat="-33.99642667" lon="-139.99676029"><ele>32.300</ele><time>2026-08-20T16:50:33Z</time><speed>0.579</speed><sat>30</sat></trkpt>
  <trkpt lat="-33.99642500" lon="-139.99676975"><ele>32.000</ele><time>2026-08-20T16:50:34Z</time><speed>0.575</speed><sat>30</sat></trkpt>
  <trkpt lat="-33.99642167" lon="-139.99678039"><ele>31.700</ele><time>2026-08-20T16:50:35Z</time><speed>0.587</speed><sat>31</sat></trkpt>
  <trkpt lat="-33.99641500" lon="-139.99679104"><ele>31.500</ele><time>2026-08-20T16:50:36Z</time><speed>0.000</speed><sat>31</sat></trkpt>
  <trkpt lat="-33.99640667" lon="-139.99680168"><ele>31.100</ele><time>2026-08-20T16:50:37Z</time><speed>0.571</speed><sat>31</sat></trkpt>
  <trkpt lat="-33.99640167" lon="-139.99681115"><ele>30.700</ele><time>2026-08-20T16:50:38Z</time><speed>0.568</speed><sat>31</sat></trkpt>
  <trkpt lat="-33.99640333" lon="-139.99681352"><ele>30.200</ele><time>2026-08-20T16:50:39Z</time><speed>0.540</speed><sat>31</sat></trkpt>
  <trkpt lat="-33.99640000" lon="-139.99681943"><ele>29.800</ele><time>2026-08-20T16:50:40Z</time><speed>0.504</speed><sat>31</sat></trkpt>
  <trkpt lat="-33.99640000" lon="-139.99682534"><ele>29.600</ele><time>2026-08-20T16:50:41Z</time><speed>0.466</speed><sat>31</sat></trkpt>
  <trkpt lat="-33.99640167" lon="-139.99682889"><ele>29.800</ele><time>2026-08-20T16:50:42Z</time><speed>0.000</speed><sat>29</sat></trkpt>
  <trkpt lat="-33.99640333" lon="-139.99683362"><ele>29.600</ele><time>2026-08-20T16:50:43Z</time><speed>0.414</speed><sat>30</sat></trkpt>
  <trkpt lat="-33.99640500" lon="-139.99684308"><ele>29.600</ele><time>2026-08-20T16:50:44Z</time><speed>0.000</speed><sat>30</sat></trkpt>
  <trkpt lat="-33.99640667" lon="-139.99684781"><ele>29.700</ele><time>2026-08-20T16:50:45Z</time><speed>0.000</speed><sat>30</sat></trkpt>
  <trkpt lat="-33.99641333" lon="-139.99685373"><ele>29.800</ele><time>2026-08-20T16:50:46Z</time><speed>0.000</speed><sat>29</sat></trkpt>
  <trkpt lat="-33.99641667" lon="-139.99685846"><ele>29.900</ele><time>2026-08-20T16:50:47Z</time><speed>0.000</speed><sat>30</sat></trkpt>
  <trkpt lat="-33.99641667" lon="-139.99685846"><ele>29.900</ele><time>2026-08-20T16:50:48Z</time><speed>0.000</speed><sat>29</sat></trkpt>
  <trkpt lat="-33.99643333" lon="-139.99688094"><ele>30.600</ele><time>2026-08-20T16:50:49Z</time><speed>0.428</speed><sat>29</sat></trkpt>
  <trkpt lat="-33.99643500" lon="-139.99689513"><ele>31.000</ele><time>2026-08-20T16:50:50Z</time><speed>0.491</speed><sat>29</sat></trkpt>
  <trkpt lat="-33.99643333" lon="-139.99690577"><ele>31.300</ele><time>2026-08-20T16:50:51Z</time><speed>0.545</speed><sat>30</sat></trkpt>
  <trkpt lat="-33.99642833" lon="-139.99691523"><ele>31.500</ele><time>2026-08-20T16:50:52Z</time><speed>0.600</speed><sat>30</sat></trkpt>
  <trkpt lat="-33.99642167" lon="-139.99692115"><ele>31.400</ele><time>2026-08-20T16:50:53Z</time><speed>0.651</speed><sat>30</sat></trkpt>
  <trkpt lat="-33.99641833" lon="-139.99693534"><ele>31.200</ele><time>2026-08-20T16:50:54Z</time><speed>0.703</speed><sat>30</sat></trkpt>
  <trkpt lat="-33.99642167" lon="-139.99694717"><ele>31.000</ele><time>2026-08-20T16:50:55Z</time><speed>0.747</speed><sat>28</sat></trkpt>
  <trkpt lat="-33.99642667" lon="-139.99696491"><ele>30.700</ele><time>2026-08-20T16:50:56Z</time><speed>0.813</speed><sat>30</sat></trkpt>
  <trkpt lat="-33.99644000" lon="-139.99697792"><ele>30.100</ele><time>2026-08-20T16:50:57Z</time><speed>0.897</speed><sat>30</sat></trkpt>
  <trkpt lat="-33.99646000" lon="-139.99699211"><ele>29.400</ele><time>2026-08-20T16:50:58Z</time><speed>0.956</speed><sat>30</sat></trkpt>
  <trkpt lat="-33.99648667" lon="-139.99700276"><ele>28.700</ele><time>2026-08-20T16:50:59Z</time><speed>1.044</speed><sat>28</sat></trkpt>
  <trkpt lat="-33.99650167" lon="-139.99701578"><ele>28.600</ele><time>2026-08-20T16:51:00Z</time><speed>1.101</speed><sat>30</sat></trkpt>
  <trkpt lat="-33.99651667" lon="-139.99702760"><ele>28.200</ele><time>2026-08-20T16:51:01Z</time><speed>1.159</speed><sat>30</sat></trkpt>
  <trkpt lat="-33.99653000" lon="-139.99703824"><ele>28.000</ele><time>2026-08-20T16:51:02Z</time><speed>1.176</speed><sat>30</sat></trkpt>
  <trkpt lat="-33.99654500" lon="-139.99704179"><ele>27.200</ele><time>2026-08-20T16:51:03Z</time><speed>1.182</speed><sat>30</sat></trkpt>
  <trkpt lat="-33.99655000" lon="-139.99704416"><ele>26.900</ele><time>2026-08-20T16:51:04Z</time><speed>1.114</speed><sat>29</sat></trkpt>
  <trkpt lat="-33.99655167" lon="-139.99704534"><ele>26.900</ele><time>2026-08-20T16:51:05Z</time><speed>1.056</speed><sat>29</sat></trkpt>
  <trkpt lat="-33.99655333" lon="-139.99704534"><ele>27.000</ele><time>2026-08-20T16:51:06Z</time><speed>0.974</speed><sat>31</sat></trkpt>
  <trkpt lat="-33.99655500" lon="-139.99705007"><ele>27.300</ele><time>2026-08-20T16:51:07Z</time><speed>0.864</speed><sat>30</sat></trkpt>
  <trkpt lat="-33.99655333" lon="-139.99705481"><ele>27.200</ele><time>2026-08-20T16:51:08Z</time><speed>0.723</speed><sat>30</sat></trkpt>
  <trkpt lat="-33.99655667" lon="-139.99705953"><ele>27.400</ele><time>2026-08-20T16:51:09Z</time><speed>0.556</speed><sat>30</sat></trkpt>
  <trkpt lat="-33.99656500" lon="-139.99706545"><ele>27.500</ele><time>2026-08-20T16:51:10Z</time><speed>0.446</speed><sat>30</sat></trkpt>
  <trkpt lat="-33.99657500" lon="-139.99706900"><ele>27.800</ele><time>2026-08-20T16:51:11Z</time><speed>0.000</speed><sat>31</sat></trkpt>
  <trkpt lat="-33.99659333" lon="-139.99707610"><ele>28.100</ele><time>2026-08-20T16:51:12Z</time><speed>0.421</speed><sat>31</sat></trkpt>
  <trkpt lat="-33.99661667" lon="-139.99708320"><ele>28.200</ele><time>2026-08-20T16:51:13Z</time><speed>0.482</speed><sat>31</sat></trkpt>
  <trkpt lat="-33.99663833" lon="-139.99708556"><ele>28.300</ele><time>2026-08-20T16:51:14Z</time><speed>0.601</speed><sat>31</sat></trkpt>
  <trkpt lat="-33.99666333" lon="-139.99709620"><ele>28.800</ele><time>2026-08-20T16:51:15Z</time><speed>0.763</speed><sat>31</sat></trkpt>
  <trkpt lat="-33.99668167" lon="-139.99710566"><ele>29.200</ele><time>2026-08-20T16:51:16Z</time><speed>0.905</speed><sat>30</sat></trkpt>
  <trkpt lat="-33.99669333" lon="-139.99711868"><ele>29.200</ele><time>2026-08-20T16:51:17Z</time><speed>1.017</speed><sat>29</sat></trkpt>
  <trkpt lat="-33.99669333" lon="-139.99713050"><ele>29.100</ele><time>2026-08-20T16:51:18Z</time><speed>1.086</speed><sat>30</sat></trkpt>
  <trkpt lat="-33.99669167" lon="-139.99713642"><ele>29.000</ele><time>2026-08-20T16:51:19Z</time><speed>1.111</speed><sat>30</sat></trkpt>
  <trkpt lat="-33.99668833" lon="-139.99713879"><ele>29.000</ele><time>2026-08-20T16:51:20Z</time><speed>1.115</speed><sat>30</sat></trkpt>
  <trkpt lat="-33.99668833" lon="-139.99714470"><ele>29.200</ele><time>2026-08-20T16:51:21Z</time><speed>1.074</speed><sat>29</sat></trkpt>
  <trkpt lat="-33.99669000" lon="-139.99714943"><ele>29.400</ele><time>2026-08-20T16:51:22Z</time><speed>0.943</speed><sat>29</sat></trkpt>
  <trkpt lat="-33.99669500" lon="-139.99715179"><ele>29.700</ele><time>2026-08-20T16:51:23Z</time><speed>0.829</speed><sat>29</sat></trkpt>
  <trkpt lat="-33.99670000" lon="-139.99715179"><ele>30.100</ele><time>2026-08-20T16:51:24Z</time><speed>0.000</speed><sat>30</sat></trkpt>
  <trkpt lat="-33.99671500" lon="-139.99714707"><ele>30.600</ele><time>2026-08-20T16:51:25Z</time><speed>0.600</speed><sat>29</sat></trkpt>
  <trkpt lat="-33.99674167" lon="-139.99713642"><ele>31.200</ele><time>2026-08-20T16:51:26Z</time><speed>0.552</speed><sat>30</sat></trkpt>
  <trkpt lat="-33.99677167" lon="-139.99713169"><ele>31.300</ele><time>2026-08-20T16:51:27Z</time><speed>0.607</speed><sat>29</sat></trkpt>
  <trkpt lat="-33.99680333" lon="-139.99713169"><ele>31.400</ele><time>2026-08-20T16:51:28Z</time><speed>0.771</speed><sat>29</sat></trkpt>
  <trkpt lat="-33.99683333" lon="-139.99713169"><ele>31.400</ele><time>2026-08-20T16:51:29Z</time><speed>0.936</speed><sat>29</sat></trkpt>
  <trkpt lat="-33.99684833" lon="-139.99712814"><ele>31.700</ele><time>2026-08-20T16:51:30Z</time><speed>1.036</speed><sat>27</sat></trkpt>
  <trkpt lat="-33.99685333" lon="-139.99712695"><ele>32.000</ele><time>2026-08-20T16:51:31Z</time><speed>1.075</speed><sat>27</sat></trkpt>
  <trkpt lat="-33.99684667" lon="-139.99713642"><ele>32.900</ele><time>2026-08-20T16:51:32Z</time><speed>1.071</speed><sat>29</sat></trkpt>
  <trkpt lat="-33.99684000" lon="-139.99714588"><ele>34.000</ele><time>2026-08-20T16:51:33Z</time><speed>1.070</speed><sat>29</sat></trkpt>
  <trkpt lat="-33.99684000" lon="-139.99715062"><ele>34.900</ele><time>2026-08-20T16:51:34Z</time><speed>1.053</speed><sat>28</sat></trkpt>
  <trkpt lat="-33.99683833" lon="-139.99715062"><ele>35.400</ele><time>2026-08-20T16:51:35Z</time><speed>1.033</speed><sat>29</sat></trkpt>
  <trkpt lat="-33.99683500" lon="-139.99715062"><ele>36.200</ele><time>2026-08-20T16:51:36Z</time><speed>0.954</speed><sat>29</sat></trkpt>
  <trkpt lat="-33.99683500" lon="-139.99715062"><ele>36.600</ele><time>2026-08-20T16:51:37Z</time><speed>0.803</speed><sat>29</sat></trkpt>
  <trkpt lat="-33.99683333" lon="-139.99715298"><ele>36.600</ele><time>2026-08-20T16:51:38Z</time><speed>0.584</speed><sat>30</sat></trkpt>
  <trkpt lat="-33.99683000" lon="-139.99715298"><ele>37.200</ele><time>2026-08-20T16:51:39Z</time><speed>0.404</speed><sat>29</sat></trkpt>
  <trkpt lat="-33.99683000" lon="-139.99714943"><ele>37.700</ele><time>2026-08-20T16:51:40Z</time><speed>0.000</speed><sat>29</sat></trkpt>
  <trkpt lat="-33.99683333" lon="-139.99714707"><ele>38.100</ele><time>2026-08-20T16:51:41Z</time><speed>0.000</speed><sat>28</sat></trkpt>
  <trkpt lat="-33.99683333" lon="-139.99713879"><ele>38.400</ele><time>2026-08-20T16:51:42Z</time><speed>0.000</speed><sat>30</sat></trkpt>
  <trkpt lat="-33.99683333" lon="-139.99713879"><ele>38.400</ele><time>2026-08-20T16:51:43Z</time><speed>0.000</speed><sat>29</sat></trkpt>
  <trkpt lat="-33.99683333" lon="-139.99713879"><ele>38.400</ele><time>2026-08-20T16:51:44Z</time><speed>0.000</speed><sat>29</sat></trkpt>
  <trkpt lat="-33.99683333" lon="-139.99713879"><ele>38.400</ele><time>2026-08-20T16:51:45Z</time><speed>0.000</speed><sat>30</sat></trkpt>
  <trkpt lat="-33.99683500" lon="-139.99712695"><ele>37.400</ele><time>2026-08-20T16:51:46Z</time><speed>0.282</speed><sat>30</sat></trkpt>
  <trkpt lat="-33.99684667" lon="-139.99713642"><ele>37.200</ele><time>2026-08-20T16:51:47Z</time><speed>0.336</speed><sat>30</sat></trkpt>
  <trkpt lat="-33.99685667" lon="-139.99714825"><ele>37.200</ele><time>2026-08-20T16:51:48Z</time><speed>0.419</speed><sat>30</sat></trkpt>
  <trkpt lat="-33.99687333" lon="-139.99716244"><ele>37.300</ele><time>2026-08-20T16:51:49Z</time><speed>0.569</speed><sat>30</sat></trkpt>
  <trkpt lat="-33.99689167" lon="-139.99717308"><ele>37.100</ele><time>2026-08-20T16:51:50Z</time><speed>0.755</speed><sat>30</sat></trkpt>
  <trkpt lat="-33.99691500" lon="-139.99718610"><ele>36.900</ele><time>2026-08-20T16:51:51Z</time><speed>0.940</speed><sat>30</sat></trkpt>
  <trkpt lat="-33.99693167" lon="-139.99719675"><ele>37.000</ele><time>2026-08-20T16:51:52Z</time><speed>1.117</speed><sat>29</sat></trkpt>
  <trkpt lat="-33.99695000" lon="-139.99721921"><ele>37.400</ele><time>2026-08-20T16:51:53Z</time><speed>1.318</speed><sat>29</sat></trkpt>
  <trkpt lat="-33.99697000" lon="-139.99723578"><ele>37.800</ele><time>2026-08-20T16:51:54Z</time><speed>1.498</speed><sat>28</sat></trkpt>
  <trkpt lat="-33.99698333" lon="-139.99723933"><ele>38.100</ele><time>2026-08-20T16:51:55Z</time><speed>1.541</speed><sat>28</sat></trkpt>
  <trkpt lat="-33.99698667" lon="-139.99723696"><ele>38.400</ele><time>2026-08-20T16:51:56Z</time><speed>1.510</speed><sat>29</sat></trkpt>
  <trkpt lat="-33.99698667" lon="-139.99723696"><ele>38.100</ele><time>2026-08-20T16:51:57Z</time><speed>1.438</speed><sat>29</sat></trkpt>
  <trkpt lat="-33.99698667" lon="-139.99723933"><ele>38.100</ele><time>2026-08-20T16:51:58Z</time><speed>1.355</speed><sat>29</sat></trkpt>
  <trkpt lat="-33.99698000" lon="-139.99724879"><ele>38.500</ele><time>2026-08-20T16:51:59Z</time><speed>1.255</speed><sat>29</sat></trkpt>
  <trkpt lat="-33.99698000" lon="-139.99726889"><ele>38.500</ele><time>2026-08-20T16:52:00Z</time><speed>1.167</speed><sat>28</sat></trkpt>
  <trkpt lat="-33.99698667" lon="-139.99728900"><ele>38.400</ele><time>2026-08-20T16:52:01Z</time><speed>1.120</speed><sat>29</sat></trkpt>
  <trkpt lat="-33.99700833" lon="-139.99731266"><ele>38.700</ele><time>2026-08-20T16:52:02Z</time><speed>1.205</speed><sat>29</sat></trkpt>
  <trkpt lat="-33.99703667" lon="-139.99733395"><ele>39.200</ele><time>2026-08-20T16:52:03Z</time><speed>1.275</speed><sat>28</sat></trkpt>
  <trkpt lat="-33.99706500" lon="-139.99735879"><ele>39.300</ele><time>2026-08-20T16:52:04Z</time><speed>1.390</speed><sat>28</sat></trkpt>
  <trkpt lat="-33.99708833" lon="-139.99737534"><ele>39.500</ele><time>2026-08-20T16:52:05Z</time><speed>1.586</speed><sat>28</sat></trkpt>
  <trkpt lat="-33.99711500" lon="-139.99739191"><ele>39.500</ele><time>2026-08-20T16:52:06Z</time><speed>1.862</speed><sat>28</sat></trkpt>
  <trkpt lat="-33.99714167" lon="-139.99741083"><ele>39.200</ele><time>2026-08-20T16:52:07Z</time><speed>2.107</speed><sat>29</sat></trkpt>
  <trkpt lat="-33.99716333" lon="-139.99740965"><ele>38.700</ele><time>2026-08-20T16:52:08Z</time><speed>2.269</speed><sat>28</sat></trkpt>
  <trkpt lat="-33.99717667" lon="-139.99740492"><ele>38.500</ele><time>2026-08-20T16:52:09Z</time><speed>2.351</speed><sat>29</sat></trkpt>
  <trkpt lat="-33.99718167" lon="-139.99738954"><ele>38.400</ele><time>2026-08-20T16:52:10Z</time><speed>2.303</speed><sat>30</sat></trkpt>
  <trkpt lat="-33.99718167" lon="-139.99738008"><ele>38.200</ele><time>2026-08-20T16:52:11Z</time><speed>2.180</speed><sat>30</sat></trkpt>
  <trkpt lat="-33.99718000" lon="-139.99737180"><ele>38.000</ele><time>2026-08-20T16:52:12Z</time><speed>1.951</speed><sat>30</sat></trkpt>
  <trkpt lat="-33.99717833" lon="-139.99735879"><ele>37.700</ele><time>2026-08-20T16:52:13Z</time><speed>1.747</speed><sat>30</sat></trkpt>
  <trkpt lat="-33.99717833" lon="-139.99734459"><ele>37.500</ele><time>2026-08-20T16:52:14Z</time><speed>1.513</speed><sat>30</sat></trkpt>
  <trkpt lat="-33.99718167" lon="-139.99733513"><ele>37.200</ele><time>2026-08-20T16:52:15Z</time><speed>1.295</speed><sat>30</sat></trkpt>
  <trkpt lat="-33.99718667" lon="-139.99732804"><ele>36.500</ele><time>2026-08-20T16:52:16Z</time><speed>1.044</speed><sat>29</sat></trkpt>
  <trkpt lat="-33.99718833" lon="-139.99732921"><ele>36.200</ele><time>2026-08-20T16:52:17Z</time><speed>0.819</speed><sat>29</sat></trkpt>
  <trkpt lat="-33.99719000" lon="-139.99733395"><ele>35.900</ele><time>2026-08-20T16:52:18Z</time><speed>0.676</speed><sat>30</sat></trkpt>
  <trkpt lat="-33.99718500" lon="-139.99734459"><ele>35.600</ele><time>2026-08-20T16:52:19Z</time><speed>0.600</speed><sat>30</sat></trkpt>
  <trkpt lat="-33.99717500" lon="-139.99734933"><ele>35.500</ele><time>2026-08-20T16:52:20Z</time><speed>0.625</speed><sat>30</sat></trkpt>
  <trkpt lat="-33.99716500" lon="-139.99736470"><ele>35.400</ele><time>2026-08-20T16:52:21Z</time><speed>0.750</speed><sat>30</sat></trkpt>
  <trkpt lat="-33.99716000" lon="-139.99738481"><ele>35.100</ele><time>2026-08-20T16:52:22Z</time><speed>0.862</speed><sat>30</sat></trkpt>
  <trkpt lat="-33.99716833" lon="-139.99741083"><ele>34.200</ele><time>2026-08-20T16:52:23Z</time><speed>0.937</speed><sat>29</sat></trkpt>
  <trkpt lat="-33.99718500" lon="-139.99743330"><ele>33.500</ele><time>2026-08-20T16:52:24Z</time><speed>1.029</speed><sat>29</sat></trkpt>
  <trkpt lat="-33.99720667" lon="-139.99745105"><ele>33.300</ele><time>2026-08-20T16:52:25Z</time><speed>1.170</speed><sat>29</sat></trkpt>
  <trkpt lat="-33.99723667" lon="-139.99746760"><ele>33.200</ele><time>2026-08-20T16:52:26Z</time><speed>1.408</speed><sat>29</sat></trkpt>
  <trkpt lat="-33.99726833" lon="-139.99748062"><ele>32.900</ele><time>2026-08-20T16:52:27Z</time><speed>1.677</speed><sat>29</sat></trkpt>
  <trkpt lat="-33.99730000" lon="-139.99749718"><ele>32.400</ele><time>2026-08-20T16:52:28Z</time><speed>1.942</speed><sat>29</sat></trkpt>
  <trkpt lat="-33.99733500" lon="-139.99751610"><ele>32.200</ele><time>2026-08-20T16:52:29Z</time><speed>2.191</speed><sat>29</sat></trkpt>
  <trkpt lat="-33.99735833" lon="-139.99752675"><ele>32.200</ele><time>2026-08-20T16:52:30Z</time><speed>2.365</speed><sat>29</sat></trkpt>
  <trkpt lat="-33.99737833" lon="-139.99753739"><ele>32.100</ele><time>2026-08-20T16:52:31Z</time><speed>2.454</speed><sat>29</sat></trkpt>
  <trkpt lat="-33.99740167" lon="-139.99755395"><ele>31.700</ele><time>2026-08-20T16:52:32Z</time><speed>2.545</speed><sat>29</sat></trkpt>
  <trkpt lat="-33.99742000" lon="-139.99756223"><ele>31.100</ele><time>2026-08-20T16:52:33Z</time><speed>2.563</speed><sat>28</sat></trkpt>
  <trkpt lat="-33.99743000" lon="-139.99756578"><ele>30.900</ele><time>2026-08-20T16:52:34Z</time><speed>2.526</speed><sat>28</sat></trkpt>
  <trkpt lat="-33.99742833" lon="-139.99756105"><ele>30.800</ele><time>2026-08-20T16:52:35Z</time><speed>2.352</speed><sat>28</sat></trkpt>
  <trkpt lat="-33.99742167" lon="-139.99755514"><ele>31.100</ele><time>2026-08-20T16:52:36Z</time><speed>2.092</speed><sat>29</sat></trkpt>
  <trkpt lat="-33.99741833" lon="-139.99755514"><ele>31.400</ele><time>2026-08-20T16:52:37Z</time><speed>1.822</speed><sat>30</sat></trkpt>
  <trkpt lat="-33.99741500" lon="-139.99755395"><ele>31.700</ele><time>2026-08-20T16:52:38Z</time><speed>1.545</speed><sat>30</sat></trkpt>
  <trkpt lat="-33.99741500" lon="-139.99755040"><ele>32.000</ele><time>2026-08-20T16:52:39Z</time><speed>1.245</speed><sat>30</sat></trkpt>
  <trkpt lat="-33.99741833" lon="-139.99755514"><ele>32.200</ele><time>2026-08-20T16:52:40Z</time><speed>0.995</speed><sat>30</sat></trkpt>
  <trkpt lat="-33.99742833" lon="-139.99755986"><ele>32.800</ele><time>2026-08-20T16:52:41Z</time><speed>0.788</speed><sat>29</sat></trkpt>
  <trkpt lat="-33.99743000" lon="-139.99756933"><ele>33.400</ele><time>2026-08-20T16:52:42Z</time><speed>0.575</speed><sat>29</sat></trkpt>
  <trkpt lat="-33.99743333" lon="-139.99758352"><ele>34.000</ele><time>2026-08-20T16:52:43Z</time><speed>0.449</speed><sat>29</sat></trkpt>
  <trkpt lat="-33.99743500" lon="-139.99759535"><ele>34.100</ele><time>2026-08-20T16:52:44Z</time><speed>0.387</speed><sat>29</sat></trkpt>
  <trkpt lat="-33.99743833" lon="-139.99760363"><ele>34.300</ele><time>2026-08-20T16:52:45Z</time><speed>0.423</speed><sat>29</sat></trkpt>
  <trkpt lat="-33.99744500" lon="-139.99761309"><ele>34.100</ele><time>2026-08-20T16:52:46Z</time><speed>0.520</speed><sat>30</sat></trkpt>
  <trkpt lat="-33.99745333" lon="-139.99762137"><ele>34.100</ele><time>2026-08-20T16:52:47Z</time><speed>0.570</speed><sat>29</sat></trkpt>
  <trkpt lat="-33.99745500" lon="-139.99762492"><ele>34.200</ele><time>2026-08-20T16:52:48Z</time><speed>0.564</speed><sat>31</sat></trkpt>
  <trkpt lat="-33.99745667" lon="-139.99763083"><ele>34.300</ele><time>2026-08-20T16:52:49Z</time><speed>0.559</speed><sat>31</sat></trkpt>
  <trkpt lat="-33.99746167" lon="-139.99763911"><ele>34.300</ele><time>2026-08-20T16:52:50Z</time><speed>0.583</speed><sat>31</sat></trkpt>
  <trkpt lat="-33.99746500" lon="-139.99765331"><ele>34.300</ele><time>2026-08-20T16:52:51Z</time><speed>0.634</speed><sat>31</sat></trkpt>
  <trkpt lat="-33.99747333" lon="-139.99767105"><ele>34.600</ele><time>2026-08-20T16:52:52Z</time><speed>0.685</speed><sat>29</sat></trkpt>
  <trkpt lat="-33.99748333" lon="-139.99768761"><ele>34.600</ele><time>2026-08-20T16:52:53Z</time><speed>0.752</speed><sat>30</sat></trkpt>
  <trkpt lat="-33.99749500" lon="-139.99770890"><ele>34.600</ele><time>2026-08-20T16:52:54Z</time><speed>0.820</speed><sat>29</sat></trkpt>
  <trkpt lat="-33.99750333" lon="-139.99772901"><ele>34.500</ele><time>2026-08-20T16:52:55Z</time><speed>0.859</speed><sat>29</sat></trkpt>
  <trkpt lat="-33.99751167" lon="-139.99775385"><ele>34.600</ele><time>2026-08-20T16:52:56Z</time><speed>0.882</speed><sat>28</sat></trkpt>
  <trkpt lat="-33.99752667" lon="-139.99778460"><ele>34.800</ele><time>2026-08-20T16:52:57Z</time><speed>1.021</speed><sat>29</sat></trkpt>
  <trkpt lat="-33.99754167" lon="-139.99782127"><ele>34.800</ele><time>2026-08-20T16:52:58Z</time><speed>1.262</speed><sat>29</sat></trkpt>
  <trkpt lat="-33.99756167" lon="-139.99785438"><ele>34.800</ele><time>2026-08-20T16:52:59Z</time><speed>1.495</speed><sat>29</sat></trkpt>
  <trkpt lat="-33.99758000" lon="-139.99788514"><ele>34.900</ele><time>2026-08-20T16:53:00Z</time><speed>1.695</speed><sat>29</sat></trkpt>
  <trkpt lat="-33.99760333" lon="-139.99790406"><ele>35.100</ele><time>2026-08-20T16:53:01Z</time><speed>1.826</speed><sat>27</sat></trkpt>
  <trkpt lat="-33.99762500" lon="-139.99790998"><ele>35.600</ele><time>2026-08-20T16:53:02Z</time><speed>1.906</speed><sat>28</sat></trkpt>
  <trkpt lat="-33.99764000" lon="-139.99791944"><ele>36.100</ele><time>2026-08-20T16:53:03Z</time><speed>1.932</speed><sat>27</sat></trkpt>
  <trkpt lat="-33.99765167" lon="-139.99793482"><ele>35.900</ele><time>2026-08-20T16:53:04Z</time><speed>1.918</speed><sat>28</sat></trkpt>
  <trkpt lat="-33.99765333" lon="-139.99794783"><ele>36.000</ele><time>2026-08-20T16:53:05Z</time><speed>1.905</speed><sat>28</sat></trkpt>
  <trkpt lat="-33.99766167" lon="-139.99796438"><ele>36.000</ele><time>2026-08-20T16:53:06Z</time><speed>1.834</speed><sat>28</sat></trkpt>
  <trkpt lat="-33.99767333" lon="-139.99798095"><ele>35.800</ele><time>2026-08-20T16:53:07Z</time><speed>1.717</speed><sat>28</sat></trkpt>
  <trkpt lat="-33.99769000" lon="-139.99799750"><ele>35.400</ele><time>2026-08-20T16:53:08Z</time><speed>1.577</speed><sat>28</sat></trkpt>
  <trkpt lat="-33.99770667" lon="-139.99800933"><ele>34.600</ele><time>2026-08-20T16:53:09Z</time><speed>1.437</speed><sat>28</sat></trkpt>
  <trkpt lat="-33.99772667" lon="-139.99802234"><ele>34.200</ele><time>2026-08-20T16:53:10Z</time><speed>1.301</speed><sat>28</sat></trkpt>
  <trkpt lat="-33.99775000" lon="-139.99802825"><ele>33.500</ele><time>2026-08-20T16:53:11Z</time><speed>1.206</speed><sat>27</sat></trkpt>
  <trkpt lat="-33.99777167" lon="-139.99802825"><ele>33.200</ele><time>2026-08-20T16:53:12Z</time><speed>1.113</speed><sat>27</sat></trkpt>
  <trkpt lat="-33.99778833" lon="-139.99802944"><ele>32.700</ele><time>2026-08-20T16:53:13Z</time><speed>1.020</speed><sat>27</sat></trkpt>
  <trkpt lat="-33.99780333" lon="-139.99802353"><ele>32.300</ele><time>2026-08-20T16:53:14Z</time><speed>0.988</speed><sat>28</sat></trkpt>
  <trkpt lat="-33.99781667" lon="-139.99801288"><ele>32.300</ele><time>2026-08-20T16:53:15Z</time><speed>0.969</speed><sat>30</sat></trkpt>
  <trkpt lat="-33.99782667" lon="-139.99800460"><ele>31.800</ele><time>2026-08-20T16:53:16Z</time><speed>0.998</speed><sat>31</sat></trkpt>
  <trkpt lat="-33.99784333" lon="-139.99798804"><ele>31.600</ele><time>2026-08-20T16:53:17Z</time><speed>1.056</speed><sat>31</sat></trkpt>
  <trkpt lat="-33.99784833" lon="-139.99796557"><ele>31.700</ele><time>2026-08-20T16:53:18Z</time><speed>1.112</speed><sat>31</sat></trkpt>
  <trkpt lat="-33.99784500" lon="-139.99793718"><ele>31.900</ele><time>2026-08-20T16:53:19Z</time><speed>1.202</speed><sat>31</sat></trkpt>
  <trkpt lat="-33.99783667" lon="-139.99790524"><ele>32.100</ele><time>2026-08-20T16:53:20Z</time><speed>1.312</speed><sat>31</sat></trkpt>
  <trkpt lat="-33.99783333" lon="-139.99788277"><ele>32.400</ele><time>2026-08-20T16:53:21Z</time><speed>1.328</speed><sat>31</sat></trkpt>
  <trkpt lat="-33.99783500" lon="-139.99787686"><ele>32.600</ele><time>2026-08-20T16:53:22Z</time><speed>1.301</speed><sat>31</sat></trkpt>
  <trkpt lat="-33.99783667" lon="-139.99787331"><ele>32.500</ele><time>2026-08-20T16:53:23Z</time><speed>1.261</speed><sat>30</sat></trkpt>
  <trkpt lat="-33.99783667" lon="-139.99787686"><ele>32.500</ele><time>2026-08-20T16:53:24Z</time><speed>1.202</speed><sat>30</sat></trkpt>
  <trkpt lat="-33.99783500" lon="-139.99788041"><ele>32.700</ele><time>2026-08-20T16:53:25Z</time><speed>1.146</speed><sat>31</sat></trkpt>
  <trkpt lat="-33.99783667" lon="-139.99788159"><ele>32.800</ele><time>2026-08-20T16:53:26Z</time><speed>1.056</speed><sat>30</sat></trkpt>
  <trkpt lat="-33.99783667" lon="-139.99788041"><ele>33.200</ele><time>2026-08-20T16:53:27Z</time><speed>0.920</speed><sat>30</sat></trkpt>
  <trkpt lat="-33.99784167" lon="-139.99787567"><ele>33.000</ele><time>2026-08-20T16:53:28Z</time><speed>0.770</speed><sat>30</sat></trkpt>
  <trkpt lat="-33.99784333" lon="-139.99786266"><ele>33.100</ele><time>2026-08-20T16:53:29Z</time><speed>0.635</speed><sat>30</sat></trkpt>
  <trkpt lat="-33.99784000" lon="-139.99784374"><ele>33.300</ele><time>2026-08-20T16:53:30Z</time><speed>0.558</speed><sat>30</sat></trkpt>
  <trkpt lat="-33.99783833" lon="-139.99781890"><ele>33.400</ele><time>2026-08-20T16:53:31Z</time><speed>0.590</speed><sat>30</sat></trkpt>
  <trkpt lat="-33.99783167" lon="-139.99778815"><ele>33.700</ele><time>2026-08-20T16:53:32Z</time><speed>0.727</speed><sat>30</sat></trkpt>
  <trkpt lat="-33.99783000" lon="-139.99775857"><ele>33.800</ele><time>2026-08-20T16:53:33Z</time><speed>0.000</speed><sat>30</sat></trkpt>
  <trkpt lat="-33.99782833" lon="-139.99773019"><ele>33.700</ele><time>2026-08-20T16:53:34Z</time><speed>1.074</speed><sat>30</sat></trkpt>
  <trkpt lat="-33.99782167" lon="-139.99770417"><ele>33.700</ele><time>2026-08-20T16:53:35Z</time><speed>1.201</speed><sat>30</sat></trkpt>
  <trkpt lat="-33.99781667" lon="-139.99768169"><ele>33.500</ele><time>2026-08-20T16:53:36Z</time><speed>1.341</speed><sat>30</sat></trkpt>
  <trkpt lat="-33.99781333" lon="-139.99766514"><ele>33.100</ele><time>2026-08-20T16:53:37Z</time><speed>1.419</speed><sat>30</sat></trkpt>
  <trkpt lat="-33.99781667" lon="-139.99766632"><ele>32.900</ele><time>2026-08-20T16:53:38Z</time><speed>1.409</speed><sat>28</sat></trkpt>
  <trkpt lat="-33.99782167" lon="-139.99768169"><ele>32.900</ele><time>2026-08-20T16:53:39Z</time><speed>1.405</speed><sat>28</sat></trkpt>
  <trkpt lat="-33.99782667" lon="-139.99771482"><ele>32.700</ele><time>2026-08-20T16:53:40Z</time><speed>1.439</speed><sat>28</sat></trkpt>
  <trkpt lat="-33.99783333" lon="-139.99775976"><ele>32.500</ele><time>2026-08-20T16:53:41Z</time><speed>1.517</speed><sat>28</sat></trkpt>
  <trkpt lat="-33.99784167" lon="-139.99780825"><ele>32.200</ele><time>2026-08-20T16:53:42Z</time><speed>1.629</speed><sat>28</sat></trkpt>
  <trkpt lat="-33.99784333" lon="-139.99786858"><ele>31.700</ele><time>2026-08-20T16:53:43Z</time><speed>1.795</speed><sat>29</sat></trkpt>
  <trkpt lat="-33.99784833" lon="-139.99791470"><ele>31.300</ele><time>2026-08-20T16:53:44Z</time><speed>1.980</speed><sat>29</sat></trkpt>
  <trkpt lat="-33.99784667" lon="-139.99796083"><ele>30.900</ele><time>2026-08-20T16:53:45Z</time><speed>2.196</speed><sat>29</sat></trkpt>
  <trkpt lat="-33.99784500" lon="-139.99800224"><ele>30.200</ele><time>2026-08-20T16:53:46Z</time><speed>2.338</speed><sat>29</sat></trkpt>
  <trkpt lat="-33.99784000" lon="-139.99804245"><ele>29.500</ele><time>2026-08-20T16:53:47Z</time><speed>2.479</speed><sat>29</sat></trkpt>
  <trkpt lat="-33.99782667" lon="-139.99807084"><ele>28.700</ele><time>2026-08-20T16:53:48Z</time><speed>2.615</speed><sat>30</sat></trkpt>
  <trkpt lat="-33.99782500" lon="-139.99808740"><ele>28.000</ele><time>2026-08-20T16:53:49Z</time><speed>2.655</speed><sat>29</sat></trkpt>
  <trkpt lat="-33.99783833" lon="-139.99809804"><ele>28.300</ele><time>2026-08-20T16:53:50Z</time><speed>2.672</speed><sat>30</sat></trkpt>
  <trkpt lat="-33.99786000" lon="-139.99811105"><ele>28.300</ele><time>2026-08-20T16:53:51Z</time><speed>2.689</speed><sat>30</sat></trkpt>
  <trkpt lat="-33.99788167" lon="-139.99812880"><ele>28.700</ele><time>2026-08-20T16:53:52Z</time><speed>2.627</speed><sat>30</sat></trkpt>
  <trkpt lat="-33.99790167" lon="-139.99815009"><ele>29.400</ele><time>2026-08-20T16:53:53Z</time><speed>2.521</speed><sat>30</sat></trkpt>
  <trkpt lat="-33.99791333" lon="-139.99817256"><ele>29.700</ele><time>2026-08-20T16:53:54Z</time><speed>2.367</speed><sat>30</sat></trkpt>
  <trkpt lat="-33.99792333" lon="-139.99818912"><ele>30.100</ele><time>2026-08-20T16:53:55Z</time><speed>2.202</speed><sat>30</sat></trkpt>
  <trkpt lat="-33.99792500" lon="-139.99820095"><ele>30.100</ele><time>2026-08-20T16:53:56Z</time><speed>2.011</speed><sat>30</sat></trkpt>
  <trkpt lat="-33.99792833" lon="-139.99820805"><ele>30.400</ele><time>2026-08-20T16:53:57Z</time><speed>1.881</speed><sat>29</sat></trkpt>
  <trkpt lat="-33.99793333" lon="-139.99821751"><ele>30.700</ele><time>2026-08-20T16:53:58Z</time><speed>1.830</speed><sat>30</sat></trkpt>
  <trkpt lat="-33.99795167" lon="-139.99822460"><ele>30.800</ele><time>2026-08-20T16:53:59Z</time><speed>1.816</speed><sat>30</sat></trkpt>
  <trkpt lat="-33.99796500" lon="-139.99823288"><ele>30.600</ele><time>2026-08-20T16:54:00Z</time><speed>1.727</speed><sat>30</sat></trkpt>
  <trkpt lat="-33.99797667" lon="-139.99824353"><ele>30.000</ele><time>2026-08-20T16:54:01Z</time><speed>1.535</speed><sat>30</sat></trkpt>
  <trkpt lat="-33.99798667" lon="-139.99826009"><ele>30.300</ele><time>2026-08-20T16:54:02Z</time><speed>1.387</speed><sat>29</sat></trkpt>
  <trkpt lat="-33.99799667" lon="-139.99828138"><ele>30.500</ele><time>2026-08-20T16:54:03Z</time><speed>1.250</speed><sat>29</sat></trkpt>
  <trkpt lat="-33.99800667" lon="-139.99830267"><ele>30.700</ele><time>2026-08-20T16:54:04Z</time><speed>1.172</speed><sat>29</sat></trkpt>
  <trkpt lat="-33.99801667" lon="-139.99832514"><ele>30.600</ele><time>2026-08-20T16:54:05Z</time><speed>1.124</speed><sat>30</sat></trkpt>
  <trkpt lat="-33.99803000" lon="-139.99835116"><ele>30.300</ele><time>2026-08-20T16:54:06Z</time><speed>1.173</speed><sat>30</sat></trkpt>
  <trkpt lat="-33.99804667" lon="-139.99838310"><ele>30.300</ele><time>2026-08-20T16:54:07Z</time><speed>1.246</speed><sat>29</sat></trkpt>
  <trkpt lat="-33.99806333" lon="-139.99840794"><ele>30.200</ele><time>2026-08-20T16:54:08Z</time><speed>1.320</speed><sat>30</sat></trkpt>
  <trkpt lat="-33.99808167" lon="-139.99843160"><ele>30.400</ele><time>2026-08-20T16:54:09Z</time><speed>1.398</speed><sat>30</sat></trkpt>
  <trkpt lat="-33.99809333" lon="-139.99845644"><ele>30.600</ele><time>2026-08-20T16:54:10Z</time><speed>1.455</speed><sat>30</sat></trkpt>
  <trkpt lat="-33.99811333" lon="-139.99848482"><ele>31.400</ele><time>2026-08-20T16:54:11Z</time><speed>1.520</speed><sat>28</sat></trkpt>
  <trkpt lat="-33.99813167" lon="-139.99849902"><ele>31.400</ele><time>2026-08-20T16:54:12Z</time><speed>1.553</speed><sat>28</sat></trkpt>
  <trkpt lat="-33.99815000" lon="-139.99850611"><ele>30.800</ele><time>2026-08-20T16:54:13Z</time><speed>1.507</speed><sat>28</sat></trkpt>
  <trkpt lat="-33.99815833" lon="-139.99850019"><ele>30.800</ele><time>2026-08-20T16:54:14Z</time><speed>1.477</speed><sat>29</sat></trkpt>
  <trkpt lat="-33.99817333" lon="-139.99849310"><ele>30.400</ele><time>2026-08-20T16:54:15Z</time><speed>1.447</speed><sat>29</sat></trkpt>
  <trkpt lat="-33.99819000" lon="-139.99848364"><ele>30.000</ele><time>2026-08-20T16:54:16Z</time><speed>1.378</speed><sat>29</sat></trkpt>
  <trkpt lat="-33.99819833" lon="-139.99848009"><ele>29.800</ele><time>2026-08-20T16:54:17Z</time><speed>1.253</speed><sat>29</sat></trkpt>
  <trkpt lat="-33.99819833" lon="-139.99847418"><ele>29.700</ele><time>2026-08-20T16:54:18Z</time><speed>1.108</speed><sat>31</sat></trkpt>
  <trkpt lat="-33.99820000" lon="-139.99846353"><ele>29.400</ele><time>2026-08-20T16:54:19Z</time><speed>0.963</speed><sat>31</sat></trkpt>
  <trkpt lat="-33.99820500" lon="-139.99846471"><ele>29.900</ele><time>2026-08-20T16:54:20Z</time><speed>0.817</speed><sat>30</sat></trkpt>
  <trkpt lat="-33.99821167" lon="-139.99846590"><ele>30.500</ele><time>2026-08-20T16:54:21Z</time><speed>0.683</speed><sat>31</sat></trkpt>
  <trkpt lat="-33.99821833" lon="-139.99846235"><ele>31.000</ele><time>2026-08-20T16:54:22Z</time><speed>0.558</speed><sat>31</sat></trkpt>
  <trkpt lat="-33.99822333" lon="-139.99846235"><ele>31.400</ele><time>2026-08-20T16:54:23Z</time><speed>0.485</speed><sat>31</sat></trkpt>
  <trkpt lat="-33.99822833" lon="-139.99846944"><ele>31.700</ele><time>2026-08-20T16:54:24Z</time><speed>0.000</speed><sat>30</sat></trkpt>
  <trkpt lat="-33.99823167" lon="-139.99848127"><ele>32.100</ele><time>2026-08-20T16:54:25Z</time><speed>0.000</speed><sat>30</sat></trkpt>
  <trkpt lat="-33.99822500" lon="-139.99849783"><ele>32.100</ele><time>2026-08-20T16:54:26Z</time><speed>0.356</speed><sat>30</sat></trkpt>
  <trkpt lat="-33.99821000" lon="-139.99850374"><ele>31.900</ele><time>2026-08-20T16:54:27Z</time><speed>0.432</speed><sat>31</sat></trkpt>
  <trkpt lat="-33.99819000" lon="-139.99850138"><ele>31.600</ele><time>2026-08-20T16:54:28Z</time><speed>0.551</speed><sat>31</sat></trkpt>
  <trkpt lat="-33.99817333" lon="-139.99848955"><ele>31.000</ele><time>2026-08-20T16:54:29Z</time><speed>0.661</speed><sat>31</sat></trkpt>
  <trkpt lat="-33.99815833" lon="-139.99848245"><ele>30.300</ele><time>2026-08-20T16:54:30Z</time><speed>0.745</speed><sat>30</sat></trkpt>
  <trkpt lat="-33.99815333" lon="-139.99847654"><ele>29.700</ele><time>2026-08-20T16:54:31Z</time><speed>0.770</speed><sat>31</sat></trkpt>
  <trkpt lat="-33.99815500" lon="-139.99847773"><ele>29.600</ele><time>2026-08-20T16:54:32Z</time><speed>0.777</speed><sat>30</sat></trkpt>
  <trkpt lat="-33.99815667" lon="-139.99848245"><ele>29.400</ele><time>2026-08-20T16:54:33Z</time><speed>0.789</speed><sat>29</sat></trkpt>
  <trkpt lat="-33.99815667" lon="-139.99849073"><ele>29.400</ele><time>2026-08-20T16:54:34Z</time><speed>0.815</speed><sat>30</sat></trkpt>
  <trkpt lat="-33.99815833" lon="-139.99850493"><ele>29.500</ele><time>2026-08-20T16:54:35Z</time><speed>0.837</speed><sat>30</sat></trkpt>
  <trkpt lat="-33.99816333" lon="-139.99852031"><ele>29.300</ele><time>2026-08-20T16:54:36Z</time><speed>0.844</speed><sat>30</sat></trkpt>
  <trkpt lat="-33.99817167" lon="-139.99853923"><ele>29.300</ele><time>2026-08-20T16:54:37Z</time><speed>0.853</speed><sat>30</sat></trkpt>
  <trkpt lat="-33.99818833" lon="-139.99856170"><ele>29.600</ele><time>2026-08-20T16:54:38Z</time><speed>0.871</speed><sat>31</sat></trkpt>
  <trkpt lat="-33.99820833" lon="-139.99858536"><ele>29.200</ele><time>2026-08-20T16:54:39Z</time><speed>0.913</speed><sat>31</sat></trkpt>
  <trkpt lat="-33.99823000" lon="-139.99860783"><ele>29.100</ele><time>2026-08-20T16:54:40Z</time><speed>0.990</speed><sat>31</sat></trkpt>
  <trkpt lat="-33.99824667" lon="-139.99862557"><ele>29.700</ele><time>2026-08-20T16:54:41Z</time><speed>1.107</speed><sat>31</sat></trkpt>
  <trkpt lat="-33.99826833" lon="-139.99863977"><ele>29.700</ele><time>2026-08-20T16:54:42Z</time><speed>1.284</speed><sat>31</sat></trkpt>
  <trkpt lat="-33.99829167" lon="-139.99865160"><ele>29.800</ele><time>2026-08-20T16:54:43Z</time><speed>1.463</speed><sat>31</sat></trkpt>
  <trkpt lat="-33.99831333" lon="-139.99866224"><ele>30.100</ele><time>2026-08-20T16:54:44Z</time><speed>1.601</speed><sat>30</sat></trkpt>
  <trkpt lat="-33.99833000" lon="-139.99867289"><ele>30.100</ele><time>2026-08-20T16:54:45Z</time><speed>1.650</speed><sat>29</sat></trkpt>
  <trkpt lat="-33.99834833" lon="-139.99868590"><ele>30.200</ele><time>2026-08-20T16:54:46Z</time><speed>1.677</speed><sat>30</sat></trkpt>
  <trkpt lat="-33.99836167" lon="-139.99869418"><ele>30.400</ele><time>2026-08-20T16:54:47Z</time><speed>1.637</speed><sat>30</sat></trkpt>
  <trkpt lat="-33.99837333" lon="-139.99869891"><ele>30.100</ele><time>2026-08-20T16:54:48Z</time><speed>1.533</speed><sat>31</sat></trkpt>
  <trkpt lat="-33.99838333" lon="-139.99870009"><ele>30.100</ele><time>2026-08-20T16:54:49Z</time><speed>1.394</speed><sat>30</sat></trkpt>
  <trkpt lat="-33.99839333" lon="-139.99870009"><ele>30.300</ele><time>2026-08-20T16:54:50Z</time><speed>1.261</speed><sat>30</sat></trkpt>
  <trkpt lat="-33.99840000" lon="-139.99870364"><ele>30.300</ele><time>2026-08-20T16:54:51Z</time><speed>1.145</speed><sat>30</sat></trkpt>
  <trkpt lat="-33.99840667" lon="-139.99870837"><ele>30.200</ele><time>2026-08-20T16:54:52Z</time><speed>0.984</speed><sat>32</sat></trkpt>
  <trkpt lat="-33.99841333" lon="-139.99871192"><ele>30.200</ele><time>2026-08-20T16:54:53Z</time><speed>0.815</speed><sat>32</sat></trkpt>
  <trkpt lat="-33.99841667" lon="-139.99870837"><ele>30.100</ele><time>2026-08-20T16:54:54Z</time><speed>0.659</speed><sat>32</sat></trkpt>
  <trkpt lat="-33.99842333" lon="-139.99871310"><ele>30.200</ele><time>2026-08-20T16:54:55Z</time><speed>0.546</speed><sat>30</sat></trkpt>
  <trkpt lat="-33.99843000" lon="-139.99872138"><ele>30.600</ele><time>2026-08-20T16:54:56Z</time><speed>0.452</speed><sat>32</sat></trkpt>
  <trkpt lat="-33.99843167" lon="-139.99873439"><ele>30.700</ele><time>2026-08-20T16:54:57Z</time><speed>0.000</speed><sat>32</sat></trkpt>
  <trkpt lat="-33.99843833" lon="-139.99875332"><ele>30.800</ele><time>2026-08-20T16:54:58Z</time><speed>0.426</speed><sat>32</sat></trkpt>
  <trkpt lat="-33.99845000" lon="-139.99877106"><ele>30.900</ele><time>2026-08-20T16:54:59Z</time><speed>0.441</speed><sat>30</sat></trkpt>
  <trkpt lat="-33.99846000" lon="-139.99877461"><ele>30.900</ele><time>2026-08-20T16:55:00Z</time><speed>0.432</speed><sat>31</sat></trkpt>
  <trkpt lat="-33.99846500" lon="-139.99877816"><ele>31.200</ele><time>2026-08-20T16:55:01Z</time><speed>0.000</speed><sat>31</sat></trkpt>
  <trkpt lat="-33.99846833" lon="-139.99877934"><ele>31.300</ele><time>2026-08-20T16:55:02Z</time><speed>0.000</speed><sat>31</sat></trkpt>
  <trkpt lat="-33.99847000" lon="-139.99877461"><ele>31.600</ele><time>2026-08-20T16:55:03Z</time><speed>0.458</speed><sat>31</sat></trkpt>
  <trkpt lat="-33.99846333" lon="-139.99878525"><ele>32.200</ele><time>2026-08-20T16:55:04Z</time><speed>0.000</speed><sat>31</sat></trkpt>
  <trkpt lat="-33.99845500" lon="-139.99879354"><ele>32.400</ele><time>2026-08-20T16:55:05Z</time><speed>0.000</speed><sat>31</sat></trkpt>
  <trkpt lat="-33.99844833" lon="-139.99880063"><ele>32.300</ele><time>2026-08-20T16:55:06Z</time><speed>0.655</speed><sat>30</sat></trkpt>
  <trkpt lat="-33.99844500" lon="-139.99880063"><ele>31.900</ele><time>2026-08-20T16:55:07Z</time><speed>0.616</speed><sat>32</sat></trkpt>
  <trkpt lat="-33.99844167" lon="-139.99879945"><ele>32.200</ele><time>2026-08-20T16:55:08Z</time><speed>0.000</speed><sat>32</sat></trkpt>
  <trkpt lat="-33.99844000" lon="-139.99879471"><ele>32.300</ele><time>2026-08-20T16:55:09Z</time><speed>0.000</speed><sat>31</sat></trkpt>
  <trkpt lat="-33.99844167" lon="-139.99879235"><ele>32.100</ele><time>2026-08-20T16:55:10Z</time><speed>0.489</speed><sat>31</sat></trkpt>
  <trkpt lat="-33.99844667" lon="-139.99878999"><ele>31.900</ele><time>2026-08-20T16:55:11Z</time><speed>0.494</speed><sat>31</sat></trkpt>
  <trkpt lat="-33.99845167" lon="-139.99879354"><ele>31.900</ele><time>2026-08-20T16:55:12Z</time><speed>0.484</speed><sat>31</sat></trkpt>
  <trkpt lat="-33.99845500" lon="-139.99879471"><ele>32.100</ele><time>2026-08-20T16:55:13Z</time><speed>0.000</speed><sat>31</sat></trkpt>
  <trkpt lat="-33.99845667" lon="-139.99879471"><ele>31.700</ele><time>2026-08-20T16:55:14Z</time><speed>0.440</speed><sat>31</sat></trkpt>
  <trkpt lat="-33.99846833" lon="-139.99879708"><ele>31.200</ele><time>2026-08-20T16:55:15Z</time><speed>0.000</speed><sat>30</sat></trkpt>
  <trkpt lat="-33.99848833" lon="-139.99880300"><ele>31.300</ele><time>2026-08-20T16:55:16Z</time><speed>0.000</speed><sat>29</sat></trkpt>
  <trkpt lat="-33.99851000" lon="-139.99880654"><ele>31.000</ele><time>2026-08-20T16:55:17Z</time><speed>0.486</speed><sat>30</sat></trkpt>
  <trkpt lat="-33.99853833" lon="-139.99881955"><ele>31.300</ele><time>2026-08-20T16:55:18Z</time><speed>0.670</speed><sat>29</sat></trkpt>
  <trkpt lat="-33.99856667" lon="-139.99883967"><ele>31.500</ele><time>2026-08-20T16:55:19Z</time><speed>0.885</speed><sat>29</sat></trkpt>
  <trkpt lat="-33.99859167" lon="-139.99885741"><ele>31.800</ele><time>2026-08-20T16:55:20Z</time><speed>1.082</speed><sat>29</sat></trkpt>
  <trkpt lat="-33.99861833" lon="-139.99887396"><ele>31.700</ele><time>2026-08-20T16:55:21Z</time><speed>1.313</speed><sat>29</sat></trkpt>
  <trkpt lat="-33.99864167" lon="-139.99889762"><ele>32.000</ele><time>2026-08-20T16:55:22Z</time><speed>1.533</speed><sat>29</sat></trkpt>
  <trkpt lat="-33.99866833" lon="-139.99892246"><ele>32.400</ele><time>2026-08-20T16:55:23Z</time><speed>1.697</speed><sat>29</sat></trkpt>
  <trkpt lat="-33.99869833" lon="-139.99893902"><ele>32.700</ele><time>2026-08-20T16:55:24Z</time><speed>1.908</speed><sat>27</sat></trkpt>
  <trkpt lat="-33.99871667" lon="-139.99894493"><ele>33.800</ele><time>2026-08-20T16:55:25Z</time><speed>2.027</speed><sat>27</sat></trkpt>
  <trkpt lat="-33.99872333" lon="-139.99894493"><ele>34.500</ele><time>2026-08-20T16:55:26Z</time><speed>1.977</speed><sat>30</sat></trkpt>
  <trkpt lat="-33.99872500" lon="-139.99893547"><ele>34.700</ele><time>2026-08-20T16:55:27Z</time><speed>1.893</speed><sat>29</sat></trkpt>
  <trkpt lat="-33.99872500" lon="-139.99891536"><ele>34.800</ele><time>2026-08-20T16:55:28Z</time><speed>1.791</speed><sat>29</sat></trkpt>
  <trkpt lat="-33.99870833" lon="-139.99885859"><ele>34.300</ele><time>2026-08-20T16:55:29Z</time><speed>2.014</speed><sat>29</sat></trkpt>
  <trkpt lat="-33.99869833" lon="-139.99879590"><ele>33.900</ele><time>2026-08-20T16:55:30Z</time><speed>4.669</speed><sat>30</sat></trkpt>
  <trkpt lat="-33.99869500" lon="-139.99873676"><ele>33.100</ele><time>2026-08-20T16:55:31Z</time><speed>4.758</speed><sat>30</sat></trkpt>
  <trkpt lat="-33.99869667" lon="-139.99867525"><ele>32.300</ele><time>2026-08-20T16:55:32Z</time><speed>4.304</speed><sat>30</sat></trkpt>
  <trkpt lat="-33.99870000" lon="-139.99864450"><ele>31.700</ele><time>2026-08-20T16:55:33Z</time><speed>1.176</speed><sat>30</sat></trkpt>
  <trkpt lat="-33.99870333" lon="-139.99863386"><ele>31.100</ele><time>2026-08-20T16:55:34Z</time><speed>0.446</speed><sat>30</sat></trkpt>
  <trkpt lat="-33.99870667" lon="-139.99862321"><ele>30.500</ele><time>2026-08-20T16:55:35Z</time><speed>0.672</speed><sat>29</sat></trkpt>
  <trkpt lat="-33.99871333" lon="-139.99861138"><ele>29.800</ele><time>2026-08-20T16:55:36Z</time><speed>0.879</speed><sat>30</sat></trkpt>
  <trkpt lat="-33.99872000" lon="-139.99860074"><ele>29.400</ele><time>2026-08-20T16:55:37Z</time><speed>0.826</speed><sat>30</sat></trkpt>
  <trkpt lat="-33.99872833" lon="-139.99859009"><ele>29.200</ele><time>2026-08-20T16:55:38Z</time><speed>0.792</speed><sat>27</sat></trkpt>
  <trkpt lat="-33.99873333" lon="-139.99858299"><ele>29.200</ele><time>2026-08-20T16:55:39Z</time><speed>0.669</speed><sat>28</sat></trkpt>
  <trkpt lat="-33.99873333" lon="-139.99857826"><ele>29.300</ele><time>2026-08-20T16:55:40Z</time><speed>1.489</speed><sat>30</sat></trkpt>
  <trkpt lat="-33.99873167" lon="-139.99857353"><ele>29.400</ele><time>2026-08-20T16:55:41Z</time><speed>1.056</speed><sat>30</sat></trkpt>
  <trkpt lat="-33.99873333" lon="-139.99857235"><ele>29.400</ele><time>2026-08-20T16:55:42Z</time><speed>0.642</speed><sat>30</sat></trkpt>
  <trkpt lat="-33.99873500" lon="-139.99857353"><ele>29.900</ele><time>2026-08-20T16:55:43Z</time><speed>0.534</speed><sat>30</sat></trkpt>
  <trkpt lat="-33.99873667" lon="-139.99857235"><ele>30.100</ele><time>2026-08-20T16:55:44Z</time><speed>0.518</speed><sat>29</sat></trkpt>
  <trkpt lat="-33.99873667" lon="-139.99857235"><ele>30.400</ele><time>2026-08-20T16:55:45Z</time><speed>0.474</speed><sat>30</sat></trkpt>
  <trkpt lat="-33.99873833" lon="-139.99857235"><ele>30.600</ele><time>2026-08-20T16:55:46Z</time><speed>0.000</speed><sat>29</sat></trkpt>
  <trkpt lat="-33.99874000" lon="-139.99857353"><ele>30.800</ele><time>2026-08-20T16:55:47Z</time><speed>0.000</speed><sat>29</sat></trkpt>
  <trkpt lat="-33.99874000" lon="-139.99857353"><ele>30.900</ele><time>2026-08-20T16:55:48Z</time><speed>0.336</speed><sat>28</sat></trkpt>
  <trkpt lat="-33.99873500" lon="-139.99857590"><ele>30.600</ele><time>2026-08-20T16:55:49Z</time><speed>0.324</speed><sat>27</sat></trkpt>
  <trkpt lat="-33.99873167" lon="-139.99857826"><ele>30.700</ele><time>2026-08-20T16:55:50Z</time><speed>0.000</speed><sat>29</sat></trkpt>
  <trkpt lat="-33.99873167" lon="-139.99857590"><ele>30.600</ele><time>2026-08-20T16:55:51Z</time><speed>0.000</speed><sat>29</sat></trkpt>
  <trkpt lat="-33.99873000" lon="-139.99857471"><ele>30.700</ele><time>2026-08-20T16:55:52Z</time><speed>0.000</speed><sat>29</sat></trkpt>
  <trkpt lat="-33.99873000" lon="-139.99857471"><ele>30.700</ele><time>2026-08-20T16:55:53Z</time><speed>0.000</speed><sat>29</sat></trkpt>
  <trkpt lat="-33.99873000" lon="-139.99857471"><ele>30.700</ele><time>2026-08-20T16:55:54Z</time><speed>0.000</speed><sat>30</sat></trkpt>
  <trkpt lat="-33.99873000" lon="-139.99857471"><ele>30.700</ele><time>2026-08-20T16:55:55Z</time><speed>0.000</speed><sat>30</sat></trkpt>
  <trkpt lat="-33.99873000" lon="-139.99857471"><ele>30.700</ele><time>2026-08-20T16:55:56Z</time><speed>0.000</speed><sat>30</sat></trkpt>
  <trkpt lat="-33.99873000" lon="-139.99857471"><ele>30.700</ele><time>2026-08-20T16:55:57Z</time><speed>0.000</speed><sat>29</sat></trkpt>
  <trkpt lat="-33.99873000" lon="-139.99857471"><ele>30.700</ele><time>2026-08-20T16:55:58Z</time><speed>0.000</speed><sat>30</sat></trkpt>
  <trkpt lat="-33.99873000" lon="-139.99857471"><ele>30.700</ele><time>2026-08-20T16:55:59Z</time><speed>0.000</speed><sat>28</sat></trkpt>
  <trkpt lat="-33.99872833" lon="-139.99854515"><ele>31.400</ele><time>2026-08-20T16:56:00Z</time><speed>0.355</speed><sat>27</sat></trkpt>
  <trkpt lat="-33.99872833" lon="-139.99853805"><ele>31.500</ele><time>2026-08-20T16:56:01Z</time><speed>0.000</speed><sat>30</sat></trkpt>
  <trkpt lat="-33.99872833" lon="-139.99853332"><ele>31.600</ele><time>2026-08-20T16:56:02Z</time><speed>0.000</speed><sat>30</sat></trkpt>
  <trkpt lat="-33.99872833" lon="-139.99852622"><ele>31.900</ele><time>2026-08-20T16:56:03Z</time><speed>0.000</speed><sat>28</sat></trkpt>
  <trkpt lat="-33.99872833" lon="-139.99852622"><ele>31.900</ele><time>2026-08-20T16:56:04Z</time><speed>0.000</speed><sat>28</sat></trkpt>
  <trkpt lat="-33.99872833" lon="-139.99852622"><ele>31.900</ele><time>2026-08-20T16:56:05Z</time><speed>0.000</speed><sat>29</sat></trkpt>
  <trkpt lat="-33.99872833" lon="-139.99852622"><ele>31.900</ele><time>2026-08-20T16:56:06Z</time><speed>0.000</speed><sat>28</sat></trkpt>
  <trkpt lat="-33.99872833" lon="-139.99852622"><ele>31.900</ele><time>2026-08-20T16:56:07Z</time><speed>0.000</speed><sat>29</sat></trkpt>
  <trkpt lat="-33.99872833" lon="-139.99852622"><ele>31.900</ele><time>2026-08-20T16:56:08Z</time><speed>0.000</speed><sat>29</sat></trkpt>
  <trkpt lat="-33.99872833" lon="-139.99852622"><ele>31.900</ele><time>2026-08-20T16:56:09Z</time><speed>0.000</speed><sat>28</sat></trkpt>
  <trkpt lat="-33.99872833" lon="-139.99852622"><ele>31.900</ele><time>2026-08-20T16:56:10Z</time><speed>0.000</speed><sat>28</sat></trkpt>
  <trkpt lat="-33.99872833" lon="-139.99852622"><ele>31.900</ele><time>2026-08-20T16:56:11Z</time><speed>0.000</speed><sat>29</sat></trkpt>
  <trkpt lat="-33.99872833" lon="-139.99852622"><ele>31.900</ele><time>2026-08-20T16:56:12Z</time><speed>0.000</speed><sat>30</sat></trkpt>
  <trkpt lat="-33.99872833" lon="-139.99852622"><ele>31.900</ele><time>2026-08-20T16:56:13Z</time><speed>0.000</speed><sat>30</sat></trkpt>
  <trkpt lat="-33.99872833" lon="-139.99852622"><ele>31.900</ele><time>2026-08-20T16:56:14Z</time><speed>0.000</speed><sat>29</sat></trkpt>
  <trkpt lat="-33.99872833" lon="-139.99852622"><ele>31.900</ele><time>2026-08-20T16:56:15Z</time><speed>0.000</speed><sat>29</sat></trkpt>
  <trkpt lat="-33.99872833" lon="-139.99852622"><ele>31.900</ele><time>2026-08-20T16:56:16Z</time><speed>0.000</speed><sat>29</sat></trkpt>
  <trkpt lat="-33.99871167" lon="-139.99846708"><ele>33.600</ele><time>2026-08-20T16:56:17Z</time><speed>0.268</speed><sat>29</sat></trkpt>
  <trkpt lat="-33.99871167" lon="-139.99845998"><ele>33.800</ele><time>2026-08-20T16:56:18Z</time><speed>0.301</speed><sat>29</sat></trkpt>
  <trkpt lat="-33.99870667" lon="-139.99844579"><ele>34.100</ele><time>2026-08-20T16:56:19Z</time><speed>0.348</speed><sat>29</sat></trkpt>
  <trkpt lat="-33.99870333" lon="-139.99843160"><ele>34.100</ele><time>2026-08-20T16:56:20Z</time><speed>0.407</speed><sat>29</sat></trkpt>
  <trkpt lat="-33.99870833" lon="-139.99841740"><ele>33.800</ele><time>2026-08-20T16:56:21Z</time><speed>0.473</speed><sat>29</sat></trkpt>
  <trkpt lat="-33.99871167" lon="-139.99840557"><ele>33.700</ele><time>2026-08-20T16:56:22Z</time><speed>0.541</speed><sat>28</sat></trkpt>
  <trkpt lat="-33.99871333" lon="-139.99839374"><ele>33.400</ele><time>2026-08-20T16:56:23Z</time><speed>0.613</speed><sat>28</sat></trkpt>
  <trkpt lat="-33.99871667" lon="-139.99838073"><ele>33.000</ele><time>2026-08-20T16:56:24Z</time><speed>0.672</speed><sat>29</sat></trkpt>
  <trkpt lat="-33.99871833" lon="-139.99836773"><ele>32.500</ele><time>2026-08-20T16:56:25Z</time><speed>0.736</speed><sat>29</sat></trkpt>
  <trkpt lat="-33.99871833" lon="-139.99834998"><ele>32.000</ele><time>2026-08-20T16:56:26Z</time><speed>0.779</speed><sat>29</sat></trkpt>
  <trkpt lat="-33.99871667" lon="-139.99833342"><ele>31.600</ele><time>2026-08-20T16:56:27Z</time><speed>0.835</speed><sat>29</sat></trkpt>
  <trkpt lat="-33.99872167" lon="-139.99832277"><ele>31.400</ele><time>2026-08-20T16:56:28Z</time><speed>0.888</speed><sat>28</sat></trkpt>
  <trkpt lat="-33.99872167" lon="-139.99830503"><ele>31.600</ele><time>2026-08-20T16:56:29Z</time><speed>0.927</speed><sat>30</sat></trkpt>
  <trkpt lat="-33.99871833" lon="-139.99829439"><ele>31.700</ele><time>2026-08-20T16:56:30Z</time><speed>0.934</speed><sat>28</sat></trkpt>
  <trkpt lat="-33.99871667" lon="-139.99828138"><ele>31.800</ele><time>2026-08-20T16:56:31Z</time><speed>0.941</speed><sat>29</sat></trkpt>
  <trkpt lat="-33.99871500" lon="-139.99827192"><ele>32.100</ele><time>2026-08-20T16:56:32Z</time><speed>0.915</speed><sat>29</sat></trkpt>
  <trkpt lat="-33.99871333" lon="-139.99826364"><ele>32.300</ele><time>2026-08-20T16:56:33Z</time><speed>0.886</speed><sat>29</sat></trkpt>
  <trkpt lat="-33.99871500" lon="-139.99825654"><ele>32.600</ele><time>2026-08-20T16:56:34Z</time><speed>0.853</speed><sat>29</sat></trkpt>
  <trkpt lat="-33.99871500" lon="-139.99824589"><ele>32.900</ele><time>2026-08-20T16:56:35Z</time><speed>0.814</speed><sat>30</sat></trkpt>
  <trkpt lat="-33.99871833" lon="-139.99823880"><ele>33.200</ele><time>2026-08-20T16:56:36Z</time><speed>0.789</speed><sat>30</sat></trkpt>
  <trkpt lat="-33.99872167" lon="-139.99822934"><ele>33.300</ele><time>2026-08-20T16:56:37Z</time><speed>0.747</speed><sat>29</sat></trkpt>
  <trkpt lat="-33.99872500" lon="-139.99821751"><ele>33.100</ele><time>2026-08-20T16:56:38Z</time><speed>0.723</speed><sat>28</sat></trkpt>
  <trkpt lat="-33.99872833" lon="-139.99820805"><ele>33.100</ele><time>2026-08-20T16:56:39Z</time><speed>0.692</speed><sat>29</sat></trkpt>
  <trkpt lat="-33.99873333" lon="-139.99819976"><ele>32.900</ele><time>2026-08-20T16:56:40Z</time><speed>0.693</speed><sat>28</sat></trkpt>
  <trkpt lat="-33.99874000" lon="-139.99819030"><ele>32.700</ele><time>2026-08-20T16:56:41Z</time><speed>0.682</speed><sat>30</sat></trkpt>
  <trkpt lat="-33.99875167" lon="-139.99818084"><ele>32.800</ele><time>2026-08-20T16:56:42Z</time><speed>0.693</speed><sat>30</sat></trkpt>
  <trkpt lat="-33.99875833" lon="-139.99817374"><ele>33.000</ele><time>2026-08-20T16:56:43Z</time><speed>0.709</speed><sat>30</sat></trkpt>
  <trkpt lat="-33.99876667" lon="-139.99817138"><ele>33.300</ele><time>2026-08-20T16:56:44Z</time><speed>0.726</speed><sat>30</sat></trkpt>
  <trkpt lat="-33.99877833" lon="-139.99816428"><ele>33.600</ele><time>2026-08-20T16:56:45Z</time><speed>0.744</speed><sat>29</sat></trkpt>
  <trkpt lat="-33.99879167" lon="-139.99816073"><ele>33.800</ele><time>2026-08-20T16:56:46Z</time><speed>0.764</speed><sat>29</sat></trkpt>
  <trkpt lat="-33.99880167" lon="-139.99815837"><ele>34.000</ele><time>2026-08-20T16:56:47Z</time><speed>0.779</speed><sat>30</sat></trkpt>
  <trkpt lat="-33.99881167" lon="-139.99815837"><ele>34.100</ele><time>2026-08-20T16:56:48Z</time><speed>0.787</speed><sat>30</sat></trkpt>
  <trkpt lat="-33.99882667" lon="-139.99815837"><ele>34.100</ele><time>2026-08-20T16:56:49Z</time><speed>0.811</speed><sat>30</sat></trkpt>
  <trkpt lat="-33.99883500" lon="-139.99815718"><ele>34.300</ele><time>2026-08-20T16:56:50Z</time><speed>0.797</speed><sat>30</sat></trkpt>
  <trkpt lat="-33.99884833" lon="-139.99815127"><ele>34.300</ele><time>2026-08-20T16:56:51Z</time><speed>0.802</speed><sat>29</sat></trkpt>
  <trkpt lat="-33.99886167" lon="-139.99814772"><ele>34.400</ele><time>2026-08-20T16:56:52Z</time><speed>0.903</speed><sat>30</sat></trkpt>
  <trkpt lat="-33.99887667" lon="-139.99814299"><ele>34.200</ele><time>2026-08-20T16:56:53Z</time><speed>0.974</speed><sat>30</sat></trkpt>
  <trkpt lat="-33.99888000" lon="-139.99813589"><ele>34.200</ele><time>2026-08-20T16:56:54Z</time><speed>0.960</speed><sat>30</sat></trkpt>
  <trkpt lat="-33.99888667" lon="-139.99813471"><ele>34.500</ele><time>2026-08-20T16:56:55Z</time><speed>0.984</speed><sat>30</sat></trkpt>
  <trkpt lat="-33.99890000" lon="-139.99813589"><ele>34.600</ele><time>2026-08-20T16:56:56Z</time><speed>1.003</speed><sat>30</sat></trkpt>
  <trkpt lat="-33.99891333" lon="-139.99813944"><ele>34.700</ele><time>2026-08-20T16:56:57Z</time><speed>1.039</speed><sat>30</sat></trkpt>
  <trkpt lat="-33.99892833" lon="-139.99814180"><ele>34.300</ele><time>2026-08-20T16:56:58Z</time><speed>1.058</speed><sat>29</sat></trkpt>
  <trkpt lat="-33.99894000" lon="-139.99814180"><ele>34.100</ele><time>2026-08-20T16:56:59Z</time><speed>1.083</speed><sat>29</sat></trkpt>
  <trkpt lat="-33.99895667" lon="-139.99814180"><ele>34.000</ele><time>2026-08-20T16:57:00Z</time><speed>1.161</speed><sat>29</sat></trkpt>
  <trkpt lat="-33.99896500" lon="-139.99814180"><ele>34.100</ele><time>2026-08-20T16:57:01Z</time><speed>1.179</speed><sat>29</sat></trkpt>
  <trkpt lat="-33.99897667" lon="-139.99813708"><ele>34.300</ele><time>2026-08-20T16:57:02Z</time><speed>1.122</speed><sat>29</sat></trkpt>
  <trkpt lat="-33.99898833" lon="-139.99813944"><ele>34.300</ele><time>2026-08-20T16:57:03Z</time><speed>1.087</speed><sat>28</sat></trkpt>
  <trkpt lat="-33.99899833" lon="-139.99813708"><ele>34.400</ele><time>2026-08-20T16:57:04Z</time><speed>1.103</speed><sat>28</sat></trkpt>
  <trkpt lat="-33.99900833" lon="-139.99813708"><ele>34.400</ele><time>2026-08-20T16:57:05Z</time><speed>1.081</speed><sat>28</sat></trkpt>
  <trkpt lat="-33.99902000" lon="-139.99813589"><ele>34.300</ele><time>2026-08-20T16:57:06Z</time><speed>1.064</speed><sat>28</sat></trkpt>
  <trkpt lat="-33.99903167" lon="-139.99813589"><ele>34.000</ele><time>2026-08-20T16:57:07Z</time><speed>1.010</speed><sat>27</sat></trkpt>
  <trkpt lat="-33.99903667" lon="-139.99813234"><ele>33.700</ele><time>2026-08-20T16:57:08Z</time><speed>0.932</speed><sat>28</sat></trkpt>
  <trkpt lat="-33.99904833" lon="-139.99813116"><ele>33.600</ele><time>2026-08-20T16:57:09Z</time><speed>0.899</speed><sat>28</sat></trkpt>
  <trkpt lat="-33.99905667" lon="-139.99813116"><ele>33.500</ele><time>2026-08-20T16:57:10Z</time><speed>0.821</speed><sat>28</sat></trkpt>
  <trkpt lat="-33.99906333" lon="-139.99813353"><ele>33.000</ele><time>2026-08-20T16:57:11Z</time><speed>0.783</speed><sat>28</sat></trkpt>
  <trkpt lat="-33.99907333" lon="-139.99813589"><ele>32.800</ele><time>2026-08-20T16:57:12Z</time><speed>0.754</speed><sat>28</sat></trkpt>
  <trkpt lat="-33.99908333" lon="-139.99813944"><ele>32.700</ele><time>2026-08-20T16:57:13Z</time><speed>0.779</speed><sat>28</sat></trkpt>
  <trkpt lat="-33.99909500" lon="-139.99814535"><ele>32.500</ele><time>2026-08-20T16:57:14Z</time><speed>0.843</speed><sat>28</sat></trkpt>
  <trkpt lat="-33.99910833" lon="-139.99814890"><ele>32.300</ele><time>2026-08-20T16:57:15Z</time><speed>0.894</speed><sat>28</sat></trkpt>
  <trkpt lat="-33.99912000" lon="-139.99815363"><ele>32.300</ele><time>2026-08-20T16:57:16Z</time><speed>0.949</speed><sat>28</sat></trkpt>
  <trkpt lat="-33.99913167" lon="-139.99815482"><ele>31.900</ele><time>2026-08-20T16:57:17Z</time><speed>0.953</speed><sat>29</sat></trkpt>
  <trkpt lat="-33.99914333" lon="-139.99815009"><ele>32.000</ele><time>2026-08-20T16:57:18Z</time><speed>1.028</speed><sat>28</sat></trkpt>
  <trkpt lat="-33.99915333" lon="-139.99815009"><ele>32.000</ele><time>2026-08-20T16:57:19Z</time><speed>1.012</speed><sat>29</sat></trkpt>
  <trkpt lat="-33.99916333" lon="-139.99815009"><ele>31.800</ele><time>2026-08-20T16:57:20Z</time><speed>1.008</speed><sat>29</sat></trkpt>
  <trkpt lat="-33.99917167" lon="-139.99815127"><ele>31.800</ele><time>2026-08-20T16:57:21Z</time><speed>1.021</speed><sat>29</sat></trkpt>
  <trkpt lat="-33.99918333" lon="-139.99815482"><ele>31.600</ele><time>2026-08-20T16:57:22Z</time><speed>1.062</speed><sat>29</sat></trkpt>
  <trkpt lat="-33.99919500" lon="-139.99815600"><ele>31.300</ele><time>2026-08-20T16:57:23Z</time><speed>0.981</speed><sat>29</sat></trkpt>
  <trkpt lat="-33.99920333" lon="-139.99815718"><ele>31.400</ele><time>2026-08-20T16:57:24Z</time><speed>0.916</speed><sat>29</sat></trkpt>
  <trkpt lat="-33.99920833" lon="-139.99815600"><ele>31.300</ele><time>2026-08-20T16:57:25Z</time><speed>0.830</speed><sat>29</sat></trkpt>
  <trkpt lat="-33.99921833" lon="-139.99815009"><ele>31.300</ele><time>2026-08-20T16:57:26Z</time><speed>0.757</speed><sat>28</sat></trkpt>
  <trkpt lat="-33.99922500" lon="-139.99814654"><ele>31.200</ele><time>2026-08-20T16:57:27Z</time><speed>0.759</speed><sat>29</sat></trkpt>
  <trkpt lat="-33.99923333" lon="-139.99814772"><ele>31.200</ele><time>2026-08-20T16:57:28Z</time><speed>0.709</speed><sat>29</sat></trkpt>
  <trkpt lat="-33.99924333" lon="-139.99814417"><ele>31.200</ele><time>2026-08-20T16:57:29Z</time><speed>0.694</speed><sat>29</sat></trkpt>
  <trkpt lat="-33.99925000" lon="-139.99814417"><ele>31.100</ele><time>2026-08-20T16:57:30Z</time><speed>0.698</speed><sat>29</sat></trkpt>
  <trkpt lat="-33.99926000" lon="-139.99814299"><ele>31.100</ele><time>2026-08-20T16:57:31Z</time><speed>0.693</speed><sat>29</sat></trkpt>
  <trkpt lat="-33.99927500" lon="-139.99814180"><ele>31.000</ele><time>2026-08-20T16:57:32Z</time><speed>0.663</speed><sat>29</sat></trkpt>
  <trkpt lat="-33.99928333" lon="-139.99814063"><ele>31.000</ele><time>2026-08-20T16:57:33Z</time><speed>0.697</speed><sat>29</sat></trkpt>
  <trkpt lat="-33.99929667" lon="-139.99813826"><ele>30.900</ele><time>2026-08-20T16:57:34Z</time><speed>0.719</speed><sat>29</sat></trkpt>
  <trkpt lat="-33.99930667" lon="-139.99813353"><ele>31.000</ele><time>2026-08-20T16:57:35Z</time><speed>0.794</speed><sat>29</sat></trkpt>
  <trkpt lat="-33.99931500" lon="-139.99812525"><ele>31.100</ele><time>2026-08-20T16:57:36Z</time><speed>0.803</speed><sat>29</sat></trkpt>
  <trkpt lat="-33.99932667" lon="-139.99811934"><ele>31.700</ele><time>2026-08-20T16:57:37Z</time><speed>0.809</speed><sat>29</sat></trkpt>
  <trkpt lat="-33.99933667" lon="-139.99811934"><ele>32.200</ele><time>2026-08-20T16:57:38Z</time><speed>0.836</speed><sat>29</sat></trkpt>
  <trkpt lat="-33.99935000" lon="-139.99811934"><ele>32.400</ele><time>2026-08-20T16:57:39Z</time><speed>0.890</speed><sat>29</sat></trkpt>
  <trkpt lat="-33.99936167" lon="-139.99811579"><ele>32.400</ele><time>2026-08-20T16:57:40Z</time><speed>0.919</speed><sat>29</sat></trkpt>
  <trkpt lat="-33.99936833" lon="-139.99811342"><ele>32.500</ele><time>2026-08-20T16:57:41Z</time><speed>0.893</speed><sat>29</sat></trkpt>
  <trkpt lat="-33.99937833" lon="-139.99811342"><ele>32.700</ele><time>2026-08-20T16:57:42Z</time><speed>0.873</speed><sat>29</sat></trkpt>
  <trkpt lat="-33.99939167" lon="-139.99810987"><ele>33.100</ele><time>2026-08-20T16:57:43Z</time><speed>0.886</speed><sat>29</sat></trkpt>
  <trkpt lat="-33.99940500" lon="-139.99810869"><ele>33.300</ele><time>2026-08-20T16:57:44Z</time><speed>0.903</speed><sat>28</sat></trkpt>
  <trkpt lat="-33.99941500" lon="-139.99810396"><ele>33.300</ele><time>2026-08-20T16:57:45Z</time><speed>0.872</speed><sat>28</sat></trkpt>
  <trkpt lat="-33.99942333" lon="-139.99809567"><ele>33.300</ele><time>2026-08-20T16:57:46Z</time><speed>0.906</speed><sat>28</sat></trkpt>
  <trkpt lat="-33.99943500" lon="-139.99808385"><ele>33.300</ele><time>2026-08-20T16:57:47Z</time><speed>0.982</speed><sat>28</sat></trkpt>
  <trkpt lat="-33.99944500" lon="-139.99807557"><ele>33.400</ele><time>2026-08-20T16:57:48Z</time><speed>1.017</speed><sat>28</sat></trkpt>
  <trkpt lat="-33.99945333" lon="-139.99807202"><ele>33.700</ele><time>2026-08-20T16:57:49Z</time><speed>1.015</speed><sat>29</sat></trkpt>
  <trkpt lat="-33.99946333" lon="-139.99806492"><ele>33.800</ele><time>2026-08-20T16:57:50Z</time><speed>1.034</speed><sat>29</sat></trkpt>
  <trkpt lat="-33.99947000" lon="-139.99806019"><ele>33.600</ele><time>2026-08-20T16:57:51Z</time><speed>1.048</speed><sat>28</sat></trkpt>
  <trkpt lat="-33.99947667" lon="-139.99805664"><ele>33.700</ele><time>2026-08-20T16:57:52Z</time><speed>1.047</speed><sat>28</sat></trkpt>
  <trkpt lat="-33.99949333" lon="-139.99805073"><ele>33.500</ele><time>2026-08-20T16:57:53Z</time><speed>1.047</speed><sat>28</sat></trkpt>
  <trkpt lat="-33.99950500" lon="-139.99804954"><ele>33.600</ele><time>2026-08-20T16:57:54Z</time><speed>1.051</speed><sat>28</sat></trkpt>
  <trkpt lat="-33.99951667" lon="-139.99804127"><ele>33.500</ele><time>2026-08-20T16:57:55Z</time><speed>1.026</speed><sat>28</sat></trkpt>
  <trkpt lat="-33.99952333" lon="-139.99803654"><ele>33.200</ele><time>2026-08-20T16:57:56Z</time><speed>0.986</speed><sat>28</sat></trkpt>
  <trkpt lat="-33.99953000" lon="-139.99803180"><ele>33.100</ele><time>2026-08-20T16:57:57Z</time><speed>0.907</speed><sat>28</sat></trkpt>
  <trkpt lat="-33.99954167" lon="-139.99802589"><ele>32.900</ele><time>2026-08-20T16:57:58Z</time><speed>0.879</speed><sat>28</sat></trkpt>
  <trkpt lat="-33.99954833" lon="-139.99802353"><ele>33.000</ele><time>2026-08-20T16:57:59Z</time><speed>0.844</speed><sat>28</sat></trkpt>
  <trkpt lat="-33.99955667" lon="-139.99802116"><ele>33.200</ele><time>2026-08-20T16:58:00Z</time><speed>0.808</speed><sat>28</sat></trkpt>
  <trkpt lat="-33.99956667" lon="-139.99802234"><ele>33.200</ele><time>2026-08-20T16:58:01Z</time><speed>0.821</speed><sat>28</sat></trkpt>
  <trkpt lat="-33.99957333" lon="-139.99802234"><ele>33.000</ele><time>2026-08-20T16:58:02Z</time><speed>0.821</speed><sat>28</sat></trkpt>
  <trkpt lat="-33.99958333" lon="-139.99802353"><ele>32.900</ele><time>2026-08-20T16:58:03Z</time><speed>0.813</speed><sat>28</sat></trkpt>
  <trkpt lat="-33.99959333" lon="-139.99802116"><ele>32.700</ele><time>2026-08-20T16:58:04Z</time><speed>0.790</speed><sat>28</sat></trkpt>
  <trkpt lat="-33.99959667" lon="-139.99801761"><ele>32.600</ele><time>2026-08-20T16:58:05Z</time><speed>0.753</speed><sat>28</sat></trkpt>
  <trkpt lat="-33.99959833" lon="-139.99801170"><ele>32.600</ele><time>2026-08-20T16:58:06Z</time><speed>0.735</speed><sat>28</sat></trkpt>
  <trkpt lat="-33.99959667" lon="-139.99800579"><ele>32.500</ele><time>2026-08-20T16:58:07Z</time><speed>0.705</speed><sat>29</sat></trkpt>
  <trkpt lat="-33.99960333" lon="-139.99800105"><ele>32.500</ele><time>2026-08-20T16:58:08Z</time><speed>0.690</speed><sat>29</sat></trkpt>
  <trkpt lat="-33.99961833" lon="-139.99799514"><ele>32.300</ele><time>2026-08-20T16:58:09Z</time><speed>0.715</speed><sat>30</sat></trkpt>
  <trkpt lat="-33.99963333" lon="-139.99799041"><ele>32.200</ele><time>2026-08-20T16:58:10Z</time><speed>0.738</speed><sat>30</sat></trkpt>
  <trkpt lat="-33.99964500" lon="-139.99799041"><ele>32.200</ele><time>2026-08-20T16:58:11Z</time><speed>0.732</speed><sat>30</sat></trkpt>
  <trkpt lat="-33.99965500" lon="-139.99798686"><ele>32.000</ele><time>2026-08-20T16:58:12Z</time><speed>0.709</speed><sat>30</sat></trkpt>
  <trkpt lat="-33.99966000" lon="-139.99798686"><ele>32.000</ele><time>2026-08-20T16:58:13Z</time><speed>0.652</speed><sat>29</sat></trkpt>
  <trkpt lat="-33.99966333" lon="-139.99798450"><ele>31.900</ele><time>2026-08-20T16:58:14Z</time><speed>0.609</speed><sat>30</sat></trkpt>
  <trkpt lat="-33.99966667" lon="-139.99798212"><ele>31.900</ele><time>2026-08-20T16:58:15Z</time><speed>0.623</speed><sat>30</sat></trkpt>
  <trkpt lat="-33.99967167" lon="-139.99797976"><ele>32.200</ele><time>2026-08-20T16:58:16Z</time><speed>0.619</speed><sat>30</sat></trkpt>
  <trkpt lat="-33.99967667" lon="-139.99797503"><ele>32.000</ele><time>2026-08-20T16:58:17Z</time><speed>0.631</speed><sat>29</sat></trkpt>
  <trkpt lat="-33.99968667" lon="-139.99797503"><ele>32.000</ele><time>2026-08-20T16:58:18Z</time><speed>0.618</speed><sat>29</sat></trkpt>
  <trkpt lat="-33.99969500" lon="-139.99797621"><ele>31.700</ele><time>2026-08-20T16:58:19Z</time><speed>0.582</speed><sat>29</sat></trkpt>
  <trkpt lat="-33.99970500" lon="-139.99797621"><ele>31.800</ele><time>2026-08-20T16:58:20Z</time><speed>0.545</speed><sat>28</sat></trkpt>
  <trkpt lat="-33.99971167" lon="-139.99797621"><ele>31.800</ele><time>2026-08-20T16:58:21Z</time><speed>0.534</speed><sat>29</sat></trkpt>
  <trkpt lat="-33.99971833" lon="-139.99797385"><ele>31.700</ele><time>2026-08-20T16:58:22Z</time><speed>0.543</speed><sat>30</sat></trkpt>
  <trkpt lat="-33.99973000" lon="-139.99796912"><ele>31.700</ele><time>2026-08-20T16:58:23Z</time><speed>0.592</speed><sat>31</sat></trkpt>
  <trkpt lat="-33.99974167" lon="-139.99796793"><ele>31.800</ele><time>2026-08-20T16:58:24Z</time><speed>0.617</speed><sat>31</sat></trkpt>
  <trkpt lat="-33.99975000" lon="-139.99796557"><ele>31.600</ele><time>2026-08-20T16:58:25Z</time><speed>0.637</speed><sat>31</sat></trkpt>
  <trkpt lat="-33.99975167" lon="-139.99796438"><ele>31.300</ele><time>2026-08-20T16:58:26Z</time><speed>0.614</speed><sat>31</sat></trkpt>
  <trkpt lat="-33.99975333" lon="-139.99796557"><ele>31.200</ele><time>2026-08-20T16:58:27Z</time><speed>0.580</speed><sat>30</sat></trkpt>
  <trkpt lat="-33.99976500" lon="-139.99796557"><ele>30.800</ele><time>2026-08-20T16:58:28Z</time><speed>0.566</speed><sat>31</sat></trkpt>
  <trkpt lat="-33.99977333" lon="-139.99796557"><ele>30.500</ele><time>2026-08-20T16:58:29Z</time><speed>0.547</speed><sat>31</sat></trkpt>
  <trkpt lat="-33.99977833" lon="-139.99796557"><ele>30.200</ele><time>2026-08-20T16:58:30Z</time><speed>0.524</speed><sat>31</sat></trkpt>
  <trkpt lat="-33.99978167" lon="-139.99796320"><ele>29.800</ele><time>2026-08-20T16:58:31Z</time><speed>0.501</speed><sat>30</sat></trkpt>
  <trkpt lat="-33.99978667" lon="-139.99795729"><ele>29.500</ele><time>2026-08-20T16:58:32Z</time><speed>0.493</speed><sat>31</sat></trkpt>
  <trkpt lat="-33.99979000" lon="-139.99795374"><ele>29.600</ele><time>2026-08-20T16:58:33Z</time><speed>0.422</speed><sat>31</sat></trkpt>
  <trkpt lat="-33.99979167" lon="-139.99795137"><ele>29.600</ele><time>2026-08-20T16:58:34Z</time><speed>0.000</speed><sat>31</sat></trkpt>
  <trkpt lat="-33.99979500" lon="-139.99794664"><ele>29.600</ele><time>2026-08-20T16:58:35Z</time><speed>0.000</speed><sat>31</sat></trkpt>
  <trkpt lat="-33.99980500" lon="-139.99794428"><ele>29.200</ele><time>2026-08-20T16:58:36Z</time><speed>0.369</speed><sat>31</sat></trkpt>
  <trkpt lat="-33.99981667" lon="-139.99794073"><ele>28.700</ele><time>2026-08-20T16:58:37Z</time><speed>0.434</speed><sat>31</sat></trkpt>
  <trkpt lat="-33.99982667" lon="-139.99793718"><ele>28.300</ele><time>2026-08-20T16:58:38Z</time><speed>0.436</speed><sat>30</sat></trkpt>
  <trkpt lat="-33.99983167" lon="-139.99793482"><ele>28.300</ele><time>2026-08-20T16:58:39Z</time><speed>0.417</speed><sat>29</sat></trkpt>
  <trkpt lat="-33.99983500" lon="-139.99793600"><ele>28.200</ele><time>2026-08-20T16:58:40Z</time><speed>0.000</speed><sat>29</sat></trkpt>
  <trkpt lat="-33.99984000" lon="-139.99793363"><ele>27.700</ele><time>2026-08-20T16:58:41Z</time><speed>0.000</speed><sat>30</sat></trkpt>
  <trkpt lat="-33.99984333" lon="-139.99792890"><ele>27.500</ele><time>2026-08-20T16:58:42Z</time><speed>0.000</speed><sat>30</sat></trkpt>
  <trkpt lat="-33.99984333" lon="-139.99792890"><ele>27.500</ele><time>2026-08-20T16:58:43Z</time><speed>0.000</speed><sat>30</sat></trkpt>
  <trkpt lat="-33.99986000" lon="-139.99790761"><ele>26.900</ele><time>2026-08-20T16:58:44Z</time><speed>0.581</speed><sat>30</sat></trkpt>
  <trkpt lat="-33.99987167" lon="-139.99789933"><ele>26.800</ele><time>2026-08-20T16:58:45Z</time><speed>0.694</speed><sat>30</sat></trkpt>
  <trkpt lat="-33.99988167" lon="-139.99789460"><ele>26.700</ele><time>2026-08-20T16:58:46Z</time><speed>0.756</speed><sat>30</sat></trkpt>
  <trkpt lat="-33.99989500" lon="-139.99788987"><ele>26.500</ele><time>2026-08-20T16:58:47Z</time><speed>0.782</speed><sat>29</sat></trkpt>
  <trkpt lat="-33.99990500" lon="-139.99788277"><ele>26.600</ele><time>2026-08-20T16:58:48Z</time><speed>0.777</speed><sat>30</sat></trkpt>
  <trkpt lat="-33.99990667" lon="-139.99788041"><ele>26.700</ele><time>2026-08-20T16:58:49Z</time><speed>0.778</speed><sat>30</sat></trkpt>
  <trkpt lat="-33.99991500" lon="-139.99787449"><ele>27.200</ele><time>2026-08-20T16:58:50Z</time><speed>0.803</speed><sat>30</sat></trkpt>
  <trkpt lat="-33.99992667" lon="-139.99786976"><ele>27.300</ele><time>2026-08-20T16:58:51Z</time><speed>0.844</speed><sat>30</sat></trkpt>
  <trkpt lat="-33.99993333" lon="-139.99786621"><ele>27.600</ele><time>2026-08-20T16:58:52Z</time><speed>0.868</speed><sat>30</sat></trkpt>
  <trkpt lat="-33.99994333" lon="-139.99786148"><ele>27.400</ele><time>2026-08-20T16:58:53Z</time><speed>0.840</speed><sat>30</sat></trkpt>
  <trkpt lat="-33.99995000" lon="-139.99785793"><ele>27.200</ele><time>2026-08-20T16:58:54Z</time><speed>0.814</speed><sat>30</sat></trkpt>
  <trkpt lat="-33.99996167" lon="-139.99784966"><ele>27.100</ele><time>2026-08-20T16:58:55Z</time><speed>0.777</speed><sat>30</sat></trkpt>
  <trkpt lat="-33.99997000" lon="-139.99784847"><ele>27.200</ele><time>2026-08-20T16:58:56Z</time><speed>0.756</speed><sat>30</sat></trkpt>
  <trkpt lat="-33.99998167" lon="-139.99784492"><ele>27.200</ele><time>2026-08-20T16:58:57Z</time><speed>0.735</speed><sat>30</sat></trkpt>
  <trkpt lat="-33.99999167" lon="-139.99784137"><ele>27.300</ele><time>2026-08-20T16:58:58Z</time><speed>0.803</speed><sat>30</sat></trkpt>
  <trkpt lat="-34.00000333" lon="-139.99784019"><ele>27.500</ele><time>2026-08-20T16:58:59Z</time><speed>0.886</speed><sat>30</sat></trkpt>
  <trkpt lat="-34.00001167" lon="-139.99784019"><ele>27.500</ele><time>2026-08-20T16:59:00Z</time><speed>0.921</speed><sat>30</sat></trkpt>
  <trkpt lat="-34.00001833" lon="-139.99783664"><ele>27.800</ele><time>2026-08-20T16:59:01Z</time><speed>0.937</speed><sat>30</sat></trkpt>
  <trkpt lat="-34.00002500" lon="-139.99783073"><ele>28.000</ele><time>2026-08-20T16:59:02Z</time><speed>0.962</speed><sat>30</sat></trkpt>
  <trkpt lat="-34.00003333" lon="-139.99782718"><ele>28.300</ele><time>2026-08-20T16:59:03Z</time><speed>0.969</speed><sat>30</sat></trkpt>
  <trkpt lat="-34.00004333" lon="-139.99782482"><ele>28.400</ele><time>2026-08-20T16:59:04Z</time><speed>0.944</speed><sat>30</sat></trkpt>
  <trkpt lat="-34.00005000" lon="-139.99782363"><ele>28.400</ele><time>2026-08-20T16:59:05Z</time><speed>0.884</speed><sat>30</sat></trkpt>
  <trkpt lat="-34.00006000" lon="-139.99781772"><ele>28.400</ele><time>2026-08-20T16:59:06Z</time><speed>0.866</speed><sat>30</sat></trkpt>
  <trkpt lat="-34.00007333" lon="-139.99780944"><ele>28.400</ele><time>2026-08-20T16:59:07Z</time><speed>0.862</speed><sat>30</sat></trkpt>
  <trkpt lat="-34.00008333" lon="-139.99780470"><ele>28.300</ele><time>2026-08-20T16:59:08Z</time><speed>0.840</speed><sat>30</sat></trkpt>
  <trkpt lat="-34.00009333" lon="-139.99779998"><ele>28.200</ele><time>2026-08-20T16:59:09Z</time><speed>0.818</speed><sat>30</sat></trkpt>
  <trkpt lat="-34.00010667" lon="-139.99779406"><ele>28.200</ele><time>2026-08-20T16:59:10Z</time><speed>0.826</speed><sat>30</sat></trkpt>
  <trkpt lat="-34.00012333" lon="-139.99778815"><ele>28.200</ele><time>2026-08-20T16:59:11Z</time><speed>0.851</speed><sat>30</sat></trkpt>
  <trkpt lat="-34.00013667" lon="-139.99778460"><ele>28.400</ele><time>2026-08-20T16:59:12Z</time><speed>0.879</speed><sat>30</sat></trkpt>
  <trkpt lat="-34.00014833" lon="-139.99778105"><ele>28.500</ele><time>2026-08-20T16:59:13Z</time><speed>0.896</speed><sat>30</sat></trkpt>
  <trkpt lat="-34.00016000" lon="-139.99777869"><ele>28.500</ele><time>2026-08-20T16:59:14Z</time><speed>0.910</speed><sat>30</sat></trkpt>
  <trkpt lat="-34.00016667" lon="-139.99777395"><ele>28.600</ele><time>2026-08-20T16:59:15Z</time><speed>0.942</speed><sat>30</sat></trkpt>
  <trkpt lat="-34.00017667" lon="-139.99777040"><ele>28.800</ele><time>2026-08-20T16:59:16Z</time><speed>0.960</speed><sat>30</sat></trkpt>
  <trkpt lat="-34.00018833" lon="-139.99776449"><ele>28.700</ele><time>2026-08-20T16:59:17Z</time><speed>0.967</speed><sat>30</sat></trkpt>
  <trkpt lat="-34.00020167" lon="-139.99776686"><ele>28.800</ele><time>2026-08-20T16:59:18Z</time><speed>0.987</speed><sat>30</sat></trkpt>
  <trkpt lat="-34.00021000" lon="-139.99776686"><ele>28.700</ele><time>2026-08-20T16:59:19Z</time><speed>0.998</speed><sat>30</sat></trkpt>
  <trkpt lat="-34.00022667" lon="-139.99776686"><ele>28.900</ele><time>2026-08-20T16:59:20Z</time><speed>1.017</speed><sat>30</sat></trkpt>
  <trkpt lat="-34.00024167" lon="-139.99777040"><ele>29.000</ele><time>2026-08-20T16:59:21Z</time><speed>1.010</speed><sat>30</sat></trkpt>
  <trkpt lat="-34.00025333" lon="-139.99777869"><ele>29.400</ele><time>2026-08-20T16:59:22Z</time><speed>1.012</speed><sat>31</sat></trkpt>
  <trkpt lat="-34.00026333" lon="-139.99779051"><ele>29.300</ele><time>2026-08-20T16:59:23Z</time><speed>1.048</speed><sat>30</sat></trkpt>
  <trkpt lat="-34.00027000" lon="-139.99780470"><ele>29.400</ele><time>2026-08-20T16:59:24Z</time><speed>1.064</speed><sat>29</sat></trkpt>
  <trkpt lat="-34.00027500" lon="-139.99781653"><ele>29.600</ele><time>2026-08-20T16:59:25Z</time><speed>1.094</speed><sat>29</sat></trkpt>
  <trkpt lat="-34.00027667" lon="-139.99782836"><ele>29.500</ele><time>2026-08-20T16:59:26Z</time><speed>1.128</speed><sat>30</sat></trkpt>
  <trkpt lat="-34.00027833" lon="-139.99783901"><ele>29.400</ele><time>2026-08-20T16:59:27Z</time><speed>1.125</speed><sat>30</sat></trkpt>
  <trkpt lat="-34.00028167" lon="-139.99784728"><ele>29.500</ele><time>2026-08-20T16:59:28Z</time><speed>1.124</speed><sat>31</sat></trkpt>
  <trkpt lat="-34.00028333" lon="-139.99785793"><ele>29.400</ele><time>2026-08-20T16:59:29Z</time><speed>1.125</speed><sat>31</sat></trkpt>
  <trkpt lat="-34.00028667" lon="-139.99786740"><ele>29.800</ele><time>2026-08-20T16:59:30Z</time><speed>1.092</speed><sat>31</sat></trkpt>
  <trkpt lat="-34.00029167" lon="-139.99787686"><ele>29.900</ele><time>2026-08-20T16:59:31Z</time><speed>1.068</speed><sat>31</sat></trkpt>
  <trkpt lat="-34.00029500" lon="-139.99788632"><ele>29.800</ele><time>2026-08-20T16:59:32Z</time><speed>1.046</speed><sat>31</sat></trkpt>
  <trkpt lat="-34.00029667" lon="-139.99789578"><ele>29.700</ele><time>2026-08-20T16:59:33Z</time><speed>1.000</speed><sat>31</sat></trkpt>
  <trkpt lat="-34.00030000" lon="-139.99790761"><ele>29.600</ele><time>2026-08-20T16:59:34Z</time><speed>0.993</speed><sat>31</sat></trkpt>
  <trkpt lat="-34.00030000" lon="-139.99792180"><ele>29.200</ele><time>2026-08-20T16:59:35Z</time><speed>0.995</speed><sat>30</sat></trkpt>
  <trkpt lat="-34.00030167" lon="-139.99793482"><ele>29.100</ele><time>2026-08-20T16:59:36Z</time><speed>0.948</speed><sat>29</sat></trkpt>
  <trkpt lat="-34.00030333" lon="-139.99794783"><ele>28.900</ele><time>2026-08-20T16:59:37Z</time><speed>0.958</speed><sat>29</sat></trkpt>
  <trkpt lat="-34.00030833" lon="-139.99796557"><ele>28.700</ele><time>2026-08-20T16:59:38Z</time><speed>0.957</speed><sat>29</sat></trkpt>
  <trkpt lat="-34.00030833" lon="-139.99797976"><ele>28.500</ele><time>2026-08-20T16:59:39Z</time><speed>0.917</speed><sat>29</sat></trkpt>
  <trkpt lat="-34.00031000" lon="-139.99799159"><ele>28.300</ele><time>2026-08-20T16:59:40Z</time><speed>0.921</speed><sat>29</sat></trkpt>
  <trkpt lat="-34.00031333" lon="-139.99800579"><ele>27.900</ele><time>2026-08-20T16:59:41Z</time><speed>0.951</speed><sat>29</sat></trkpt>
  <trkpt lat="-34.00031667" lon="-139.99802353"><ele>27.700</ele><time>2026-08-20T16:59:42Z</time><speed>1.009</speed><sat>28</sat></trkpt>
  <trkpt lat="-34.00032000" lon="-139.99804482"><ele>27.400</ele><time>2026-08-20T16:59:43Z</time><speed>1.023</speed><sat>30</sat></trkpt>
  <trkpt lat="-34.00032667" lon="-139.99805546"><ele>27.500</ele><time>2026-08-20T16:59:44Z</time><speed>0.973</speed><sat>30</sat></trkpt>
  <trkpt lat="-34.00032833" lon="-139.99806256"><ele>27.700</ele><time>2026-08-20T16:59:45Z</time><speed>0.908</speed><sat>30</sat></trkpt>
  <trkpt lat="-34.00033000" lon="-139.99807557"><ele>28.100</ele><time>2026-08-20T16:59:46Z</time><speed>0.905</speed><sat>30</sat></trkpt>
  <trkpt lat="-34.00033333" lon="-139.99808740"><ele>28.300</ele><time>2026-08-20T16:59:47Z</time><speed>0.844</speed><sat>30</sat></trkpt>
  <trkpt lat="-34.00033500" lon="-139.99810041"><ele>28.400</ele><time>2026-08-20T16:59:48Z</time><speed>0.795</speed><sat>30</sat></trkpt>
  <trkpt lat="-34.00033500" lon="-139.99811105"><ele>28.300</ele><time>2026-08-20T16:59:49Z</time><speed>0.800</speed><sat>30</sat></trkpt>
  <trkpt lat="-34.00034000" lon="-139.99812761"><ele>28.400</ele><time>2026-08-20T16:59:50Z</time><speed>0.809</speed><sat>30</sat></trkpt>
  <trkpt lat="-34.00034667" lon="-139.99814063"><ele>28.400</ele><time>2026-08-20T16:59:51Z</time><speed>0.831</speed><sat>30</sat></trkpt>
  <trkpt lat="-34.00035167" lon="-139.99815837"><ele>28.300</ele><time>2026-08-20T16:59:52Z</time><speed>0.855</speed><sat>30</sat></trkpt>
  <trkpt lat="-34.00035667" lon="-139.99817611"><ele>28.300</ele><time>2026-08-20T16:59:53Z</time><speed>0.915</speed><sat>30</sat></trkpt>
  <trkpt lat="-34.00035833" lon="-139.99819267"><ele>28.300</ele><time>2026-08-20T16:59:54Z</time><speed>1.009</speed><sat>30</sat></trkpt>
  <trkpt lat="-34.00035833" lon="-139.99820805"><ele>28.600</ele><time>2026-08-20T16:59:55Z</time><speed>1.077</speed><sat>30</sat></trkpt>
  <trkpt lat="-34.00036000" lon="-139.99822224"><ele>28.800</ele><time>2026-08-20T16:59:56Z</time><speed>1.128</speed><sat>30</sat></trkpt>
  <trkpt lat="-34.00036333" lon="-139.99823406"><ele>29.200</ele><time>2026-08-20T16:59:57Z</time><speed>1.193</speed><sat>29</sat></trkpt>
  <trkpt lat="-34.00036833" lon="-139.99824235"><ele>29.100</ele><time>2026-08-20T16:59:58Z</time><speed>1.202</speed><sat>28</sat></trkpt>
  <trkpt lat="-34.00037500" lon="-139.99825063"><ele>29.100</ele><time>2026-08-20T16:59:59Z</time><speed>1.208</speed><sat>27</sat></trkpt>
  <trkpt lat="-34.00038167" lon="-139.99826364"><ele>28.800</ele><time>2026-08-20T17:00:00Z</time><speed>1.216</speed><sat>27</sat></trkpt>
  <trkpt lat="-34.00038500" lon="-139.99827310"><ele>28.600</ele><time>2026-08-20T17:00:01Z</time><speed>1.185</speed><sat>27</sat></trkpt>
  <trkpt lat="-34.00039333" lon="-139.99828611"><ele>28.300</ele><time>2026-08-20T17:00:02Z</time><speed>1.235</speed><sat>26</sat></trkpt>
  <trkpt lat="-34.00040667" lon="-139.99829557"><ele>28.400</ele><time>2026-08-20T17:00:03Z</time><speed>1.229</speed><sat>24</sat></trkpt>
  <trkpt lat="-34.00041000" lon="-139.99829676"><ele>28.700</ele><time>2026-08-20T17:00:04Z</time><speed>1.155</speed><sat>23</sat></trkpt>
  <trkpt lat="-34.00041000" lon="-139.99830503"><ele>29.100</ele><time>2026-08-20T17:00:05Z</time><speed>1.160</speed><sat>24</sat></trkpt>
  <trkpt lat="-34.00041000" lon="-139.99831686"><ele>29.000</ele><time>2026-08-20T17:00:06Z</time><speed>1.124</speed><sat>25</sat></trkpt>
  <trkpt lat="-34.00041000" lon="-139.99833224"><ele>29.200</ele><time>2026-08-20T17:00:07Z</time><speed>1.122</speed><sat>25</sat></trkpt>
  <trkpt lat="-34.00040500" lon="-139.99834406"><ele>29.400</ele><time>2026-08-20T17:00:08Z</time><speed>1.134</speed><sat>24</sat></trkpt>
  <trkpt lat="-34.00040500" lon="-139.99835826"><ele>29.500</ele><time>2026-08-20T17:00:09Z</time><speed>1.147</speed><sat>24</sat></trkpt>
  <trkpt lat="-34.00040167" lon="-139.99837245"><ele>29.500</ele><time>2026-08-20T17:00:10Z</time><speed>1.157</speed><sat>23</sat></trkpt>
  <trkpt lat="-34.00040333" lon="-139.99838428"><ele>29.600</ele><time>2026-08-20T17:00:11Z</time><speed>1.182</speed><sat>24</sat></trkpt>
  <trkpt lat="-34.00040833" lon="-139.99840321"><ele>29.800</ele><time>2026-08-20T17:00:12Z</time><speed>1.072</speed><sat>24</sat></trkpt>
  <trkpt lat="-34.00041500" lon="-139.99841740"><ele>30.000</ele><time>2026-08-20T17:00:13Z</time><speed>1.049</speed><sat>23</sat></trkpt>
  <trkpt lat="-34.00042000" lon="-139.99842805"><ele>30.500</ele><time>2026-08-20T17:00:14Z</time><speed>1.068</speed><sat>23</sat></trkpt>
  <trkpt lat="-34.00042667" lon="-139.99843632"><ele>31.000</ele><time>2026-08-20T17:00:15Z</time><speed>1.062</speed><sat>22</sat></trkpt>
  <trkpt lat="-34.00043833" lon="-139.99844815"><ele>31.200</ele><time>2026-08-20T17:00:16Z</time><speed>1.131</speed><sat>22</sat></trkpt>
  <trkpt lat="-34.00044500" lon="-139.99845407"><ele>31.400</ele><time>2026-08-20T17:00:17Z</time><speed>1.170</speed><sat>22</sat></trkpt>
  <trkpt lat="-34.00045167" lon="-139.99846471"><ele>31.600</ele><time>2026-08-20T17:00:18Z</time><speed>1.244</speed><sat>23</sat></trkpt>
  <trkpt lat="-34.00045500" lon="-139.99847299"><ele>31.400</ele><time>2026-08-20T17:00:19Z</time><speed>1.274</speed><sat>23</sat></trkpt>
  <trkpt lat="-34.00045500" lon="-139.99848482"><ele>31.400</ele><time>2026-08-20T17:00:20Z</time><speed>1.278</speed><sat>23</sat></trkpt>
  <trkpt lat="-34.00045833" lon="-139.99849428"><ele>31.400</ele><time>2026-08-20T17:00:21Z</time><speed>1.255</speed><sat>23</sat></trkpt>
  <trkpt lat="-34.00046000" lon="-139.99850966"><ele>31.500</ele><time>2026-08-20T17:00:22Z</time><speed>1.260</speed><sat>23</sat></trkpt>
  <trkpt lat="-34.00046333" lon="-139.99852386"><ele>31.500</ele><time>2026-08-20T17:00:23Z</time><speed>1.246</speed><sat>23</sat></trkpt>
  <trkpt lat="-34.00046500" lon="-139.99853450"><ele>31.500</ele><time>2026-08-20T17:00:24Z</time><speed>1.256</speed><sat>22</sat></trkpt>
  <trkpt lat="-34.00046667" lon="-139.99854515"><ele>31.300</ele><time>2026-08-20T17:00:25Z</time><speed>1.253</speed><sat>23</sat></trkpt>
  <trkpt lat="-34.00047000" lon="-139.99855815"><ele>31.400</ele><time>2026-08-20T17:00:26Z</time><speed>1.177</speed><sat>23</sat></trkpt>
  <trkpt lat="-34.00046667" lon="-139.99856761"><ele>31.200</ele><time>2026-08-20T17:00:27Z</time><speed>1.091</speed><sat>23</sat></trkpt>
  <trkpt lat="-34.00047000" lon="-139.99858063"><ele>31.400</ele><time>2026-08-20T17:00:28Z</time><speed>1.036</speed><sat>23</sat></trkpt>
  <trkpt lat="-34.00047167" lon="-139.99859245"><ele>31.600</ele><time>2026-08-20T17:00:29Z</time><speed>1.048</speed><sat>23</sat></trkpt>
  <trkpt lat="-34.00047667" lon="-139.99859837"><ele>32.200</ele><time>2026-08-20T17:00:30Z</time><speed>1.042</speed><sat>21</sat></trkpt>
  <trkpt lat="-34.00048500" lon="-139.99860902"><ele>32.400</ele><time>2026-08-20T17:00:31Z</time><speed>1.058</speed><sat>21</sat></trkpt>
  <trkpt lat="-34.00048667" lon="-139.99862084"><ele>32.400</ele><time>2026-08-20T17:00:32Z</time><speed>1.037</speed><sat>22</sat></trkpt>
  <trkpt lat="-34.00049333" lon="-139.99863149"><ele>32.500</ele><time>2026-08-20T17:00:33Z</time><speed>1.001</speed><sat>23</sat></trkpt>
  <trkpt lat="-34.00049833" lon="-139.99863977"><ele>32.500</ele><time>2026-08-20T17:00:34Z</time><speed>0.971</speed><sat>23</sat></trkpt>
  <trkpt lat="-34.00050000" lon="-139.99864923"><ele>32.400</ele><time>2026-08-20T17:00:35Z</time><speed>0.908</speed><sat>23</sat></trkpt>
  <trkpt lat="-34.00050500" lon="-139.99865751"><ele>31.800</ele><time>2026-08-20T17:00:36Z</time><speed>0.896</speed><sat>23</sat></trkpt>
  <trkpt lat="-34.00050833" lon="-139.99866816"><ele>31.100</ele><time>2026-08-20T17:00:37Z</time><speed>0.936</speed><sat>23</sat></trkpt>
  <trkpt lat="-34.00051333" lon="-139.99867644"><ele>30.700</ele><time>2026-08-20T17:00:38Z</time><speed>0.913</speed><sat>23</sat></trkpt>
  <trkpt lat="-34.00052000" lon="-139.99868590"><ele>30.400</ele><time>2026-08-20T17:00:39Z</time><speed>0.845</speed><sat>23</sat></trkpt>
  <trkpt lat="-34.00052500" lon="-139.99869536"><ele>30.000</ele><time>2026-08-20T17:00:40Z</time><speed>0.807</speed><sat>23</sat></trkpt>
  <trkpt lat="-34.00053333" lon="-139.99870955"><ele>29.600</ele><time>2026-08-20T17:00:41Z</time><speed>0.770</speed><sat>22</sat></trkpt>
  <trkpt lat="-34.00053833" lon="-139.99872020"><ele>29.200</ele><time>2026-08-20T17:00:42Z</time><speed>0.750</speed><sat>23</sat></trkpt>
  <trkpt lat="-34.00054000" lon="-139.99873676"><ele>29.300</ele><time>2026-08-20T17:00:43Z</time><speed>0.758</speed><sat>22</sat></trkpt>
  <trkpt lat="-34.00053833" lon="-139.99875213"><ele>29.300</ele><time>2026-08-20T17:00:44Z</time><speed>0.753</speed><sat>22</sat></trkpt>
  <trkpt lat="-34.00053667" lon="-139.99876160"><ele>29.000</ele><time>2026-08-20T17:00:45Z</time><speed>0.779</speed><sat>22</sat></trkpt>
  <trkpt lat="-34.00053500" lon="-139.99877579"><ele>29.100</ele><time>2026-08-20T17:00:46Z</time><speed>0.803</speed><sat>22</sat></trkpt>
  <trkpt lat="-34.00053333" lon="-139.99878644"><ele>29.200</ele><time>2026-08-20T17:00:47Z</time><speed>0.798</speed><sat>29</sat></trkpt>
  <trkpt lat="-34.00053833" lon="-139.99879945"><ele>29.300</ele><time>2026-08-20T17:00:48Z</time><speed>0.815</speed><sat>29</sat></trkpt>
  <trkpt lat="-34.00053833" lon="-139.99881483"><ele>29.400</ele><time>2026-08-20T17:00:49Z</time><speed>0.865</speed><sat>29</sat></trkpt>
  <trkpt lat="-34.00054333" lon="-139.99882902"><ele>30.000</ele><time>2026-08-20T17:00:50Z</time><speed>0.856</speed><sat>30</sat></trkpt>
  <trkpt lat="-34.00054667" lon="-139.99883967"><ele>30.300</ele><time>2026-08-20T17:00:51Z</time><speed>0.846</speed><sat>30</sat></trkpt>
  <trkpt lat="-34.00055000" lon="-139.99885031"><ele>30.700</ele><time>2026-08-20T17:00:52Z</time><speed>0.837</speed><sat>30</sat></trkpt>
  <trkpt lat="-34.00055167" lon="-139.99886450"><ele>30.900</ele><time>2026-08-20T17:00:53Z</time><speed>0.818</speed><sat>30</sat></trkpt>
  <trkpt lat="-34.00055833" lon="-139.99887515"><ele>31.300</ele><time>2026-08-20T17:00:54Z</time><speed>0.815</speed><sat>30</sat></trkpt>
  <trkpt lat="-34.00056333" lon="-139.99888697"><ele>31.600</ele><time>2026-08-20T17:00:55Z</time><speed>0.795</speed><sat>30</sat></trkpt>
  <trkpt lat="-34.00056833" lon="-139.99889880"><ele>32.200</ele><time>2026-08-20T17:00:56Z</time><speed>0.774</speed><sat>30</sat></trkpt>
  <trkpt lat="-34.00057000" lon="-139.99891181"><ele>32.500</ele><time>2026-08-20T17:00:57Z</time><speed>0.761</speed><sat>30</sat></trkpt>
  <trkpt lat="-34.00057333" lon="-139.99892128"><ele>32.900</ele><time>2026-08-20T17:00:58Z</time><speed>0.757</speed><sat>29</sat></trkpt>
  <trkpt lat="-34.00057667" lon="-139.99893547"><ele>33.000</ele><time>2026-08-20T17:00:59Z</time><speed>0.732</speed><sat>30</sat></trkpt>
  <trkpt lat="-34.00057667" lon="-139.99894730"><ele>33.000</ele><time>2026-08-20T17:01:00Z</time><speed>0.756</speed><sat>29</sat></trkpt>
  <trkpt lat="-34.00058000" lon="-139.99896268"><ele>33.000</ele><time>2026-08-20T17:01:01Z</time><speed>0.778</speed><sat>29</sat></trkpt>
  <trkpt lat="-34.00058333" lon="-139.99898042"><ele>33.100</ele><time>2026-08-20T17:01:02Z</time><speed>0.807</speed><sat>28</sat></trkpt>
  <trkpt lat="-34.00058500" lon="-139.99899816"><ele>33.000</ele><time>2026-08-20T17:01:03Z</time><speed>0.877</speed><sat>30</sat></trkpt>
  <trkpt lat="-34.00058500" lon="-139.99901472"><ele>33.100</ele><time>2026-08-20T17:01:04Z</time><speed>0.899</speed><sat>30</sat></trkpt>
  <trkpt lat="-34.00059000" lon="-139.99903010"><ele>33.200</ele><time>2026-08-20T17:01:05Z</time><speed>0.896</speed><sat>30</sat></trkpt>
  <trkpt lat="-34.00059167" lon="-139.99904310"><ele>33.400</ele><time>2026-08-20T17:01:06Z</time><speed>0.887</speed><sat>29</sat></trkpt>
  <trkpt lat="-34.00059500" lon="-139.99905375"><ele>33.400</ele><time>2026-08-20T17:01:07Z</time><speed>0.883</speed><sat>29</sat></trkpt>
  <trkpt lat="-34.00060000" lon="-139.99906085"><ele>33.700</ele><time>2026-08-20T17:01:08Z</time><speed>0.854</speed><sat>29</sat></trkpt>
  <trkpt lat="-34.00060667" lon="-139.99907031"><ele>34.000</ele><time>2026-08-20T17:01:09Z</time><speed>0.824</speed><sat>30</sat></trkpt>
  <trkpt lat="-34.00060833" lon="-139.99907977"><ele>34.200</ele><time>2026-08-20T17:01:10Z</time><speed>0.784</speed><sat>30</sat></trkpt>
  <trkpt lat="-34.00061333" lon="-139.99909160"><ele>34.300</ele><time>2026-08-20T17:01:11Z</time><speed>0.746</speed><sat>30</sat></trkpt>
  <trkpt lat="-34.00061833" lon="-139.99910580"><ele>34.300</ele><time>2026-08-20T17:01:12Z</time><speed>0.712</speed><sat>30</sat></trkpt>
  <trkpt lat="-34.00062500" lon="-139.99912117"><ele>34.200</ele><time>2026-08-20T17:01:13Z</time><speed>0.646</speed><sat>30</sat></trkpt>
  <trkpt lat="-34.00063000" lon="-139.99913655"><ele>34.100</ele><time>2026-08-20T17:01:14Z</time><speed>0.643</speed><sat>30</sat></trkpt>
  <trkpt lat="-34.00063333" lon="-139.99914956"><ele>34.300</ele><time>2026-08-20T17:01:15Z</time><speed>0.668</speed><sat>30</sat></trkpt>
  <trkpt lat="-34.00063500" lon="-139.99916139"><ele>34.200</ele><time>2026-08-20T17:01:16Z</time><speed>0.678</speed><sat>30</sat></trkpt>
  <trkpt lat="-34.00064000" lon="-139.99917203"><ele>34.300</ele><time>2026-08-20T17:01:17Z</time><speed>0.675</speed><sat>30</sat></trkpt>
  <trkpt lat="-34.00064333" lon="-139.99918386"><ele>34.600</ele><time>2026-08-20T17:01:18Z</time><speed>0.683</speed><sat>30</sat></trkpt>
  <trkpt lat="-34.00064500" lon="-139.99919569"><ele>34.700</ele><time>2026-08-20T17:01:19Z</time><speed>0.690</speed><sat>30</sat></trkpt>
  <trkpt lat="-34.00065167" lon="-139.99920752"><ele>34.400</ele><time>2026-08-20T17:01:20Z</time><speed>0.711</speed><sat>30</sat></trkpt>
  <trkpt lat="-34.00065833" lon="-139.99921935"><ele>34.600</ele><time>2026-08-20T17:01:21Z</time><speed>0.715</speed><sat>30</sat></trkpt>
  <trkpt lat="-34.00066500" lon="-139.99923117"><ele>34.600</ele><time>2026-08-20T17:01:22Z</time><speed>0.718</speed><sat>29</sat></trkpt>
  <trkpt lat="-34.00067000" lon="-139.99924300"><ele>34.500</ele><time>2026-08-20T17:01:23Z</time><speed>0.709</speed><sat>29</sat></trkpt>
  <trkpt lat="-34.00067333" lon="-139.99925601"><ele>34.300</ele><time>2026-08-20T17:01:24Z</time><speed>0.702</speed><sat>27</sat></trkpt>
  <trkpt lat="-34.00067667" lon="-139.99927375"><ele>34.400</ele><time>2026-08-20T17:01:25Z</time><speed>0.708</speed><sat>30</sat></trkpt>
  <trkpt lat="-34.00067667" lon="-139.99929032"><ele>34.500</ele><time>2026-08-20T17:01:26Z</time><speed>0.731</speed><sat>30</sat></trkpt>
  <trkpt lat="-34.00067667" lon="-139.99930687"><ele>34.900</ele><time>2026-08-20T17:01:27Z</time><speed>0.764</speed><sat>30</sat></trkpt>
  <trkpt lat="-34.00068500" lon="-139.99932107"><ele>34.900</ele><time>2026-08-20T17:01:28Z</time><speed>0.799</speed><sat>29</sat></trkpt>
  <trkpt lat="-34.00068833" lon="-139.99933644"><ele>35.100</ele><time>2026-08-20T17:01:29Z</time><speed>0.846</speed><sat>30</sat></trkpt>
  <trkpt lat="-34.00069667" lon="-139.99935182"><ele>35.300</ele><time>2026-08-20T17:01:30Z</time><speed>0.890</speed><sat>29</sat></trkpt>
  <trkpt lat="-34.00070000" lon="-139.99936720"><ele>35.500</ele><time>2026-08-20T17:01:31Z</time><speed>0.940</speed><sat>30</sat></trkpt>
  <trkpt lat="-34.00070167" lon="-139.99937903"><ele>35.900</ele><time>2026-08-20T17:01:32Z</time><speed>0.975</speed><sat>27</sat></trkpt>
  <trkpt lat="-34.00070500" lon="-139.99939203"><ele>36.000</ele><time>2026-08-20T17:01:33Z</time><speed>1.006</speed><sat>28</sat></trkpt>
  <trkpt lat="-34.00070667" lon="-139.99940623"><ele>36.400</ele><time>2026-08-20T17:01:34Z</time><speed>1.029</speed><sat>29</sat></trkpt>
  <trkpt lat="-34.00071000" lon="-139.99942042"><ele>36.600</ele><time>2026-08-20T17:01:35Z</time><speed>1.046</speed><sat>30</sat></trkpt>
  <trkpt lat="-34.00071333" lon="-139.99943225"><ele>37.000</ele><time>2026-08-20T17:01:36Z</time><speed>1.038</speed><sat>30</sat></trkpt>
  <trkpt lat="-34.00071500" lon="-139.99944881"><ele>37.300</ele><time>2026-08-20T17:01:37Z</time><speed>1.028</speed><sat>30</sat></trkpt>
  <trkpt lat="-34.00071667" lon="-139.99946419"><ele>37.600</ele><time>2026-08-20T17:01:38Z</time><speed>1.033</speed><sat>30</sat></trkpt>
  <trkpt lat="-34.00072167" lon="-139.99947365"><ele>37.800</ele><time>2026-08-20T17:01:39Z</time><speed>0.993</speed><sat>28</sat></trkpt>
  <trkpt lat="-34.00072333" lon="-139.99948193"><ele>37.900</ele><time>2026-08-20T17:01:40Z</time><speed>0.956</speed><sat>28</sat></trkpt>
  <trkpt lat="-34.00072833" lon="-139.99949139"><ele>38.100</ele><time>2026-08-20T17:01:41Z</time><speed>0.924</speed><sat>28</sat></trkpt>
  <trkpt lat="-34.00073000" lon="-139.99950322"><ele>38.000</ele><time>2026-08-20T17:01:42Z</time><speed>0.907</speed><sat>29</sat></trkpt>
  <trkpt lat="-34.00073333" lon="-139.99951150"><ele>38.100</ele><time>2026-08-20T17:01:43Z</time><speed>0.889</speed><sat>28</sat></trkpt>
  <trkpt lat="-34.00073667" lon="-139.99952569"><ele>38.200</ele><time>2026-08-20T17:01:44Z</time><speed>0.871</speed><sat>28</sat></trkpt>
  <trkpt lat="-34.00074000" lon="-139.99953633"><ele>38.400</ele><time>2026-08-20T17:01:45Z</time><speed>0.846</speed><sat>29</sat></trkpt>
  <trkpt lat="-34.00074167" lon="-139.99954935"><ele>38.600</ele><time>2026-08-20T17:01:46Z</time><speed>0.839</speed><sat>29</sat></trkpt>
  <trkpt lat="-34.00074500" lon="-139.99956117"><ele>38.800</ele><time>2026-08-20T17:01:47Z</time><speed>0.829</speed><sat>28</sat></trkpt>
  <trkpt lat="-34.00075000" lon="-139.99957064"><ele>38.700</ele><time>2026-08-20T17:01:48Z</time><speed>0.811</speed><sat>29</sat></trkpt>
  <trkpt lat="-34.00075333" lon="-139.99958010"><ele>39.100</ele><time>2026-08-20T17:01:49Z</time><speed>0.819</speed><sat>30</sat></trkpt>
  <trkpt lat="-34.00075667" lon="-139.99959075"><ele>39.100</ele><time>2026-08-20T17:01:50Z</time><speed>0.824</speed><sat>29</sat></trkpt>
  <trkpt lat="-34.00075833" lon="-139.99959903"><ele>39.300</ele><time>2026-08-20T17:01:51Z</time><speed>0.797</speed><sat>30</sat></trkpt>
  <trkpt lat="-34.00076167" lon="-139.99960849"><ele>39.200</ele><time>2026-08-20T17:01:52Z</time><speed>0.776</speed><sat>30</sat></trkpt>
  <trkpt lat="-34.00076333" lon="-139.99961795"><ele>39.500</ele><time>2026-08-20T17:01:53Z</time><speed>0.758</speed><sat>29</sat></trkpt>
  <trkpt lat="-34.00076167" lon="-139.99962978"><ele>39.600</ele><time>2026-08-20T17:01:54Z</time><speed>0.753</speed><sat>30</sat></trkpt>
  <trkpt lat="-34.00076167" lon="-139.99963924"><ele>39.600</ele><time>2026-08-20T17:01:55Z</time><speed>0.733</speed><sat>30</sat></trkpt>
  <trkpt lat="-34.00075500" lon="-139.99965107"><ele>39.600</ele><time>2026-08-20T17:01:56Z</time><speed>0.718</speed><sat>30</sat></trkpt>
  <trkpt lat="-34.00074833" lon="-139.99965935"><ele>39.400</ele><time>2026-08-20T17:01:57Z</time><speed>0.715</speed><sat>31</sat></trkpt>
  <trkpt lat="-34.00074667" lon="-139.99967236"><ele>38.800</ele><time>2026-08-20T17:01:58Z</time><speed>0.712</speed><sat>30</sat></trkpt>
  <trkpt lat="-34.00073667" lon="-139.99968064"><ele>38.500</ele><time>2026-08-20T17:01:59Z</time><speed>0.730</speed><sat>31</sat></trkpt>
  <trkpt lat="-34.00072333" lon="-139.99968655"><ele>38.000</ele><time>2026-08-20T17:02:00Z</time><speed>0.772</speed><sat>31</sat></trkpt>
  <trkpt lat="-34.00070667" lon="-139.99969484"><ele>37.700</ele><time>2026-08-20T17:02:01Z</time><speed>0.825</speed><sat>30</sat></trkpt>
  <trkpt lat="-34.00069333" lon="-139.99970311"><ele>37.400</ele><time>2026-08-20T17:02:02Z</time><speed>0.844</speed><sat>30</sat></trkpt>
  <trkpt lat="-34.00068167" lon="-139.99970784"><ele>37.100</ele><time>2026-08-20T17:02:03Z</time><speed>0.877</speed><sat>30</sat></trkpt>
  <trkpt lat="-34.00066667" lon="-139.99971021"><ele>36.900</ele><time>2026-08-20T17:02:04Z</time><speed>0.886</speed><sat>30</sat></trkpt>
  <trkpt lat="-34.00065000" lon="-139.99971258"><ele>36.500</ele><time>2026-08-20T17:02:05Z</time><speed>0.965</speed><sat>30</sat></trkpt>
  <trkpt lat="-34.00063333" lon="-139.99971613"><ele>36.000</ele><time>2026-08-20T17:02:06Z</time><speed>1.028</speed><sat>30</sat></trkpt>
  <trkpt lat="-34.00062167" lon="-139.99972204"><ele>35.800</ele><time>2026-08-20T17:02:07Z</time><speed>1.043</speed><sat>29</sat></trkpt>
  <trkpt lat="-34.00060667" lon="-139.99972204"><ele>35.600</ele><time>2026-08-20T17:02:08Z</time><speed>1.090</speed><sat>29</sat></trkpt>
  <trkpt lat="-34.00059167" lon="-139.99972440"><ele>35.000</ele><time>2026-08-20T17:02:09Z</time><speed>1.123</speed><sat>29</sat></trkpt>
  <trkpt lat="-34.00058333" lon="-139.99972795"><ele>34.700</ele><time>2026-08-20T17:02:10Z</time><speed>1.118</speed><sat>29</sat></trkpt>
  <trkpt lat="-34.00057333" lon="-139.99973268"><ele>34.700</ele><time>2026-08-20T17:02:11Z</time><speed>1.102</speed><sat>29</sat></trkpt>
  <trkpt lat="-34.00056333" lon="-139.99973742"><ele>34.300</ele><time>2026-08-20T17:02:12Z</time><speed>1.128</speed><sat>29</sat></trkpt>
  <trkpt lat="-34.00055667" lon="-139.99973505"><ele>34.000</ele><time>2026-08-20T17:02:13Z</time><speed>1.130</speed><sat>30</sat></trkpt>
  <trkpt lat="-34.00054833" lon="-139.99973742"><ele>33.800</ele><time>2026-08-20T17:02:14Z</time><speed>1.125</speed><sat>30</sat></trkpt>
  <trkpt lat="-34.00054333" lon="-139.99974214"><ele>33.700</ele><time>2026-08-20T17:02:15Z</time><speed>1.063</speed><sat>28</sat></trkpt>
  <trkpt lat="-34.00053667" lon="-139.99974924"><ele>33.600</ele><time>2026-08-20T17:02:16Z</time><speed>1.027</speed><sat>27</sat></trkpt>
  <trkpt lat="-34.00052833" lon="-139.99975634"><ele>33.700</ele><time>2026-08-20T17:02:17Z</time><speed>1.022</speed><sat>28</sat></trkpt>
  <trkpt lat="-34.00051833" lon="-139.99976226"><ele>33.700</ele><time>2026-08-20T17:02:18Z</time><speed>0.975</speed><sat>26</sat></trkpt>
  <trkpt lat="-34.00050833" lon="-139.99976698"><ele>33.400</ele><time>2026-08-20T17:02:19Z</time><speed>0.927</speed><sat>29</sat></trkpt>
  <trkpt lat="-34.00050833" lon="-139.99976817"><ele>32.600</ele><time>2026-08-20T17:02:20Z</time><speed>0.883</speed><sat>29</sat></trkpt>
  <trkpt lat="-34.00050000" lon="-139.99976462"><ele>32.100</ele><time>2026-08-20T17:02:21Z</time><speed>0.868</speed><sat>29</sat></trkpt>
  <trkpt lat="-34.00049500" lon="-139.99976226"><ele>31.900</ele><time>2026-08-20T17:02:22Z</time><speed>0.834</speed><sat>29</sat></trkpt>
  <trkpt lat="-34.00048333" lon="-139.99976343"><ele>31.700</ele><time>2026-08-20T17:02:23Z</time><speed>0.814</speed><sat>29</sat></trkpt>
  <trkpt lat="-34.00047667" lon="-139.99976462"><ele>31.000</ele><time>2026-08-20T17:02:24Z</time><speed>0.810</speed><sat>29</sat></trkpt>
  <trkpt lat="-34.00046000" lon="-139.99976935"><ele>31.100</ele><time>2026-08-20T17:02:25Z</time><speed>0.855</speed><sat>29</sat></trkpt>
  <trkpt lat="-34.00044667" lon="-139.99977290"><ele>31.200</ele><time>2026-08-20T17:02:26Z</time><speed>0.866</speed><sat>29</sat></trkpt>
  <trkpt lat="-34.00043667" lon="-139.99977526"><ele>31.000</ele><time>2026-08-20T17:02:27Z</time><speed>0.865</speed><sat>29</sat></trkpt>
  <trkpt lat="-34.00042833" lon="-139.99978236"><ele>31.000</ele><time>2026-08-20T17:02:28Z</time><speed>0.837</speed><sat>29</sat></trkpt>
  <trkpt lat="-34.00041667" lon="-139.99978355"><ele>31.100</ele><time>2026-08-20T17:02:29Z</time><speed>0.846</speed><sat>29</sat></trkpt>
  <trkpt lat="-34.00040500" lon="-139.99978709"><ele>31.100</ele><time>2026-08-20T17:02:30Z</time><speed>0.862</speed><sat>28</sat></trkpt>
  <trkpt lat="-34.00039667" lon="-139.99979182"><ele>31.000</ele><time>2026-08-20T17:02:31Z</time><speed>0.829</speed><sat>29</sat></trkpt>
  <trkpt lat="-34.00038500" lon="-139.99979892"><ele>30.600</ele><time>2026-08-20T17:02:32Z</time><speed>0.828</speed><sat>29</sat></trkpt>
  <trkpt lat="-34.00037500" lon="-139.99980839"><ele>30.400</ele><time>2026-08-20T17:02:33Z</time><speed>0.826</speed><sat>29</sat></trkpt>
  <trkpt lat="-34.00036333" lon="-139.99981430"><ele>29.900</ele><time>2026-08-20T17:02:34Z</time><speed>0.847</speed><sat>29</sat></trkpt>
  <trkpt lat="-34.00035000" lon="-139.99982139"><ele>29.600</ele><time>2026-08-20T17:02:35Z</time><speed>0.803</speed><sat>29</sat></trkpt>
  <trkpt lat="-34.00034167" lon="-139.99982731"><ele>29.500</ele><time>2026-08-20T17:02:36Z</time><speed>0.773</speed><sat>29</sat></trkpt>
  <trkpt lat="-34.00033167" lon="-139.99982968"><ele>29.300</ele><time>2026-08-20T17:02:37Z</time><speed>0.771</speed><sat>29</sat></trkpt>
  <trkpt lat="-34.00032333" lon="-139.99983677"><ele>29.200</ele><time>2026-08-20T17:02:38Z</time><speed>0.790</speed><sat>28</sat></trkpt>
  <trkpt lat="-34.00031667" lon="-139.99984268"><ele>28.900</ele><time>2026-08-20T17:02:39Z</time><speed>0.781</speed><sat>29</sat></trkpt>
  <trkpt lat="-34.00030667" lon="-139.99984623"><ele>28.700</ele><time>2026-08-20T17:02:40Z</time><speed>0.775</speed><sat>29</sat></trkpt>
  <trkpt lat="-34.00029667" lon="-139.99984978"><ele>28.300</ele><time>2026-08-20T17:02:41Z</time><speed>0.829</speed><sat>29</sat></trkpt>
  <trkpt lat="-34.00028333" lon="-139.99985214"><ele>28.000</ele><time>2026-08-20T17:02:42Z</time><speed>0.839</speed><sat>29</sat></trkpt>
  <trkpt lat="-34.00027167" lon="-139.99985924"><ele>27.600</ele><time>2026-08-20T17:02:43Z</time><speed>0.835</speed><sat>29</sat></trkpt>
  <trkpt lat="-34.00026167" lon="-139.99986161"><ele>27.600</ele><time>2026-08-20T17:02:44Z</time><speed>0.795</speed><sat>29</sat></trkpt>
  <trkpt lat="-34.00025000" lon="-139.99986989"><ele>27.500</ele><time>2026-08-20T17:02:45Z</time><speed>0.780</speed><sat>29</sat></trkpt>
  <trkpt lat="-34.00024333" lon="-139.99987107"><ele>27.400</ele><time>2026-08-20T17:02:46Z</time><speed>0.774</speed><sat>30</sat></trkpt>
  <trkpt lat="-34.00023500" lon="-139.99987698"><ele>27.500</ele><time>2026-08-20T17:02:47Z</time><speed>0.759</speed><sat>29</sat></trkpt>
  <trkpt lat="-34.00022167" lon="-139.99987935"><ele>27.600</ele><time>2026-08-20T17:02:48Z</time><speed>0.766</speed><sat>30</sat></trkpt>
  <trkpt lat="-34.00021333" lon="-139.99988527"><ele>27.500</ele><time>2026-08-20T17:02:49Z</time><speed>0.777</speed><sat>29</sat></trkpt>
  <trkpt lat="-34.00020333" lon="-139.99989118"><ele>27.400</ele><time>2026-08-20T17:02:50Z</time><speed>0.784</speed><sat>30</sat></trkpt>
  <trkpt lat="-34.00019167" lon="-139.99989710"><ele>27.500</ele><time>2026-08-20T17:02:51Z</time><speed>0.779</speed><sat>29</sat></trkpt>
  <trkpt lat="-34.00018000" lon="-139.99990064"><ele>27.700</ele><time>2026-08-20T17:02:52Z</time><speed>0.796</speed><sat>29</sat></trkpt>
  <trkpt lat="-34.00017167" lon="-139.99990537"><ele>27.500</ele><time>2026-08-20T17:02:53Z</time><speed>0.832</speed><sat>30</sat></trkpt>
  <trkpt lat="-34.00016000" lon="-139.99991365"><ele>27.200</ele><time>2026-08-20T17:02:54Z</time><speed>0.888</speed><sat>30</sat></trkpt>
  <trkpt lat="-34.00015000" lon="-139.99992075"><ele>27.100</ele><time>2026-08-20T17:02:55Z</time><speed>0.915</speed><sat>30</sat></trkpt>
  <trkpt lat="-34.00014500" lon="-139.99992311"><ele>27.300</ele><time>2026-08-20T17:02:56Z</time><speed>0.935</speed><sat>30</sat></trkpt>
  <trkpt lat="-34.00014167" lon="-139.99992548"><ele>27.200</ele><time>2026-08-20T17:02:57Z</time><speed>0.950</speed><sat>30</sat></trkpt>
  <trkpt lat="-34.00013333" lon="-139.99992666"><ele>27.400</ele><time>2026-08-20T17:02:58Z</time><speed>0.954</speed><sat>30</sat></trkpt>
  <trkpt lat="-34.00012500" lon="-139.99993376"><ele>27.200</ele><time>2026-08-20T17:02:59Z</time><speed>0.964</speed><sat>30</sat></trkpt>
  <trkpt lat="-34.00011000" lon="-139.99993494"><ele>27.300</ele><time>2026-08-20T17:03:00Z</time><speed>0.962</speed><sat>30</sat></trkpt>
  <trkpt lat="-34.00009833" lon="-139.99994085"><ele>27.500</ele><time>2026-08-20T17:03:01Z</time><speed>0.968</speed><sat>30</sat></trkpt>
  <trkpt lat="-34.00008333" lon="-139.99994914"><ele>27.900</ele><time>2026-08-20T17:03:02Z</time><speed>0.969</speed><sat>30</sat></trkpt>
  <trkpt lat="-34.00007333" lon="-139.99995269"><ele>28.200</ele><time>2026-08-20T17:03:03Z</time><speed>0.933</speed><sat>30</sat></trkpt>
  <trkpt lat="-34.00006500" lon="-139.99994440"><ele>28.400</ele><time>2026-08-20T17:03:04Z</time><speed>0.871</speed><sat>30</sat></trkpt>
  <trkpt lat="-34.00006000" lon="-139.99993968"><ele>28.400</ele><time>2026-08-20T17:03:05Z</time><speed>0.829</speed><sat>31</sat></trkpt>
  <trkpt lat="-34.00005333" lon="-139.99993849"><ele>28.600</ele><time>2026-08-20T17:03:06Z</time><speed>0.784</speed><sat>31</sat></trkpt>
  <trkpt lat="-34.00004833" lon="-139.99993613"><ele>28.900</ele><time>2026-08-20T17:03:07Z</time><speed>0.737</speed><sat>31</sat></trkpt>
  <trkpt lat="-34.00004333" lon="-139.99993258"><ele>29.300</ele><time>2026-08-20T17:03:08Z</time><speed>0.673</speed><sat>31</sat></trkpt>
  <trkpt lat="-34.00003833" lon="-139.99993258"><ele>29.600</ele><time>2026-08-20T17:03:09Z</time><speed>0.592</speed><sat>31</sat></trkpt>
  <trkpt lat="-34.00003333" lon="-139.99993968"><ele>29.800</ele><time>2026-08-20T17:03:10Z</time><speed>0.522</speed><sat>30</sat></trkpt>
  <trkpt lat="-34.00003000" lon="-139.99994204"><ele>30.100</ele><time>2026-08-20T17:03:11Z</time><speed>0.508</speed><sat>31</sat></trkpt>
  <trkpt lat="-34.00001667" lon="-139.99994914"><ele>30.000</ele><time>2026-08-20T17:03:12Z</time><speed>0.531</speed><sat>30</sat></trkpt>
  <trkpt lat="-34.00000500" lon="-139.99995978"><ele>30.100</ele><time>2026-08-20T17:03:13Z</time><speed>0.587</speed><sat>30</sat></trkpt>
  <trkpt lat="-33.99998833" lon="-139.99996806"><ele>30.400</ele><time>2026-08-20T17:03:14Z</time><speed>0.651</speed><sat>29</sat></trkpt>
  <trkpt lat="-33.99997333" lon="-139.99997279"><ele>30.600</ele><time>2026-08-20T17:03:15Z</time><speed>0.725</speed><sat>30</sat></trkpt>
  <trkpt lat="-33.99996167" lon="-139.99997871"><ele>30.800</ele><time>2026-08-20T17:03:16Z</time><speed>0.793</speed><sat>29</sat></trkpt>
  <trkpt lat="-33.99995167" lon="-139.99997989"><ele>31.100</ele><time>2026-08-20T17:03:17Z</time><speed>0.875</speed><sat>30</sat></trkpt>
  <trkpt lat="-33.99994333" lon="-139.99997989"><ele>31.200</ele><time>2026-08-20T17:03:18Z</time><speed>0.953</speed><sat>29</sat></trkpt>
  <trkpt lat="-33.99993833" lon="-139.99998226"><ele>31.300</ele><time>2026-08-20T17:03:19Z</time><speed>1.027</speed><sat>30</sat></trkpt>
  <trkpt lat="-33.99993333" lon="-139.99998817"><ele>31.500</ele><time>2026-08-20T17:03:20Z</time><speed>1.097</speed><sat>30</sat></trkpt>
  <trkpt lat="-33.99992667" lon="-139.99999408"><ele>31.600</ele><time>2026-08-20T17:03:21Z</time><speed>1.070</speed><sat>30</sat></trkpt>
  <trkpt lat="-33.99992333" lon="-139.99999763"><ele>32.100</ele><time>2026-08-20T17:03:22Z</time><speed>0.994</speed><sat>30</sat></trkpt>
  <trkpt lat="-33.99991500" lon="-140.00000710"><ele>32.500</ele><time>2026-08-20T17:03:23Z</time><speed>0.928</speed><sat>29</sat></trkpt>
  <trkpt lat="-33.99990667" lon="-140.00001774"><ele>32.700</ele><time>2026-08-20T17:03:24Z</time><speed>0.879</speed><sat>30</sat></trkpt>
  <trkpt lat="-33.99990000" lon="-140.00002720"><ele>33.000</ele><time>2026-08-20T17:03:25Z</time><speed>0.831</speed><sat>30</sat></trkpt>
  <trkpt lat="-33.99989500" lon="-140.00004021"><ele>33.000</ele><time>2026-08-20T17:03:26Z</time><speed>0.801</speed><sat>30</sat></trkpt>
  <trkpt lat="-33.99989000" lon="-140.00005086"><ele>33.300</ele><time>2026-08-20T17:03:27Z</time><speed>0.763</speed><sat>29</sat></trkpt>
  <trkpt lat="-33.99988833" lon="-140.00006032"><ele>33.500</ele><time>2026-08-20T17:03:28Z</time><speed>0.734</speed><sat>29</sat></trkpt>
  <trkpt lat="-33.99988500" lon="-140.00006623"><ele>33.900</ele><time>2026-08-20T17:03:29Z</time><speed>0.701</speed><sat>30</sat></trkpt>
  <trkpt lat="-33.99988333" lon="-140.00007333"><ele>34.200</ele><time>2026-08-20T17:03:30Z</time><speed>0.658</speed><sat>30</sat></trkpt>
  <trkpt lat="-33.99988000" lon="-140.00007807"><ele>34.400</ele><time>2026-08-20T17:03:31Z</time><speed>0.636</speed><sat>30</sat></trkpt>
  <trkpt lat="-33.99988000" lon="-140.00007688"><ele>34.800</ele><time>2026-08-20T17:03:32Z</time><speed>0.609</speed><sat>30</sat></trkpt>
  <trkpt lat="-33.99988167" lon="-140.00007924"><ele>35.100</ele><time>2026-08-20T17:03:33Z</time><speed>0.559</speed><sat>28</sat></trkpt>
  <trkpt lat="-33.99988500" lon="-140.00007924"><ele>35.500</ele><time>2026-08-20T17:03:34Z</time><speed>0.495</speed><sat>28</sat></trkpt>
  <trkpt lat="-33.99988667" lon="-140.00008043"><ele>35.700</ele><time>2026-08-20T17:03:35Z</time><speed>0.427</speed><sat>28</sat></trkpt>
  <trkpt lat="-33.99988667" lon="-140.00007807"><ele>35.900</ele><time>2026-08-20T17:03:36Z</time><speed>0.000</speed><sat>30</sat></trkpt>
  <trkpt lat="-33.99988667" lon="-140.00007569"><ele>35.900</ele><time>2026-08-20T17:03:37Z</time><speed>0.000</speed><sat>29</sat></trkpt>
  <trkpt lat="-33.99989000" lon="-140.00007569"><ele>36.100</ele><time>2026-08-20T17:03:38Z</time><speed>0.000</speed><sat>30</sat></trkpt>
  <trkpt lat="-33.99989000" lon="-140.00007569"><ele>36.100</ele><time>2026-08-20T17:03:39Z</time><speed>0.000</speed><sat>30</sat></trkpt>
  <trkpt lat="-33.99989000" lon="-140.00007569"><ele>36.100</ele><time>2026-08-20T17:03:40Z</time><speed>0.000</speed><sat>28</sat></trkpt>
  <trkpt lat="-33.99989000" lon="-140.00007569"><ele>36.100</ele><time>2026-08-20T17:03:41Z</time><speed>0.000</speed><sat>29</sat></trkpt>
  <trkpt lat="-33.99989000" lon="-140.00007569"><ele>36.100</ele><time>2026-08-20T17:03:42Z</time><speed>0.000</speed><sat>26</sat></trkpt>
  <trkpt lat="-33.99989000" lon="-140.00007569"><ele>36.100</ele><time>2026-08-20T17:03:43Z</time><speed>0.000</speed><sat>26</sat></trkpt>
  <trkpt lat="-33.99989000" lon="-140.00007569"><ele>36.100</ele><time>2026-08-20T17:03:44Z</time><speed>0.000</speed><sat>27</sat></trkpt>
  <trkpt lat="-33.99989000" lon="-140.00007569"><ele>36.100</ele><time>2026-08-20T17:03:45Z</time><speed>0.000</speed><sat>28</sat></trkpt>
  <trkpt lat="-33.99989000" lon="-140.00007569"><ele>36.100</ele><time>2026-08-20T17:03:46Z</time><speed>0.000</speed><sat>27</sat></trkpt>
  <trkpt lat="-33.99989000" lon="-140.00007569"><ele>36.100</ele><time>2026-08-20T17:03:47Z</time><speed>0.000</speed><sat>27</sat></trkpt>
  <trkpt lat="-33.99989000" lon="-140.00007569"><ele>36.100</ele><time>2026-08-20T17:03:48Z</time><speed>0.000</speed><sat>28</sat></trkpt>
  <trkpt lat="-33.99989000" lon="-140.00007569"><ele>36.100</ele><time>2026-08-20T17:03:49Z</time><speed>0.000</speed><sat>26</sat></trkpt>
  <trkpt lat="-33.99989000" lon="-140.00007569"><ele>36.100</ele><time>2026-08-20T17:03:50Z</time><speed>0.000</speed><sat>28</sat></trkpt>
  <trkpt lat="-33.99989000" lon="-140.00007569"><ele>36.100</ele><time>2026-08-20T17:03:51Z</time><speed>0.000</speed><sat>27</sat></trkpt>
  <trkpt lat="-33.99989000" lon="-140.00007569"><ele>36.100</ele><time>2026-08-20T17:03:52Z</time><speed>0.000</speed><sat>29</sat></trkpt>
  <trkpt lat="-33.99989000" lon="-140.00007569"><ele>36.100</ele><time>2026-08-20T17:03:53Z</time><speed>0.000</speed><sat>28</sat></trkpt>
  <trkpt lat="-33.99989000" lon="-140.00007569"><ele>36.100</ele><time>2026-08-20T17:03:54Z</time><speed>0.000</speed><sat>28</sat></trkpt>
  <trkpt lat="-33.99989000" lon="-140.00007569"><ele>36.100</ele><time>2026-08-20T17:03:55Z</time><speed>0.000</speed><sat>27</sat></trkpt>
  <trkpt lat="-33.99989000" lon="-140.00007569"><ele>36.100</ele><time>2026-08-20T17:03:56Z</time><speed>0.000</speed><sat>27</sat></trkpt>
  <trkpt lat="-33.99989000" lon="-140.00007569"><ele>36.100</ele><time>2026-08-20T17:03:57Z</time><speed>0.000</speed><sat>27</sat></trkpt>
  <trkpt lat="-33.99989000" lon="-140.00007569"><ele>36.100</ele><time>2026-08-20T17:03:58Z</time><speed>0.000</speed><sat>27</sat></trkpt>
  <trkpt lat="-33.99989000" lon="-140.00007569"><ele>36.100</ele><time>2026-08-20T17:03:59Z</time><speed>0.000</speed><sat>27</sat></trkpt>
  <trkpt lat="-33.99989000" lon="-140.00007569"><ele>36.100</ele><time>2026-08-20T17:04:00Z</time><speed>0.000</speed><sat>28</sat></trkpt>
  <trkpt lat="-33.99989000" lon="-140.00007569"><ele>36.100</ele><time>2026-08-20T17:04:01Z</time><speed>0.000</speed><sat>28</sat></trkpt>
  <trkpt lat="-33.99984500" lon="-140.00012419"><ele>35.500</ele><time>2026-08-20T17:04:02Z</time><speed>0.280</speed><sat>28</sat></trkpt>
  <trkpt lat="-33.99984000" lon="-140.00013365"><ele>35.500</ele><time>2026-08-20T17:04:03Z</time><speed>0.317</speed><sat>28</sat></trkpt>
  <trkpt lat="-33.99984500" lon="-140.00013602"><ele>35.700</ele><time>2026-08-20T17:04:04Z</time><speed>0.000</speed><sat>27</sat></trkpt>
  <trkpt lat="-33.99985167" lon="-140.00014194"><ele>35.800</ele><time>2026-08-20T17:04:05Z</time><speed>0.000</speed><sat>29</sat></trkpt>
  <trkpt lat="-33.99985667" lon="-140.00014549"><ele>35.700</ele><time>2026-08-20T17:04:06Z</time><speed>0.000</speed><sat>28</sat></trkpt>
  <trkpt lat="-33.99985667" lon="-140.00014549"><ele>35.700</ele><time>2026-08-20T17:04:07Z</time><speed>0.000</speed><sat>29</sat></trkpt>
  <trkpt lat="-33.99985667" lon="-140.00014549"><ele>35.700</ele><time>2026-08-20T17:04:08Z</time><speed>0.000</speed><sat>28</sat></trkpt>
  <trkpt lat="-33.99985667" lon="-140.00014549"><ele>35.700</ele><time>2026-08-20T17:04:09Z</time><speed>0.000</speed><sat>29</sat></trkpt>
  <trkpt lat="-33.99985667" lon="-140.00014549"><ele>35.700</ele><time>2026-08-20T17:04:10Z</time><speed>0.000</speed><sat>29</sat></trkpt>
  <trkpt lat="-33.99985667" lon="-140.00014549"><ele>35.700</ele><time>2026-08-20T17:04:11Z</time><speed>0.000</speed><sat>27</sat></trkpt>
  <trkpt lat="-33.99985667" lon="-140.00014549"><ele>35.700</ele><time>2026-08-20T17:04:12Z</time><speed>0.000</speed><sat>28</sat></trkpt>
  <trkpt lat="-33.99985667" lon="-140.00014549"><ele>35.700</ele><time>2026-08-20T17:04:13Z</time><speed>0.000</speed><sat>28</sat></trkpt>
  <trkpt lat="-33.99985667" lon="-140.00014549"><ele>35.700</ele><time>2026-08-20T17:04:14Z</time><speed>0.000</speed><sat>28</sat></trkpt>
  <trkpt lat="-33.99985667" lon="-140.00014549"><ele>35.700</ele><time>2026-08-20T17:04:15Z</time><speed>0.000</speed><sat>29</sat></trkpt>
  <trkpt lat="-33.99985667" lon="-140.00014549"><ele>35.700</ele><time>2026-08-20T17:04:16Z</time><speed>0.000</speed><sat>29</sat></trkpt>
  <trkpt lat="-33.99985667" lon="-140.00014549"><ele>35.700</ele><time>2026-08-20T17:04:17Z</time><speed>0.000</speed><sat>29</sat></trkpt>
  <trkpt lat="-33.99985667" lon="-140.00014549"><ele>35.700</ele><time>2026-08-20T17:04:18Z</time><speed>0.000</speed><sat>28</sat></trkpt>
  <trkpt lat="-33.99985667" lon="-140.00014549"><ele>35.700</ele><time>2026-08-20T17:04:19Z</time><speed>0.000</speed><sat>28</sat></trkpt>
  <trkpt lat="-33.99985667" lon="-140.00014549"><ele>35.700</ele><time>2026-08-20T17:04:20Z</time><speed>0.000</speed><sat>28</sat></trkpt>
  <trkpt lat="-33.99985667" lon="-140.00014549"><ele>35.700</ele><time>2026-08-20T17:04:21Z</time><speed>0.000</speed><sat>27</sat></trkpt>
  <trkpt lat="-33.99985667" lon="-140.00014549"><ele>35.700</ele><time>2026-08-20T17:04:22Z</time><speed>0.000</speed><sat>28</sat></trkpt>
  <trkpt lat="-33.99985667" lon="-140.00014549"><ele>35.700</ele><time>2026-08-20T17:04:23Z</time><speed>0.000</speed><sat>29</sat></trkpt>
  <trkpt lat="-33.99985667" lon="-140.00014549"><ele>35.700</ele><time>2026-08-20T17:04:24Z</time><speed>0.000</speed><sat>29</sat></trkpt>
  <trkpt lat="-33.99985667" lon="-140.00014549"><ele>35.700</ele><time>2026-08-20T17:04:25Z</time><speed>0.000</speed><sat>29</sat></trkpt>
  <trkpt lat="-33.99985667" lon="-140.00014549"><ele>35.700</ele><time>2026-08-20T17:04:26Z</time><speed>0.000</speed><sat>29</sat></trkpt>
  <trkpt lat="-33.99985667" lon="-140.00014549"><ele>35.700</ele><time>2026-08-20T17:04:27Z</time><speed>0.000</speed><sat>27</sat></trkpt>
  <trkpt lat="-33.99985667" lon="-140.00014549"><ele>35.700</ele><time>2026-08-20T17:04:28Z</time><speed>0.000</speed><sat>29</sat></trkpt>
  <trkpt lat="-33.99985667" lon="-140.00014549"><ele>35.700</ele><time>2026-08-20T17:04:29Z</time><speed>0.000</speed><sat>29</sat></trkpt>
  <trkpt lat="-33.99985667" lon="-140.00014549"><ele>35.700</ele><time>2026-08-20T17:04:30Z</time><speed>0.000</speed><sat>29</sat></trkpt>
  <trkpt lat="-33.99985667" lon="-140.00014549"><ele>35.700</ele><time>2026-08-20T17:04:31Z</time><speed>0.000</speed><sat>29</sat></trkpt>
  <trkpt lat="-33.99985667" lon="-140.00014549"><ele>35.700</ele><time>2026-08-20T17:04:32Z</time><speed>0.000</speed><sat>28</sat></trkpt>
  <trkpt lat="-33.99985667" lon="-140.00014549"><ele>35.700</ele><time>2026-08-20T17:04:33Z</time><speed>0.000</speed><sat>29</sat></trkpt>
  <trkpt lat="-33.99985667" lon="-140.00014549"><ele>35.700</ele><time>2026-08-20T17:04:34Z</time><speed>0.000</speed><sat>29</sat></trkpt>
  <trkpt lat="-33.99985667" lon="-140.00014549"><ele>35.700</ele><time>2026-08-20T17:04:35Z</time><speed>0.000</speed><sat>30</sat></trkpt>
  <trkpt lat="-33.99985667" lon="-140.00014549"><ele>35.700</ele><time>2026-08-20T17:04:36Z</time><speed>0.000</speed><sat>30</sat></trkpt>
  <trkpt lat="-33.99985667" lon="-140.00014549"><ele>35.700</ele><time>2026-08-20T17:04:37Z</time><speed>0.000</speed><sat>30</sat></trkpt>
  <trkpt lat="-33.99985667" lon="-140.00014549"><ele>35.700</ele><time>2026-08-20T17:04:38Z</time><speed>0.000</speed><sat>28</sat></trkpt>
  <trkpt lat="-33.99985667" lon="-140.00014549"><ele>35.700</ele><time>2026-08-20T17:04:39Z</time><speed>0.000</speed><sat>29</sat></trkpt>
  <trkpt lat="-33.99985667" lon="-140.00014549"><ele>35.700</ele><time>2026-08-20T17:04:40Z</time><speed>0.000</speed><sat>29</sat></trkpt>
  <trkpt lat="-33.99985667" lon="-140.00014549"><ele>35.700</ele><time>2026-08-20T17:04:41Z</time><speed>0.000</speed><sat>29</sat></trkpt>
  <trkpt lat="-33.99985667" lon="-140.00014549"><ele>35.700</ele><time>2026-08-20T17:04:42Z</time><speed>0.000</speed><sat>29</sat></trkpt>
  <trkpt lat="-33.99985667" lon="-140.00014549"><ele>35.700</ele><time>2026-08-20T17:04:43Z</time><speed>0.000</speed><sat>30</sat></trkpt>
  <trkpt lat="-33.99985667" lon="-140.00014549"><ele>35.700</ele><time>2026-08-20T17:04:44Z</time><speed>0.000</speed><sat>28</sat></trkpt>
  <trkpt lat="-33.99985667" lon="-140.00014549"><ele>35.700</ele><time>2026-08-20T17:04:45Z</time><speed>0.000</speed><sat>28</sat></trkpt>
  <trkpt lat="-33.99985667" lon="-140.00014549"><ele>35.700</ele><time>2026-08-20T17:04:46Z</time><speed>0.000</speed><sat>28</sat></trkpt>
  <trkpt lat="-33.99985667" lon="-140.00014549"><ele>35.700</ele><time>2026-08-20T17:04:47Z</time><speed>0.000</speed><sat>27</sat></trkpt>
  <trkpt lat="-33.99985667" lon="-140.00014549"><ele>35.700</ele><time>2026-08-20T17:04:48Z</time><speed>0.000</speed><sat>29</sat></trkpt>
  <trkpt lat="-33.99985667" lon="-140.00014549"><ele>35.700</ele><time>2026-08-20T17:04:49Z</time><speed>0.000</speed><sat>27</sat></trkpt>
  <trkpt lat="-33.99985667" lon="-140.00014549"><ele>35.700</ele><time>2026-08-20T17:04:50Z</time><speed>0.000</speed><sat>27</sat></trkpt>
  <trkpt lat="-33.99985667" lon="-140.00014549"><ele>35.700</ele><time>2026-08-20T17:04:51Z</time><speed>0.000</speed><sat>28</sat></trkpt>
  <trkpt lat="-33.99985667" lon="-140.00014549"><ele>35.700</ele><time>2026-08-20T17:04:52Z</time><speed>0.000</speed><sat>28</sat></trkpt>
  <trkpt lat="-33.99985667" lon="-140.00014549"><ele>35.700</ele><time>2026-08-20T17:04:53Z</time><speed>0.000</speed><sat>29</sat></trkpt>
  <trkpt lat="-33.99985667" lon="-140.00014549"><ele>35.700</ele><time>2026-08-20T17:04:54Z</time><speed>0.000</speed><sat>31</sat></trkpt>
  <trkpt lat="-33.99985667" lon="-140.00014549"><ele>35.700</ele><time>2026-08-20T17:04:55Z</time><speed>0.000</speed><sat>31</sat></trkpt>
  <trkpt lat="-33.99985667" lon="-140.00014549"><ele>35.700</ele><time>2026-08-20T17:04:56Z</time><speed>0.000</speed><sat>31</sat></trkpt>
  <trkpt lat="-33.99985667" lon="-140.00014549"><ele>35.700</ele><time>2026-08-20T17:04:57Z</time><speed>0.000</speed><sat>30</sat></trkpt>
  <trkpt lat="-33.99985667" lon="-140.00014549"><ele>35.700</ele><time>2026-08-20T17:04:58Z</time><speed>0.000</speed><sat>29</sat></trkpt>
  <trkpt lat="-33.99985667" lon="-140.00014549"><ele>35.700</ele><time>2026-08-20T17:04:59Z</time><speed>0.000</speed><sat>30</sat></trkpt>
  <trkpt lat="-33.99985667" lon="-140.00014549"><ele>35.700</ele><time>2026-08-20T17:05:00Z</time><speed>0.000</speed><sat>31</sat></trkpt>
  <trkpt lat="-33.99985667" lon="-140.00014549"><ele>35.700</ele><time>2026-08-20T17:05:01Z</time><speed>0.000</speed><sat>29</sat></trkpt>
  <trkpt lat="-33.99985667" lon="-140.00014549"><ele>35.700</ele><time>2026-08-20T17:05:02Z</time><speed>0.000</speed><sat>29</sat></trkpt>
  <trkpt lat="-33.99985667" lon="-140.00014549"><ele>35.700</ele><time>2026-08-20T17:05:03Z</time><speed>0.000</speed><sat>26</sat></trkpt>
  <trkpt lat="-33.99985667" lon="-140.00014549"><ele>35.700</ele><time>2026-08-20T17:05:04Z</time><speed>0.000</speed><sat>24</sat></trkpt>
  <trkpt lat="-33.99985667" lon="-140.00014549"><ele>35.700</ele><time>2026-08-20T17:05:05Z</time><speed>0.000</speed><sat>30</sat></trkpt>
  <trkpt lat="-33.99985667" lon="-140.00014549"><ele>35.700</ele><time>2026-08-20T17:05:06Z</time><speed>0.000</speed><sat>30</sat></trkpt>
  <trkpt lat="-33.99985667" lon="-140.00014549"><ele>35.700</ele><time>2026-08-20T17:05:07Z</time><speed>0.000</speed><sat>26</sat></trkpt>
  <trkpt lat="-33.99985667" lon="-140.00014549"><ele>35.700</ele><time>2026-08-20T17:05:08Z</time><speed>0.000</speed><sat>28</sat></trkpt>
  <trkpt lat="-33.99985667" lon="-140.00014549"><ele>35.700</ele><time>2026-08-20T17:05:09Z</time><speed>0.000</speed><sat>30</sat></trkpt>
  <trkpt lat="-33.99985667" lon="-140.00014549"><ele>35.700</ele><time>2026-08-20T17:05:10Z</time><speed>0.000</speed><sat>30</sat></trkpt>
  <trkpt lat="-33.99985667" lon="-140.00014549"><ele>35.700</ele><time>2026-08-20T17:05:11Z</time><speed>0.000</speed><sat>30</sat></trkpt>
  <trkpt lat="-33.99985667" lon="-140.00014549"><ele>35.700</ele><time>2026-08-20T17:05:12Z</time><speed>0.000</speed><sat>29</sat></trkpt>
  <trkpt lat="-33.99985667" lon="-140.00014549"><ele>35.700</ele><time>2026-08-20T17:05:13Z</time><speed>0.000</speed><sat>30</sat></trkpt>
  <trkpt lat="-33.99985667" lon="-140.00014549"><ele>35.700</ele><time>2026-08-20T17:05:14Z</time><speed>0.000</speed><sat>29</sat></trkpt>
  <trkpt lat="-33.99985667" lon="-140.00014549"><ele>35.700</ele><time>2026-08-20T17:05:15Z</time><speed>0.000</speed><sat>28</sat></trkpt>
  <trkpt lat="-33.99985667" lon="-140.00014549"><ele>35.700</ele><time>2026-08-20T17:05:16Z</time><speed>0.000</speed><sat>30</sat></trkpt>
  <trkpt lat="-33.99985667" lon="-140.00014549"><ele>35.700</ele><time>2026-08-20T17:05:17Z</time><speed>0.000</speed><sat>30</sat></trkpt>
  <trkpt lat="-33.99985667" lon="-140.00014549"><ele>35.700</ele><time>2026-08-20T17:05:18Z</time><speed>0.000</speed><sat>27</sat></trkpt>
  <trkpt lat="-33.99985667" lon="-140.00014549"><ele>35.700</ele><time>2026-08-20T17:05:19Z</time><speed>0.000</speed><sat>28</sat></trkpt>
  <trkpt lat="-33.99985667" lon="-140.00014549"><ele>35.700</ele><time>2026-08-20T17:05:20Z</time><speed>0.000</speed><sat>27</sat></trkpt>
  <trkpt lat="-33.99985667" lon="-140.00014549"><ele>35.700</ele><time>2026-08-20T17:05:21Z</time><speed>0.000</speed><sat>30</sat></trkpt>
  <trkpt lat="-33.99985667" lon="-140.00014549"><ele>35.700</ele><time>2026-08-20T17:05:22Z</time><speed>0.000</speed><sat>29</sat></trkpt>
  <trkpt lat="-33.99985667" lon="-140.00014549"><ele>35.700</ele><time>2026-08-20T17:05:23Z</time><speed>0.000</speed><sat>29</sat></trkpt>
  <trkpt lat="-33.99985667" lon="-140.00014549"><ele>35.700</ele><time>2026-08-20T17:05:24Z</time><speed>0.000</speed><sat>28</sat></trkpt>
  <trkpt lat="-33.99985667" lon="-140.00014549"><ele>35.700</ele><time>2026-08-20T17:05:25Z</time><speed>0.000</speed><sat>29</sat></trkpt>
  <trkpt lat="-33.99985667" lon="-140.00014549"><ele>35.700</ele><time>2026-08-20T17:05:26Z</time><speed>0.000</speed><sat>29</sat></trkpt>
  <trkpt lat="-33.99985667" lon="-140.00014549"><ele>35.700</ele><time>2026-08-20T17:05:27Z</time><speed>0.000</speed><sat>28</sat></trkpt>
  <trkpt lat="-33.99985667" lon="-140.00014549"><ele>35.700</ele><time>2026-08-20T17:05:28Z</time><speed>0.000</speed><sat>28</sat></trkpt>
  <trkpt lat="-33.99985667" lon="-140.00014549"><ele>35.700</ele><time>2026-08-20T17:05:29Z</time><speed>0.000</speed><sat>27</sat></trkpt>
  <trkpt lat="-33.99985667" lon="-140.00014549"><ele>35.700</ele><time>2026-08-20T17:05:30Z</time><speed>0.000</speed><sat>29</sat></trkpt>
  <trkpt lat="-33.99985667" lon="-140.00014549"><ele>35.700</ele><time>2026-08-20T17:05:31Z</time><speed>0.000</speed><sat>28</sat></trkpt>
  <trkpt lat="-33.99985667" lon="-140.00014549"><ele>35.700</ele><time>2026-08-20T17:05:32Z</time><speed>0.000</speed><sat>26</sat></trkpt>
  <trkpt lat="-33.99985667" lon="-140.00014549"><ele>35.700</ele><time>2026-08-20T17:05:33Z</time><speed>0.000</speed><sat>26</sat></trkpt>
  <trkpt lat="-33.99985667" lon="-140.00014549"><ele>35.700</ele><time>2026-08-20T17:05:34Z</time><speed>0.000</speed><sat>29</sat></trkpt>
  <trkpt lat="-33.99985667" lon="-140.00014549"><ele>35.700</ele><time>2026-08-20T17:05:35Z</time><speed>0.000</speed><sat>28</sat></trkpt>
  <trkpt lat="-33.99985667" lon="-140.00014549"><ele>35.700</ele><time>2026-08-20T17:05:36Z</time><speed>0.000</speed><sat>28</sat></trkpt>
  <trkpt lat="-33.99985667" lon="-140.00014549"><ele>35.700</ele><time>2026-08-20T17:05:37Z</time><speed>0.000</speed><sat>28</sat></trkpt>
  <trkpt lat="-33.99985667" lon="-140.00014549"><ele>35.700</ele><time>2026-08-20T17:05:38Z</time><speed>0.000</speed><sat>28</sat></trkpt>
  <trkpt lat="-33.99985667" lon="-140.00014549"><ele>35.700</ele><time>2026-08-20T17:05:39Z</time><speed>0.000</speed><sat>29</sat></trkpt>
  <trkpt lat="-33.99985667" lon="-140.00014549"><ele>35.700</ele><time>2026-08-20T17:05:40Z</time><speed>0.000</speed><sat>28</sat></trkpt>
  <trkpt lat="-33.99985667" lon="-140.00014549"><ele>35.700</ele><time>2026-08-20T17:05:41Z</time><speed>0.000</speed><sat>28</sat></trkpt>
  <trkpt lat="-33.99985667" lon="-140.00014549"><ele>35.700</ele><time>2026-08-20T17:05:42Z</time><speed>0.000</speed><sat>28</sat></trkpt>
  <trkpt lat="-33.99985667" lon="-140.00014549"><ele>35.700</ele><time>2026-08-20T17:05:43Z</time><speed>0.000</speed><sat>27</sat></trkpt>
  <trkpt lat="-33.99985667" lon="-140.00014549"><ele>35.700</ele><time>2026-08-20T17:05:44Z</time><speed>0.000</speed><sat>28</sat></trkpt>
  <trkpt lat="-33.99985667" lon="-140.00014549"><ele>35.700</ele><time>2026-08-20T17:05:45Z</time><speed>0.000</speed><sat>27</sat></trkpt>
  <trkpt lat="-33.99985667" lon="-140.00014549"><ele>35.700</ele><time>2026-08-20T17:05:46Z</time><speed>0.000</speed><sat>27</sat></trkpt>
  <trkpt lat="-33.99985667" lon="-140.00014549"><ele>35.700</ele><time>2026-08-20T17:05:47Z</time><speed>0.000</speed><sat>26</sat></trkpt>
  <trkpt lat="-33.99985667" lon="-140.00014549"><ele>35.700</ele><time>2026-08-20T17:05:48Z</time><speed>0.000</speed><sat>27</sat></trkpt>
  <trkpt lat="-33.99985667" lon="-140.00014549"><ele>35.700</ele><time>2026-08-20T17:05:49Z</time><speed>0.000</speed><sat>29</sat></trkpt>
  <trkpt lat="-33.99985667" lon="-140.00014549"><ele>35.700</ele><time>2026-08-20T17:05:50Z</time><speed>0.000</speed><sat>28</sat></trkpt>
  <trkpt lat="-33.99985667" lon="-140.00014549"><ele>35.700</ele><time>2026-08-20T17:05:51Z</time><speed>0.000</speed><sat>27</sat></trkpt>
  <trkpt lat="-33.99984333" lon="-140.00011236"><ele>44.200</ele><time>2026-08-20T17:05:52Z</time><speed>0.293</speed><sat>27</sat></trkpt>
  <trkpt lat="-33.99983833" lon="-140.00011473"><ele>44.400</ele><time>2026-08-20T17:05:53Z</time><speed>0.000</speed><sat>25</sat></trkpt>
  <trkpt lat="-33.99983833" lon="-140.00011591"><ele>44.500</ele><time>2026-08-20T17:05:54Z</time><speed>0.000</speed><sat>26</sat></trkpt>
  <trkpt lat="-33.99983667" lon="-140.00012065"><ele>44.400</ele><time>2026-08-20T17:05:55Z</time><speed>0.351</speed><sat>26</sat></trkpt>
  <trkpt lat="-33.99983833" lon="-140.00012537"><ele>44.300</ele><time>2026-08-20T17:05:56Z</time><speed>0.424</speed><sat>25</sat></trkpt>
  <trkpt lat="-33.99984833" lon="-140.00013839"><ele>44.400</ele><time>2026-08-20T17:05:57Z</time><speed>0.497</speed><sat>26</sat></trkpt>
  <trkpt lat="-33.99985000" lon="-140.00014903"><ele>44.400</ele><time>2026-08-20T17:05:58Z</time><speed>0.535</speed><sat>28</sat></trkpt>
  <trkpt lat="-33.99984667" lon="-140.00015376"><ele>44.700</ele><time>2026-08-20T17:05:59Z</time><speed>0.572</speed><sat>26</sat></trkpt>
  <trkpt lat="-33.99983833" lon="-140.00015495"><ele>44.600</ele><time>2026-08-20T17:06:00Z</time><speed>0.636</speed><sat>26</sat></trkpt>
  <trkpt lat="-33.99983167" lon="-140.00016086"><ele>44.400</ele><time>2026-08-20T17:06:01Z</time><speed>0.644</speed><sat>27</sat></trkpt>
  <trkpt lat="-33.99983167" lon="-140.00017269"><ele>44.200</ele><time>2026-08-20T17:06:02Z</time><speed>0.683</speed><sat>27</sat></trkpt>
  <trkpt lat="-33.99983667" lon="-140.00018807"><ele>43.600</ele><time>2026-08-20T17:06:03Z</time><speed>0.761</speed><sat>26</sat></trkpt>
  <trkpt lat="-33.99983833" lon="-140.00020226"><ele>43.000</ele><time>2026-08-20T17:06:04Z</time><speed>0.786</speed><sat>26</sat></trkpt>
  <trkpt lat="-33.99983833" lon="-140.00021291"><ele>42.500</ele><time>2026-08-20T17:06:05Z</time><speed>0.886</speed><sat>26</sat></trkpt>
  <trkpt lat="-33.99983833" lon="-140.00022828"><ele>42.200</ele><time>2026-08-20T17:06:06Z</time><speed>0.941</speed><sat>26</sat></trkpt>
  <trkpt lat="-33.99984000" lon="-140.00023774"><ele>42.000</ele><time>2026-08-20T17:06:07Z</time><speed>0.918</speed><sat>27</sat></trkpt>
  <trkpt lat="-33.99984000" lon="-140.00024366"><ele>42.000</ele><time>2026-08-20T17:06:08Z</time><speed>0.933</speed><sat>27</sat></trkpt>
  <trkpt lat="-33.99983167" lon="-140.00025549"><ele>41.300</ele><time>2026-08-20T17:06:09Z</time><speed>0.949</speed><sat>27</sat></trkpt>
  <trkpt lat="-33.99982667" lon="-140.00026140"><ele>41.100</ele><time>2026-08-20T17:06:10Z</time><speed>0.936</speed><sat>25</sat></trkpt>
  <trkpt lat="-33.99982167" lon="-140.00026613"><ele>41.300</ele><time>2026-08-20T17:06:11Z</time><speed>0.920</speed><sat>27</sat></trkpt>
  <trkpt lat="-33.99981333" lon="-140.00027441"><ele>41.200</ele><time>2026-08-20T17:06:12Z</time><speed>0.927</speed><sat>27</sat></trkpt>
  <trkpt lat="-33.99980167" lon="-140.00027204"><ele>41.400</ele><time>2026-08-20T17:06:13Z</time><speed>0.986</speed><sat>27</sat></trkpt>
  <trkpt lat="-33.99978667" lon="-140.00026495"><ele>41.300</ele><time>2026-08-20T17:06:14Z</time><speed>1.029</speed><sat>26</sat></trkpt>
  <trkpt lat="-33.99977667" lon="-140.00026258"><ele>41.000</ele><time>2026-08-20T17:06:15Z</time><speed>0.978</speed><sat>26</sat></trkpt>
  <trkpt lat="-33.99976667" lon="-140.00026258"><ele>40.700</ele><time>2026-08-20T17:06:16Z</time><speed>0.000</speed><sat>25</sat></trkpt>
  <trkpt lat="-33.99975667" lon="-140.00026258"><ele>40.500</ele><time>2026-08-20T17:06:17Z</time><speed>0.000</speed><sat>23</sat></trkpt>
  <trkpt lat="-33.99975000" lon="-140.00026021"><ele>40.300</ele><time>2026-08-20T17:06:18Z</time><speed>0.000</speed><sat>22</sat></trkpt>
  <trkpt lat="-33.99974833" lon="-140.00025903"><ele>40.200</ele><time>2026-08-20T17:06:19Z</time><speed>0.000</speed><sat>19</sat></trkpt>
  <trkpt lat="-33.99975500" lon="-140.00025075"><ele>40.000</ele><time>2026-08-20T17:06:20Z</time><speed>0.000</speed><sat>20</sat></trkpt>
  <trkpt lat="-33.99976000" lon="-140.00024366"><ele>39.800</ele><time>2026-08-20T17:06:21Z</time><speed>0.000</speed><sat>21</sat></trkpt>
  <trkpt lat="-33.99976667" lon="-140.00023537"><ele>39.700</ele><time>2026-08-20T17:06:22Z</time><speed>0.000</speed><sat>21</sat></trkpt>
  <trkpt lat="-33.99977167" lon="-140.00022946"><ele>39.700</ele><time>2026-08-20T17:06:23Z</time><speed>0.000</speed><sat>21</sat></trkpt>
  <trkpt lat="-33.99977833" lon="-140.00021527"><ele>39.600</ele><time>2026-08-20T17:06:24Z</time><speed>0.000</speed><sat>19</sat></trkpt>
  <trkpt lat="-33.99979833" lon="-140.00017624"><ele>39.300</ele><time>2026-08-20T17:06:25Z</time><speed>0.000</speed><sat>16</sat></trkpt>
  <trkpt lat="-33.99983167" lon="-140.00012419"><ele>39.400</ele><time>2026-08-20T17:06:26Z</time><speed>0.000</speed><sat>13</sat></trkpt>
  <trkpt lat="-33.99985667" lon="-140.00006150"><ele>39.400</ele><time>2026-08-20T17:06:27Z</time><speed>6.239</speed><sat>12</sat></trkpt>
  <trkpt lat="-33.99988000" lon="-139.99999763"><ele>39.700</ele><time>2026-08-20T17:06:28Z</time><speed>5.112</speed><sat>11</sat></trkpt>
  <trkpt lat="-33.99990667" lon="-139.99994677"><ele>40.100</ele><time>2026-08-20T17:06:29Z</time><speed>3.037</speed><sat>11</sat></trkpt>
  <trkpt lat="-33.99993500" lon="-139.99991956"><ele>40.400</ele><time>2026-08-20T17:06:30Z</time><speed>0.000</speed><sat>9</sat></trkpt>
  <trkpt lat="-33.99993167" lon="-139.99990301"><ele>41.000</ele><time>2026-08-20T17:06:31Z</time><speed>0.000</speed><sat>10</sat></trkpt>
  <trkpt lat="-33.99997333" lon="-139.99992785"><ele>42.300</ele><time>2026-08-20T17:06:32Z</time><speed>0.000</speed><sat>11</sat></trkpt>
  <trkpt lat="-33.99995833" lon="-139.99993376"><ele>43.000</ele><time>2026-08-20T17:06:33Z</time><speed>0.000</speed><sat>11</sat></trkpt>
  <trkpt lat="-33.99997167" lon="-139.99996097"><ele>44.800</ele><time>2026-08-20T17:06:34Z</time><speed>0.000</speed><sat>11</sat></trkpt>
  <trkpt lat="-33.99996667" lon="-139.99996688"><ele>46.500</ele><time>2026-08-20T17:06:35Z</time><speed>0.000</speed><sat>11</sat></trkpt>
 </trkseg>
</trk>

</gpx>
 